cid,smiles
4,CC(CN)O
11,C(CCl)Cl
47,CCC(C)C(=O)C(=O)O
49,CC(C)C(=O)C(=O)O
51,C(CC(=O)O)C(=O)C(=O)O
58,CCC(=O)C(=O)O
70,CC(C)CC(=O)C(=O)O
72,C1=CC(=C(C=C1C(=O)O)O)O
98,C(C(=O)C(=O)O)S
101,C1=CC(=CC(=C1)O)C=O
107,C1=CC=C(C=C1)CCC(=O)O
119,C(CC(=O)O)CN
125,C1=CC(=CC=C1CO)O
126,C1=CC(=CC=C1C=O)O
127,C1=CC(=CC=C1CC(=O)O)O
129,CC(C)CCC=O
135,C1=CC(=CC=C1C(=O)O)O
174,C(CO)O
175,CC(=O)[O-]
176,CC(=O)O
177,CC=O
178,CC(=O)N
179,CC(C(=O)C)O
180,CC(=O)C
190,C1=NC2=NC=NC(=C2N1)N
196,C(CCC(=O)O)CC(=O)O
199,C(CCN=C(N)N)CN
204,C1(C(=O)NC(=O)N1)NC(=O)N
205,CC(C(C(=O)O)N)O
222,N
224,C1=NC(=C2C(=N1)N(C=N2)C3C(C(C(O3)COP(=O)(O)O)O)O)N
229,C1C(C(C(C(O1)O)O)O)O
232,C(CC(C(=O)O)N)CN=C(N)N
239,C(CN)C(=O)O
240,C1=CC=C(C=C1)C=O
241,C1=CC=CC=C1
242,C1=CC=C(C=C1)C(=O)[O-]
243,C1=CC=C(C=C1)C(=O)O
244,C1=CC=C(C=C1)CO
247,C[N+](C)(C)CC(=O)[O-]
248,C[N+](C)(C)CC(=O)O
261,CCCC=O
262,CC(C(C)O)O
263,CCCCO
264,CCCC(=O)O
273,C(CCN)CCN
280,C(=O)=O
283,C(=O)[O-]
284,C(=O)O
289,C1=CC=C(C(=C1)O)O
294,C(C1C(C(C(C(O1)OC2C(OC(C(C2O)O)O)CO)O)O)O)O
297,C
307,C1=CC=C(C=C1)C=CC=O
308,C1=CC=C(C=C1)C=CCO
309,C(C(=CC(=O)O)C(=O)O)C(=O)O
311,C(C(=O)O)C(CC(=O)O)(C(=O)O)O
313,Cl
323,C1=CC=C2C(=C1)C=CC(=O)O2
325,CC(C)C1=CC=C(C=C1)CO
326,CC(C)C1=CC=C(C=C1)C=O
332,COC1=C(C=CC(=C1)C=C)O
335,CC1=CC=CC=C1O
338,C1=CC=C(C(=C1)C(=O)O)O
342,CC1=CC(=CC=C1)O
356,CCCCCCCC
379,CCCCCCCC(=O)O
385,C(CCC(=O)O)CCC(=O)O
389,C(CC(C(=O)O)N)CN
402,S
424,C(C(C(=O)O)N)C(=O)O
428,C(CN)CN
441,CC(CC(=O)O)O
453,C(C(C(C(C(CO)O)O)O)O)O
454,CCCCCCCC=O
460,COC1=CC=CC=C1O
473,CSCCC(=O)C(=O)O
525,C(C(C(=O)O)O)C(=O)O
527,CCC=O
563,CSCCC(=O)O
564,C(CCC(=O)O)CCN
568,C1=CC=C2C(=C1)C3=CC=CC=C3O2
594,C(C(C(=O)O)N)S
602,CC(C(=O)O)N
611,C(CC(=O)O)C(C(=O)O)N
612,CC(C(=O)O)O
614,C1CC(NC1)C(=O)O
650,CC(=O)C(=O)C
660,C1CC(=O)OC2=CC=CC=C21
670,C(C(=O)CO)O
674,CNC
679,CS(=O)C
700,C(CO)N
701,CCOC(=O)C(C)C(=O)C
702,CCO
712,C=O
713,C(=O)N
723,C(=CC(=O)O)C(=O)O
738,C(CC(=O)N)C(C(=O)O)N
743,C(CC(=O)O)CC(=O)O
750,C(C(=O)O)N
753,C(C(CO)O)O
757,C(C(=O)O)O
769,C(=O)(O)[O-]
772,CC(=O)NC1C(C(C(OC1O)COS(=O)(=O)O)OC2C(C(C(C(O2)C(=O)O)OC3C(C(C(C(O3)CO)OC4C(C(C(C(O4)C(=O)O)O)O)OS(=O)(=O)O)OS(=O)(=O)O)NS(=O)(=O)O)O)OS(=O)(=O)O
773,C1=C(NC=N1)CC(C(=O)O)N
785,C1=CC(=CC=C1O)O
791,CCC(C)C(C(=O)O)N
795,C1=CN=CN1
798,C1=CC=C2C(=C1)C=CN2
802,C1=CC=C2C(=C1)C(=CN2)CC(=O)O
807,II
854,C(C(C(C(C=O)O)O)O)O
857,CC(C)CC(C(=O)O)N
866,C(CCN)CC(C(=O)O)N
867,C(C(=O)O)C(=O)O
875,C(C(C(=O)O)O)(C(=O)O)O
876,CSCCC(C(=O)O)N
878,CS
880,CC(=O)C=O
887,CO
888,[Mg+2]
896,CC(=O)NCCC1=CNC2=C1C=C(C=C2)OC
931,C1=CC=C2C=CC=CC2=C1
936,C1=CC(=CN=C1)C(=O)N
938,C1=CC(=CN=C1)C(=O)O
943,[N+](=O)([O-])[O-]
948,[N-]=[N+]=O
949,CN(C)C1=CC=CC=C1
957,CCCCCCCCO
964,C(C(=O)C(=O)O)O
978,C1=CC(=CC=C1C(=O)O)N
980,C1=CC(=CC=C1[N+](=O)[O-])O
984,CCCCCCCCCCCCCCCC=O
985,CCCCCCCCCCCCCCCC(=O)O
989,CC1(COC(=O)C1O)C
993,C(C1C(C(C(O1)O)O)O)O
994,C1=CC=C(C=C1)CC(C(=O)O)N
995,C1=CC=C2C(=C1)C=CC3=CC=CC=C32
996,C1=CC=C(C=C1)O
997,C1=CC=C(C=C1)CC(=O)C(=O)O
998,C1=CC=C(C=C1)CC=O
999,C1=CC=C(C=C1)CC(=O)O
1001,C1=CC=C(C=C1)CCN
1003,OP(=O)(O)[O-]
1004,OP(=O)(O)O
1017,C1=CC=C(C(=C1)C(=O)O)C(=O)O
1030,CC(CO)O
1031,CCCO
1032,CCC(=O)O
1045,C(CCN)CN
1046,C1=CN=C(C=N1)C(=O)N
1048,C1=CNN=C1
1049,C1=CC=NC=C1
1060,CC(=O)C(=O)O
1068,CSC
1091,O[Se](=O)O
1102,C(CCNCCCN)CN
1103,C(CCNCCCN)CNCCCN
1110,C(CC(=O)O)C(=O)O
1117,[O-]S(=O)(=O)[O-]
1119,O=S=O
1123,C(CS(=O)(=O)O)N
1127,C1CCSC1
1133,C(C(=O)O)S
1136,CC1=C(SC=N1)CCO
1140,CC1=CC=CC=C1
1145,C[N+](C)(C)[O-]
1146,CN(C)C
1150,C1=CC=C2C(=C1)C(=CN2)CCN
1153,C1=CC(=CC=C1CC(C(=O)O)N)O
1174,C1=CNC(=O)NC1=O
1176,C(=O)(N)N
1182,CC(C)C(C(=O)O)N
1183,COC1=C(C=CC(=C1)C=O)O
1213,CC1CCCC2(C1(CCCC2)O)C
1233,C1=C(ONC1=O)C(C(=O)O)N
1245,COC1=C(C=CC(=C1)C(C(=O)O)O)O
1254,CC1CCC(C(C1)O)C(C)C
1302,CC(C1=CC2=C(C=C1)C=C(C=C2)OC)C(=O)O
1317,C(CCCCCN)CCCCN
1344,C1CCN(C1)CCN
1491,C1=CC(=C(C=C1O)O)C(=O)O
1567,C(CS)O
1626,CCCCN(CCCC)CCCN
1639,C1=NNC(=N1)N
1833,COC1=CC2=C(C=C1)NC=C2CCN
1892,CN1C2=C(C(=O)N(C1=O)C)N(C=N2)CCO
1981,CC1=C(C2=C(N1C(=O)C3=CC=C(C=C3)Cl)C=CC(=C2)OC)CC(=O)OCC(=O)O
1983,CC(=O)NC1=CC=C(C=C1)O
1986,CC(=O)NC1=NN=C(S1)S(=O)(=O)N
1989,CC(=O)C1=CC=C(C=C1)S(=O)(=O)NC(=O)NC2CCCCC2
2082,CCCSC1=CC2=C(C=C1)N=C(N2)NC(=O)OC
2083,CC(C)(C)NCC(C1=CC(=C(C=C1)O)CO)O
2122,C=CCSCC1NC2=CC(=C(C=C2S(=O)(=O)N1)S(=O)(=O)N)Cl
2123,CN(C)C1=NC(=NC(=N1)N(C)C)N(C)C
2141,C(CN)CNCCSP(=O)(O)O
2145,CCC1(CCC(=O)NC1=O)C2=CC=C(C=C2)N
2148,C1=CC(=CC=C1C(=O)NCC(=O)O)N
2151,CC1=C(C(=O)N(N1C)C2=CC=CC=C2)N
2159,CCN1CCCC1CNC(=O)C2=CC(=C(C=C2OC)N)S(=O)(=O)CC
2162,CCOC(=O)C1=C(NC(=C(C1C2=CC=CC=C2Cl)C(=O)OC)C)COCCN
2170,C1CN(CCN1)C2=NC3=CC=CC=C3OC4=C2C=C(C=C4)Cl
2187,CC(C)(C#N)C1=CC(=CC(=C1)CN2C=NC=N2)C(C)(C)C#N
2194,COC1=CC=C(C=C1)C2=CC(=S)SS2
2196,COC1=CC=C(C=C1)C(=O)N2CCCC2=O
2202,C1C2=C(C(=CC=C2)O)C(=O)C3=C1C=CC=C3O
2206,CC1=CC(=O)N(N1C)C2=CC=CC=C2
2214,CC(=O)C1=CC(=C(C=C1)O)OC
2244,CC(=O)OC1=CC=CC=C1C(=O)O
2247,COC1=CC=C(C=C1)CCN2CCC(CC2)NC3=NC4=CC=CC=C4N3CC5=CC=C(C=C5)F
2249,CC(C)NCC(COC1=CC=C(C=C1)CC(=O)N)O
2265,CN1C=NC(=C1SC2=NC=NC3=C2NC=N3)[N+](=O)[O-]
2266,C(CCCC(=O)O)CCCC(=O)O
2284,C1=CC(=CC=C1C(CC(=O)O)CN)Cl
2310,CCC1(CC(=O)NC(=O)C1)C
2315,C1=CC=C(C=C1)CC2NC3=C(C=C(C(=C3)C(F)(F)F)S(=O)(=O)N)S(=O)(=O)N2
2333,CCC1=C(C2=CC=CC=C2O1)C(=O)C3=CC(=C(C(=C3)Br)O)Br
2337,CCOC(=O)C1=CC=C(C=C1)N
2343,C1=CC=C(C=C1)CSCC2=NS(=O)(=O)C3=CC(=C(C=C3N2)Cl)S(=O)(=O)N
2345,C1=CC=C(C=C1)COC(=O)C2=CC=CC=C2
2346,C1=CC=C(C=C1)CN=C=S
2355,COC1=C2C=CC(=O)OC2=CC3=C1C=CO3
2375,CC(CS(=O)(=O)C1=CC=C(C=C1)F)(C(=O)NC2=CC(=C(C=C2)C#N)C(F)(F)F)O
2378,C1=CC=C(C=C1)C2=CC=C(C=C2)C(C3=CC=CC=C3)N4C=CN=C4
2391,CC(=O)OC1=CC=C(C=C1)C(C2=CC=C(C=C2)OC(=O)C)C3=CC=CC=N3
2446,CCN(CC)CCNC(=O)C1=CC(=C(C=C1OC)N)Br
2448,C1CN(CCC1(C2=CC=C(C=C2)Br)O)CCCC(=O)C3=CC=C(C=C3)F
2466,CCCCOC1=CC=C(C=C1)CC(=O)NO
2471,CCCCNC1=C(C(=CC(=C1)C(=O)O)S(=O)(=O)N)OC2=CC=CC=C2
2478,CS(=O)(=O)OCCCCOS(=O)(=O)C
2480,CCCCN(CCCC)CCCOC(=O)C1=CC=C(C=C1)N
2481,CC(C)CC1(C(=O)NC(=O)NC1=O)CC=C
2482,CCCCOC(=O)C1=CC=C(C=C1)N
2519,CN1C=NC2=C1C(=O)N(C(=O)N2C)C
2537,CC1(C2CCC1(C(=O)C2)C)C
2541,CCOC1=NC2=CC=CC(=C2N1CC3=CC=C(C=C3)C4=CC=CC=C4C5=NNN=N5)C(=O)O
2554,C1=CC=C2C(=C1)C=CC3=CC=CC=C3N2C(=O)N
2576,CCCC(C)(COC(=O)N)COC(=O)NC(C)C
2581,CC(C1=CC2=C(C=C1)C3=C(N2)C=CC(=C3)Cl)C(=O)O
2585,COC1=CC=CC=C1OCCNCC(COC2=CC=CC3=C2C4=CC=CC=C4N3)O
2662,CC1=CC=C(C=C1)C2=CC(=NN2C3=CC=C(C=C3)S(=O)(=O)N)C(F)(F)F
2682,CCCCCCCCCCCCCCCCO
2708,C1=CC(=CC=C1CCCC(=O)O)N(CCCl)CCCl
2713,C1=CC(=CC=C1NC(=NC(=NCCCCCCN=C(N)N=C(N)NC2=CC=C(C=C2)Cl)N)N)Cl
2717,CN1C(S(=O)(=O)CCC1=O)C2=CC=C(C=C2)Cl
2720,C1=C2C(=CC(=C1Cl)S(=O)(=O)N)S(=O)(=O)N=CN2
2722,C1=CC2=C(C(=C(C=C2Cl)Cl)O)N=C1
2724,C1=CC(=CC=C1OCC(COC(=O)N)O)Cl
2727,CCCNC(=O)NS(=O)(=O)C1=CC=C(C=C1)Cl
2732,C1=CC=C2C(=C1)C(=O)NC2(C3=CC(=C(C=C3)Cl)S(=O)(=O)N)O
2733,C1=CC2=C(C=C1Cl)NC(=O)O2
2754,C1CCC(CC1)N2C(=NN=N2)CCCCOC3=CC4=C(C=C3)NC(=O)CC4
2756,CC1=C(N=CN1)CSCCNC(=NC)NC#N
2758,CC1(C2CCC(O1)(CC2)C)C
2762,CCN1C2=CC3=C(C=C2C(=O)C(=N1)C(=O)O)OCO3
2763,CC(C)(C(=O)O)OC1=CC=C(C=C1)C2CC2(Cl)Cl
2775,COC1=CC2=C(C=CC(=O)O2)C(=C1)OC
2788,C1=CC2=C(C(=C(C=C2Cl)I)O)N=C1
2794,CC(C)N=C1C=C2C(=NC3=CC=CC=C3N2C4=CC=C(C=C4)Cl)C=C1NC5=CC=C(C=C5)Cl
2796,CCOC(=O)C(C)(C)OC1=CC=C(C=C1)Cl
2797,CC(C)(C(=O)O)OC1=CC=C(C=C1)Cl
2812,C1=CC=C(C=C1)C(C2=CC=CC=C2)(C3=CC=CC=C3Cl)N4C=CN=C4
2879,CC1=CC=C(C=C1)O
2899,C1CCCC(CC1)N
2904,C1CCC(C1)CC2NC3=CC(=C(C=C3S(=O)(=O)N2)S(=O)(=O)N)Cl
2906,C1CCC(C1)N
2907,C1CNP(=O)(OC1)N(CCCl)CCCl
2942,CN(C)N=NC1=C(NC=N1)C(=O)N
2955,C1=CC(=CC=C1N)S(=O)(=O)C2=CC=C(C=C2)N
2969,CCCCCCCCCC(=O)O
2998,CCCCCCCCC(=O)NCC1=CC(=C(C=C1)O)OC
3019,CC1=NS(=O)(=O)C2=C(N1)C=CC(=C2)Cl
3025,CCCCOC1=NC2=CC=CC=C2C(=C1)C(=O)NCCN(CC)CC
3026,CCCCOC(=O)C1=CC=CC=C1C(=O)OCCCC
3038,C1=C(C=C(C(=C1S(=O)(=O)N)Cl)Cl)S(=O)(=O)N
3051,CCOC(=O)OC(=O)OCC
3053,C(CN(CC(=O)O)CC(=O)O)N(CCN(CC(=O)O)CC(=O)O)CC(=O)O
3059,C1=CC(=C(C=C1C2=C(C=C(C=C2)F)F)C(=O)O)O
3080,C(C(CS)S)O
3081,CC1(C(=O)NC(=O)O1)C
3102,C1=CC=C(C=C1)C(=O)C2=CC=CC=C2
3108,C1CCN(CC1)C2=NC(=NC3=C2N=C(N=C3N4CCCCC4)N(CCO)CCO)N(CCO)CCO
3114,CC(C)N(CCC(C1=CC=CC=C1)(C2=CC=CC=N2)C(=O)N)C(C)C
3117,CCN(CC)C(=S)SSC(=S)N(CC)CC
3121,CCCC(CCC)C(=O)O
3132,C1=CC=C(C=C1)CC(CS)C(=O)NCC(=O)O
3151,C1CN(CCC1N2C3=C(C=C(C=C3)Cl)NC2=O)CCCN4C5=CC=CC=C5NC4=O
3168,C1CN(CC=C1N2C3=CC=CC=C3NC2=O)CCCC(=O)C4=CC=C(C=C4)F
3169,C1CN(CCN1CC(CO)O)C2=CC=CC=C2
3182,CN1C2=C(C(=O)N(C1=O)C)N(C=N2)CC(CO)O
3194,C1=CC=C(C=C1)N2C(=O)C3=CC=CC=C3[Se]2
3229,CCN1C=C(C(=O)C2=CC(=C(N=C21)N3CCNCC3)F)C(=O)O
3242,CC1=CC(=NC(=N1)N2C(=CC(=N2)C)OC)OC
3276,C1=CN(C(=N1)[N+](=O)[O-])CC(=O)NCCO
3278,CCC(=C)C(=O)C1=C(C(=C(C=C1)OCC(=O)O)Cl)Cl
3283,CCOCC
3291,CCC1(CC(=O)NC1=O)C
3292,CCN1C(=O)C(NC1=O)C2=CC=CC=C2
3293,CCOC1=CC2=C(C=C1)NC(C=C2C)(C)C
3301,C(CN)N
3308,CCC1=C2C(=CC=C1)C3=C(N2)C(OCC3)(CC)CC(=O)O
3314,COC1=C(C=CC(=C1)CC=C)O
3324,CC(=O)OCC(CCN1C=NC2=CN=C(N=C21)N)COC(=O)C
3325,C1=C(N=C(S1)N=C(N)N)CSCCC(=NS(=O)(=O)N)N
3326,CC(C)C1=C(N(N(C1=O)C2=CC=CC=C2)C)CN(C)C(C)CC3=CC=CC=C3
3327,CC(=CCCC(=CCCC(=CCO)C)C)C
3332,C1=CC=C(C=C1)C2=CC=C(C=C2)CC(=O)O
3333,CCOC(=O)C1=C(NC(=C(C1C2=C(C(=CC=C2)Cl)Cl)C(=O)OC)C)C
3334,COC(=O)NC1=NC2=C(N1)C=C(C=C2)SC3=CC=CC=C3
3335,C1=CC=C(C=C1)C2=CC=C(C=C2)C(=O)CCC(=O)O
3338,CCCCC(C1=CC=CC=C1)O
3339,CC(C)OC(=O)C(C)(C)OC1=CC=C(C=C1)C(=O)C2=CC=C(C=C2)Cl
3357,CN1CCN(CC1)C2=C(C=C3C(=C2F)N(C=C(C3=O)C(=O)O)CCF)F
3365,C1=CC(=C(C=C1F)F)C(CN2C=NC=N2)(CN3C=NC=N3)O
3366,C1=NC(=O)NC(=C1F)N
3371,C1=CC=C(C(=C1)C(=O)O)NC2=CC=CC(=C2)C(F)(F)F
3374,CC1CCC2=C3N1C=C(C(=O)C3=CC(=C2)F)C(=O)O
3385,C1=C(C(=O)NC(=O)N1)F
3394,CC(C1=CC(=C(C=C1)C2=CC=CC=C2)F)C(=O)O
3396,C1CN(CCC12C(=O)NCN2C3=CC=CC=C3)CCCC(C4=CC=C(C=C4)F)C5=CC=C(C=C5)F
3397,CC(C)C(=O)NC1=CC(=C(C=C1)[N+](=O)[O-])C(F)(F)F
3406,CC1=CNN=C1
3418,C1=CC=C(C(=C1)C(=O)O)OP(=O)(O)O
3440,C1=COC(=C1)CNC2=CC(=C(C=C2C(=O)O)S(=O)(=O)N)Cl
3446,C1CCC(CC1)(CC(=O)O)CN
3463,CC1=CC(=C(C=C1)C)OCCCC(C)(C)C(=O)O
3470,CC1=CCCC(=CCC(CC1)C(=C)C)C
3475,CC1=CC=C(C=C1)S(=O)(=O)NC(=O)NN2CC3CCCC3C2
3476,CCC1=C(CN(C1=O)C(=O)NCCC2=CC=C(C=C2)S(=O)(=O)NC(=O)NC3CCC(CC3)C)C
3478,CC1=CN=C(C=N1)C(=O)NCCC2=CC=C(C=C2)S(=O)(=O)NC(=O)NC3CCCCC3
3485,C(CC=O)CC=O
3488,COC1=C(C=C(C=C1)Cl)C(=O)NCCC2=CC=C(C=C2)S(=O)(=O)NC(=O)NC3CCCCC3
3516,COC1=CC=CC=C1OCC(CO)O
3559,C1CN(CCC1(C2=CC=C(C=C2)Cl)O)CCCC(=O)C3=CC=C(C=C3)F
3561,C1=C(C(=CC(=C1Cl)Cl)Cl)OCC#CI
3593,COC1=C(C=C(C=C1)C2CC(=O)C3=C(C=C(C=C3O2)O)O)O
3598,C1=C(C(=C(C(=C1Cl)Cl)CC2=C(C(=CC(=C2Cl)Cl)Cl)O)O)Cl
3606,CCC(C1=CC=C(C=C1)O)C(CC)C2=CC=C(C=C2)O
3607,CCCCC(CC)CN1CC(CN(C1)CC(CC)CCCC)(C)N
3611,CC(C)C1=CC(=O)C(=CC=C1)O
3634,CCN(CC)CCNC1=C2C(=C(C=C1)CO)SC3=CC=CC=C3C2=O
3639,C1NC2=CC(=C(C=C2S(=O)(=O)N1)S(=O)(=O)N)Cl
3647,C1NC2=C(C=C(C(=C2)C(F)(F)F)S(=O)(=O)N)S(=O)(=O)N1
3671,CC(C)C1=NN2C=CC=CC2=C1C(=O)C(C)C
3686,CC1=C(C(=O)C(=C(C1=O)OC)OC)CCCCCCCCCCO
3690,C1CN(P(=O)(OC1)NCCCl)CCCl
3698,C1=CN=CC=C1C2=CNC(=O)C(=C2)N
3702,CC1CC2=CC=CC=C2N1NC(=O)C3=CC(=C(C=C3)Cl)S(=O)(=O)N
3715,CC1=C(C2=C(N1C(=O)C3=CC=C(C=C3)Cl)C=CC(=C2)OC)CC(=O)O
3718,CC(C1=CC=C(C=C1)N2CC3=CC=CC=C3C2=O)C(=O)O
3724,CC(=O)N(CC(CN(C1=C(C(=C(C(=C1I)C(=O)NCC(CO)O)I)C(=O)NCC(CO)O)I)C(=O)C)O)C2=C(C(=C(C(=C2I)C(=O)NCC(CO)O)I)C(=O)NCC(CO)O)I
3730,CC(=O)N(CC(CO)O)C1=C(C(=C(C(=C1I)C(=O)NCC(CO)O)I)C(=O)NCC(CO)O)I
3735,CCC(CC1=C(C(=C(C=C1I)I)N)I)C(=O)O
3736,CN(CC(CO)O)C(=O)C1=C(C(=C(C(=C1I)C(=O)NCC(CO)O)I)NC(=O)COC)I
3739,C1=C(C(=C(C(=C1I)NC(=O)CCCCC(=O)NC2=C(C=C(C(=C2I)C(=O)O)I)I)I)C(=O)O)I
3741,C(CO)N(C1=C(C(=C(C(=C1I)C(=O)NCC(CO)O)I)C(=O)NCC(CO)O)I)C(=O)CO
3742,CC(=O)N(C)C1=C(C(=C(C(=C1I)C(=O)NCC(=O)NC2=C(C(=C(C(=C2I)C(=O)O)I)C(=O)NCCO)I)I)C(=O)NC)I
3759,CC1=CC(=NO1)C(=O)NNCC2=CC=CC=C2
3760,C1=CC(=C(C(=C1)Cl)COC(CN2C=CN=C2)C3=C(C=C(C=C3)Cl)Cl)Cl
3767,C1=CN=CC=C1C(=O)NN
3776,CC(C)O
3784,CC1=C(C(C(=C(N1)C)C(=O)OC(C)C)C2=CC=CC3=NON=C32)C(=O)OC
3792,CN(C)CCOC1=CC=C(C=C1)CNC(=O)C2=CC(=C(C=C2)OC)OC
3793,CCC(C)N1C(=O)N(C=N1)C2=CC=C(C=C2)N3CCN(CC3)C4=CC=C(C=C4)OCC5COC(O5)(CN6C=NC=N6)C7=C(C=C(C=C7)Cl)Cl
3825,CC(C1=CC(=CC=C1)C(=O)C2=CC=CC=C2)C(=O)O
3828,CC1=CC(=O)C2=C(C3=C(C(=C2O1)OC)OC=C3)OC
3830,C1=COC(=C1)CNC2=NC=NC3=C2NC=N3
3878,C1=CC(=C(C(=C1)Cl)Cl)C2=C(N=C(N=N2)N)N
3883,CC1=C(C=CN=C1CS(=O)C2=NC3=CC=CC=C3N2)OCC(F)(F)F
3893,CCCCCCCCCCCC(=O)O
3899,CC1=C(C=NO1)C(=O)NC2=CC=C(C=C2)C(F)(F)F
3902,C1=CC(=CC=C1C#N)C(C2=CC=C(C=C2)C#N)N3C=NC=N3
3926,CC1=C(C(=CC=C1)C)NC(=O)CN2CCN(CC2)CCCC(C3=CC=C(C=C3)F)C4=CC=C(C=C4)F
3931,CCCCCC=CCC=CCCCCCCCC(=O)O
3936,CN(C1=NC(=CC=C1)OC)C(=S)OC2=CC3=C(CCCC3)C=C2
3957,CCOC(=O)N1CCC(=C2C3=C(CCC4=C2N=CC=C4)C=C(C=C3)Cl)CC1
3961,CCCCC1=NC(=C(N1CC2=CC=C(C=C2)C3=CC=CC=C3C4=NNN=N4)CO)Cl
4030,COC(=O)NC1=NC2=C(N1)C=C(C=C2)C(=O)C3=CC=CC=C3
4044,CC1=C(C(=CC=C1)NC2=CC=CC=C2C(=O)O)C
4059,CC1=CC=CC=C1OCC(CO)O
4060,CCC1(C(=O)N(C(=O)N1)C)C2=CC=CC=C2
4075,C1=CC(=C(C=C1N)C(=O)O)O
4093,CC(=C)C(=O)O
4100,CC(=O)N=C1N(N=C(S1)S(=O)(=O)N)C
4101,C1N2CN3CN1CN(C2)C3
4107,COC1=CC=CC=C1OCC(COC(=O)N)O
4112,CN(CC1=CN=C2C(=N1)C(=NC(=N2)N)N)C3=CC=C(C=C3)C(=O)NC(CCC(=O)O)C(=O)O
4122,COC(=O)NC1=NC2=C(N1)C=C(C=C2)C(=O)C3=CC=CS3
4133,COC(=O)C1=CC=CC=C1O
4165,CC1=CC2=C(C=C1S(=O)(=O)N)S(=O)(=O)CCC2
4170,CC1NC2=CC(=C(C=C2C(=O)N1C3=CC=CC=C3C)S(=O)(=O)N)Cl
4173,CC1=NC=C(N1CCO)[N+](=O)[O-]
4174,CC(C)(C1=CN=CC=C1)C(=O)C2=CN=CC=C2
4189,C1=CC(=C(C=C1Cl)Cl)COC(CN2C=CN=C2)C3=C(C=C(C=C3)Cl)Cl
4197,CC1=C(C=C(C(=O)N1)C#N)C2=CC=NC=C2
4201,C1CCN(CC1)C2=NC(=N)N(C(=C2)N)O
4205,CN1CCN2C(C1)C3=CC=CC=C3CC4=C2N=CC=C4
4211,C1=CC=C(C(=C1)C(C2=CC=C(C=C2)Cl)C(Cl)Cl)Cl
4235,C1COCCN1CCNC(=O)C2=CC=C(C=C2)Cl
4236,C1=CC=C(C=C1)C(C2=CC=CC=C2)S(=O)CC(=O)N
4238,CCOC(=NC1=C[N+](=NO1)N2CCOCC2)[O-]
4266,C1=C(ONC1=O)CN
4276,COC1=CC(=CC2=C1OCO2)CC=C
4284,CCN(CC)C(=O)C1=CC=CC(=C1)C
4409,CC(=O)CCC1=CC2=C(C=C1)C=C(C=C2)OC
4410,CC1CCC2=C3N1C=C(C(=O)C3=CC(=C2N4CCC(CC4)O)F)C(=O)O
4453,CC1C(C(C(C(O1)OC2C(C(C(OC2OC3=CC(=C(C(=C3)O)C(=O)CCC4=CC(=C(C=C4)OC)O)O)CO)O)O)O)O)O
4458,CC(=CCCC(=CCO)C)C
4472,C1=CC=C(C=C1)CNC(=O)CCNNC(=O)C2=CC=NC=C2
4477,C1=CC(=C(C=C1[N+](=O)[O-])Cl)NC(=O)C2=C(C=CC(=C2)Cl)O
4485,CC1=C(C(C(=C(N1)C)C(=O)OC)C2=CC=CC=C2[N+](=O)[O-])C(=O)OC
4487,CC1=C(C(=O)N(N1C)C2=CC=CC=C2)NC(=O)C3=CN=CC=C3
4488,C1=CC(=CC(=C1)NC2=C(C=CC=N2)C(=O)O)C(F)(F)F
4493,CC1(C(=O)N(C(=O)N1)C2=CC(=C(C=C2)[N+](=O)[O-])C(F)(F)F)C
4494,CC1=C(C(C(=C(N1)C#N)C(=O)OC)C2=CC(=CC=C2)[N+](=O)[O-])C(=O)OC(C)C
4495,CS(=O)(=O)NC1=C(C=C(C=C1)[N+](=O)[O-])OC2=CC=CC=C2
4497,CC1=C(C(C(=C(N1)C)C(=O)OC(C)C)C2=CC(=CC=C2)[N+](=O)[O-])C(=O)OCCOC
4499,CC1=C(C(C(=C(N1)C)C(=O)OCC(C)C)C2=CC=CC=C2[N+](=O)[O-])C(=O)OC
4507,CCOC(=O)C1=C(NC(=C(C1C2=CC(=CC=C2)[N+](=O)[O-])C(=O)OC)C)C
4539,CCN1C=C(C(=O)C2=CC(=C(C=C21)N3CCNCC3)F)C(=O)O
4567,CC(CCC1=CC=CC=C1)NC(C)C(C2=CC=C(C=C2)O)O
4583,CC1COC2=C3N1C=C(C(=O)C3=CC(=C2N4CCN(CC4)C)F)C(=O)O
4594,CC1=CN=C(C(=C1OC)C)CS(=O)C2=NC3=C(N2)C=C(C=C3)OC
4610,C1CCC(C(C1)N)N
4614,C1=CC=C(C=C1)C2=C(OC(=N2)CCC(=O)O)C3=CC=CC=C3
4621,CC(C)(CC1=CC=CC=C1)N(C)C(=O)CN(CCO)CC(=O)N(C)C(C)(C)CC2=CC=CC=C2
4622,CCCOC1=CC2=C(C=C1)N=C(N2)NC(=O)OC
4628,CCN1C=C(C(=O)C2=CC3=C(C=C21)OCO3)C(=O)O
4632,COC1=CC(=C(C=C1)C(=O)C2=CC=CC=C2)O
4641,CCCCC1C(=O)N(N(C1=O)C2=CC=C(C=C2)O)C3=CC=CC=C3
4649,C1=CC(=C(C=C1N)O)C(=O)O
4650,C1=CC(=O)C=CC1=O
4657,COC1=CC=C(C=C1)CCN
4685,C1=CC(=CC=C1Cl)Cl
4737,CCCC(C)C1(C(=O)NC(=O)NC1=O)CC
4740,CC(=O)CCCCN1C(=O)C2=C(N=CN2C)N(C1=O)C
4748,C1CN(CCN1CCCN2C3=CC=CC=C3SC4=C2C=C(C=C4)Cl)CCO
4754,CCOC1=CC=C(C=C1)NC(=O)C
4760,C1=CC=C(C=C1)C2C(=O)C3=CC=CC=C3C2=O
4763,CCC1(C(=O)NC(=O)NC1=O)C2=CC=CC=C2
4775,C1=CC=C(C=C1)CCCC(=O)O
4781,CCCCC1C(=O)N(N(C1=O)C2=CC=CC=C2)C3=CC=CC=C3
4784,C1=CC=C(C=C1)CS(=O)(=O)F
4788,C1=CC(=CC=C1CCC(=O)C2=C(C=C(C=C2O)O)O)O
4806,C1=CC=C(C(=C1)C(=O)NC2=CC=C(C=C2)S(=O)(=O)NC3=NC=CS3)C(=O)O
4810,CC1=NC(=C(C(=N1)Cl)NC2=NCCN2)OC
4826,CC(C(C)(C)C)N=C(NC#N)NC1=CC=NC=C1
4828,CC(C)NCC(COC1=CC=CC2=C1C=CN2)O
4829,CCC1=CN=C(C=C1)CCOC2=CC=C(C=C2)CC3C(=O)NC(=O)S3
4831,CCN1C=C(C(=O)C2=CN=C(N=C21)N3CCNCC3)C(=O)O
4837,C1CNCCN1
4840,C1CCN(CC1)C(=O)C=CC=CC2=CC3=C(C=C2)OCO3
4843,C1CC(=O)N(C1)CC(=O)N
4847,CC1=C(C(=O)N2C=CC=CC2=N1)CCN3CCC(CC3)C(=O)C4=CC=C(C=C4)F
4849,C1CCN(C1)C2=C(C(=CC(=C2)C(=O)O)S(=O)(=O)N)OC3=CC=CC=C3
4855,CCN1C=C(C(=O)C2=CN=C(N=C21)N3CCCC3)C(=O)O
4873,[Cl-].[K+]
4883,CC(C)NCC(COC1=CC=C(C=C1)NC(=O)C)O
4887,C1=CC=C(C=C1)CCCCOC2=CC=C(C=C2)C(=O)NC3=CC=CC4=C3OC(=CC4=O)C5=NNN=N5
4888,CC(C1=CC2=C(C=C1)OC3=C(C2)C=CC=N3)C(=O)O
4891,C1CCC(CC1)C(=O)N2CC3C4=CC=CC=C4CCN3C(=O)C2
4909,CCC1(C(=O)NCNC1=O)C2=CC=CC=C2
4911,CCCN(CCC)S(=O)(=O)C1=CC=C(C=C1)C(=O)O
4912,CC(C)(C)C1=CC(=CC(=C1O)C(C)(C)C)SC(C)(C)SC2=CC(=C(C(=C2)C(C)(C)C)O)C(C)(C)C
4922,CCCN(CCC)C(=O)C(CCC(=O)O)NC(=O)C1=CC=CC=C1
4943,CC(C)C1=C(C(=CC=C1)C(C)C)O
4946,CC(C)NCC(COC1=CC=CC2=CC=CC=C21)O
4947,CCCOC(=O)C1=CC(=C(C(=C1)O)O)O
4993,CCC1=C(C(=NC(=N1)N)N)C2=CC=C(C=C2)Cl
4994,CCC1(C(=O)C=CNC1=O)CC
5042,C1=CC=C2C(=C1)C(=CC(=O)N2)CC(C(=O)O)NC(=O)C3=CC=C(C=C3)Cl
5054,C1=CC(=CC(=C1)O)O
5073,CC1=C(C(=O)N2CCCCC2=N1)CCN3CCC(CC3)C4=NOC5=C4C=CC(=C5)F
5090,CS(=O)(=O)C1=CC=C(C=C1)C2=C(C(=O)OC2)C3=CC=CC=C3
5092,COC1=C(C=C(C=C1)C2CC(=O)NC2)OC3CCCC3
5094,CN1C(=CN=C1COC(=O)N)[N+](=O)[O-]
5143,C1=CC=C2C(=C1)C(=O)NS2(=O)=O
5144,C=CCC1=CC2=C(C=C1)OCO2
5152,C1=CC=C(C=C1)CCCCOCCCCCCNCC(C2=CC(=C(C=C2)O)CO)O
5192,C(CCCCC(=O)O)CCCC(=O)O
5215,C1=CN=C(N=C1)NS(=O)(=O)C2=CC=C(C=C2)N
5231,CC(=O)NC(C(=O)O)C(C)(C)SN=O
5234,[Na+].[Cl-]
5265,C1CN(CCC12C(=O)NCN2C3=CC=CC=C3)CCCC(=O)C4=CC=C(C=C4)F
5281,CCCCCCCCCCCCCCCCCC(=O)O
5291,CC1=C(C=C(C=C1)NC(=O)C2=CC=C(C=C2)CN3CCN(CC3)C)NC4=NC=CC(=N4)C5=CN=CC=C5
5311,C1=CC=C(C=C1)NC(=O)CCCCCCC(=O)NO
5315,C1=CC(=CC=C1NC(=O)CCC(=O)O)S(=O)(=O)NC2=NC=CS2
5319,C1=CC=C(C=C1)C(=O)NS(=O)(=O)C2=CC=C(C=C2)N
5323,COC1=NC(=NC(=C1)NS(=O)(=O)C2=CC=C(C=C2)N)OC
5324,C1=CC(=CC=C1N)S(=O)(=O)N=C(N)N
5325,CC1=NC(=NC=C1)NS(=O)(=O)C2=CC=C(C=C2)N
5326,COC1=CN=C(N=C1)NS(=O)(=O)C2=CC=C(C=C2)N
5327,CC1=CC(=NC(=N1)NS(=O)(=O)C2=CC=C(C=C2)N)C
5328,CC1=NN=C(S1)NS(=O)(=O)C2=CC=C(C=C2)N
5329,CC1=CC(=NO1)NS(=O)(=O)C2=CC=C(C=C2)N
5330,COC1=NN=C(C=C1)NS(=O)(=O)C2=CC=C(C=C2)N
5332,COC1=NC=NC(=C1)NS(=O)(=O)C2=CC=C(C=C2)N
5333,C1=CC(=CC=C1N)S(=O)(=O)N
5335,C1=CC=C(C=C1)N2C(=CC=N2)NS(=O)(=O)C3=CC=C(C=C3)N
5336,C1=CC=NC(=C1)NS(=O)(=O)C2=CC=C(C=C2)N
5339,C1=CC=NC(=C1)NS(=O)(=O)C2=CC=C(C=C2)N=NC3=CC(=C(C=C3)O)C(=O)O
5340,C1=CC(=CC=C1N)S(=O)(=O)NC2=NC=CS2
5342,C1=CC=C(C=C1)N2C(=O)C(C(=O)N2C3=CC=CC=C3)CCS(=O)C4=CC=CC=C4
5344,CC1=C(ON=C1C)NS(=O)(=O)C2=CC=C(C=C2)N
5353,COC1=C(C=CC(=C1)S(=O)C)C2=NC3=C(N2)C=CC=N3
5355,CCN1CCCC1CNC(=O)C2=C(C=CC(=C2)S(=O)(=O)N)OC
5359,CC(C1=CC=C(C=C1)C(=O)C2=CC=CS2)C(=O)O
5362,CCCCC1(C(=O)N(N(C1=O)C2=CC=CC=C2)C3=CC=CC=C3)COC(=O)CCC(=O)O
5379,CC1CN(CCN1)C2=C(C=C3C(=C2OC)N(C=C(C3=O)C(=O)O)C4CC4)F
5394,CN1C(=O)N2C=NC(=C2N=N1)C(=O)N
5405,CC(C)(C)C1=CC=C(C=C1)C(CCCN2CCC(CC2)C(C3=CC=CC=C3)(C4=CC=CC=C4)O)O
5426,C1CC(=O)NC(=O)C1N2C(=O)C3=CC=CC=C3C2=O
5429,CN1C=NC2=C1C(=O)NC(=O)N2C
5430,C1=CC=C2C(=C1)NC(=N2)C3=CSC=N3
5468,CC(C1=CC=C(S1)C(=O)C2=CC=CC=C2)C(=O)O
5479,CCS(=O)(=O)CCN1C(=NC=C1[N+](=O)[O-])C
5482,C1=CC(=C(C=C1Cl)Cl)C(CN2C=CN=C2)OCC3=C(SC=C3)Cl
5503,CC1=CC=C(C=C1)S(=O)(=O)NC(=O)NN2CCCCCC2
5505,CCCCNC(=O)NS(=O)(=O)C1=CC=C(C=C1)C
5510,CC1=CC(=CC=C1)N(C)C(=S)OC2=CC3=CC=CC=C3C=C2
5526,C1CC(CCC1CN)C(=O)O
5531,CCN(CC)C1=CC(=NC2=NC=NN12)C
5541,CC(=O)OCC(COC(=O)C)OC(=O)C
5546,C1=CC=C(C=C1)C2=NC3=C(N=C(N=C3N=C2N)N)N
5560,C1=C2C(=CC(=C1Cl)S(=O)(=O)N)S(=O)(=O)NC(N2)C(Cl)Cl
5564,C1=CC(=C(C=C1Cl)O)OC2=C(C=C(C=C2)Cl)Cl
5576,CC1(C(=O)N(C(=O)O1)C)C
5578,COC1=CC(=CC(=C1OC)OC)CC2=CN=C(N=C2N)N
5585,CC1=CC(=O)OC2=C1C=C3C=C(OC3=C2C)C
5590,CC(C)(C)CC(C)(C)C1=CC=C(C=C1)OCCO
5591,CC1=C(C2=C(CCC(O2)(C)COC3=CC=C(C=C3)CC4C(=O)NC(=O)S4)C(=C1O)C)C
5593,CCN(CC1=CC=NC=C1)C(=O)C(CO)C2=CC=CC=C2
5603,CCCCCC(C)N
5606,CC(C)(C)NCC(C1=CC=CC=C1Cl)O
5610,C1=CC(=CC=C1CCN)O
5634,C=CCCCCCCCCC(=O)O
5656,CN(C)CC(C1=CC=C(C=C1)OC)C2(CCCCC2)O
5665,C=CC(CCC(=O)O)N
5707,CC1=C(C(=CC=C1)C)NC2=NCCCS2
5717,CC1=CC=CC=C1S(=O)(=O)NC(=O)C2=CC(=C(C=C2)CC3=CN(C4=C3C=C(C=C4)NC(=O)OC5CCCC5)C)OC
5719,CCN(C1=CC=CC(=C1)C2=CC=NC3=C(C=NN23)C#N)C(=O)C
5723,COC1=C(C=CC(=C1)C2=NNC(=O)C=C2)OC(F)F
5734,C1=CC=C2C(=C1)C(=NO2)CS(=O)(=O)N
5735,CN1CCN(CC1)C(=O)OC2C3=NC=CN=C3C(=O)N2C4=NC=C(C=C4)Cl
5736,CN(C)CCOC1=CC2=CC=CC=C2SC3=C1C=C(C=C3)Cl
5744,CC(=O)OCC(=O)[C@]1(CC[C@@H]2[C@@]1(C[C@@H]([C@H]3[C@H]2CCC4=CC(=O)CC[C@]34C)O)C)O
5753,C[C@]12CCC(=O)C=C1CC[C@@H]3[C@@H]2[C@H](C[C@]4([C@H]3CC[C@@H]4C(=O)CO)C)O
5754,C[C@]12CCC(=O)C=C1CC[C@@H]3[C@@H]2[C@H](C[C@]4([C@H]3CC[C@@]4(C(=O)CO)O)C)O
5755,C[C@]12C[C@@H]([C@H]3[C@H]([C@@H]1CC[C@@]2(C(=O)CO)O)CCC4=CC(=O)C=C[C@]34C)O
5756,C[C@]12CC[C@H]3[C@H]([C@@H]1C[C@H]([C@@H]2O)O)CCC4=C3C=CC(=C4)O
5757,C[C@]12CC[C@H]3[C@H]([C@@H]1CC[C@@H]2O)CCC4=C3C=CC(=C4)O
5763,CCN(CC)CCOC(=O)C(C1=CC=CC=C1)C2=CC=CC=C2.Cl
5770,CO[C@H]1[C@@H](C[C@@H]2CN3CCC4=C([C@H]3C[C@@H]2[C@@H]1C(=O)OC)NC5=C4C=CC(=C5)OC)OC(=O)C6=CC(=C(C(=C6)OC)OC)OC
5779,C([C@@H]1[C@H]([C@H](C(O1)O)O)O)O
5780,C([C@H]([C@H]([C@@H]([C@H](CO)O)O)O)O)O
5785,C([C@@H]([C@@H]1C(=O)C(=C(O1)O)O)O)O
5790,C1[C@@H]([C@H](O[C@H]1N2C=C(C(=O)NC2=O)F)CO)O
5795,CCN(CC)CCOC(=O)C1=CC=C(C=C1)N.Cl
5803,C1=CC(=C(C=C1OC2=C(C=C(C=C2I)CC(=O)O)I)I)O
5810,C1[C@H](CN[C@@H]1C(=O)O)O
5818,C1=C(NC=N1)CCN.Cl.Cl
5819,C1=C(C=C(C(=C1I)OC2=CC(=C(C(=C2)I)O)I)I)C[C@@H](C(=O)O)N
5829,CN(C)CN(C)C
5831,C[N+](C)(C)CCOC(=O)N.[Cl-]
5833,CC(=O)S[C@@H]1CC2=CC(=O)CC[C@@]2([C@@H]3[C@@H]1[C@@H]4CC[C@]5([C@]4(CC3)C)CCC(=O)O5)C
5849,C[N+]1(CCCC1)CCCCC[N+]2(CCCC2)C.[C@@H]([C@H](C(=O)[O-])O)(C(=O)O)O.[C@@H]([C@H](C(=O)[O-])O)(C(=O)O)O
5853,COP(=O)(C(C(Cl)(Cl)Cl)O)OC
5857,C[C@]12CC[C@H]3[C@H]([C@@H]1CC[C@]2(C#C)O)CCC4=CCCC[C@H]34
5862,C([C@@H](C(=O)O)N)S
5865,C[C@]12CC(=O)[C@H]3[C@H]([C@@H]1CC[C@@]2(C(=O)CO)O)CCC4=CC(=O)C=C[C@]34C
5870,C[C@]12CC[C@H]3[C@H]([C@@H]1CCC2=O)CCC4=C3C=CC(=C4)O
5878,C[C@]12CC[C@H]3[C@H]([C@@H]1CC[C@]2(C)O)CC[C@@H]4[C@@]3(COC(=O)C4)C
5879,C[C@]12CC[C@H](C[C@@H]1CC[C@@H]3[C@@H]2CC[C@]4([C@H]3CCC4=O)C)O
5883,CC[N+](C)(CC)CCOC(=O)C1C2=CC=CC=C2OC3=CC=CC=C13.[Br-]
5887,CN(C)CCCN1C2=CC=CC=C2SC3=CC=CC=C31.Cl
5892,C1=CC(=C[N+](=C1)[C@H]2[C@@H]([C@@H]([C@H](O2)COP(=O)([O-])OP(=O)(O)OC[C@@H]3[C@H]([C@H]([C@@H](O3)N4C=NC5=C(N=CN=C54)N)O)O)O)O)C(=O)N
5905,C1[C@@H]([C@H](O[C@H]1N2C=C(C(=O)NC2=O)I)CO)O
5909,CC[C@H]1[C@H](COC1=O)CC2=CN=CN2C.Cl
5917,C1CCC2=NN=NN2CC1
5920,C1=CC(=C(C=C1OC2=C(C=C(C=C2I)C[C@@H](C(=O)O)N)I)I)O
5924,CNCC(C1=CC(=C(C=C1)O)O)O.Cl
5941,C(CSSCCN)N.Cl.Cl
5943,C(Cl)(Cl)(Cl)Cl
5946,CC[N+](CC)(CC)CC.[Cl-]
5950,C[C@@H](C(=O)O)N
5951,C([C@@H](C(=O)O)N)O
5959,C1=CC(=CC=C1[C@H]([C@@H](CO)NC(=O)C(Cl)Cl)O)[N+](=O)[O-]
5960,C([C@@H](C(=O)O)N)C(=O)O
5961,C(CC(=O)N)[C@@H](C(=O)O)N
5962,C(CCN)C[C@@H](C(=O)O)N
5965,CN(CCCCCCCCCCN(C)C(=O)OC1=CC=CC(=C1)[N+](C)(C)C)C(=O)OC2=CC=CC(=C2)[N+](C)(C)C.[Br-].[Br-]
5971,C=CCN=C=S
5984,C([C@H]([C@H]([C@@H](C(=O)CO)O)O)O)O
5988,C([C@@H]1[C@H]([C@@H]([C@H]([C@H](O1)O[C@]2([C@H]([C@@H]([C@H](O2)CO)O)O)CO)O)O)O)O
5991,C[C@]12CC[C@H]3[C@H]([C@@H]1CC[C@]2(C#C)O)CCC4=C3C=CC(=C4)O
5994,CC(=O)[C@H]1CC[C@@H]2[C@@]1(CC[C@H]3[C@H]2CCC4=CC(=O)CC[C@]34C)C
5995,CCC(=O)O[C@H]1CC[C@@H]2[C@@]1(CC[C@H]3[C@H]2CCC4=CC(=O)CC[C@]34C)C
6009,CC1=C(C(=O)N(N1C)C2=CC=CC=C2)N(C)C
6014,CC(CN1C2=CC=CC=C2SC3=CC=CC=C31)N(C)C.Cl
6019,CC1=NC=C(C(=C1O)CO)CO.Cl
6027,C1[C@H]([C@@H]([C@H]([C@H](O1)O)O)O)O
6047,C1=CC(=C(C=C1C[C@@H](C(=O)O)N)O)O
6048,C1CN=C(N1)CC2=CC=CC=C2.Cl
6050,CCCC(=O)OCC(COC(=O)CCC)OC(=O)CCC
6054,C1=CC=C(C=C1)CCO
6057,C1=CC(=CC=C1C[C@@H](C(=O)O)N)O
6060,CC(=O)OCC[N+](C)(C)C.[Cl-]
6081,CC(C(C1=C(C=CC(=C1)OC)OC)O)N.Cl
6083,C1=NC(=C2C(=N1)N(C=N2)[C@H]3[C@@H]([C@@H]([C@H](O3)COP(=O)(O)O)O)O)N
6084,COC1=C(C=C(C=C1)CC2=NC=CC3=CC(=C(C=C32)OC)OC)OC.Cl
6093,C1CN(C(=O)N1)C2=NC=C(S2)[N+](=O)[O-]
6100,CC[N+](C)(C)CC1=CC=CC=C1Br.CC1=CC=C(C=C1)S(=O)(=O)[O-]
6103,C1=CC2=C(C=C1Cl)N=C(O2)N
6106,CC(C)C[C@@H](C(=O)O)N
6114,CC(C[N+](C)(C)C)OC(=O)C.[Cl-]
6115,C1=CC=C(C=C1)N
6119,CC(C)(C(=O)O)N
6126,C[N+]1(CCC(=C(C2=CC=CC=C2)C3=CC=CC=C3)CC1)C.COS(=O)(=O)[O-]
6135,CC(CCCN)NC1=C2C(=CC(=C1)OC)C=CC=N2.OP(=O)(O)O.OP(=O)(O)O
6137,CSCC[C@@H](C(=O)O)N
6140,C1=CC=C(C=C1)C[C@@H](C(=O)O)N
6166,C[C@]12CC[C@H]3[C@H]([C@@H]1CC[C@@H]2C(=O)CO)CCC4=CC(=O)CC[C@]34C
6167,CC(=O)N[C@H]1CCC2=CC(=C(C(=C2C3=CC=C(C(=O)C=C13)OC)OC)OC)OC
6169,COC(=O)[C@H]1[C@H](CC[C@@H]2[C@@H]1C[C@H]3C4=C(CCN3C2)C5=CC=CC=C5N4)O.Cl
6172,CC[N+](CC)(CC)CCOC1=C(C(=CC=C1)OCC[N+](CC)(CC)CC)OCC[N+](CC)(CC)CC.[I-].[I-].[I-]
6184,CCCCCC=O
6197,C[C@H]1C[C@@H](C(=O)[C@@H](C1)[C@@H](CC2CC(=O)NC(=O)C2)O)C
6202,CC1=C(SC=[N+]1CC2=CN=C(N=C2N)C)CCO.Cl.[Cl-]
6207,C(COCCOCCN(CC(=O)O)CC(=O)O)N(CC(=O)O)CC(=O)O
6209,C[N+](C)(C)CCO.[Cl-]
6212,C(Cl)(Cl)Cl
6213,CS(=O)(=O)C
6214,C(C(Cl)(Cl)Cl)(Cl)(Cl)Cl
6215,C[C@]12C[C@@H]([C@]3([C@H]([C@@H]1C[C@@H]4[C@]2(OC(O4)(C)C)C(=O)CO)C[C@@H](C5=CC(=O)C=C[C@@]53C)F)F)O
6224,C(C(=O)[O-])C(CC(=O)[O-])(C(=O)[O-])O.[Na+].[Na+].[Na+]
6228,CN(C)C=O
6230,C[C@]12CC[C@H]3[C@H]([C@@H]1CC[C@]2(C#C)O)CCC4=CC(=O)CC[C@H]34
6231,C[C@]12CC[C@H]3[C@H]([C@@H]1CC[C@]2(C#C)O)CCC4=C3CCC(=O)C4
6233,C1=CC(=CC=C1C(Cl)(Cl)Cl)C(Cl)(Cl)Cl
6234,C1[C@H](C(=O)NO1)N
6240,CN(C)CCCN1C2=CC=CC=C2SC3=C1C=C(C=C3)Cl.Cl
6251,C([C@H]([C@H]([C@@H]([C@@H](CO)O)O)O)O)O
6253,C1=CN(C(=O)N=C1N)[C@H]2[C@H]([C@@H]([C@H](O2)CO)O)O
6256,C1[C@@H]([C@H](O[C@H]1N2C=C(C(=O)NC2=O)C(F)(F)F)CO)O
6262,C(C[C@@H](C(=O)O)N)CN
6267,C([C@@H](C(=O)O)N)C(=O)N
6274,C1=C(NC=N1)C[C@@H](C(=O)O)N
6276,CCCCCO
6284,CC(C)[N+](C)(CCC(C1=CC=CC=C1)(C2=CC=CC=C2)C(=O)N)C(C)C.[I-]
6287,CC(C)[C@@H](C(=O)O)N
6288,C[C@H]([C@@H](C(=O)O)N)O
6291,C[C@]12CC[C@H]3[C@H]([C@@H]1CC[C@]2(C#C)O)CCC4=C3C=CC(=C4)OC
6305,C1=CC=C2C(=C1)C(=CN2)C[C@@H](C(=O)O)N
6306,CC[C@H](C)[C@@H](C(=O)O)N
6307,CCC1NC2=CC(=C(C=C2C(=O)N1)S(=O)(=O)N)Cl
6314,CCN(CC)CC(=O)NC1=C(C=CC=C1C)C.Cl
6322,C(C[C@@H](C(=O)O)N)CN=C(N)N
6324,CC
6325,C=C
6329,CN
6334,CCC
6341,CCN
6342,CC#N
6343,CCS
6348,C(=S)=S
6354,C1CO1
6360,CC(C)C
6363,CC(C)N
6364,CC(C)S
6374,C(I)(I)I
6378,CC1CO1
6379,C[N+](C)(C)C.[Cl-]
6385,CC(C)(C)N
6386,CC(C)(C)O
6387,CC(C)(C)S
6389,C(F)(Cl)(Cl)Cl
6403,CCC(C)(C)C
6405,CCC(C)(C)O
6416,CC(=O)C(C)(C)C
6417,CC(C)(C)C(=O)O
6425,CC(C)(C(C)(C)O)O
6448,CC(=O)OC1CC2CCC1(C2(C)C)C
6461,C[N+]1(CCCC(C1)OC(=O)C(C2=CC=CC=C2)(C3=CC=CC=C3)O)C.[Br-]
6482,C[C@@H]1CC[C@@H]2C13CCC(C(C3)C2(C)C)(C)OC(=O)C
6492,C1C=CC2C1C3CC2C=C3
6493,CCC(C)(CC)O
6495,CC(C)(OC)OC
6501,CCOC(=O)C1C(O1)(C)C2=CC=CC=C2
6503,C(C(CO)(CO)N)O
6504,CCOC(=O)CC(CC(=O)OCC)(C(=O)OCC)OC(=O)C
6505,CCCCOC(=O)CC(CC(=O)OCCCC)(C(=O)OCCCC)OC(=O)C
6506,CCOC(=O)CC(CC(=O)OCC)(C(=O)OCC)O
6507,CCCCOC(=O)CC(CC(=O)OCCCC)(C(=O)OCCCC)O
6514,C(CS)C(=O)O
6529,CC1=CC=C(C=C1)OP(=O)(OC2=CC=C(C=C2)C)OC3=CC=C(C=C3)C
6532,CC(C)C(=O)OC(C)(CCC=C(C)C)C=C
6533,CC(=CCCC(C)(C=C)OC(=O)C=CC1=CC=CC=C1)C
6544,CC1=CC(=O)CC(C1)(C)C
6548,CCC(C)(CCCC(C)C)O
6549,CC(=CCCC(C)(C=C)O)C
6556,CCC(C)C
6557,CC(=C)C=C
6558,CC(C)CN
6560,CC(C)CO
6561,CC(C)C=O
6562,CC(=C)C=O
6564,CC(CCl)Cl
6567,CC(CN)N
6568,CCC(C)O
6569,CCC(=O)C
6570,CC(=O)C=C
6575,C(=C(Cl)Cl)Cl
6579,C=CC(=O)N
6581,C=CC(=O)O
6584,CC(=O)OC
6589,CC(C)C(C)C
6590,CC(C)C(=O)O
6612,CC1=CCCC(C1C=CC(=O)CCC=C)(C)C
6616,CC1(C2CCC(C2)C1=C)C
6631,CC1CCC(CC1)C(C)(C)OC(=O)C
6632,CC1CCC(C=C1)(C(C)C)OC(=O)C
6634,C1=CC(=CC=C1N)S(=O)(=O)NC2=NN=C(C=C2)Cl
6643,CCC(C)(C)C1=CC=C(C=C1)O
6651,CC1(CCC(CC1)C(C)(C)O)O
6652,CC(CC=O)C1=CC=C(C=C1)C(C)(C)C
6653,CCOC(=O)C(C)(C)O
6654,CC1=CCC2CC1C2(C)C
6655,CCC(C(=O)O)Br
6657,CCC(C(=O)O)N
6658,CC(=C)C(=O)OC
6660,CC1=C(C(=O)CC1)O
6669,CC1=C(C(=C(C(=C1[N+](=O)[O-])C(C)(C)C)[N+](=O)[O-])C)C(=O)C
6674,C[C@H](CCC(=O)O)[C@H]1CC[C@@H]2[C@@]1(C(=O)C[C@H]3[C@H]2C(=O)C[C@H]4[C@@]3(CCC(=O)C4)C)C
6735,C1CC(=O)C2=CC=CC=C21
6736,CC1=CNC2=CC=CC=C12
6741,C[C@H]1C[C@H]2[C@@H]3CC[C@@]([C@]3(C[C@@H]([C@@H]2[C@@]4(C1=CC(=O)C=C4)C)O)C)(C(=O)CO)O
6753,CC1=C(C=C(C(=C1[N+](=O)[O-])OC)C(C)(C)C)[N+](=O)[O-]
6781,CCOC(=O)C1=CC=CC=C1C(=O)OCC
6819,CCCCOC(=O)COC(=O)C1=CC=CC=C1C(=O)OCCCC
6826,CNC1=CC=CC=C1C(=O)OC
6835,COC1=CC=CC=C1C2=CC=CC=C2
6839,CN1C(=O)CC(C1=O)C2=CC=CC=C2
6848,CN(C)C1=CC=CC2=CC=CC=C21
6857,CCCCC1=CC2=CC=CC=C2C(=N1)OCCN(C)C
6858,COC1=CC(=CC(=C1OC)OC)C=O
6873,CC(C)COC(=O)C1=CC=CC=C1O
6874,CC(C)CCOC(=O)C1=CC=CC=C1O
6877,CCOC(=O)C1=CC=CC=C1N
6881,C1=CC=C(C=C1)C=CCOC(=O)C2=CC=CC=C2N
6883,C1[C@H]([C@@H]2[C@H](O1)[C@H](CO2)O[N+](=O)[O-])O[N+](=O)[O-]
6885,C1C2=CC=CC=C2C(=O)O1
6890,CN(C)CC1=CNC2=CC=CC=C21
6893,CC1=C(C(=CC=C1)N)C
6896,CC1=C(C(=CC=C1)C)N
6912,C([C@H](C([C@H](CO)O)O)O)O
6913,CC1=CC(=C(C(=C1)C)N)C
6915,CCC(CC)C(=O)O
6919,C1=COC(=C1)C(=O)O
6920,CC(=O)C1=CC=CS1
6930,CCC1=CC2=C(C=C1C(=O)C)C(CCC2(C)C)(C)C
6937,CC1=CC(=C(C=C1)C(C)(C)C)O
6943,CC(C)C1=CC=CC=C1O
6944,CC1=CC=CC=C1[N+](=O)[O-]
6949,CC1CCC(=C(C)C)CC2=C1CCC2C
6954,C1=C(C=C(C(=C1[N+](=O)[O-])O)[N+](=O)[O-])[N+](=O)[O-]
6970,CC1CCC(C(C1)OC(=O)C2=CC=CC=C2O)C(C)C
6981,C([C@H]([C@@H]1C(=O)C(=C(O1)O)O)O)O
6982,CC1=CC(=C(C=C1Cl)C(C)C)O
6985,CC1=CC(=C(C=C1)C(=O)C)C
6986,CC1CCC(C(=O)C1)C(C)C
6987,CC1=CC(=O)C(CC1)C(C)C
6988,CC1CCC(=C(C)C)C(=O)C1
6989,CC1=CC(=C(C=C1)C(C)C)O
6993,CC1=CC=CC=C1CN
6997,CCC1=CC=CC=C1O
6998,C1=CC=C(C(=C1)C=O)O
7002,CC1=CC=CC2=CC=CC=C12
7007,CC(=O)OC(C1=CC=CC=C1)C(Cl)(Cl)Cl
7012,CCC(C1=CC=CC=C1)C(=O)O
7016,C1CCC(CC1)C2CCCCC2=O
7017,C1=CC=C(C=C1)C2=CC=CC=C2O
7027,C([C@@H]1[C@H]([C@@H]([C@H](C(=O)O1)O)O)O)O
7037,C1=CC=C(C=C1)C(C2=CC=CC=C2)O
7041,COC1=C(C(=CC=C1)OC)O
7043,COC1=CC=CC=C1OC
7044,C1CCC2CCCCC2C1
7045,C1=CC=C2C(=C1)N=CC=N2
7047,C1=CC=C2C(=C1)C=CC=N2
7048,COC1=CC=CC=C1[N+](=O)[O-]
7055,CC1=CC2=CC=CC=C2C=C1
7058,C1=CC=C2C=C(C=CC2=C1)S
7059,CC1=CC2=C(C=C1)N=CC=C2
7060,CC1=NC2=CC=CC=C2C=C1
7061,CCN(CC)C1=CC=CC=C1
7092,CC1=CC2=C(C=C1)OC(=O)C=C2
7094,C1CCC(CC1)C2CCCCC2
7095,C1=CC=C(C=C1)C2=CC=CC=C2
7118,COC1=C(C=C(C=C1)CO)OC
7119,COC1=CC2=CC=CC=C2C=C1
7122,CC(=O)C1=CC2=CC=CC=C2C=C1
7127,COC1=C(C=C(C=C1)CC=C)OC
7128,CC=CC1=CC(=C(C=C1)OC)OC
7129,CCOC1=CC2=CC=CC=C2C=C1
7130,CC(C)CC1=NC2=CC=CC=C2C=C1
7136,CC(=O)OC1=C(C=C(C=C1)CC=C)OC
7137,CC=CC1=CC(=C(C=C1)OC(=O)C)OC
7140,CC(C(=O)OC1=CC2=CC=CC=C2C=C1)O
7144,CC1=CC(=C(C=C1)O)OC
7146,CC(C=O)C1=CC=CC=C1
7147,CCC(C1=CC=CC=C1)O
7148,CCC(=O)C1=CC=CC=C1
7149,C1=CC=C(C=C1)C(CO)O
7150,COC(=O)C1=CC=CC=C1
7151,COC(=O)C1=CN=CC=C1
7165,CCOC(=O)C1=CC=CC=C1
7166,CC(=O)CC(=O)C1=CC=CC=C1
7169,C1=CC=C(C=C1)C(=O)OC2=CC=CC=C2
7170,CCOC(=O)CC(=O)C1=CC=CC=C1
7172,CNCC(C1=CC=C(C=C1)O)O
7175,CCCOC(=O)C1=CC=C(C=C1)O
7184,CCCCOC(=O)C1=CC=C(C=C1)O
7189,C1=CC=C(C=C1)C=CC(=O)C2=CC=CC=C2
7193,CC(C)CCOC(=O)C1=CC=CC=C1
7194,C1=CC=C(C=C1)CCOC(=O)C2=CC=CC=C2
7196,C1OC2=C(O1)C=C(C=C2)C(=O)O
7197,CCCC1=CC2=C(C=C1)OCO2
7221,C1=CC=C2C(=C1)C=CS2
7222,C1=CC=C2C(=C1)N=CS2
7224,CC1=CC2=CC=CC=C2N1
7225,CC1=NC2=CC=CC=C2O1
7237,CC1=CC=CC=C1C
7239,C1=CC=C(C(=C1)Cl)Cl
7242,CC1=CC=CC=C1N
7247,CC1=CC(=C(C=C1)C)C
7249,CC1=C(C=C(C=C1)O)C
7250,CC1=CC(=C(C=C1)N)C
7259,CC1=CC(=C(C=C1)C)N
7267,CC1=CC(=C(C=C1)C)O
7268,CCOC(=O)C(=O)OCC
7269,CC1=CC(=C(C=C1C)C)C
7276,C1C(O1)C2=CC=CC=C2
7282,CCC(C)CC
7283,CCC(C)CN
7284,CCC(C)C=O
7288,CCC(=O)CC
7294,COC(=O)C=C
7296,CC1CCCC1
7298,C1CCC(C1)O
7301,CC1CCCO1
7302,C1CC(=O)OC1
7304,CN1C=CC=C1
7334,CCOC(=O)C1C(C1(C)C)C=C(C)C
7335,CC1=CCC(CC1OC(=O)C)C(=C)C
7336,CCC(=O)OC1CC(CC=C1C)C(=C)C
7338,CC=CC1=CC(=C(C=C1)O)OC
7341,CCCC(C)C(=O)O
7342,CCOC(=O)C(C)C
7343,CCOC(=O)C(=C)C
7344,CCOC(=O)C(C)O
7346,CC(C)C(=O)OC(=O)C(C)C
7351,CC(C)COC(=O)C(C)C
7352,CC(C)COC(=O)C(=C)C
7353,CCCCOC(=O)C(C)C
7354,CCCCOC(=O)C(=C)C
7358,CCC(CC)CO
7359,CCC(CC)C=O
7360,C1CC(OC1)CO
7361,C1=COC(=C1)CO
7362,C1=COC(=C1)C=O
7363,C1=COC(=C1)CS
7364,C1=CSC(=C1)C=O
7366,CC(C)(C)C1=CC=CC=C1
7391,CC(C)(C)C1CCC(CC1)O
7392,CC(C)(C)C1CCC(=O)CC1
7393,CC(C)(C)C1=CC=C(C=C1)O
7406,CC(C)C1=CC=CC=C1
7407,CC(=C)C1=CC=CC=C1
7408,CC(C1=CC=CC=C1)N
7409,CC(C1=CC=CC=C1)O
7410,CC(=O)C1=CC=CC=C1
7413,C1CCC(CC1)C(=O)O
7415,CN(C)C1CCCCC1
7416,C1=CC=C(C=C1)[N+](=O)[O-]
7420,C1=CC(=CC(=C1)O)C(=O)O
7438,CC1=CCC(CC1O)C(=C)C
7439,CC1=CCC(CC1=O)C(=C)C
7455,CC1=CC=C(C=C1)C(=O)OC
7456,COC(=O)C1=CC=C(C=C1)O
7459,CC1CCC(CC1)C(C)C
7460,CC1=CCC(C=C1)C(C)C
7461,CC1=CCC(=CC1)C(C)C
7462,CC1=CC=C(CC1)C(C)C
7463,CC1=CC=C(C=C1)C(C)C
7464,CC(C)C1=CC=C(C=C1)N
7465,CC(C)C1=CC=C(C=C1)O
7467,CC(=O)C1=CC=C(C=C1)Cl
7469,CC(=O)C1=CC=C(C=C1)O
7471,CC1=CC=C(C=C1)N(C)C
7473,CC1=CC=C(C=C1)[N+](=O)[O-]
7476,CC(=O)C1=CC=C(C=C1)OC
7478,COC1=CC=C(C=C1)C(=O)O
7499,C=CC1CCC=CC1
7500,CCC1=CC=CC=C1
7501,C=CC1=CC=CC=C1
7504,C1=CC=C(C=C1)CN
7505,C1=CC=C(C=C1)C#N
7507,C1CCC(CC1)CO
7509,C1=CC=C(C=C1)CS
7514,CNC1CCCCC1
7515,CNC1=CC=CC=C1
7519,COC1=CC=CC=C1
7520,CSC1=CC=CC=C1
7523,CCC1=CC=CC=N1
7525,CCN1CCOCC1
7528,CC1(OCC(O1)CO)C
7530,CC1=CC(=CC=C1)OC
7531,CC(C)(CC1=CC=CC=C1)O
7533,C1CCC(CC1)NS(=O)(=O)O
7557,CC(=CC1=CC=CC=C1)C=O
7559,COC(=O)CC1=CC=CC=C1
7562,C1COC(O1)CC2=CC=CC=C2
7580,C1=CC=C(C=C1)CC2=CC=CC=C2
7581,C1=CC=C(C=C1)CC2=CC=CC=N2
7583,C1=CC=C(C=C1)OC2=CC=CC=C2
7584,CCCCCC(=CC1=CC=CC=C1)CO
7585,CCCCCCC(=CC1=CC=CC=C1)C=O
7590,CCOC(=O)CC1=CC=CC=C1
7592,CC(=O)CC(=O)NC1=CC=CC=C1
7593,C1=CC=C(C=C1)CC(=O)CC2=CC=CC=C2
7599,COC1=CC=C(C=C1)COC(=O)CC2=CC=CC=C2
7600,CC(C)CCOC(=O)CC1=CC=CC=C1
7601,C1=CC=C(C=C1)CCOC(=O)CC2=CC=CC=C2
7602,CCC1=CC(=CC(=C1)CC)CC
7614,CC(C)CC(CC=C(C)C)OCC=O
7616,CCCN(CCC)CCC
7622,CCCCN(CCCC)CCCC
7628,B(O)(O)O
7632,CC(C)(CCC1=CC=CC=C1)O
7633,CC(=O)OC(C)(C)CCC1=CC=CC=C1
7635,CCCCC(CC)COC(=O)C
7638,C1=CC=C(C=C1)COC2=CC=C(C=C2)O
7641,CCCCC(CC)COC(=O)CCCCC(=O)OCC(CC)CCCC
7643,COC(=O)CCC1=CC=CC=C1
7644,COC(=O)C=CC1=CC=CC=C1
7646,CC(C)C(=O)OCC1=CC=CC=C1
7649,CCOC(=O)C=CC1=CC=CC=C1
7650,CCCC(=O)OCC1=CC=CC=C1
7651,CC(C)CC(=O)OCC1=CC=CC=C1
7652,C1=CC=C(C=C1)COC(=O)C=CC2=CC=CC=C2
7654,CC(=O)OCCC1=CC=CC=C1
7655,CC(C)C(=O)OCCC1=CC=CC=C1
7657,C1=CC=C(C=C1)COCC2=CC=CC=C2
7658,CCCC(=O)OCCC1=CC=CC=C1
7659,C1=CC=C(C=C1)CCOC(=O)C=CC2=CC=CC=C2
7660,CC(=O)OCC=CC1=CC=CC=C1
7661,CCC(=O)OCC=CC1=CC=CC=C1
7662,CC(C)C(=O)OCCCC1=CC=CC=C1
7663,CC(C)C(=O)OCC=CC1=CC=CC=C1
7664,CCCC(=O)OCC=CC1=CC=CC=C1
7667,C1=CC=C(C=C1)C=CBr
7668,CCCC1=CC=CC=C1
7669,CNCC1=CC=CC=C1
7670,CCNC1=CC=CC=C1
7671,C1=CC=C(C=C1)NC=O
7672,C1=CC=C(C=C1)N=C=O
7674,CCOC1=CC=CC=C1
7678,CC(=O)CC1=CC=CC=C1
7681,CN(C)CC1=CC=CC=C1
7685,CC1=CC=C(C=C1)OC(=O)C(C)C
7687,CC(C)C1=CC=C(C=C1)C(C)CC=O
7695,CC(=O)OCC1=CC=C(C=C1)OC
7699,CCCCNC1=CC=C(C=C1)C(=O)OCCOCCOCCOCCOCCOCCOCCOCCOCCOC
7702,CCCC1=CC=C(C=C1)OC
7703,CC=CC1=CC=C(C=C1)OC
7704,CCCCC1CCC(=O)O1
7705,CCCCC1=CC=CC=C1
7707,C1=CC=C(C=C1)CCC=O
7708,C1=CC=C(C=C1)COC=O
7710,CCCCCC1CCC(=O)O1
7711,C1=CC=C(C=C1)CCOC=O
7712,C1=CC=C(C=C1)C=CCOC=O
7714,CCCCCCCC1CCC(=O)O1
7719,CCCCC(CC)CN
7720,CCCCC(CC)CO
7725,CC1=CC=C(C=C1)C=O
7728,CCC1=CN=C(C=C1)C
7731,CC1=CC=C(C=C1)OC
7733,CC(C)COC(=O)CCC1=CC=CO1
7734,CCC1=CC=C(C=C1)CC
7738,COC1=CC=C(C=C1)CO
7742,CCCC1CCC(=O)O1
7745,CCCC(C)CO
7749,CCC(=O)OCC
7751,CCOC(=O)CCl
7755,CCC(C)CC(=O)O
7757,CC(=O)CC(=O)OC
7758,CCC(C)OC(=O)C
7761,CCOC(=O)CC(=O)OCC
7762,CCCC(=O)OCC
7765,CCOC(C)OCC
7766,CCOC(=O)OCC
7768,C1CCC(=O)NCC1
7770,CCCC(=O)OCCC
7771,CC1=CC(=C(C=C1)O)C
7772,CCC(=O)OCCC(C)C
7775,CCCCCC(=O)OCC(C)C
7778,CC(CCC=C(C)C)CCOC=O
7779,CC(=CCCC(=CCOC=O)C)C
7780,CC(=CCCC(=CCOC(=O)C)C)C
7781,CCC(=O)OCCC(C)CCCC(=C)C
7782,CCC(=O)OCC=C(C)CCC=C(C)C
7790,CCCOC(=O)CCCCC(=O)OCCC
7792,CC(C)CCCC(C)CCO
7793,C[C@@H](CCC=C(C)C)CCO
7794,CC(CCC=C(C)C)CC=O
7795,CCCC(=O)OCCC(C)C
7796,CCCC(=O)OCC=C(C)CCC=C(C)C
7797,CCCCCCC(=O)OCC
7798,CCCC(=O)OC(=O)CCC
7799,CCCCCCCC(=O)OCC
7800,CCCCCCCCCCCC(=O)OCC
7802,CCCCC(=O)CC
7803,CCCOC(=O)CC
7809,CC1=CC=C(C=C1)C
7813,CC1=CC=C(C=C1)N
7819,CC(C)COC(=O)C=C
7820,COC(=O)CCC(=O)OC
7822,CCC(C)CC(=O)CC
7823,C(CCO)CC(CO)O
7824,CCCCCC(=O)OC
7826,CCCCCCC(=O)OC
7829,COC(=O)CCCCCCCCC(=O)OC
7834,CCC1CO1
7843,CCCC
7844,CCC=C
7845,C=CC=C
7847,C=CC=O
7848,CCCS
7852,CCCN
7855,C=CC#N
7858,C=CCO
7859,C#CCO
7860,C(=O)C=O
7865,COC=O
7870,CC(CC(C)(C)O)O
7888,CC(CCCC(C)(C)O)CC=O
7892,CCCC(C)C
7894,CC(C)CCN
7895,CCCC(=O)C
7896,CC(CCO)O
7900,CC(COC)O
7902,CN(C)CCO
7904,CC(=O)OC=C
7907,CC(C)CC(C)C
7908,CC(C)CC(C)N
7909,CC(C)CC(=O)C
7910,CC(C)CC(C)O
7912,CC(C)NC(C)C
7914,CC(C)OC(C)C
7915,CC(C)OC(=O)C
7916,CC(=C)OC(=O)C
7921,CC1CCC(=O)O1
7924,CC1COC(=O)O1
7929,CC1=CC(=CC=C1)C
7934,CC1=CC(=CC=C1)N
7936,CC1=CC(=NC=C1)C
7937,CC1=NC(=CC=C1)C
7938,CC1=CN=CC(=N1)C
7942,CC(=O)OC1=CC(=CC=C1)OC(=O)C
7943,COC(=O)CC(=O)OC
7945,CCOC(=O)CC(C)C
7947,CC1=CC(=CC(=C1)C)C
7948,CC1=CC(=CC(=C1)O)C
7949,CC1=CC(=CC(=C1)N)C
7953,CC1=CC(=NC(=C1)C)C
7957,CC(C)CC(CC(C)C)O
7958,CC(C)CC(=O)CC(C)C
7959,CC(C)CC(C)OC(=O)C
7961,C1=CC=C(C=C1)Br
7962,CC1CCCCC1
7963,CC1=CC=NC=C1
7964,C1=CC=C(C=C1)Cl
7965,C1CCC(CC1)N
7966,C1CCC(CC1)O
7967,C1CCC(=O)CC1
7968,C1=COC=CC1=O
7969,C1=CC=C(C=C1)S
7970,CC1=CN=CC=C1
7974,CC1CCCCN1
7975,CC1=CC=CC=N1
7976,CC1=NC=CN=C1
7981,CCCCOC(=O)CC(C)C
7983,CCCCOC(=O)CCC
7984,C1CCCCCCCC(=O)OCCCCCCC1
7986,CCCCOC(=O)CCCCCCCCC(=O)OCCCC
7989,CC(=O)CCC=C
7991,CCCCC(=O)O
7993,CN(C)CCCN
7996,CC(C)OCCO
7997,CCCOC(=O)C
8003,CCCCC
8004,CCCC=C
8007,CCCCN
8012,CCCCS
8013,C(CS)CS
8014,CNCCN
8019,COCCO
8020,COCOC
8021,CCNCC
8023,CCOC=C
8025,CCOC=O
8026,CCON=O
8027,C1=CNC=C1
8028,C1CCOC1
8029,C1=COC=C1
8030,C1=CSC=C1
8034,CC(C)CCC(=O)C
8035,CC(=O)CCC(=O)C
8037,CN(C)CCN(C)C
8038,CC(C)COC(=O)C
8042,CCCCCCCCCCCCCC(=O)OC(C)C
8047,CCCCCCCCCCCCCC(=O)OCCCC
8048,CCCCCCCCCC(=O)OCC
8049,CCOC(=O)CCCCCCCCC(=O)OCC
8050,CCCCCCCCCC(=O)OC
8051,CCCCCC(=O)C
8052,CC(C)CCOC=O
8053,CC(C)CCON=O
8054,CC(=O)OCCOC
8058,CCCCCC
8060,CCCCCN
8063,CCCCC=O
8064,C(CCO)CO
8067,CCCCCS
8068,CCCCNC
8070,CNCCNC
8071,COCCOC
8073,CCCOC=O
8075,CCSCCO
8076,CCOCCO
8077,CCSSCC
8078,C1CCCCC1
8079,C1CCC=CC1
8082,C1CCNCC1
8083,C1COCCN1
8084,CN(C)CCCN(C)C
8085,CC(C)CNCC(C)C
8090,CCCCCCCCCCCCCCCC(=O)OCCCC
8091,CCCCCCCC(=O)OC
8092,CCCCCC#CC(=O)OC
8093,CCCCCCC(=O)C
8094,CCCCCCC(=O)O
8095,CCOCCOC(=O)C
8102,CCCCCCN
8103,CCCCCCO
8104,CC=CC=CCO
8105,C(CCO)CCO
8106,CCCCCCS
8109,CCOCCCO
8110,CCCCN=C=O
8114,CCCOCCC
8116,C=CCOCCO
8117,C(COCCO)O
8118,CCCSCCC
8121,CC(=O)OCCOC(=O)C
8122,CCCCCCCCCCCCCCCCCC(=O)OCC
8125,CCCCCCC=C
8127,CCCCCCCN
8129,CCCCCCCO
8130,CCCCCCC=O
8133,CCCCOCCO
8134,COCCOCCO
8136,CCCCCCC=CC(=O)OC
8137,CCCCCCC#CC(=O)OC
8138,COC(=O)CCCCCCCCC=C
8139,CCCCCCCCCCCC(=O)OC
8141,CCCCCCCCC
8143,CCCCCCCCN
8144,CCCCCCCCS
8146,CCOCCOCCO
8148,CCCCNCCCC
8150,COCCOCCOC
8158,CCCCCCCCC(=O)O
8159,CCCCCCCOC(=O)C
8160,CCCCOCCOC(=O)C
8163,CCCCCCCCCC(=O)C
8164,CCCCCCCCOC(=O)C
8167,CCCCCCCCCCOC(=O)C
8169,CCCCCCCOC=O
8172,C(COCCOCCO)O
8174,CCCCCCCCCCO
8175,CCCCCCCCCC=O
8176,CCCCCCCCOC=O
8180,CCCCCCCCCCC(=O)O
8181,CCCCCCCCCCCCCCCC(=O)OC
8182,CCCCCCCCCCCC
8183,CCCCCCCCCCC=C
8184,CCCCCCCCCCCO
8185,C=CCCCCCCCCCO
8186,CCCCCCCCCCC=O
8187,C=CCCCCCCCCC=O
8191,CCCCCSSCCCCC
8193,CCCCCCCCCCCCO
8194,CCCCCCCCCCCC=O
8195,CCCCCCCCCCCCS
8198,CCCCCCOCCCCCC
8201,CCCCCCCCCCCCCCCCCC(=O)OC
8203,CCCCCC=CCC=CCCCCCCCC(=O)OC
8205,CCCCCCCCCCCCOC(=O)C
8207,CCCCCCCCCCCCCO
8209,CCCCCCCCCCCCCCO
8221,CCCCCCCCCCCCCCCCCCO
8222,CCCCCCCCCCCCCCCCCCCC
8228,CN(C)CCCN1C2=CC=CC=C2CCC3=CC=CC=C31.Cl
8246,CN(C)C(=O)OC1=CC=CC(=C1)[N+](C)(C)C.[Br-]
8252,CC=C
8255,CC(=C)C
8257,CC(C)(C=C)O
8283,CC(=CCCC1(C2CC3C1(C3C2)C)C)CO
8294,CC(=CCCC(C)(C=C)OC(=O)C)C
8298,CC1CC(CC(C1)(C)C)O
8299,CC(=O)CO
8307,CC[N+](C)(C)C1=CC(=CC=C1)O.[Cl-]
8314,CCC(C)C(=O)O
8347,CC1CC(C=C(C2C1CC(=C(C)C)C2)C)OC(=O)C
8361,C1=CC=C(C=C1)OC(=O)C2=CC=CC=C2O
8362,CC1CC(CC(C1)(C)C)OC(=O)C2=CC=CC=C2O
8363,C1=CC=C(C=C1)COC(=O)C2=CC=CC=C2O
8364,CCCCC(CC)COC(=O)C1=CC=CC=C1O
8365,CCOC(=O)C1=CC=CC=C1O
8369,CC1=C(C(=O)C=CO1)O
8375,CC(=O)C1=CC=CC=C1O
8391,CC1=CC(=C(C=C1)O)[N+](=O)[O-]
8400,C1=CC=C(C=C1)C(C(=O)C2=CC=CC=C2)O
8405,C1=CC=C2C=NC=CC2=C1
8418,C1=CC=C2C=C3C=CC=CC3=CC2=C1
8419,COC1=C(C=C(C=C1)C=O)OC
8421,COC1=C(C=C(C=C1)CCN)OC
8432,CCC(=O)OC(C)C1=CC=CC=C1
8438,C1OC2=C(O1)C=C(C=C2)C=O
8439,CC=CC1=CC2=C(C=C1)OCO2
8446,CC1=NC2=CC=CC=C2S1
8452,C1CCC(=O)C1
8454,CN1CCCC1
8456,CC(C)(C)C1=C(C=CC(=C1)OC)O
8461,CC1=C(C=C(C=C1)[N+](=O)[O-])[N+](=O)[O-]
8467,CCOC1=C(C=CC(=C1)C=O)O
8468,COC1=C(C=CC(=C1)C(=O)O)O
8469,CCOC(=O)C1C(O1)C2=CC=CC=C2
8471,CCN(CC)CC
8473,C1C2C=CC1C=C2
8478,CC(C)(C)CC(C)(C)C1=CC=C(C=C1)OCCOCC[N+](C)(C)CC2=CC=CC=C2.[Cl-]
8480,C1=CC(=CC=C1NC(=O)N)[As](=O)(O)O
8487,CC(=O)C1=CC(=CC=C1)O
8488,CC1=CC(=CC=C1)N(C)C
8499,COC1=CC=C(C=C1)C(=O)OC
8500,CC1=CC=C(C=C1)C(=O)C
8505,C1=CC=C2C(=C1)C(=O)OC23C4=CC(=C(C=C4OC5=C(C(=C(C=C35)Br)[O-])[Hg])[O-])Br.O.[Na+].[Na+]
8520,CCN1CCCC(C1)OC(=O)C(C2=CC=CC=C2)C3=CC=CC=C3.Cl
8530,C1=CC=C2C(=O)C=CC(=O)C2=C1
8554,COC(=O)C1=CC=CC=C1C(=O)OC
8567,CNC[C@@H]([C@H]([C@@H]([C@@H](CO)O)O)O)O
8569,COC1=CC(=C(C=C1)C(=O)C2=CC=CC=C2O)O
8615,C1=CC=C(C=C1)CCOC(=O)C2=CC=CC=C2N
8633,CC1CCC(C(C1)OC(=O)C2=CC=CC=C2N)C(C)C
8635,COC(=O)C1=CC=CC=C1N
8640,C1=CC=C2C(=C1)C=CC=C2N
8655,COC1=CC(=CC(=C1O)OC)C=O
8657,CCC1=CC=CC=C1CC
8658,COC1=CC=CC=C1C=O
8663,C1=CC=C2C=C(C=CC2=C1)O
8667,CN(C)CCN(CC1=CC=CS1)C2=CC=CC=N2.Cl
8691,C1=CC=C(C=C1)N=NC2=C(N=C(C=C2)N)N.Cl
8695,CCCCNC1=CC=C(C=C1)C(=O)OCCN(C)C.Cl
8697,CCCCC(CC)C(=O)O
8698,CCCCOC(=O)C1=CC=CC=C1
8710,CCCCCCCC1CCCC1=O
8712,CC1=CC=CC=C1S
8723,CCC(C)CO
8724,CCC(=O)[O-].[Na+]
8732,CCCC1=NC=C(C(=N1)N)C[N+]2=CC=CC=C2C.Cl.[Cl-]
8738,CCCCOC(=O)C(C)O
8748,CC(=C)C1CCC(CC1)(C)O
8763,CCC(=O)OCC(COC(=O)CC)OC(=O)CC
8767,CC(CCC=C(C)C)CCOC(=O)CC1=CC=CC=C1
8768,C1=CC(=C(C=C1C=O)O)O
8784,C1=CC=C(C=C1)C=CC(=O)O
8785,CC(=O)OCC1=CC=CC=C1
8786,C1=CC=C(C=C1)COC(=O)CCl
8791,CCCCCCCCCCCC(=O)OCC1=CC=CC=C1
8792,CC(C)CC(=O)OCCC1=CC=CC=C1
8794,C1=CC=C(C=C1)CC#N
8797,CC1=CC=C(C=C1)OC(=O)C
8813,C1=CC(=CC=C1C(=N)N)OCCCCCOC2=CC=C(C=C2)C(=N)N.C(CS(=O)(=O)O)O.C(CS(=O)(=O)O)O
8815,COC1=CC=C(C=C1)CC=C
8821,CCOC(=O)C=C
8830,CCCCOC(=O)CCC(=O)OCCCC
8831,CC(C)COC(=O)CCCCC(=O)OCC(C)C
8833,CC(CCCC(=C)C)CCOC(=O)C
8834,CCC(=O)OCCC(C)CCC=C(C)C
8835,CCCC(=O)OCCC(C)CCC=C(C)C
8842,CC(CCC=C(C)C)CCO
8843,CC(=CCCC(=CC=O)C)C
8844,CCOC(=O)CCCCC(=O)OCC
8846,CCCCOC(=O)C=C
8857,CCOC(=O)C
8858,CC(=CC(=O)C)C
8863,CC(CCCC(C)(C)O)CC(OC)OC
8864,CCC1=CC(=CC=C1)CC
8868,CCOC(=O)CC(=O)C
8870,C1=CC=C(C=C1)N.Cl
8871,C1=CC(=O)NC=C1
8878,CCCCCCC(=O)OCC=C
8888,CC(=CCCC(=CCCC(C)(C=C)O)C)C
8892,CCCCCC(=O)O
8900,CCCCCCC
8901,CC=CC=CC=O
8902,CCCNCCC
8907,CCCCCCCCCCCCCCCC(=O)OC(C)C
8908,CCCCCCOC(=O)C
8909,CCCCOCCCC
8914,CCCCCCCCCO
8916,CCCCCCCCCCN
8918,CCCCCCCCCOC(=O)C
8920,CCCCCCNCCCCCC
8955,CC(=O)[C@H]1CC[C@@H]2[C@@]1(CC[C@H]3[C@H]2CC=C4[C@@]3(CC[C@@H](C4)O)C)C
8980,CN(C)CCOC(C1=CC=CC=C1)C2=CC=CC=C2.Cl
8988,C1C[C@@H](NC1)C(=O)O
8991,COC1=CC=CC(=C1O)C=O
9005,COC(OC)OC
9007,COC1=CC=CC(=C1)O
9012,C1=CC=C(C=C1)CSSCC2=CC=CC=C2
9013,CCOC1=CC=C(C=C1)NC(=O)N
9015,COC1=CC=C(C=C1)O
9016,COC1=CC=C(C=C1)OC
9017,CC(CCC=C(C)C)CCOC(=O)C
9020,C(CC(=O)[O-])C(=O)[O-].[Na+].[Na+]
9024,CC(=O)OC(C)(C)CC1=CC=CC=C1
9025,COC1=CC(=CC=C1)OC
9026,CCCCCCC(CC=CCCCCCCCC(=O)OCCCC)O
9027,CCC(C)CCC(C)(CC)O
9051,CC(=O)[C@H]1CC[C@@H]2[C@@]1(CC[C@@H]3[C@H]2C=CC4=CC(=O)CC[C@@]34C)C
9066,CN(C)CCN(CC1=CC=CC=C1)C2=CC=CC=N2.Cl
9075,C1=CC=C(C=C1)CCN.Cl
9082,C(CS)N.Cl
9229,C1OC2=CC=CC=C2O1
9231,C1=CC=C2C=CC=C2C=C1
9245,C1CCC2CC2C1
9256,C1=CSC=N1
9258,C1SCSS1
9261,C1=CN=CC=N1
9266,C1CCCCCCC1
9270,CC(=O)O[C@H]1CC[C@@H]2[C@H]3CC[C@]4([C@H]([C@@H]3CCC2=C1)CC[C@]4(C#C)OC(=O)C)C
9279,CC(C)[N+](C)(CCOC(=O)C1C2=CC=CC=C2OC3=CC=CC=C13)C(C)C.[Br-]
9309,C=CCC1=CC=CC=C1
9324,CC(=O)[C@]1(CC[C@@H]2[C@@]1(CC[C@H]3[C@H]2C=C(C4=CC(=O)CC[C@]34C)Cl)C)OC(=O)C
9363,CCN(CC)C(=O)C1=CC(=C(C=C1)O)OC
9367,CC(C)NNC(=O)C1=CC=NC=C1.OP(=O)(O)O
9373,CN(CC#C)CC1=CC=CC=C1.Cl
9399,C[N+]1(CCOC(C1)(C2=CC=C(C=C2)C3=CC=C(C=C3)C4(C[N+](CCO4)(C)C)O)O)C.[Br-].[Br-]
9433,CN1C2=C(C(=O)N(C1=O)C)NC=N2.CN1C2=C(C(=O)N(C1=O)C)NC=N2.C(CN)N
9458,CC(=O)OC1=C(C=CC(=C1)C(F)(F)F)C(=O)O
9473,CC(=O)OCC1=CC2=C(C=C1)OCO2
9532,C(CCN)CN.Cl.Cl
9568,CC1=CC=CC=C1C(C2=CC=CC=C2)OCCN(C)C.Cl
9589,CC(=O)C1=CN=CC=C1
9609,CCSCC
9642,CC(=O)OCC(=O)[C@@]12[C@@H](C[C@@H]3[C@@]1(C[C@@H]([C@]4([C@H]3C[C@@H](C5=CC(=O)C=C[C@@]54C)F)F)O)C)OC(O2)(C)C
9703,CC(C)NC(=O)C1=CC=C(C=C1)CNNC.Cl
9782,C[C@H]1C[C@H]2[C@@H]3CCC4=CC(=O)C=C[C@@]4([C@]3([C@H](C[C@@]2([C@]1(C(=O)CO)O)C)O)F)C
9862,CC(=CCCC(=O)C)C
9865,C1CS1
9878,C[C@H]1C[C@H]2[C@@H]3CC[C@@]([C@]3(C[C@@H]([C@@]2([C@@]4(C1=CC(=O)C=C4)C)F)O)C)(C(=O)C)O
9895,CC1=C(C(CCC1)(C)C)C=O
9903,C[C@H](CCC(=O)O)[C@H]1CC[C@@H]2[C@@]1(CC[C@H]3[C@H]2CC[C@H]4[C@@]3(CC[C@H](C4)O)C)C
9904,C[C@]12CC[C@H]3[C@H]([C@@H]1CC[C@@H]2O)CCC4=CC(=O)CC[C@H]34
9918,CNCCC=C1C2=CC=CC=C2C=CC3=CC=CC=C31
9984,COC1=C(C=CC(=C1)C=CC=O)O
9989,CC(=CCCC(=CC(=O)O)C)C
10015,CCCCCCC(=O)CCCCCC
10024,CCOCOCC
10041,CC(C)(C)C
10045,CC(C(C)(C)C)O
10050,C[C@]12CCC(C1(C)C)CC2=O
10102,C[C@@]12CCC[C@]3(C1)C=CC([C@@H]3CC2)(C)C
10106,CC(C)C12CCC(O1)(CC2)C
10108,CC1=CC(CC(=O)C1)(C)C
10123,CC1=CCCC2(C1CC(CC2)C(=C)C)C
10133,C[C@H](CCC(=O)O)[C@H]1CC[C@@H]2[C@@]1(CC[C@H]3[C@H]2[C@@H](C[C@H]4[C@@]3(CC[C@H](C4)O)C)O)C
10223,CC1=CC2C(CCC(=C2CC1)C)C(C)C
10224,CC1CCC(C2=C1C=CC(=C2)C)C(C)C
10225,CC1=CC2=C(C=CC(=C2C=C1)C)C(C)C
10228,CC(=CCC1=C(C=CC2=C1OC(=O)C=C2)OC)C
10231,COC1=C(C2=C(C=C1CC=C)OCO2)OC
10248,COC1=CC(=CC(=C1OC)OC)CC=C
10261,CCC=CCC1=C(CCC1=O)C
10263,CC1=C(C(=C(C=C1)C)C)C
10282,CC1=CC(C(CC1)C(C)C)O
10285,CC1=CC=NC2=CC=CC=C12
10296,CC(C1=CC=CC=C1)C(=O)O
10315,CCCC(=O)C1=CC=CC=C1
10322,C1OC2=C(O1)C=C(C=C2)CO
10329,C1COC2=CC=CC=C21
10335,CC1=CC(=C(C=C1C)O)C
10336,CC=C(C)C=O
10341,C1C=CC(=O)O1
10351,C1=COC=C1C=O
10353,CC1CCC(CC1)C(C)(C)O
10354,CC1=CC(CCC1)C(=C)C
10362,CC1CCC(CC1=O)C(C)C
10364,CC1=C(C=C(C=C1)C(C)C)O
10371,C1=CC(=CN=C1)C=O
10393,C1=CC(=CC=C1CCO)O
10396,CCCCCCCCCCCCCCC1CCC(=O)O1
10400,C1CCCC(=O)CC1
10402,CC(CCC=C(C)C)CC(=O)O
10405,CCCCC(=O)CCCC
10407,CC(=CCCC(=CCCC(=C)C=C)C)C
10408,CC(C)CCCC(C)CCCC(C)CCCC(=O)C
10409,C1CCCCCCCC(=O)CCCCCC1
10428,CC1(CCOC(=O)C1)O
10430,CC(C)CC(=O)O
10441,CCCCCCCCCC(=O)CCCCCCCCC
10442,C(CO)CO
10448,CSCCCO
10451,C1CSCSC1
10452,C1CSCCS1
10453,CC(C)CCCC(C)CCCC(C)CCCC(C)(C=C)O
10457,C(CCCC(=O)O)CCC(=O)O
10460,CCCC=CC=O
10461,C(CCl)SCCCl
10465,CCCCCCCCCCCCCCCCC(=O)O
10473,CNC.Cl
10484,CC(=O)S
10534,CC(=CCCC1(C2CCC(C2)C1=C)C)C
10545,CC(C)C12CCC(C=C1)(OO2)C
10550,CC1C2CC2(CC1O)C(C)C
10558,CC(C)CS
10560,CCC(C)S
10566,CC(=C)C(=C)C
10569,CC(C)C1=CC2=CC[C@@H]3[C@@]([C@H]2CC1)(CCC[C@@]3(C)C(=O)O)C
10582,CC1(C2CC=C(C1C2)CO)C
10583,CC(=C)C1CCC(C(C1)C(=C)C)(C)C=C
10586,CC1=CCC(CC1)C(C)(CCC=C(C)C)O
10600,CCC1=C(NC=C1C)C
10607,COC1=CC(=CC(=C1OC)OC)[C@H]2[C@@H]3[C@H](COC3=O)[C@H](C4=CC5=C(C=C24)OCO5)O
10621,C[C@H]1[C@@H]([C@H]([C@H]([C@@H](O1)OC[C@@H]2[C@H]([C@@H]([C@H]([C@@H](O2)OC3=CC(=C4C(=O)C[C@H](OC4=C3)C5=CC(=C(C=C5)OC)O)O)O)O)O)O)O)O
10648,C1CC(C2=CC=CC=C2C1)C3=NCCN3.Cl
10649,CC1=[N+](C2=CC=CC=C2C(=C1)N)CCCCCCCCCC[N+]3=C(C=C(C4=CC=CC=C43)N)C.[Cl-].[Cl-]
10657,CC1=CC[C@@H]2[C@@H](C1)[C@@H](CC=C2C)C(C)C
10659,COC1=C2C(=C(C(=C1)CC=C)OC)OCO2
10660,CN1C2=C(C(=O)N(C1=O)C)NC(=N2)Cl.CN(C)CCOC(C1=CC=CC=C1)C2=CC=CC=C2
10686,CC1=C(C(=CC=C1)C)C
10687,CC1=C(C(=CC=C1)O)C
10698,CC1=CC(=C(C(=C1)C)O)C
10703,CC1=CC=CC=C1C(C)C
10720,CC1=C(C2CCC1C2)C
10722,CC1=CC=CC=C1C=O
10741,COC1=CC(=CC(=C1O)OC)CO
10742,COC1=CC(=CC(=C1O)OC)C(=O)O
10743,COC1=CC(=CC(=C1O)OC)C=CC(=O)O
10745,CC(=O)OC1=CC=CC=C1C(=O)OC2=CC=CC=C2C(=O)O
10748,COC1=CC2=C(C=C1)C=CC(=O)O2
10766,CCC(C)(CN(C)C)OC(=O)C1=CC=CC=C1.Cl
10778,CC1=CC=CC=C1OC(=O)C
10795,CC(OC)OC
10797,CC1=CC=CO1
10817,CC1=CC=C(C=C1)C(C)O
10819,CC(=C)C1CCC(=CC1)CO
10820,CC(C)C1=CC=C(C=C1)C(=O)O
10821,C#CC1=CC=CC=C1
10822,CCC1=CC=NC=C1
10823,CCC1=CN=CC=C1
10830,C1CCN(CC1)CC(COC(=O)NC2=CC=CC=C2)OC(=O)NC3=CC=CC=C3.Cl
10861,CCCCOC(=O)C=CC1=CC=CC=C1
10864,CCCCCC1=CC=CC=C1
10869,COCC1=CC=CC=C1
10873,CCOCC1=CC=CC=C1
10874,CCCCC1=CN=CC=C1
10882,CCCCC(=O)OCC
10883,CCOC(=O)CCC(=O)C
10885,CCCC(=O)OCC(C)C
10886,CCCCCC(=O)OCCCCC
10890,CCCCCOC(=O)CCC
10895,CCC(=O)OCC(C)C
10900,C(=CCl)Cl
10902,C(CS)S
10907,CC(C)CC(C)(C)C
10908,CC(=O)OC(C)(C)C
10921,C[N+](C)(C)CCCCCCCCCC[N+](C)(C)C.[Br-].[Br-]
10922,CC(C)CCN.Cl
10925,CC(C)CCS
10927,CCCC(=O)N
10931,CC(=CC(=O)O)C
10934,CC1=CSC(=N1)C
10947,CC1CCCCCCCCCCCCC(=O)C1
10953,C1CCOC(=O)C1
10954,C1CCCC=CCCCCCCCC(=O)CCC1
10957,CC(C)COC=O
10966,CCN=C=S
10969,CC(CCCC(C)(C)O)N.Cl
10975,CC(C)(CCCC(=C)C=C)O
10976,CCCCCC(C)O
10982,CC(C)CCCC(C)N
10985,CC(C)CCO[N+](=O)[O-]
10989,CC(C)CCOCCC(C)C
10993,CCC=CCCO
11000,C1C=CC=CC=C1
11002,CCCCSCCCC
11005,CCCCCCCCCCCCCC(=O)O
11006,CCCCCCCCCCCCCCCC
11027,CC1C2CC2(CC1=O)C(C)C
11038,CC1C2CC(C2(C)C)CC1=O
11039,CC(C)C(=O)OC
11065,CN(C)CCC=C1C2=CC=CC=C2CCC3=CC=CC=C31.Cl
11078,CCCOC1=C(C=CC(=C1)N)C(=O)OCCN(CC)CC.Cl
11079,C1CN=C(N1)CC2=CC=CC3=CC=CC=C32.Cl
11083,CC1=C(C(=O)CC1O)CC=C
11086,CC(=O)C1=CC=CC=C1N
11092,CC(=O)C1=C(C=C(C=C1)OC)O
11102,CCCCCCCCCCCCCCCC[N+](C)(C)CCN(CC1=CC=C(C=C1)OC)C2=NC=CC=N2.[Br-]
11122,CC1=CC(=O)C=CC1=O
11124,CCC(=O)OC
11126,CC1=CC=CS1
11129,CC1(C2C1CC(=C)CC2)C
11142,CC(C)C1CCC(=C)C=C1
11160,CC(C)CC(=O)OC
11167,CN=C=S
11168,CSC#N
11173,CC(=CCO)C
11176,CCCOC(=O)CC(C)C
11191,CCOCC=C
11194,C=CCOCC=C
11196,CCC=CCCC=CC=O
11224,CC(C1=CC=CC=C1)(C2=CC=CC=N2)OCCN(C)C.C(CC(=O)O)C(=O)O
11230,CC1=CCC(CC1)(C(C)C)O
11233,CCCC(C)(C)CC
11250,CC(=C(C)C)C
11251,CC(C)C(=O)C
11260,CCC(C)C(C)C
11261,CCC(C)C(C)O
11262,CCC(C)C(=O)C
11265,CCC(=O)C(C)C
11271,CC(C)C(=O)C(C)C
11273,C[C@]12CCC(=O)C(=C1CC[C@@H]3[C@@H]2CC[C@]4([C@H]3CCC4=O)C)O
11289,COC1=CC=C(C=C1)C(=C(C2=CC=C(C=C2)OC)Cl)C3=CC=C(C=C3)OC
11335,CC1=C(C(=CC=C1)C)O
11340,CC1=CC=CC=C1C(=O)C
11357,CCC1=CC=CC=C1N
11363,CC(=O)C(=O)C1=CC=CC=C1
11368,CC(COC1=CC=CC=C1)NC(C)C(C2=CC=C(C=C2)O)O.Cl
11369,CCC1=C(C(=CC=C1)CC)N
11370,COC1=CC=CC=C1C(=O)O
11387,CC1=CC2=C(C=C1)C=C(C=C2)C
11391,C1CN(CC2=CC=CC=C21)C(=N)N.C1CN(CC2=CC=CC=C21)C(=N)N.OS(=O)(=O)O
11398,CC(CN)C1=CC=CC=C1
11406,C=CCOC(=O)C1=CC=CC=C1
11409,CCCCOC(=O)C1=CC=CO1
11419,CC1CCCCC1=O
11428,CCC(CC)O
11449,CCCCCC(=O)C(=O)C
11450,CC(C)(C)C1=CC(=CC=C1)O
11455,CC1=CC(=CC=C1)C(=O)C
11460,CC(=O)C1=CC(=CC=C1)OC
11461,COC1=CC=CC(=C1)C(=O)O
11463,CC1=CCC(=C(C)C)CC1
11467,CC(=C1CCC(CC1)(C)O)C
11468,CC(C)C1=CCC(CC1)(C)O
11475,CCC1=CC(=CC=C1)N
11487,C1=CC=C(C=C1)NC2=CC=CC=C2
11502,C1=CC=C(C=C1)C=CC2=CC=CC=C2
11503,CNCCC1=CC=CC=C1
11504,CCC1=CC=C(C=C1)N
11505,CC1=CC=C(C=C1)CO
11507,CCCC(C)CC
11508,CCC(C)CCO
11509,CCCC(=O)CC
11512,CCCC(C)CCC
11513,CCCC(CCC)O
11514,CC(C)CC(=O)OCC(C)C
11515,CCCCC(CCC)O
11516,CCCCC(=O)CCC
11517,CCCCCCCC(=O)OCCCC
11519,CCCCC(C)CC
11520,CCCCC(CC)O
11524,CC1CCC(CC1)O
11525,CC1CCC(=O)CC1
11527,CCCCCC(CC)O
11529,CCCCOC(=O)CC
11542,CCCC(C)(C)C
11543,CCCC(C)(C)O
11548,CC(C[N+](C)(C)C)OC(=O)N.[Cl-]
11551,CCCCC(C)(C)C
11552,CC(C)CC=O
11558,CC1C=CC(=O)O1
11559,CC1=CCC(=O)O1
11566,CC1CCCC(C1)O
11567,CC1CCCC(=O)C1
11569,COC1=CC=CC(=C1)C=O
11574,CC1=CCCCC1
11576,CCCCOC(=O)CC(=O)C
11579,CC(=O)CCC(=O)O
11582,CCCCC(C)C
11583,CCCCC(=O)C
11584,CC(=O)OCC=C
11593,CC(=O)COC(=O)C
11594,CCCCCC(C)C
11597,CCCCC=C
11602,CCC=CC=C
11610,CCCCCC=C
11613,CCCCN=C=S
11614,CCCCOC=O
11617,C=CCSCC=C
11622,CCCCCCCCCCCC(=O)C
11635,CCCCCCCCCCCCCCCCCC
11641,C=CBr
11683,CC1=C[C@@H]2[C@H](CC[C@]3([C@H]2CC[C@@]3(C(=O)C)OC(=O)C)C)[C@@]4(C1=CC(=O)CC4)C
11693,C[N+]1(CCC(C1)OC(=O)C(C2CCCC2)(C3=CC=CC=C3)O)C.[Br-]
11716,CC(C=C)O
11723,CCN(C)C
11731,CC(C)C(C)N
11732,CC(C)C(C)O
11747,CCC(=O)C(=O)C
11748,CC(=O)C(=O)OC
11752,CC(C)C(C(C)C)O
11781,CN1C=CC2=CC=CC=C21
11807,CC(C)(CO)N
11833,CC1=CC(=O)OC2=CC=CC=C12
11838,CC(C)OC(=O)C1=CC=CC=C1O
11839,COC1=C(C=C(C=C1Br)Br)Br
11857,CCOC(=O)C(C)C(=O)OCC
11869,CC1=CC=CC=C1N(C)C
11902,COC(=O)C1=CC=CO1
11903,CCC1=CC=CC=C1C
11910,CC1=C2C(=CC=C1)C=CC=N2
11918,CC(C1=CC=CC=C1)C2=CC=CC=C2
11920,C1=CC=C(C(=C1)CO)C(=O)O
11927,CC1=CC2=C(C=CC=N2)C=C1
11950,CCOC1=CC=CC=C1C=O
11962,CC1=CC=C(C=C1)OC(=O)C2=CC=CC=C2
11978,CC1=CC2=C(C=C1)NC=C2
11980,CCOC(=O)C1=CC=CO1
11982,CCCOC(=O)C1=CC=CO1
11983,C1C(=O)CC2=CC=CC=C21
11989,CSC1=NC2=CC=CC=C2S1
12013,CCCCC(C(=O)O)Br
12019,CCC(CC)N
12020,CCC(C=C)O
12021,COC(=O)OC
12022,CCN(C)CC
12024,CC1=CSC=C1
12035,CC(=O)N[C@@H](CS)C(=O)O
12038,CCOC(=O)C1=CC(=C(C=C1)O)OC
12040,CCCC(C(C)C)O
12041,CCOC(=O)C(=O)C
12044,CC(C)C(=O)OC(C)C
12048,CCC(CC)CC
12049,CCC(CC)CN
12053,CC(C)(C1=CC=CC=C1)O
12059,CC(C)C1=CC(=CC=C1)O
12066,C1=C(C=C(C(=C1Cl)O)Cl)[N+](=O)[O-]
12072,CC1CCC(CC1O)C(=C)C
12097,CC1=CC=C(O1)C=O
12100,CCC1=CC=CC(=C1)C
12101,CCC1=CC(=CC=C1)O
12105,CC1=CC(=CC=C1)C=O
12127,COC1=C(C=C(C=C1)C=O)O
12142,C1=CC=C(C=C1)C=CCl
12146,CC(=O)OC1CCCCC1
12150,CCOC1=CC=C(C=C1)O
12153,CCCNC1=CC=CC=C1
12160,CCC1=CC=C(C=C1)C
12165,CC1=CC=C(C=C1)NC
12168,CC(=O)CC(=O)C1=CC=CO1
12170,CC(=O)OCC1=CC=CO1
12174,C1=COC(=C1)C=CC=O
12177,CCC=C(C)C=O
12178,CCCC(CC)O
12180,CCCC(=O)OC
12181,CC=CC(=O)OC
12184,CCOC(=O)CO
12185,CCOC(=O)CS
12187,CCC(=O)CC(C)C
12191,CCOC(=O)C=CC
12197,CCOS(=O)OCC
12198,CC(COC(=O)C)OC(=O)C
12201,CCOC(=O)C=CC(=O)OCC
12203,CCCCCCC(=O)CCC
12204,CCOC(=O)CCCCCCCC(=O)OCC
12206,CCCCC(=O)OC
12209,CCC(C)COC(=O)C
12210,CCC(=O)CCC(C)C
12216,CCCCCCC(CC)O
12217,CCCCCOC(=O)CC
12219,CCNC
12230,CCSC
12232,CSSC
12238,CCC(C)(C)OC(=O)C
12240,CCCCC(C)(C)O
12246,CCCC(C)N
12247,CC(CC=C)O
12248,CC=CC(=O)C
12249,CC(C)CNC
12251,COCC(=O)O
12257,CC(C)OC=O
12264,CC(C)SC(C)C
12265,CC1=CC=C(N1)C
12266,CC1=CC=C(O1)C
12277,CCC(C)NC(C)CC
12278,CCCC(C)OC(=O)C
12291,CN1CCCCC1
12293,CCCCCC(=O)OCCC
12294,CCCCCC(=O)OCCCC
12296,CC(C)CCCO
12297,CCCCC(C)O
12299,CCC=CC(=O)O
12315,CCCNC
12321,C=CSC=C
12327,CCCCCCCCCCC(=O)OCC
12329,COC(=O)CCCCC(=O)OC
12331,CC(C)CCCCO
12338,CCCCOC
12339,CCCCSC
12344,CC(C)CCCC(=O)O
12345,CC(=O)OCOC(=O)C
12348,CCCCCOC(=O)C
12366,CCCCCCCCCCCCCCCC(=O)OCC
12367,CCCCCCCC(C)O
12370,CCCCCCC#C
12377,CCCSSCCC
12385,C(CCCC#N)CCC#N
12386,CCCCSSCCCC
12388,CCCCCCCCCCCCC
12389,CCCCCCCCCCCCCC
12391,CCCCCCCCCCCCCCC
12392,CCCCCCCOCCCCCCC
12393,CCCCCCCCCCCCCCCCOC(=O)C
12395,CCCCCCCCCCCCCCC=C
12397,CCCCCCCCCCCCCCCO
12398,CCCCCCCCCCCCCCCCC
12401,CCCCCCCCCCCCCCCCCCC
12403,CCCCCCCCCCCCCCCCCCCCC
12405,CCCCCCCCCCCCCCCCCCCCCC
12406,CCCCCCCCCCCCCCCCCCCCCCCCC
12462,COC1=C(C(=CC=C1)OC)OC
12492,C[C@@H]1CCC[C@@H](N1NC(=O)C2=CC(=C(C=C2)Cl)S(=O)(=O)N)C
12497,CCC(=O)OC1=CC=CC=C1
12498,CC(C)N=C(N)N=C(N)NC1=CC=C(C=C1)Cl.Cl
12506,CC(=O)OCC1CCCO1
12507,COC1=CC=C(C=C1)C=C
12508,CCC(=O)OC(C)C
12514,CC1=CC=C(S1)C
12516,CCOC(=O)C=C(C)C
12518,CC1NC(SC(S1)C)C
12528,CCCCSCC
12529,CCCCCOC=O
12530,CCCCCCCCCCCCC(=O)O
12531,CCCCCCCCCCCCCCOC(=O)C
12533,CCCCCCCCCCCCCCCCCC=O
12534,CCCCCCCCCCCCCCCCCCCCCCC
12560,CC[C@@H]1[C@@]([C@@H]([C@H](C(=O)[C@@H](C[C@@]([C@@H]([C@H]([C@@H]([C@H](C(=O)O1)C)O[C@H]2C[C@@]([C@H]([C@@H](O2)C)O)(C)OC)C)O[C@H]3[C@@H]([C@H
12561,CC(C)C1=CC=CC=C1N
12566,CC1=CC=C(C=C1)C2=CC=CC=C2
12570,CCCC1=CC=CC=C1O
12571,CCCOC(=O)C(C)C
12578,CC(C)C1=CC=C(C=C1)C(=O)C
12580,CCCC1=CC=C(C=C1)O
12586,C1COCO1
12587,CC(C)CCC(=O)O
12588,CCCCCCCCCCCCCCCCCC(=O)OCC(C)C
12592,CCCCCCCCCCCCCCCCCCCCCCCC
12613,CC(C)CCOC(=O)CC(C)C
12658,CC=C(C)C=CC=C(C)C
12662,CC1=CC(=O)OC(=C1)C
12729,CCOC(=O)CCCCCCCCC=C
12732,CCCCC#C
12736,C(CCCCCC(=O)O)CCCCC(=O)O
12741,CCCCCCCCC(=O)C
12743,CCCCCOCCCCC
12748,CC1=CSC=N1
12756,CCC1CCC(=O)O1
12757,C=CC1CCCCC1
12777,CCCC1CCCC(=O)O1
12779,CSSCC1=CC=CC=C1
12780,CC(=O)CCC1=CC=CO1
12810,CCCCCC1CCCC(=O)O1
12813,CCCCCCC1CCC(=O)O1
12844,CCCCCCCC1CCCC(=O)O1
12947,CCN(CCCC(C)NC1=C2C=CC(=CC2=NC=C1)Cl)CCO.OS(=O)(=O)O
12986,CCCC(=C)C
12988,CC(=C)CCO
12990,CCC=CC(=O)C
12993,CCC=CC=O
12999,CCCCCCCCCCOC=C
13006,C1CCC(=O)C(=O)C1
13007,CCN1CCCCC1
13016,CSCC1=CC=CC=C1
13031,CC(=O)CC1=CCCCC1
13032,CC(C)NC1=CC=CC=C1
13047,C1=CC=C2C(=C1)C=CC=C2CCO
13109,CC[C@]12CC[C@H]3[C@H]([C@@H]1CC[C@]2(C#C)O)CCC4=CC(=O)CC[C@H]34
13143,CC(=C)C(=O)C
13163,CCOC(=O)CCCC(=O)OCC
13174,CCCC(=O)OC(C)CC
13181,C=CCCCO
13187,CCCCCCCC(=O)C
13190,CCCCCCCCCC=C
13204,CC1CCCC(=O)O1
13207,CC(=O)C1CCCCC1
13216,C1CCC2CC(CCC2C1)O
13221,CC1(C2CCC(C2)C1(C)NC)C.Cl
13233,CC1(SC(SC(S1)(C)C)(C)C)C
13242,CCCCCC=CC1=CC=CC=C1
13266,C1=CC=C(C=C1)CCN=C(N)N=C(N)N.Cl
13357,CCC(C)C(=O)OC
13367,C=CCS
13381,CCCCCCCCC=C
13382,CCCCCSCCCCC
13398,CC1CC(=O)CC(C1)(C)C
13420,C1CCCCCC(=O)CCCC1
13436,C1=CC=C(C=C1)SSC2=CC=CC=C2
13439,C1=CC=C(C=C1)C2=NC3=CC=CC=C3S2
13533,CCC(C)C(C)C(C)C
13534,CCCC(C)C(C)CC
13546,CC(=CC(=O)OC)C
13549,CCCOC(=O)CCC(=O)OCCC
13552,CC(=O)OCC(C)(C)C
13561,CCCCCC(=O)CCCCC
13563,CCCCN(C)C
13572,CC(C)CCCC(=O)C
13576,CCCCCCCC(=O)CC
13577,CCCC=CCO
13587,CC1=COC=C1
13594,C1CC=CC(=O)C1
13625,C1=CC=C2C(=C1)NC(=O)S2
13642,CCC1=CC=C(C=C1)C(=O)C
13654,CC(C)OC(=O)C1=CC=CC=C1
13663,CC(=O)C1=CC=CC2=CC=CC=C21
13669,CC(=O)C1=CC=C(C=C1)C(C)(C)C
13700,CCCCCCCCC1=CC=CC=C1O
13770,CN1CCC(=C2C3=CC=CC=C3C=CC4=CC=CC=C42)CC1.Cl
13789,C[C@]12CCC(=O)C=C1C=C[C@@H]3[C@@H]2CC[C@]4([C@H]3CC[C@@]45CCC(=O)O5)C
13791,CCCCC(=O)O[C@H]1CC[C@@H]2[C@@]1(CC[C@H]3[C@H]2CCC4=C3C=CC(=C4)O)C
13849,CCCCCCCCCCCCCCC(=O)O
13852,C1CC(=O)SC1
13854,C1=CNC(=C1)C=O
13855,CC1CCC(O1)C
13861,CCCCC1CCCO1
13887,C1=CC=C(C=C1)C2=CC=CC=N2
14042,C=CC(C(C=C)O)O
14071,CCCCCCCCCCCCCOC(=O)C
14079,CC(=O)C1=CC=CN1
14104,CC1=CC(=C(C=C1)C(C)C)OC
14109,CCCCCCC1=CC=CC=C1
14115,CCCCCCCC1=CC=CC=C1
14121,CC(=O)C=CC1=CC(=C(C=C1)O)OC
14219,CN(C)C(=N)N=C(N)N.Cl
14222,CC(C)CN(CC(C)C)CC(C)C
14228,CCCCCCCC(=O)OCCCCCC
14234,CC(C)CC(=O)OC(C=C)C(C)CC=C(C)C
14235,CC(=O)OC(C)(C)CCCC(=C)C=C
14242,COC(=O)CCCC(=O)OC
14243,CCCC=CC(=O)C
14254,CCCCCCCCC(C)O
14257,CCCCCCCCCCC
14260,CCCCCCCCCCCCC=C
14263,CC1CCC=C1
14265,CC1CCCC1=O
14270,CC1=C(C(=O)CC1)C
14273,C1=CC=NC(=C1)C=O
14282,CC(=O)C1=CC=NC=C1
14285,C1CCC(CC1)[N+](=O)[O-]
14286,CC(=O)C1=CC=CC=N1
14295,CC(CO)C1=CC=CC=C1
14296,CC1=C(N=C(C(=N1)C)C)C
14307,COC(=O)C1=CC=C(C=C1)Cl
14328,CC(=O)C1=CC(=C(C=C1)OC)OC
14350,CC1(CC2C1CCC3(C(O3)CCC2=C)C)C
14425,CCCCCCCCCCCCOC(=O)C1=CC(=C(C(=C1)O)O)O
14475,CCCCCC(C)C(=O)O
14489,CC(=CCOC(=O)C)C
14491,C(CCCS)CCS
14493,C(CCCCS)CCCS
14504,CN1C=CC=C1C=O
14505,CC(=O)C1=CC=CO1
14508,CC1=CC=C(N1)C=O
14511,CC1=CC(=O)CCC1
14514,CC1=CC=C(O1)C(=O)C
14519,CC1=CC(=C(C=C1)OC)O
14520,CC(=O)NC1CCSC1=O
14525,CC1(C2CCC(C2)(C1=O)C)C
14529,CC1=CC=C(C=C1)C(C)(C)O
14709,CC(=O)O[C@H]1CC[C@@]2([C@H]3CC[C@]4([C@H]([C@@H]3CC=C2C1)CCC4=O)C)C
14797,[OH-].[K+]
14798,[OH-].[Na+]
14860,COC1=CC2=C(C=C1)N=CC=C2
14862,CC(C)CCCCCCC=O
14878,CCCCCCCCCCCCCCCCCC(=O)OCC(C)O
14891,C=CCCCCCCCCC(=O)[O-]
14896,CC1(C2CCC(=C)C1C2)C
14900,CCCCCCCCCCCCCCCC(=O)OCC(CO)O
14918,COC(=O)C1=COC=C1
14925,C(C(CC(=O)O)C(=O)O)C(=O)O
14928,CCCCCCCCCCCCCCCCCC(=O)OCC([C@@H]1[C@H]([C@@H](CO1)O)O)O
14982,C[C@]12CC[C@](C[C@H]1C3=CC(=O)[C@@H]4[C@]5(CC[C@@H](C([C@@H]5CC[C@]4([C@@]3(CC2)C)C)(C)C)O[C@@H]6[C@@H]([C@H]([C@@H]([C@H](O6)C(=O)O)O)O)O[C@H]
15037,C1=CN(C=C1)CC2=CC=CO2
15068,CC1=CC(=C(C=C1)O)C(=O)C
15076,CCCCCCCCCCCCCCCCCO
15077,CCCCCCCCCS
15094,CC1=CC2C(CC1)C(=C)CCC2C(C)C
15095,CC1=CC2C(=C(CCCC2(C)C)C)CC1
15104,C(C(C(=O)O)N)[Se][Se]CC(C(=O)O)N
15144,C1CCNC(C1)CCO
15146,CC(CC(=O)OC)O
15165,CC(C12CC3CC(C1)CC(C3)C2)N.Cl
15172,CC(C=CC1=CC=CC=C1)O
15173,COC1=CC=CC=C1C=CC=O
15196,CC=CC=CCOC(=O)C
15209,C[C@]12CCC(=O)C=C1[C@H](C[C@@H]3[C@@H]2[C@H](C[C@]4([C@H]3C[C@@H]5[C@]4(OC(O5)(C)C)C(=O)CO)C)O)F
15229,CCCCCCCCCC(=O)CC
15265,CCCCCCCCCCCCCCCC(C)C
15268,CCCCCCCCCCCCC(C)C
15271,CCC(C)CCC(=O)O
15283,CCC(C)(C1=CC=CC=C1)O
15289,CC=CC(C)O
15290,C1CCC(CC1)S
15302,CCC(=O)COC(=O)C
15306,CCC=CCO
15307,CCCCC=CCC(=O)O
15336,CCCCCC1OCC(O1)C
15376,CC[C@@]12CCCN3[C@@H]1C4=C(CC3)C5=CC=CC=C5N4[C@](C2)(C(=O)OC)O
15380,CSCSC
15394,CCC(=O)C=C
15395,CCCC(=O)C=C
15406,CC1(C2CCC(C2)(C1O)C)C
15413,CC(C)(C)OC
15422,CCCCCCCS
15432,CCN(CC)C(=O)N1CCN(CC1)C.C(C(=O)O)C(CC(=O)O)(C(=O)O)O
15435,CC(=O)C1=CC2=CC=CC=C2O1
15443,C1CN(CCN1CCCC(=O)C2=CC=C(C=C2)F)C3=CC=CC=N3
15448,CCCCCCCCCC(C)O
15450,CC(C)CCCCCO
15461,CC1=CC(=C(C(=C1)C)C(=O)C)C
15475,CCCCC=CC(=O)C
15478,C[C@]12CC[C@@H](C[C@H]1CC[C@@H]3[C@@H]2C[C@H]([C@]4([C@@]3(CC[C@@H]4C5=CC(=O)OC5)O)C)O)O
15506,CCCCC1CCCCC1
15510,C1CCC(C1)S
15511,CCC(C)(C)S
15538,CC(=O)CC(=O)OC(C)(C)C
15570,C1C=CCO1
15571,CCCCCCC1OCC(O1)CO
15572,C1C(OC(O1)C2=CC=CC=C2)CO
15574,CCC=CCCOC(=O)C
15595,C1CCCCCC(CCCCC1)O
15600,CCCCCCCCCC
15605,CCCCCCCCCCCOC(=O)C
15606,CCCCCCCCC(=O)OC
15607,CCCCCCCCCCC(=O)OC
15608,CCCCCCCCCCCCC(=O)OC
15613,CC(C)OC(=O)C=C(C)C
15619,CC(C)C(OC)OC
15650,CC1CCC(=O)C1
15654,CC1=C(SC=N1)C=C
15711,CC1CCCS1
15717,C=CCOC(=O)CC1=CC=CC=C1
15723,C1CNCCC1C(C2=CC=CC=C2)(C3=CC=CC=C3)O
15734,CC1=C2C(=CC=C1)C=CC(=O)O2
15759,CCCC1=CC=CC=C1N
15816,C(CCCCC(=O)O)CCCCC(=O)O
15834,C=CCOC(=O)C=CC1=CC=CC=C1
15877,CCC(C)CS
15909,CC(=O)C=CC1=CC=CC=C1
15979,CC(C)CCCC(C)CCCC(C)CCCC(C)C
16021,CCC1(CCCCC1)O
16089,CCC1=CC=CC=C1Br
16215,CCCCCCCCCN
16224,CCCCCCCCN(C)C
16237,CCOC(=O)CCC1=CC=CC=C1
16255,CCCCCCCC(=O)OCCC(C)C
16259,C1=CC=C(C=C1)CCCN
16296,CCCCCOC(=O)C1=CC=CC=C1
16299,CCCCCOC(=O)C1=CC=CC=C1O
16315,C=CCSSSCC=C
16316,CCCCCNCCCCC
16324,CCCC(=O)OCC=C
16330,CCCCOC(=O)C1=CC=CC=C1O
16331,CCCCOC(=O)CCC(=O)C
16362,C1CN(CCC1N2C3=CC=CC=C3NC2=O)CCCC(C4=CC=C(C=C4)F)C5=CC=C(C=C5)F
16363,C1CN(CCC1N2C3=CC=CC=C3NC2=O)CCCC(=O)C4=CC=C(C=C4)F
16368,C(CCBr)CC(=O)O
16402,C(CCCN)CCN
16418,C=CCCC=O
16441,CC(=C)C1CCC(=CC1)C=O
16457,CC(CC1=CC=CC=C1)OC(=O)C
16490,C[C@@H]1C[C@H]2[C@@H]3C[C@@H](C4=CC(=O)C=C[C@@]4([C@]3([C@H](C[C@@]2([C@]1(C(=O)CO)O)C)O)F)C)F
16537,CC1=CCC(CC1)C(C)(C)OC=O
16582,CC(C)COC1=CC2=CC=CC=C2C=C1
16590,C=CCSSCC=C
16591,CCCSSCC=C
16592,CCCSSC
16607,CCCCCCCCC1=CC=CC=C1
16617,CCCCCC(=O)OCCC(C)C
16666,C[C@@H]1CC[C@H]([C@@H](C1)O)C(C)C
16668,COC1=CC=CC2=CC=CC=C21
16670,CCCCCCCOC(=O)CC
16678,CC1=C(C(=CC=C1)C(C)(C)C)O
16701,CC(=O)CCCC1=CC=CC=C1
16724,CC1=CC[C@@H](CC1=O)C(=C)C
16741,C1=CC=C(C=C1)CCN=C=S
16800,CCCCCC1=CC=CC=N1
16821,CCCCCCCCC1CCC(=O)O1
16832,CCCCCC(=O)OC(C)C
16833,CCCCCCCCCC(=O)OC(C)C
16840,CSC(=S)SC
16846,CCCOC(=O)C1=CC=CC=C1
16864,CC(C)C(=O)OCC=C(C)CCC=C(C)C
16867,CC1=NCCS1
16872,CCCCCCOC(=O)C(C)C
16899,CCCCCC=CC=CC=O
16900,CCCCCC=CC=O
16907,COC(=O)CS
16913,CC1(C2CCC1(C(C2)(C)O)C)C
16925,CC1=NC2=CC=CC=C2N=C1C
16970,CCOC(=O)C=CC=CC
16997,CCC1C=CC(=O)O1
17000,CC1CCCC(C1=O)(C)C
17004,CC1=CC(=C(C=C1)O)C(C)(C)C
17008,CC(C)CCC(=O)OC
17016,CC1=C(C(=C(C=C1)C)O)C
17090,CC(CCC=C(C)C)C=C
17092,CCCCCCCCCCCC#N
17095,CCCCCCCCCCCC=C
17100,CC1=CCC(CC1)C(C)(C)O
17121,CCCCCC(C=C)OC(=O)C
17129,CCC(C)COC(=O)C(C)CC
17130,CC1=CC2=CC=CC=C2OC1=O
17131,CC1=CC2=C(C=C1)C=CC(=O)O2
17134,COC1=C(N=CN=C1OC)NS(=O)(=O)C2=CC=C(C=C2)N
17152,CCCCCCCCCCOCCCCCCCCCC
17166,CCCCCCC=CC=O
17167,CCCCC=CC=O
17198,CC(=O)C1=CC(=C(C(=C1)OC)O)OC
17209,C[C@]12CC[C@H]3[C@H]([C@@H]1CC[C@@H]2O)C=CC4=CC(=O)CC[C@]34C
17236,CC(=C)C(=O)OCC1=CC=CC=C1
17243,CCCC=CCOC(=O)C
17244,CCC(=O)C=CC
17262,CC(=O)CC1=CC(=C(C=C1)O)OC
17275,C1CN=C(N1)CN(CC2=CC=CC=C2)C3=CC=CC=C3.Cl
17276,CCOC(=O)[C@](C)(CC1=CC(=C(C=C1)O)O)N.Cl
17355,CC(=O)CCC1=CC=CC=C1
17356,C1CCC(CC1)SSC2CCCCC2
17365,CCOC(=O)COC1=CC=CC=C1
17379,CCCCOCOCCCC
17406,C1CC(CC(C1)CN)CN
17429,C1CCN(CC1)C=O
17460,COC1=C(C=CC(=C1)C2=CC(=C(C=C2)N=NC3=C(C4=C(C=C3)C(=CC(=C4N)S(=O)(=O)[O-])S(=O)(=O)[O-])O)OC)N=NC5=C(C6=C(C=C5)C(=CC(=C6N)S(=O)(=O)[O-])S(=O)(=O
17506,CCNCC.C1=CC(=C(C=C1O)S(=O)(=O)O)O
17525,CCCCCCOC(=O)CCC
17586,CCC(C)OCC
17617,C=CCOC(=O)CCC1CCCCC1
17623,CC(=O)NC1=CC=CC=C1C(=O)OC
17683,CCN(CCCCOC(=O)C1=CC(=C(C=C1)OC)OC)C(C)CC2=CC=C(C=C2)OC.Cl
17685,CCC(=O)OC1CC2(CCC1C2(C)C)C
17691,CC1=CC(=O)CC1
17696,CC1SC(SC(S1)C)C
17697,CCCCCCCCCCCCCCC=O
17739,CCCC1=CC(=C(C=C1)O)OC
17816,CC(C)CC(=O)OCC=C
17868,CC1=CCC2(C1C2)C(C)C
17898,CC1=NC=CN=C1OC
17903,CC=CC1=CC(=C(C=C1OC)OC)OC
18015,CCCCCCCCCCCCCCCCS
18027,CCCCCCCCCCCCCCCC(=O)C
18054,CCC(C1=CC=CC=C1)N
18064,CSS(=O)(=O)C
18280,CC(C)C(C)C(C)(C)O
18283,CC1=CN(C(=O)NC1=O)[C@H]2C=C[C@H](O2)CO
18340,COC1=CC(=C(C=C1)OC)C(CNC(=O)CN)O.Cl
18374,C1CC(CCC1N)N
18458,CCC=C(C)C(=O)O
18467,COC1=NC=CN=C1
18522,CC1C(=O)CCO1
18554,CCC1=CC=CO1
18635,CSCCC=O
18648,CCCCCC(CC)C(=O)O
18686,CCOC(=O)C1CCCCC1
18693,CCOC(C)C1=CC=CC=C1
18698,CCCCC1CCCC(=O)O1
18756,CC(=CCC=C(C)C=C)C
18814,C1CC(CC(C1)N)N
18818,CC(C)C12CCC(=C)C1C2
18826,C1CCCCC(=O)OCCCCCOCCCC1
18827,CCCCCC(C=C)O
18840,C1CCC(C1)C(=O)O
18855,CCCCN(C)CCCC
18898,CC(=O)C1=C(C=CO1)O
18938,CC(CCO)CC(C)(C)C
18940,CCC1=CC=C(C=C1)C=C
19004,C[N+]12CCC(CC1)C(C2)OC(=O)C(C3=CC=CC=C3)(C4=CC=CC=C4)O.[Br-]
19041,CC(C)CCC(C)(C)C
19089,COCCC1=CC=CC=C1
19100,C[C@@H]1CC[C@H]([C@@H](C1)O)C(C)(C)O
19137,CC(=O)CCC1=CC=C(C=C1)OC(=O)C
19165,CC1=CC(=CC=C1)OC2=CC=CC=C2
19188,C1=CC=C(C=C1)OCC(=O)O
19223,CC(CCCC(C)(C)OC)CC=O
19233,C[C@@H]([C@@H]([C@H]([C@H](C=O)O)O)O)O
19243,C[C@@H]1CC[C@@H](C(C1)O)C(C)C
19244,C[C@@H]1CC[C@@H]([C@@H](C1)O)C(C)C
19309,CC1C(=O)C(=C(O1)C)O
19310,CSSSC
19315,CC(=O)CCCCC=C
19379,CN(C)CCOC(=O)COC1=CC=C(C=C1)Cl.Cl
19494,C1CC(C1)C(=O)O
19499,CC=CC(=O)O
19518,CC[N+](CC)(CC1=CC=CC=C1)CC(=O)NC2=C(C=CC=C2C)C.C1=CC=C(C=C1)C(=O)[O-]
19529,CN(C1=CC=C(C=C1)OC(=O)C2=CC=CO2)C(=O)C(Cl)Cl
19543,CC(=C)CC(=O)C
19602,CCCCCC1=CC=CO1
19603,CCCCCCCC1=CC=CO1
19604,CCOC(=O)NNC1=NN=CC2=CC=CC=C21.Cl
19633,CC(=CCCC(=CCCC(=O)C)C)C
19660,C(=O)([O-])[O-]
19675,CC(=O)C1=CC2=C(C=C1)SC3=CC=CC=C3N2CCCN4CCC(CC4)CCO
19695,CCOC(CC(C)C)OCC
19707,CCCC(=O)C(=O)C
19725,CC1=CCC2C3C1C2(CCC3C(C)C)C
19754,CCCSC
19801,CCCCCCCC=CC=O
19802,CC(C)CC(=O)OCC=C(C)CCC=C(C)C
19838,CCOC(=O)C(C)(C)C
19844,COC1=C(C=CC(=C1)C(=O)OC)O
19878,CC(C)(C)C1=CC=NC=C1
20046,CC1C(CCC1(C)O)C(=C)C
20063,CCCSCC
20083,CCCCCCC(C)O
20138,CC=CC=O
20179,C1CN=C(N1)NC2=C(C=CC=C2Cl)Cl.Cl
20210,C(CCC(=O)O)CCBr
20219,CCCCCCCC(=O)OCC=C
20263,CC1=CC2=CC=CC=C2O1
20279,C1[C@@H]([C@H](O[C@H]1N2C=NC3=C(N=C(N=C32)Cl)N)CO)O
20298,CC[N+](CC)(CC)CCC(C1CCCCC1)(C2=CC=CC=C2)O.[Cl-]
20307,CCC=CC=CC=O
20350,CC1=CCC(CC1)C(=O)O
20354,CCCC(=O)OC1=CC=CC=C1
20357,CCCCCCC1OCC(O1)C
20358,C1CCC(CC1)OC=O
20378,COC(C=CC1=CC=CC=C1)OC
20446,CC=C(C=O)C1=CC=CC=C1
20487,C1CCC2C(C1)CCC(=O)O2
20499,C1=COC(=C1)CSSCC2=CC=CO2
20508,C1CCC(CC1)CCO
20513,CCCCN(CC)CC
20534,CCCCC1=CC=CO1
20590,CC1=CCC(C1(C)C)C(=O)C
20653,CCCCC(C)C(=O)O
20682,CC=C(C)C=C
20739,CC(C)C1CCC(CC1)O
20745,CC(CCC=C(C)C)O
20748,COC(=O)C1CCCCC1
20756,CCCC(=O)C=CC
20797,CC1CC(=O)C=C2C1(CC(CC2)C(=C)C)C
20799,CC=C(C)CO
20858,CCC(OCC)OCC
20859,CCC(OC)OC
20861,CCC1=CC=C(C=C1)C=O
20928,CCCC(C=C)O
20959,CCCCCC1CCCC1=O
20967,CCCCCCCCCC=CC=O
20970,C1CSCS1
20995,CCCCCC1=CC=CS1
21003,C1CCC(C1)C2CCCC2=O
21006,CCCCCCCCOC(=O)CCCCC
21057,CCCCC(C=C)O
21059,CCC1=C(C(=O)C=CO1)O
21085,CC(C)CCCC(C)C=C
21108,CC(=O)CCCCCC=C
21205,CC(C)CCCCCCCCCCCCC(=O)OC
21244,CC(C)C=CC(=O)C
21265,CC(=CCOC(=O)C1=CC=CC=C1)C
21363,C1CCC(CC1)CC(=O)O
21458,CC(C)C=CC=O
21467,CC1=C(C(=CC=C1)C)OCC(C)N.Cl
21503,CCCCCCOC(C)OCCCCCC
21574,CC(CC=O)CC(C)(C)C
21595,CCOC(=O)CC1CCCCC1
21596,CCCCCCC(=O)OCCCC
21606,CCCCCCCC(=O)OC(C)C
21609,CCNC1CCCCC1
21625,CCOC(=O)CCS
21648,CC(=O)CCC1=CC=C(C=C1)O
21671,CC1=CCC(CC1)C(C)C
21700,CCC(=O)OCC(=O)[C@]1([C@H](C[C@@H]2[C@@]1(C[C@@H]([C@]3([C@H]2CCC4=CC(=O)C=C[C@@]43C)Cl)O)C)C)OC(=O)CC
21704,C1=NC(=C2C(=N1)N(C=N2)[C@H]3[C@H]([C@@H]([C@H](O3)CO)O)O)N
21718,CCN(CCCC1=CC=CC=C1)CCCC2=CC=CC=C2.C(C(=O)O)C(CC(=O)O)(C(=O)O)O
21768,CC(=CCCC(=CC#N)C)C
21813,CCC(C)CCCCCCC(=O)O
21828,CC1SCCS1
21870,C1COC(O1)C=CC2=CC=CC=C2
21895,C1C(OC(O1)CC2=CC=CC=C2)CO
22162,CN(C)CCOC(=O)C(C1=CC=CC=C1)C2(CCCC2)O.Cl
22172,CC(=O)COC
22201,CC1=NC=CN=C1C
22227,C[C@@H]1CC[C@H](CC1=O)C(=C)C
22303,CC(=CCCC(C)(C)O)C=C
22310,CC1(CCC(O1)C(C)(C)O)C=C
22311,CC1=CCC(CC1)C(=C)C
22383,CCCSSSCCC
22386,CCCC(C)O
22512,CCCC(C)C(=O)CC
22529,CN1CCC2=C(C1)C3=CC=CC=C3N2CC4=CC=CC=C4.CN1CCC2=C(C1)C3=CC=CC=C3N2CC4=CC=CC=C4.C1=CC2=C(C=CC=C2S(=O)(=O)O)C(=C1)S(=O)(=O)O
22556,CCCCCCCCCCC(=O)C
22568,CC(=O)OCCOC1=CC=CC=C1
22576,CN(C)CCC=C1C2=CC=CC=C2C=CC3=CC=CC=C31.Cl
22629,CCCCCCOC(=O)C1=CC=CC=C1O
22692,CCCCCCCCCCCCOC(=O)C(C)O
22819,C1CC2=CC=CC=C2C1O
22873,CCCCCCOC(=O)CCCCC
23104,CC=C(C)C(=O)OC
23110,CSCCSC
23173,C1CCCCCOCCCCOC(=O)CCCC1
23203,CCCCC=CC=CC=O
23204,CC1=CCC(C=CCC(=CCC1)C)(C)C
23217,CCCCCCCCCCCCCCCC=C
23234,CCC=CCC=O
23235,CCCCCCOC(=O)C1=CC=CC=C1
23238,CCC(C)OC
23327,C(CC(=O)O)[C@H](C(=O)O)N
23347,C1=CSC(=C1)SSC2=CC=CS2
23367,CCCCCC(=O)OCC1=CC=CC=C1
23368,CC(C)OC(=O)CCCCC(=O)OC(C)C
23376,CC(=O)CC(=O)OC1CCCCC1
23432,CC1CCCCC1N
23518,CCCCCCCCCCCCCCC(=O)OC
23534,CCOC(C(C)CC1=CC=C(C=C1)C(C)C)OCC
23535,CC(=CCCC(C)(C=C)OC(=O)C1=CC=CC=C1N)C
23565,CC1([C@@H](N2[C@H](S1)[C@@H](C2=O)NC(=O)[C@@H](C3=CC=CC=C3)N)C(=O)O)C.O.O.O
23642,COC1=CC=CC=C1S
23659,CCN(CC)CCNC(=O)C1=CC(=C(C=C1OC)N)Cl.Cl
23686,CC1=NC2=CC=CC=C2N=C1
23702,CCC(C(C1=CC(=C(C=C1)O)O)O)NC(C)C.CS(=O)(=O)O
23716,CCCCCCCCCCOC
23726,CCCCOC(=O)C=CC
23831,C1CN(CCN1CCO)CCS(=O)(=O)O
23832,CCCCCC=CC(=O)OCC
23833,CCCCCC=CCCC(=O)OC
23834,CCCCCC=CCCC(=O)OCC
23847,CCCC(=O)C(C)C
23892,C1=CC(=C(C=C1C2=CC(=C(C=C2)N)N)N)N.Cl.Cl.Cl.Cl
23894,CC(O)(P(=O)(O)[O-])P(=O)(O)[O-].[Na+].[Na+]
24020,CCC(C)C(=O)OCC
24062,C1=CC=C(C=C1)CCOC(=O)CCl
24066,C1C[C@@H](O[C@@H]1CO)N2C=CC(=NC2=O)N
24096,CC(C)OC(=O)CCCCCCCCC(=O)OC(C)C
24111,CCCCC(=CC1=CC=CC=C1)C=O
24113,CCOC(C=C(C)CCC=C(C)C)OCC
24114,CCCCOC(=O)C(C)OC(=O)CCC
24115,CC(C)C(=O)C(=O)C
24116,C=CCOC(=O)C1=CC=CC=C1N
24117,C=CCOC(=O)COC1=CC=CC=C1
24118,CCCCCC(C=CC1=CC=CC=C1)OC(=O)C
24191,CC(=CCCC(=CC(OC)OC)C)C
24197,CCOC(=O)CC(C(=O)OCC)O
24238,C([C@@H]1[C@@H]2[C@@H]([C@H]([C@H](O1)O[C@@H]3[C@H](O[C@@H]([C@@H]([C@H]3O)O)O[C@@H]4[C@H](O[C@@H]([C@@H]([C@H]4O)O)O[C@@H]5[C@H](O[C@@H]([C@@H
24250,C(CCCCN)CCCN
24261,O=[Si]=O
24360,CC[C@@]1(C2=C(COC1=O)C(=O)N3CC4=CC5=CC=CC=C5N=C4C3=C2)O
24433,CCCCOC(=O)C1=CC=CC=C1N
24473,CC1CCC(CC1=O)C(=C)C
24508,CCCOC(=O)C=CC1=CC=CC=C1
24510,C1CCC(CC1)OC(=O)C2=CC=CC=C2N
24513,CCCCCCCCCC(OC)OC
24515,CC(C)COC(=O)C1=CC=CC=C1N
24516,CCCCCCC(=O)OCC(C)C
24521,CC(C)OC(=O)C=CC1=CC=CC=C1
24578,CC=C(C)C(=O)OCC=C(C)CCC=C(C)C
24583,CCCCCCC(C)C=O
24585,CC1CCC(C(C1)O)C(=C)C
24624,CCOCCC(OCC)OCC
24680,CC1=CCCC(C1C=CC(=O)C)(C)C
24699,CCCCCCCCCCCCCCCCCC(=O)OCC(CO)O
24733,CC(=O)OCC(=O)[C@H]1CC[C@@H]2[C@@]1(CC(=O)[C@H]3[C@H]2CC[C@@H]4[C@@]3(CC[C@H](C4)O)C)C
24751,CC1CO1.C1CO1
24766,CC(=O)N[C@@H]1[C@H]([C@H]([C@H](O[C@H]1O)OS(=O)(=O)O)O)O[C@H]2[C@@H]([C@H]([C@@H]([C@H](O2)C(=O)O)O)O)O
24796,C(C1[C@@H]2C(C([C@H](O1)O[C@@H]3C(O[C@@H](C(C3O)O)O[C@@H]4C(O[C@@H](C(C4O)O)O[C@@H]5C(O[C@@H](C(C5O)O)O[C@@H]6C(O[C@@H](C(C6O)O)O[C@@H]7C(O[C@H
24834,CCOC1=CC=C(C=C1)C=O
24835,COC1=C(C=CC(=C1)CC=C)OC=O
24838,CCCCCCOC(=O)C(C)CC
24856,[O-]S(=O)(=O)[O-].[O-]S(=O)(=O)[O-].[Al+3].[K+]
24874,CCC(C)N
24915,CCCC(=O)OC(C)(C)CC1=CC=CC=C1
24947,Cl[Cd]Cl
24986,CCOC(=O)C1CC2CC1C=C2
25045,CCCCCCCCCCC(C)O
25068,CCCCCCCCCCCC(=O)OC(C)C
25125,CN(C)CCC1=CC=CC=C1
25139,CCCCCCCC(C)(C)O
25204,[Cl-].[Cl-].[Ba+2]
25238,COC1=C(C=CC(=C1)CC=C)OC(=O)CC2=CC=CC=C2
25239,CC(COC(=O)C)C1=CC=CC=C1
25249,C[C@]12CC[C@H]3[C@H]([C@@H]1CC[C@]2(C)O)CC[C@@H]4[C@@]3(CC5=C(C4)NN=C5)C
25298,CCOC(C)OC
25311,CCCCCCCCCCCCC=O
25324,CC(=O)OC1CCC2CCCCC2C1
25325,C1CCC2CC(CCC2C1)OC=O
25404,CCCCCCCCCCC(=O)OCCCC
25423,NCl
25517,[NH4+].[Cl-]
25611,CCCCC(=O)C(C)C
25612,C=CCCCCCCCCO
25797,CCC1=CN=C(C=N1)CC
25798,CN(C)CCS.Cl
25812,CCCCCCC#CC(OC)OC
25913,CCCCCCCCCCCCCC=C
25914,CCCCNCC
25915,CCC1=NC=C(N=C1)C
25916,CCC1=NC(=CN=C1C)C
25960,[O-][Se](=O)(=O)[O-].[Na+].[Na+]
26049,CC1=CCC2C(C1)C2(C)C
26068,CC(C)(C)C1CCCCC1O
26091,C(CN)CNCCN
26098,CCCC1C(=O)N2C3=C(C=CC(=C3)C)N=C(N2C1=O)N(C)C
26179,CCC(=O)C1=CC=CS1
26204,CC(C)CC(=O)C(=O)C
26248,CC(=O)OC1=CC=CC2=C1C(=O)C3=C(C2=O)C=C(C=C3OC(=O)C)C(=O)O
26250,[C-]#N.[C-]#N.[C-]#N.[C-]#N.[C-]#N.[C-]#N.[K+].[K+].[K+].[Fe+3]
26289,CC(C)C1=CC=C(C=C1)C#N
26318,CC1=CCCC(=C)C2CC(C2CC1)(C)C
26331,CCC1=NC=CN=C1
26332,CCC1=NC(=CN=C1)C
26333,CC1=NC=CN=C1CC(C)C
26334,CCC1=NC=C(N=C1C)C
26335,CC1=CN=C(C=N1)C=C
26396,CC1(C(CCC(O1)(C)C=C)O)C
26397,CCCCCCCCCCCCCCCCC(=O)OCC
26447,C[C@@H]1CC[C@H](C(=O)C1)C(C)C
26534,CCNC1(CCCCC1=O)C2=CC=CS2.Cl
26596,CCCCC1=CC2=C(C=C1)N=C(N2)NC(=O)OC
26630,CCCCCC=CC(=O)C
26758,C[C@H](CC1=CC=CC=C1)N(C)CC#C.Cl
26808,CC1=CN=C(C(=N1)C)C
26955,CC1=C(C(CCC1)(C)C)C=CC(=O)C
26964,C1=CC(=C(C(=C1CNNC(=O)C(CO)N)O)O)O.Cl
27200,CS(=O)(=O)C1=CC=C(C=C1)[C@H]([C@@H](CO)NC(=O)C(Cl)Cl)O
27208,CC1=CCC(CC1)(C(C)CCC=C(C)C)O
27209,CC1(CCCC2(C1=CC(=O)O2)C)C
27350,CC(=O)O[C@H]1C[C@@H]2CC[C@@H]3[C@@H]([C@]2(C[C@@H]1[N+]4(CCCCC4)C)C)CC[C@]5([C@H]3C[C@@H]([C@@H]5OC(=O)C)[N+]6(CCCCC6)C)C.[Br-].[Br-]
27440,CCC1=NC(=CS1)C
27457,CCC1=NC=CN=C1C
27458,CCC1=NC=CN=C1CC
27460,CCC1=CN=C(C(=N1)C)C
27503,C1=CC2=C(C(=C1)OCC(COC3=CC=CC4=C3C(=O)C=C(O4)C(=O)[O-])O)C(=O)C=C(O2)C(=O)[O-].[Na+].[Na+]
27596,C1CSCCO1
27648,CC(CN(C1=C(C=C(C(=C1I)N)I)I)C(=O)C)C(=O)O
27661,C1[C@@H]([C@@H]2[C@H](O1)[C@@H](CO2)O[N+](=O)[O-])O
27683,CC(C)C(C)CC=C
27756,CC=C1CC2CC1C=C2
27812,CC[C@]12C=CC3=C4CCC(=O)C=C4CC[C@H]3[C@@H]1CC[C@]2(C#C)O
27866,CC1CCOC(C1)C=C(C)C
27867,CC1CCC(C(C1)OC(=O)C)C(C)C
27868,CCC(C)C(=O)OC1CC(CCC1C(C)C)C
27892,CCCCCC(C=C)OC(=O)CCC
27941,CCC(C)(C)C1CCC(=O)CC1
27944,C1CSC2=N[C@H](CN21)C3=CC=CC=C3.Cl
27971,CC(=CC=CC(=O)C)C
28061,CC1=NC=C(N1CC(CCl)O)[N+](=O)[O-]
28151,CCCCCCOC(=O)C(=CC)C
28358,CC1CCC(C(C1)OC(=O)C(C)O)C(C)C
28417,C[C@]12CC[C@H]3[C@H]([C@@H]1CC[C@]2(C#C)O)CCC4=CC5=C(C[C@]34C)C=NO5
28500,CCC=C1C2=CC=CC=C2C(=O)O1
28693,CN1C[C@@H](C[C@H]2[C@H]1CC3=CN(C4=CC=CC2=C34)C)CNC(=O)OCC5=CC=CC=C5
28767,CN(CCCOC1=C(C=C(C=C1)Cl)Cl)CC#C.Cl
28871,C1=CC=C(C=C1)C2=NC(=C(S2)CC(=O)O)C3=CC=C(C=C3)Cl
28905,CCC1=NC=C(N=C1CC)C
28906,CCC1=CN=C(C(=N1)CC)C
28930,CC1(C2CCC1C(=C)C2)C
28965,CCC(C)CCC(=O)C
29025,CC1=CC(=O)C2CC1C2(C)C
29030,C1=CC=C(C=C1)CCCC=O
29060,CCCCCC=CCO
29073,CC1=CCC2(CC1)C(=C)CCCC2(C)C
29075,CCCCCCCCCCCCCCCCCC=C
29096,CC(CCCC(C)(C)O)C=C
29251,CCCCCCCCCCCCCCC(=O)C
29327,CN(C(=O)N[C@@H]1[C@H]([C@@H]([C@H](O[C@@H]1O)CO)O)O)N=O
29346,C1CCC(CC1)OC(=O)CS
29373,CCCCC=CC(=O)O
29381,CCCCCCCCC(C)C=O
29421,CCCCCCOC(=O)C=CC
29746,C[C@H]1CCC[C@@]2([C@@]1(CCCC2)O)C
29950,CCCCC(=O)OC1=CC=CC=C1
30181,CC1CC(=O)CC(C1=O)(C)C
30215,CC1=C(OC(=N1)C)C
30220,CCCOC(C)OCC
30231,C[C@H]1[C@@H]([C@H]([C@H]([C@@H](O1)O[C@@H]2[C@H]([C@@H]([C@H](O[C@H]2OC3=CC(=C(C(=C3)O)C(=O)CCC4=CC(=C(C=C4)OC)O)O)CO)O)O)O)O)O
30247,CC(=CCC(COC(=O)C)C(=C)C)C
30248,CC1CCC(CC1OC(=O)C)C(=C)C
30249,CC(C)CCCC(C)CCOC(=O)C
30668,CC(C1=NCCN1)OC2=C(C=CC=C2Cl)Cl
30747,CCCC=CC=CCCCO
30748,CCCCCCCC=CC=CC=O
30771,CC(=O)OCCC1CCCCC1
30898,CC=CCC=CC=C
30914,CC(=O)C1=NC=CN=C1
30915,CC1=CN=C(C=N1)C(=O)C
31072,CCOC(=O)N1C=CN(C1=S)C
31100,CC(C)C[C@H]1C(=O)N2CCC[C@H]2[C@]3(N1C(=O)[C@](O3)(C(C)C)NC(=O)[C@H]4CN([C@@H]5CC6=C(NC7=CC=CC(=C67)C5=C4)Br)C)O.CS(=O)(=O)O
31195,C(P(=O)(O)[O-])(P(=O)(O)[O-])(Cl)Cl.[Na+].[Na+]
31209,CCCCCC(=CC1=CC=CC=C1)C=O
31210,CCCCOC(=O)CC1=CC=CC=C1
31211,CC(=O)CCC1=CC(=C(C=C1)O)OC
31219,CCC(=O)OCC1=CC=CC=C1
31223,CC(C)COC(=O)C=CC1=CC=CC=C1
31224,C1=CC=C(C=C1)C=CCOC(=O)C=CC2=CC=CC=C2
31225,CCC(=O)OCCC1=CC=CC=C1
31226,CC(=O)OCCCC1=CC=CC=C1
31227,CC(C)CCOCC1=CC=CC=C1
31229,CC(=O)OC1=CC=CC=C1
31231,CC(=O)CC1=CC=C(C=C1)OC
31234,C1=CC=C(C=C1)CCCO
31236,C1=CC=C(C=C1)OCCO
31241,CCCCC(CC)C=O
31242,CCC1=CC=C(C=C1)O
31244,COC1=CC=C(C=C1)C=O
31245,CCCC(C)C=O
31246,CCCC(=O)CCC
31249,CCOC(=O)CCC(=O)OCC
31251,CCCCCCCCC(=O)OCC
31252,CC1=CN=C(C=N1)C
31253,CC(=CCCC(=C)C=C)C
31254,CNC=O
31256,CC(=O)CC(C)(C)O
31260,CC(C)CCO
31261,CC(=O)CC(=O)C
31264,CC1OC(OC(O1)C)C
31265,CCCCCC(=O)OCC
31266,CCCCCC(=O)OCC=C
31267,C1CCCCOC(=O)CCCCCC=CCCC1
31268,C1CCNC1
31269,C(=O)(N)N=NC(=O)N
31271,CCCCCCCCOC(=O)CCCCC(=O)OCCCCCCCC
31272,CCCCOC(=O)C
31275,C1COCCO1
31276,CC(C)CCOC(=O)C
31277,C(C(=O)O)SCC(=O)O
31278,CCCCCCCCCCCCCCCCCC(=O)OCCCC
31283,CCCCCCCCCCCCCC(=O)OCC
31284,CCCCCCCCCCCCCC(=O)OC
31285,CCCCCCCC=C
31286,CCCCCCCC#N
31289,CCCCCCCCC=O
31291,CCCCCCCCCCCCCC=O
31296,C(Cl)(Br)Br
31307,C[C@]12C[C@@H]([C@]3([C@H]([C@@H]1C[C@H]([C@@]2(C(=O)CO)O)O)CCC4=CC(=O)C=C[C@@]43C)F)O
31340,CC(=O)OC[C@@H]1[C@H]([C@@H]([C@H]([C@H](O1)O[C@]2([C@H]([C@@H]([C@H](O2)COC(=O)C)OC(=O)C)OC(=O)C)COC(=O)C)OC(=O)C)OC(=O)C)OC(=O)C
31348,C(C(=O)[O-])C(CC(=O)[O-])(C(=O)[O-])O
31353,CC(=CCCC(C)(C=C)OC(=O)C1=CC=CC=C1)C
31358,CC1(CC(=O)CC(=O)C1)C
31361,CCOC(C)(C)OCC
31367,CC(=O)O.CC(=O)[O-].[Na+]
31373,C(=C(Cl)Cl)(Cl)Cl
31401,C[C@H](CCC(=O)O)[C@H]1CC[C@@H]2[C@@]1(CC[C@H]3[C@H]2[C@H](C[C@H]4[C@@]3(CC[C@H](C4)O)C)O)C
31404,CC1=CC(=C(C(=C1)C(C)(C)C)O)C(C)(C)C
31408,CC1(C2CC=C(C1C2)CCO)C
31492,CC1C(=NC(O1)C)C
31728,C[C@@H]([C@@H](C1=CC=C(C=C1)O)O)NCCC2=CC=C(C=C2)O.Cl
31954,CCC(=O)OCCOC1=CC=CC=C1
32033,CC1SC(SS1)C
32052,CC=CC(=O)C1=C(CCCC1(C)C)C
32065,CC1CCC2=NC=CN=C12
32093,CC1=NC=CN=C1C(=O)C
32169,CCCNC(C)C(=O)NC1=C(SC=C1C)C(=O)OC.Cl
32196,CC1NCCS1
32485,CCC1=CC=CC(=C1N)C
32594,CC(C)CC1=NC=CN=C1OC
32735,CC1(C2CCC(=O)C1C2)C
32786,CC1=CC(=CC(=C1)C(=O)OC)C
32798,CCC(=O)O[C@@]1([C@H](C[C@@H]2[C@@]1(C[C@@H]([C@]3([C@H]2CCC4=CC(=O)C=C[C@@]43C)F)O)C)C)C(=O)CCl
32809,CCC=CCCOC(=O)C1=CC=CC=C1
32857,C(CO)COCCCO
32898,CC(C)CCCCCCCO
32934,CCCCCCCCCCC=CC
32967,CCCCCOC(=O)CCC(C)C
33032,C(CC(=O)O)[C@@H](C(=O)O)N
33094,CC1=CC=CC=C1C(=O)OC
33135,CCC1=NC=CN=C1OC
33166,CC(C)C1=NC=CN=C1OC
33254,CC1=CC(=NN=C1NCCN2CCOCC2)C3=CC=CC=C3.Cl.Cl
33478,CC1([C@@H](N2[C@H](S1)[C@@H](C2=O)NC(=O)[C@@H](C3=CC=CC=C3)N)C(=O)OCOC(=O)C(C)(C)C)C
33510,CC(=O)OCC(CO)O
33613,CC1([C@@H](N2[C@H](S1)[C@@H](C2=O)NC(=O)[C@@H](C3=CC=C(C=C3)O)N)C(=O)O)C
33637,CC1=CC=CC=C1OC
33640,CCC(C1=CC=CO1)O
33645,CC(S)S
33650,CCCCCCCCCCCC=CC
33740,CCCCCCCCCCC(CCC)O
33744,CCCCCCC=CC
33931,CCC1C(=O)C(=C(O1)C)O
33942,CC1=C(C(=CC=C1)C)CCO
33944,C1CCN(CC1)CCN
33960,CCCCCC1=CC=CC(=O)O1
33961,COC1=CC=C(C=C1)OC.COC1=CC(=CC=C1)OC.COC1=CC=CC=C1OC
34040,CN1C[C@@H](C[C@]2([C@H]1CC3=CN(C4=CC=CC2=C34)C)OC)COC(=O)C5=CC(=CN=C5)Br
34088,CCC1=C(C=NC=C1)C
34134,CCC=CCCC=CCO
34286,CC1=C(C=CO1)S
34312,C1C2=CC=CC=C2N(C3=CC=CC=C3C1=O)C(=O)N
34320,CCCCCCCCC=CC
34359,C[C@](CC1=CC(=C(C=C1)O)O)(C(=O)O)NN
34590,CC(C)C1=NC=CN=C1
34591,CC(C)CC1=NC=CN=C1
34632,CCOC(=O)NC1=CC2=C(C=C1)SC3=CC=CC=C3N2C(=O)CCN4CCOCC4.Cl
34645,CC1CCC(C(=O)C1)C(=C)C
34672,CCC(=CC=CC(=C)C)C
34805,CC=CCC=CC(=O)C
35349,CCCSSCC
35370,CC1=CN(C(=O)NC1=O)[C@H]2C[C@@H]([C@H](O2)CO)N=[N+]=[N-]
35375,C1=CC=C(C(=C1)C(=O)OCCOCCO)NC2=CC=CC(=C2)C(F)(F)F
35408,CCCCCCCCCC(=O)OCCCC
35785,CCC(=O)C1CC(CC=C1C)C(C)C
35802,COC(=O)NC1=NC2=C(N1)C=C(C=C2)C(=O)C3=CC=C(C=C3)F
35821,CC1=CCCC(C1CCC(=O)C)(C)C
35960,COC1=CC(=CC(=C1O)OC)C=C
36081,CC(=O)OC1CCC(CC1)C(C)(C)C
36207,CN1CCCCC1CCN2C3=CC=CC=C3SC4=C2C=C(C=C4)S(=O)C.C1=CC=C(C=C1)S(=O)(=O)O
36224,CCC1=CN=CC(=N1)C=C
36225,CCC1=CN=C(C(=N1)C)CC
36294,C1[C@@H]([C@H]([C@@H]([C@H]([C@@H]1N)O[C@@H]2[C@@H]([C@H]([C@@H]([C@H](O2)CO)O)N)O)O)O[C@@H]3[C@@H](C[C@@H]([C@H](O3)CN)O)N)N
36314,CC1=C2[C@H](C(=O)[C@@]3([C@H](C[C@@H]4[C@]([C@H]3[C@@H]([C@@](C2(C)C)(C[C@@H]1OC(=O)[C@@H]([C@H](C5=CC=CC=C5)NC(=O)C6=CC=CC=C6)O)O)OC(=O)C7=CC=
36431,C1CCC2(C1)CC(=O)N(C(=O)C2)CCCCN3CCN(CC3)C4=NC=CC=N4.Cl
36462,C[C@@H]1OC[C@@H]2[C@@H](O1)[C@@H]([C@H]([C@@H](O2)O[C@H]3[C@H]4COC(=O)[C@@H]4[C@@H](C5=CC6=C(C=C35)OCO6)C7=CC(=C(C(=C7)OC)O)OC)O)O
36503,CCC=CCCOC(=O)CC
36652,CNCC#N
36708,CCCNCC(COC1=CC=CC=C1C(=O)CCC2=CC=CC=C2)O.Cl
36822,C1CCC2=NC=CN=C2C1
37065,CCC=CCCOC(=O)CC(C)C
37066,CC(C)CC=C(C=O)C(C)C
37079,CCCCCCNC
37083,CC[C@]12CC[C@H]3[C@H]([C@@H]1CC[C@]2(C#C)OC(=O)C)CCC4=CC(=NO)CC[C@H]34
37098,CCCCCCCCCCCCCCCCOC(=O)C(C)O
37109,CCC1CCC1O
37175,C=CCOC(CN1C=CN=C1)C2=C(C=C(C=C2)Cl)Cl
37392,CCCCN(CCCC)CCC(C1=C2C=CC(=CC2=C3C=C(C=C(C3=C1)Cl)Cl)C(F)(F)F)O.Cl
37460,CC(C)(C)[C@]1(CCN2C[C@@H]3C4=CC=CC=C4CCC5=C3C(=CC=C5)[C@H]2C1)O.Cl
37511,CC(CN(C)C)O
37542,C1=NC(=NN1[C@H]2[C@@H]([C@@H]([C@H](O2)CO)O)O)C(=O)N
38258,C(NC(=O)NC1C(=O)NC(=O)N1CO)NC(=O)NC2C(=O)NC(=O)N2CO
38415,CCOCC=C(C)CCC=C(C)C
38665,CCCC(CCC)N
38679,CC(C(=O)C)S
38762,CCCCCCCCCCCCCCC(=O)OCC
38853,C[C@](CC1=CC(=C(C=C1)O)O)(C(=O)O)N
38911,CC1=CC(=O)N(C(=C1)C2CCCCC2)O.C(CO)N
39042,CC(C)(C(=O)O)OC1=CC=C(C=C1)CCNC(=O)C2=CC=C(C=C2)Cl
39071,CCCC1=CSC(=N1)C
39147,CC(C)(C)NCC(COC1=CC=CC2=C1C[C@@H]([C@@H](C2)O)O)O
39172,CC1=C2C=CC(=O)OC2=CC=C1
39655,CC1CSCS1
39742,CCCCCCCCC(=O)OCCCC
39764,CC(=O)O[C@H]1C[C@@H]2CC[C@@H]3[C@@H]([C@]2(C[C@@H]1N4CCCCC4)C)CC[C@]5([C@H]3C[C@@H]([C@@H]5OC(=O)C)[N+]6(CCCCC6)C)C.[Br-]
39801,CC(=O)OCCCCCCCCC=C
39912,C[C@@H](C1=CC=C(C=C1)CC(C)C)C(=O)O
39914,CCCCCC1CC=CC(=O)O1
40127,CC(C)(C)NCC(COC1=CC=CC2=C1CCC(=O)N2)O.Cl
40274,CC(C)(C)NCCCN
40380,CCC1=C(N=CS1)C
40634,CC1=C(C2=C(CCC(O2)(C)C(=O)O)C(=C1O)C)C
40787,CC1=C(SC(=N1)C(C)C)C
40854,COC(=O)NC1=NC2=C(N1)C=C(C=C2)S(=O)C3=CC=CC=C3
40923,CCCC(CCC=C)O
41022,CC(=O)O.C1CCNC(C1)CNC(=O)C2=C(C=CC(=C2)OCC(F)(F)F)OCC(F)(F)F
41078,CCCCCCC=C(C)C(=O)C
41114,CC1=C(C(C(=C(N1)C)C(=O)OCCN(C)CC2=CC=CC=C2)C3=CC(=CC=C3)[N+](=O)[O-])C(=O)OC.Cl
41270,C1CCCCCC(=O)OCCOC(=O)CCCC1
41285,CCCC[C@@H]1[C@@H](CC(=O)O1)C
41552,CC=C(C)C(=O)OCCC1=CC=CC=C1
41569,CC1=CC(=C(O1)C)S
41570,CC1=CC(=C(O1)C)SC(=O)CC(C)C
41690,C1CCC(CC1)C2CCC(=O)CC2
41781,CC1=CC(=CC=C1)NC2=C(C=NC=C2)S(=O)(=O)NC(=O)NC(C)C
41838,CCCCCCCCC(C)CCC(C)C
41923,CCCCCCCCCCCCCCCC=CC=O
41971,CCCCCC=CC=C
42011,CCC=CCC=CCCO
42296,CC=CC(=O)C1C(C=CCC1(C)C)C
42373,CCN(CC)C(=O)NC1=CC(=C(C=C1)OCC(CNC(C)(C)C)O)C(=O)C.Cl
42538,CCCCC=CC(C)O
42574,CC1=CC(=C(C=C1NC(=O)C2=C(C(=CC(=C2)I)I)O)Cl)C(C#N)C3=CC=C(C=C3)Cl
42745,CC(CCOC(=O)C)CC(C)(C)C
43045,C[C@H]1CC[C@@H]([C@H](C1)OC(=O)CC(=O)C)C(C)C
43046,CCCCCCCC(=O)OC1=CC=C(C=C1)C
43231,C1=C(C(=CC(=C1N)S(=O)(=O)N)S(=O)(=O)N)C(=C(Cl)Cl)Cl
43263,CCCC(C)OC(=O)CCC
43507,C1C(=C(N2[C@H](S1)[C@@H](C2=O)NC(=O)CC3=CC=CC=C3CN)C(=O)O)CSC4=NN=NN4CC(=O)O
43579,CCCSSC1=C(OC=C1)C
43598,CCCC(=O)C(CC)SC1=C(OC=C1)C
44079,CC1=CC2C(C2(C)C)CC1C(=O)C
44093,C[C@H](CS)C(=O)N1CCC[C@H]1C(=O)O
44383,COC1=C(C=C2C(=C1)C(=NC(=N2)N3CCN(CC3)C(=O)C4CCCO4)N)OC.Cl
45056,C[C@@H]1CC[C@@H]([C@H](C1)O)C(C)C
47167,CC1C(C2=C(C1(C)C)C=C(C(=C2)C)C(=O)C)(C)C
47320,C[N+]1(CCC2=CC(=C(C=C2C1CC3=CC(=C(C=C3)OC)OC)OC)OC)CCC(=O)OCCCCCOC(=O)CC[N+]4(CCC5=CC(=C(C=C5C4CC6=CC(=C(C=C6)OC)OC)OC)OC)C.C1=CC=C(C=C1)S(=O)(
47471,C1=CC(=C(C(=C1)Cl)SC(CCC2=CC=C(C=C2)Cl)CN3C=CN=C3)Cl.[N+](=O)(O)[O-]
47528,C1=CC(=CN=C1)C(=O)NCCO[N+](=O)[O-]
47649,CC1=C(C=CO1)SSC
47812,CCCN1C[C@@H](C[C@H]2[C@H]1CC3=CNC4=CC=CC2=C34)CSC.CS(=O)(=O)O
47922,CC(=CCCC(=CC1OCCO1)C)C
47965,CC1=C(N2[C@@H]([C@@H](C2=O)NC(=O)[C@@H](C3=CC=C(C=C3)O)N)SC1)C(=O)O
49988,CCCC(=O)OCCC(C)CCCC(C)C
49993,CCC=CCCOC(=O)C(=CC)C
50006,CC(C)CCCC(C)OC(=O)C
50088,CC(C)COCC(CN(CC1=CC=CC=C1)C2=CC=CC=C2)N3CCCC3.Cl
50090,CC(C)CCOC(=O)C=C(C)CCC=C(C)C
50212,CCCCCC(=CC1=CC=CC=C1)C=NC2=CC=CC=C2C(=O)OC
50216,CC(=CCOC(=O)C1=CC=CC=C1O)C
50256,C[C@@H]1[C@H](C2=C(C1(C)C)C=C(C(=C2)C(=O)C)C)C(C)C
50607,CCCCC=CCCOC(=O)C
50941,CCOCCC(C)CCC=C(C)C
50942,CN1C2=C(C(=O)N(C1=O)C)N(C=N2)CC3OCCO3
51038,C1C(=C(N2[C@H](S1)[C@@H](C2=O)NC(=O)[C@@H](C3=CC=CC=C3)N)C(=O)O)Cl.O
51081,CCN1C=C(C(=O)C2=CC(=C(C=C21)N3CCN(CC3)C)F)C(=O)O
51082,C1=CC(=C2C(=C1NCCNCCO)C(=O)C3=C(C=CC(=C3C2=O)O)O)NCCNCCO.Cl.Cl
51330,CC(CC(=O)OCC=C)CC(C)(C)C
51381,CCOC1=CC=CC=C1CO
53025,CN1C(=NN=N1)SCC2=C(N3[C@@H]([C@@](C3=O)(NC(=O)C4SC(=C(C(=O)N)C(=O)O)S4)OC)SC2)C(=O)O
53232,CC[C@H](C)C(=O)O[C@H]1C[C@H](C=C2[C@H]1[C@H]([C@H](C=C2)C)CC[C@@H]3C[C@H](CC(=O)O3)O)C
53517,CCCCC1=NC(=C(S1)C)C
53654,CC1N=C(CO1)C
54360,CN1CCCC(CC1)N2C(=O)C3=CC=CC=C3C(=N2)CC4=CC=C(C=C4)Cl.Cl
54384,C[C@@H]1CN(CC[C@@]1(C2=CC=CC=C2)C(=O)O)C3CCC(CC3)(C#N)C4=CC=C(C=C4)F.Cl
54454,CCC(C)(C)C(=O)O[C@H]1C[C@H](C=C2[C@H]1[C@H]([C@H](C=C2)C)CC[C@@H]3C[C@H](CC(=O)O3)O)C
54687,CC[C@H](C)C(=O)O[C@H]1C[C@@H](C=C2[C@H]1[C@H]([C@H](C=C2)C)CC[C@H](C[C@H](CC(=O)O)O)O)O
54765,CC(C)(C)NCC(C1=CC(=CC(=C1)OC(=O)N(C)C)OC(=O)N(C)C)O.Cl
54840,CC1=CC=CC=C1O[C@H](CCNC)C2=CC=CC=C2.Cl
54891,CCOC(=O)[C@H](CCC1=CC=CC=C1)N[C@@H](C)C(=O)N2CC3=CC=CC=C3C[C@H]2C(=O)O.Cl
54900,C1CCN(CC1)CCOC2=CC=C(C=C2)C(=O)C3=C(SC4=C3C=CC(=C4)O)C5=CC=C(C=C5)O.Cl
54911,CCC1=NN(C(=O)N1CCOC2=CC=CC=C2)CCCN3CCN(CC3)C4=CC(=CC=C4)Cl.Cl
55182,C1CN(CCN1CCOCC(=O)O)C(C2=CC=CC=C2)C3=CC=C(C=C3)Cl.Cl.Cl
55245,CC#C[C@@]1(CC[C@@H]2[C@@]1(C[C@@H](C3=C4CCC(=O)C=C4CC[C@@H]23)C5=CC=C(C=C5)N(C)C)C)O
55891,CCC(=O)OC(C(C)C)OP(=O)(CCCCC1=CC=CC=C1)CC(=O)N2C[C@@H](C[C@H]2C(=O)O)C3CCCCC3
56208,C1CN(CCN1)C2=C(C=C3C(=C2)N(C=C(C3=O)C(=O)O)C4=CC=C(C=C4)F)F
56704,CC(=O)OCC(=O)NCCCOC1=CC=CC(=C1)CN2CCCCC2.Cl
56959,CC1=C(C(=CC=C1)C)NC(=O)CN2CCN(CC2)CC(COC3=CC=CC=C3OC)O
56971,C1CN(CCN1CCCCN2C(=O)C3=CC=CC=C3S2(=O)=O)C4=NC=CC=N4
57363,C[C@]12CC[C@H]3[C@H]([C@@H]1CC[C@@H]2C(=O)NC(C)(C)C)CC[C@@H]4[C@@]3(C=CC(=O)N4)C
57469,CC(C)CN1C=NC2=C1C3=CC=CC=C3N=C2N
58258,CN1CCN(CC1)C2=C(C=C3C4=C2SCCN4C=C(C3=O)C(=O)O)F
59694,C1CC(N2C=NC=C2C1)C3=CC=C(C=C3)C#N.Cl
59772,CNS(=O)(=O)CC1=CC2=C(C=C1)NC=C2CCN(C)C.C(CC(=O)O)C(=O)O
60063,C1CC1N2C=C(C(=O)C3=CC(=C(C(=C32)Cl)N4CCC(C4)N)F)C(=O)O
60149,C1CN(CCC1C2=CN(C3=C2C=C(C=C3)Cl)C4=CC=C(C=C4)F)CCN5CCNC5=O
60198,C[C@]12CC[C@H]3[C@H]([C@@H]1CCC2=O)CC(=C)C4=CC(=O)C=C[C@]34C
60464,C[C@@H]1CN(C[C@@H](N1)C)C2=C(C(=C3C(=C2F)N(C=C(C3=O)C(=O)O)C4CC4)N)F
60490,CC(C1=CC2=CC=CC=C2S1)N(C(=O)N)O
60700,CC[C@@]1(C2=C(COC1=O)C(=O)N3CC4=CC5=C(C=CC(=C5CN(C)C)O)N=C4C3=C2)O
60750,C1=CN(C(=O)N=C1N)[C@H]2C([C@@H]([C@H](O2)CO)O)(F)F
60795,C1CC(=O)NC2=C1C=CC(=C2)OCCCCN3CCN(CC3)C4=C(C(=CC=C4)Cl)Cl
60823,CC(C)C1=C(C(=C(N1CC[C@H](C[C@H](CC(=O)O)O)O)C2=CC=C(C=C2)F)C3=CC=CC=C3)C(=O)NC4=CC=CC=C4
60825,C1[C@H](O[C@H](S1)CO)N2C=CC(=NC2=O)N
60837,CCC1=C2CN3C(=CC4=C(C3=O)COC(=O)[C@@]4(CC)O)C2=NC5=C1C=C(C=C5)OC(=O)N6CCC(CC6)N7CCCCC7.O.O.O.Cl
60877,C1[C@H](O[C@H](S1)CO)N2C=C(C(=NC2=O)N)F
60934,CC(C)(C)NC(=O)[C@@H]1C[C@@H]2CCCC[C@@H]2CN1C[C@H]([C@H](CC3=CC=CC=C3)NC(=O)[C@H](CC(=O)N)NC(=O)C4=NC5=CC=CC=C5C=C4)O.CS(=O)(=O)O
60968,CC(C)CC(=O)OC1CC2CCC1(C2(C)C)C
60970,CC(=CCCC1(C2CCC(C2)C1=C)C)CO
60975,CC(C)NCC(C1=CC2=CC=CC=C2C=C1)O.Cl
60979,CCOC(=O)C1=CC=C(C=C1)OC
60980,CC(=CCCC(=CCOC(=O)C1=CC=CC=C1)C)C
60982,CCOC1=C(C=C(C=C1)C=CC)O
60983,CCCCC(=O)C(=O)C
60985,CC(C)C(=O)OCCC(C)CCC=C(C)C
60990,CC1=CC=C(C=C1)C(C)C=O
60993,CCN(CC)CCN
60995,COC(CC1=CC=CC=C1)OC
60997,CC1=CC=C(C=C1)OC(=O)CC2=CC=CC=C2
60998,CC(C)COC(=O)CC1=CC=CC=C1
60999,C1=CC=C(C=C1)CC(=O)OCC2=CC=CC=C2
61000,CC(=CCCC(=CCOC(=O)CC1=CC=CC=C1)C)C
61003,CC(C)C(=O)C=CC1=CC=C(C=C1)OC
61005,CC(C)C(=O)OCCOC1=CC=CC=C1
61006,CC1=CC=C(C=C1)CC=O
61007,CC(=O)CCC1=CC=C(C=C1)OC
61008,CCC(=O)C=CC1=CC=C(C=C1)OC
61010,C1=CC=C(C=C1)CCCOC=O
61011,CCN(CC)CCCN
61014,C1CCCCCC(=O)OCCOC(=O)CCCCC1
61015,CCCCCCCCCCCC(=O)OCCCC
61016,CC(CCC=C(C)C)C=O
61017,CC(C)(C)CC(C)(C)N
61020,CC(=CC=O)C
61024,CCCCCCCCOC(=O)C(C)C
61027,CCCCOC(=O)CCCCCCCCC=C
61030,CCCCCCCCOC(=O)CCC
61031,CCCCCCCCCC(C)C=O
61035,CC(=O)OCCCCCCCCCC=C
61040,CC(=CCCC(C)(C=C)OC=O)C
61041,CC1=C(C(CC=C1)(C)C)C=O
61045,CC1=C(C(=CC=C1)C)S
61046,CC=CC1=CC(=C(C=C1)OCC2=CC=CC=C2)OC
61047,CC=CC1=CC(=C(C=C1)OC(=O)CC2=CC=CC=C2)OC
61048,CC(C)COC(=O)C1=CC=CC=C1
61050,CCCCCCCCOC(=O)CC1=CC=CC=C1
61051,C1=CC=C(C=C1)CCCOC(=O)C=CC2=CC=CC=C2
61052,CCC(=O)OCCCC1=CC=CC=C1
61054,COC1=CC=C(C=C1)COC=O
61059,C(COC(=O)CS)OC(=O)CS
61071,CCC(=O)C=CC1C(=CCCC1(C)C)C
61072,CCC(=O)C=CC1=C(CCCC1(C)C)C
61073,CC1=CCCC(C1C=C(C)C(=O)C)(C)C
61079,CC1CCC(CC2=C1CCC2C)C(C)(C)OC(=O)C
61085,CC(C)C(=O)OCCC(C)CCCC(=C)C
61091,CC(C)CC(=O)OCC=CC1=CC=CC=C1
61092,CC(CCCC(=C)C)CCOC=O
61093,CCCC(=O)OCCC(C)CCCC(=C)C
61096,CCCCCCCCOC(=O)CC
61097,CC=CCCCCCCCC=O
61098,CCC(=O)OC(C)(CCC=C(C)C)C=C
61100,C1=CC=C(C=C1)CCNN.OS(=O)(=O)O
61124,CC1=C(C(CCC1)(C)C)CC=O
61125,CC1(CC2C1CCC3(CCCC2(C3)O)C)C
61126,CC1=CC(C2CC1C2(C)C)O
61128,CC1=CCCC(=C(C)C)C1=O
61129,CC1(CCCC2(C1CCC3(C2CC(=O)O3)C)C)C
61130,CC1(C2CC=C(C1C2)C=O)C
61134,CCCCOCC1=CC=CC=C1
61135,CC=CC(=O)OCC(C)C
61137,CCCCC(=O)OCCCC
61138,C=CCCC(=O)O
61151,COC1=CC=CC=C1C(=O)OC
61153,COC1=CC=CC=C1C=C
61154,CCCCN(CCCC)C1=CC=CC=C1
61155,CC(=O)OC1=CC=CC=C1OC
61156,C1=CC=C(C=C1)C(=O)OCC(COC(=O)C2=CC=CC=C2)OC(=O)C3=CC=CC=C3
61159,CC1=CC=CC=C1OC(=O)C2=CC=CC=C2O
61160,CC(C)OC(=O)C(C)O
61162,CCOC(=O)CC(=O)CCC1=CC=CC=C1
61164,CCNC1=CC=C(C=C1)C
61166,CCC(=O)OCC1=CC=CO1
61167,CCCC(=O)OCC1=CC=CO1
61168,CCCOC(=O)C=CC1=CC=CO1
61171,CCSC(=O)C
61177,CCCCCCOC=O
61183,CCC(=O)OCC1CCCO1
61184,CCCC(=O)OC(C)C
61185,CCCCCCCC(=O)OCCCCC
61192,CC1=C(SC=N1)CCOC(=O)C
61197,CC=CC=CC(=O)OC
61199,CCC1C(=C(C(=O)O1)O)C
61200,CC1=CC(=C(C=C1)C=O)O
61202,CCCC(CC1=CC=CC=C1)O
61204,CCCCCCC1CCCC(=O)O1
61206,CC(=CCCC(=CCCC(=CCCC(=O)C)C)C)C
61209,CC1CCC(=O)C1=O
61210,CCC(=CC1=CC=CO1)C=O
61217,CC(CS)S
61228,CC(=CC1=CC=CO1)C=O
61229,CC(=O)OC1=C(C=C(C=C1)C=O)OC
61235,CCCCCCC(=O)CC
61240,CC(=O)C1=CC=CN1C
61243,C=CC(CC=O)C1=CC=CC=C1
61252,C1CSCC1=O
61260,CCC(=O)C1=CC=CN1
61261,CSC1=CC=CC=C1O
61262,CC(=O)OCC1=CCC2CC1C2(C)C
61270,CC1=CCC(C1(C)C)CCOC(=O)C
61275,CC1=CCOC(C1)C=C(C)C
61278,C=CCOC=O
61282,CC(C)SCC1=CC=CO1
61283,CC(=CC1=CC=CC=C1)C(=O)C
61284,CC1=CCC(C1(C)C)CCO
61290,CC(CCC=C(C)C)CC(=O)OC
61293,CCCC(CC(=O)OCC)O
61294,CCCCCCCCOC(=O)CCCCCCC
61295,CCCSC(=O)C
61296,CC(C)CCOC(=O)CC(=O)C
61302,CC(CCC1=CC=CC=C1)O
61303,CCCCCCCCCCCCCC(=O)C
61304,CCCCCCCOC(=O)C(C)C
61310,CCCC=CC(=O)OC
61311,CCC=CCC(=O)OC
61312,CCC=CCC(=O)OCC
61313,CCCCCC=CC(=O)OC
61319,CCC(=O)OCC=C
61325,CC1C(=O)C(=C(O1)C)OC
61329,CC(C)N(C1=CC=CC=C1)C(C)C
61331,COC1=CC=CC=C1OC(=O)CC2=CC=CC=C2
61334,CC1C(=O)C(=C(O1)C)OC(=O)C
61337,C=CCOC(=O)C1=CC=CO1
61341,C1=CC=C2C(=C1)C=C(O2)C=O
61342,CCCCCCCC(=O)OCCCCCCC
61346,CCCCCC(=O)C=C
61351,CCOCCC(=O)O
61359,CC(C)C1=CC=C(C=C1)CC=O
61361,CCCCC1C2=CC=CC=C2C(=O)O1
61362,CC1=CC(=O)[C@@H](CC1)C(C)C
61365,CCN(CC1=CC(=CC=C1)S(=O)(=O)[O-])C2=CC=C(C=C2)C(=C3C=CC(=[N+](CC)CC4=CC(=CC=C4)S(=O)(=O)[O-])C=C3)C5=CC=C(C=C5)NC6=CC=C(C=C6)OCC.[Na+]
61370,CC=CCCCO
61375,CCC(=O)OC1CCCCC1
61379,CCCCCCOC(=O)CCC1=CC=CC=C1
61384,CCCCCC(=O)OCCC1=CC=CC=C1
61385,CC(C)CC1=CC=CC=N1
61386,CCCCCCCCCCCC(=O)OCCC(C)C
61400,COC1=C(C=C(C=C1)C=C)OC
61401,CC(CCC=C(C)C)CCOCC=O
61402,CC(=C(C)C(=O)OCC1=CC=CC=C1)C
61403,CCCOC(C)OCCC1=CC=CC=C1
61404,CCCCCCCCC(=O)C(=O)C
61405,C=CCOC(=O)CCCC1CCCCC1
61406,C=CCOC(=O)CCCCCC1CCCCC1
61407,C=CCOC(=O)CCCCC1CCCCC1
61408,CCC(CC)C(=O)OCC=C
61409,CC=C(C)C(=O)OCC=C
61410,CCCCCCCCC(=O)OCC=C
61412,C=CCCCCCCCCC(=O)OCC=C
61413,CCCCCC(=CC1=CC=CC=C1)COC=O
61414,CCCCCC(=CC1=CC=CC=C1)COC(=O)CC(C)C
61415,CCCCCCC(=O)OCCCCC
61416,CCCCC(=O)OCCC(C)CCC=C(C)C
61417,CCC(=O)OCC1=CC=C(C=C1)OC
61418,CCCCC(=O)O[C@@H]1CC2CCC1(C2(C)C)C
61431,CCCCCCCC(OC)OC
61434,CCCCCCCCCCCC(=O)OC1=CC=C(C=C1)C
61435,CCCCCCCC(=O)OC(C)(CCC=C(C)C)C=C
61446,CC(C)C(=O)OC(C)(C)CCC1=CC=CC=C1
61447,CCCC(=O)OC(CC)C1=CC=CC=C1
61448,CCC(CC)COC(=O)C
61449,CCCCC=C(CC)C=O
61450,CCOC(=O)CCC1=CC=CO1
61451,CCCCCCC#CC(=O)OCC
61452,CCOC(=O)CCCC1=CC=CC=C1
61453,CCCCCCC(OC)OC
61454,CCCCCCCOC(=O)C=CC1=CC=CC=C1
61455,CCCCCCOC(=O)CC(C)C
61457,CCCCCCC1CC(CO1)OC(=O)C
61464,CC(C)(CC1=CC=CC=C1)OC=O
61466,CCOC(=O)CCC1CCCCC1
61467,CCC=CCCOC(=O)C(C)CC
61502,C1CC=C(C(=O)C1)O
61503,C[C@H](C(=O)O)O
61516,CCC(C)(CCC1=CC=CC=C1)O
61517,CC(CCC1=CC=CC=C1)OC(=O)C
61519,CC1COC(O1)C=C(C)CCC=C(C)C
61521,CC(CCCC(=C)C)CCOC(=O)CC1=CC=CC=C1
61522,CCCCCCC=CC(=O)C
61523,C1=CC=C(C=C1)CCCCCO
61524,CCCCCCCCC#CC(=O)OC
61527,CC1=CC(=C(O1)C)C(=O)C
61584,CCCCCCC=CC=CC=O
61585,CC(=O)C1=C2CCC(C2=CC(=C1)C(C)(C)C)(C)C
61586,CCOCC1=CC(=C(C=C1)O)OC
61590,CCC(=O)CC(=O)C(=O)OCC
61592,CCOC(=O)CCSC
61631,CCCCCC=CCC(=O)OC
61633,CC1CC(=O)C(=O)C1C
61634,CC1CC(C(=O)C1=O)C
61641,COC(=O)CCSC
61653,CC1=C(SC(=N1)C)C
61656,CCC(=O)CSC
61657,CC1=CC=C(O1)SC
61658,CC(C)CC(=O)OCC1=CC=CO1
61659,C1=COC(=C1)CSCC2=CC=CO2
61660,CC(=O)SCC1=CC=CO1
61661,COCC1=CC=CO1
61662,CSC(=O)C1=CC=CO1
61663,CC1=CC=C(S1)C=O
61664,CC1C(=O)CCS1
61665,CC(=C)C1CCC(O1)(C)C=C
61670,CC1=C2C(=CC=C1)N=CC=N2
61696,CC(=O)OC1[C@]2(CC[C@H](C2)C1(C)C)C
61700,CC1=CN=C(C=N1)C(C)C
61712,CCC1=CC(=C(C(=C1)OC)O)OC
61715,CC(C)CC1=CN=CC=C1
61738,CCCCCC(=O)C1=CC=CO1
61743,C=CCCCCCCCC(=O)O
61746,CC1=CCC(CC1)C(C)(C)OC(=O)C2=CC=CC=C2N
61771,CCC(C)C1CCCCC1=O
61780,CC(=C)C1CCC(=CC1)COC(=O)C
61781,CC1=CCC(CC1)C(=C)COC(=O)C
61808,CC1=CSC(=N1)C(C)C
61809,CCOC1=NC=CS1
61812,CCCCOC(=O)C(C)CC
61814,CC1=CC(=C(C=C1)C=O)C
61829,CCC(CS)S
61832,CCCCCC=CC=CC=C
61834,CCCCCCCC1CC=CC(=O)O1
61835,CCCCCCC1CCCCC(=O)O1
61839,CCCC(=O)OCCC=CCC
61840,CCCCC(CC)CCC(=O)O
61845,CC(CC=O)SC
61874,CCCC=CC=CC=O
61875,CCCCCC=CCCC=O
61895,CCCCCC(=O)OCCC=CCC
61896,CCCCCCC=CCO
61897,CCC(C=O)C1=CC=C(O1)C
61914,CC(C)CC(=O)OC(C)C
61917,CCC(C)C(C)C=O
61918,CCC1=NC=CN=C1C(=O)C
61922,CC(=O)CCSC
61926,CSSSCC=C
61934,CCCC=CCCC(=O)OCC
61935,CC1=CC2=CC(=O)CCC2CC1
61936,CC(=O)CCS
61942,CC(=C1CCC2(C(C1=O)O2)C)C
61945,C1=CN=C(C=N1)CCS
61951,CC1=NC=C2CSCC2=N1
61953,CC1CCC2(O1)C(=CCCC2(C)C)C
61954,CC1=CC=CC=C1OC(=O)C(C)C
61955,CCCCC(=O)OCC1=CC=CO1
61967,CC=C(C)C(=O)OCC1=CC=CC=C1
61968,CCCCCCCCC=CCO
61969,CC=CC(C)C(=O)O
61976,CC1=NC=C(S1)OC
61979,CC1C2(CCO1)SC3CCOC3(S2)C
61980,CCNC1=CC=CC=C1C(=O)OCC
61982,CC1CCC(C(=O)C1)C(C)(C)S
61984,CCCCCCOC(=O)C1=CC=CO1
61985,CCCCCCCC(=O)OCC1=CC=CO1
61988,CCN1C=CC=C1C(=O)C
61989,CC(=O)CCSCCC(=O)C
61990,CCCCCCCC1CC(OC1=O)C
61995,CCC(=O)SCC=C
61997,CC(=CC(=O)OCCC1=CC=CC=C1)C
62000,CSCCCC=O
62003,CCCCCC(C)CCC(=O)O
62007,CCOC(=O)C1=C(OC=C1)C2=CC=CC=C2
62013,CCCC(CCOC(=O)C)SC
62017,CC(=O)C1(CCCCC1)OC(=O)C
62024,CCOC(=O)C(C)CC=C
62069,CCC1=NC(=C(O1)C)C
62087,CC(C(C)S)O
62089,CCCCC(C)CCC(=O)O
62090,CC(C(C)SC(C)C(C)S)O
62092,CC1=CC=C(C=C1)OC(=O)CC(C)C
62095,C[C@@H]1CC[C@@H]([C@@H]1C=O)C(=C)C
62098,CC(=O)CCC1=CC2=C(C=C1)OCO2
62105,CC1(CSC(CS1)(C)O)O
62106,CC1=CC(=C(O1)C)SC(=O)C2=CC=CO2
62117,CC(C)C1=CCC(CC1)C(=O)O
62126,CC1=C(C(CC=C1)(C)C)CCC(C)O
62127,CC(=O)OC12CCCC(C1)(CCC3C2CC3(C)C)C
62128,CC1C(CCO1)S
62131,CSSCC1=CC=CO1
62132,C1=CC=C(C=C1)C(=CC2=CC=CO2)C=O
62143,CCC(=O)SCC1=CC=CO1
62144,C1=COC(=C1)CSC=O
62145,C1=CN=C(C=N1)CS
62148,CCCCCC(CO)C(=O)C
62151,C[C@@H]1CC[C@H]([C@@H](C1)OC(=O)C(C)O)C(C)C
62161,CC(=CCCC(=C)C=C)CCC=C(C)C=O
62166,CCOC(=O)C(C)C=C=C
62182,CCCCC(=O)C(CCC)SC1=C(OC=C1)C
62183,CC1=C(C=CO1)SC(C(C)C)C(=O)CC(C)C
62217,C1=CC=C2C=C(C=CC2=C1)OC(=O)C3=CC=CC=C3N
62218,CCCCCC(=C)C(=O)C
62237,CCC(C(=O)C)S
62240,CCC(C)(C)C1CCCCC1OC(=O)C
62241,C[C@@H]1CC[C@@H]2C13CC[C@@]([C@H](C3)C2(C)C)(C)OC
62321,CCCC(=O)OC(C)(CCC=C(C)C)C=C
62326,CC(C(=O)O)S
62327,CC(=O)C=CC1C(=C)CCCC1(C)C
62328,CCC(=O)OC(C)(C)C1CCC(=CC1)C
62329,CC1=C(C(=C(C(=C1[N+](=O)[O-])C(C)(C)C)[N+](=O)[O-])C)[N+](=O)[O-]
62332,C1=CC=C(C=C1)CCOC(=O)C2=CC=CC=C2O
62333,CCOC(=O)C(C(C(=O)OCC)O)O
62334,CC(=O)OC1CCCCC1C(C)(C)C
62335,C[C@H]1CC[C@@H]([C@H](C1)OC(=O)C)C(C)C
62336,CC(C1=CC=CC=C1)C(OC)OC
62337,CCCCCC(=CC1=CC=CC=C1)C(OC)OC
62341,CC(C1=CC=CC=C1)OC(=O)C
62345,CC1CCC2=C(C1)C(=CO2)C
62346,CC1=CCC(=C(C)CCC=C(C)C)CC1
62348,COC1=C(C=CC(=C1)CO)O
62349,CC1CCC(OC(=O)C1)C(C)C
62350,C[C@@H]1CC[C@H](C[C@H]1O)C(C)C
62351,CSCCCN=C=S
62362,COC1=C(C=CC(=C1)CC=C)OC(=O)C2=CC=CC=C2
62367,CC(C)C12CCC(C1C2)(C)O
62368,CCCC=C1C2=CC=CC=C2C(=O)O1
62374,CC1=CC(=O)CC(C1=O)(C)C
62375,COC(C1=CC=CC=C1)OC
62378,CCCCCC1=C(CCC1=O)C
62384,CC1COC(O1)(C)C
62385,CC1=CC=C(C=C1)C(=C)C
62386,CC(C)NC1CCCCC1
62387,CC1(C2CCC1([C@H](C2)OC=O)C)C
62388,CCC=CCC1C(CCC1=O)CC(=O)OC
62389,C1=CC=C(C=C1)CNC2=NC=NC3=C2NC=N3
62413,CN1CCN(CC1)C(C2=CC=CC=C2)C3=CC=C(C=C3)Cl.Cl
62424,CCCC(C)S
62433,CCCCCOC(=O)CCCC
62434,CSSCC=C
62444,CCCC(=O)SC
62445,CCC(C)COC(=O)CC(C)C
62447,CCCCCCCCC=CC=O
62453,C=CC1=CC=C(C=C1)O
62465,CCC1=CC(=C(C=C1)O)OC
62469,CCC(CC1=CC=CC=C1)C(=O)OCC
62477,CCOC(C=C)OCC
62484,CCC(C(=O)C)O
62490,C1CC(OC1)CCCC2=CC=CC=C2
62510,CC1=C(SC=N1)C
62539,CCC(=O)C(=O)CC
62553,CC(C)OC(=O)CC1=CC=CC=C1
62566,CC(C)[C@@H]1CC[C@@]2([C@H]1[C@@H]3[C@H]2CCC3=C)C
62571,CCCCCCCCCCCC(=O)OCCCCC
62572,CCOC(=O)CC(C)O
62575,CCCCCCOC(=O)C(C)(C)C
62578,CC(C)CC(=O)OCCCC1=CC=CC=C1
62580,CC(C)C(=O)OCC1=CC2=C(C=C1)OCO2
62583,CCCCC1CCCCC(=O)O1
62588,CC=CCCCCCCCC(=O)OC
62592,CCCCCCCOC(=O)CCC
62624,CCCCCCCCOC(=O)C1=CC=CC=C1O
62648,[NH4+].[NH4+].[O-]S(=O)(=O)OOS(=O)(=O)[O-]
62653,CCCCCCCCCCC=CC=O
62654,CC(C)C1=CC=C(C=C1)CCC=O
62660,CC(C)CCOC(=O)C=CC1=CC=CC=C1
62661,CC(C)CC(CC1=CC=CC=C1)O
62725,CC(C)CC1=NC=CS1
62752,CCC1=C(C(=O)CC1)O
62770,C[C@H]1[C@H]([C@H](C[C@@H](O1)O[C@H]2C[C@@](CC3=C2C(=C4C(=C3O)C(=O)C5=C(C4=O)C(=CC=C5)OC)O)(C(=O)C)O)N)O.Cl
62775,CC=CC(=O)C1=C(C=CCC1(C)C)C
62835,CC1C(=C(C(=O)O1)O)C
62838,CC(C)(C)CCCCCC(=O)O
62842,CC(=CCCC(C)(C#C)O)C
62857,CNCCC(C1=CC=CC=C1)OC2=CC=C(C=C2)C(F)(F)F.Cl
62876,CCCCOC(C)OCCC1=CC=CC=C1
62878,C1CNC[C@H]([C@@H]1C2=CC=C(C=C2)F)COC3=CC4=C(C=C3)OCO4.Cl
62881,CC(=O)N(CCCCCNC(=O)CCC(=O)N(CCCCCNC(=O)CCC(=O)N(CCCCCN)O)O)O.CS(=O)(=O)O
62884,CC(C(=O)C1=CC(=CC=C1)Cl)NC(C)(C)C.Cl
62897,CC(=C)C1=NC=CN=C1
62900,CCCCC1C(CC(=O)O1)C
62901,CCCCCCCCOC(=O)C1=CC=CO1
62902,CCCC(C)C(=O)OCC
62907,CCNC(=O)C1CC(CCC1C(C)C)C
62908,CC(C)CC(C(=O)OC)O
62911,CC(CCC1=CC=CC=C1)C=O
62912,CC=C(CSC)C=O
62913,CCC1CCC(O1)CC
62920,CC(=O)O[C@@H]1[C@@H](SC2=CC=CC=C2N(C1=O)CCN(C)C)C3=CC=C(C=C3)OC.Cl
62935,C1CN(CCN1CCCN2C(=O)N3C=CC=CC3=N2)C4=CC(=CC=C4)Cl.Cl
62969,CC(C)C(CCCN(C)CCC1=CC(=C(C=C1)OC)OC)(C#N)C2=CC(=C(C=C2)OC)OC.Cl
62978,COC1=C(C=C2C(=C1)C(=NC(=N2)N3CCN(CC3)C(=O)C4COC5=CC=CC=C5O4)N)OC.CS(=O)(=O)O
62998,C1CC1N2C=C(C(=O)C3=CC(=C(C=C32)N4CCNCC4)F)C(=O)O.O.Cl
63002,CC(C)(C1=CC=C(C=C1)C(CCCN2CCC(CC2)C(C3=CC=CC=C3)(C4=CC=CC=C4)O)O)C(=O)O.Cl
63013,CN(C)C[C@H]1CCCC[C@@]1(C2=CC(=CC=C2)OC)O.Cl
64139,C1CC1C#C[C@]2(C3=C(C=CC(=C3)Cl)NC(=O)O2)C(F)(F)F
64646,CCN(CC)CC1=C(C=CC(=C1)NC2=C3C=CC(=CC3=NC=C2)Cl)O.O.O.Cl.Cl
64678,CCCCCCCCCCCCCC#N
64685,CC1(C2CCC1(C(C2)O)C)C
64710,CCC[C@@H]1C[C@H](N(C1)C)C(=O)N[C@@H]([C@@H]2[C@@H]([C@@H]([C@H]([C@H](O2)SC)O)O)O)[C@@H](C)O.Cl
64713,CC1=CC(=CC=C1)CN2CCN(CC2)C(C3=CC=CC=C3)C4=CC=C(C=C4)Cl.Cl.Cl
64715,CC[C@H](C)C(=O)O[C@H]1CCC=C2[C@H]1[C@H]([C@H](C=C2)C)CC[C@@H]3C[C@H](CC(=O)O3)O
64722,CN1CCCC(C1)CC2C3=CC=CC=C3SC4=CC=CC=C24.Cl
64736,CCC(=O)OC(CC1=CC=CC=C1)(C2=CC=CC=C2)C(C)CN(C)C.C1=CC=C2C=C(C=CC2=C1)S(=O)(=O)O
64737,CCCCN1CCCCC1C(=O)NC2=C(C=CC=C2C)C.Cl
64740,C[C@@H]1CC(=O)[C@]2([C@@H](O1)O[C@@H]3[C@H]([C@@H]([C@@H]([C@@H]([C@H]3O2)NC)O)NC)O)O.Cl.Cl
64747,CC(C1=CC(=CC=C1)OC2=CC=CC=C2)C(=O)[O-].CC(C1=CC(=CC=C1)OC2=CC=CC=C2)C(=O)[O-].O.O.[Ca+2]
64763,C[C@H](C(=O)NC1C(SC1(C)C)(C)C)NC(=O)[C@H](CC(=O)O)N
64764,CC(C)CC(C1(CCC1)C2=CC=C(C=C2)Cl)N(C)C.Cl
64802,C1=CC=C(C=C1)CCC(=O)C2=CC=CC=C2
64805,CC(CC1=CC2=C(C=C1)OCO2)C=O
64807,CC(CC1=CC=C(C=C1)C(C)(C)C)C=NC2=CC=CC=C2C(=O)OC
64811,C1COC(O1)CCC2=CC=CC=C2
64812,CC1=CC=C(C=C1)CCC=O
64813,CC(CC1=CC=C(C=C1)OC)C=O
64820,CCOC(CCC1=CC=CC=C1)OCC
64832,CC(C)(C)C1=CC=C(C=C1)CCC=O
64916,CCCCCC(CC1=CC=CC=C1)CO
64927,CCN(CC)CCCC(C)NC1=C2C=CC(=CC2=NC=C1)Cl.OP(=O)(O)O.OP(=O)(O)O
65041,C(=O)[C@@H]([C@H]([C@@H]([C@@H](C(=O)O)O)O)O)O
65181,C1=CC(=C(C2=C1NC=C2O[C@H]3[C@@H]([C@H]([C@H]([C@H](O3)CO)O)O)O)Cl)Br
65285,CCC(C)C(=O)SC
65287,CCC=CCCOC(=O)CC1=CC=CC=C1
65288,CCC(=O)C1=NC=CS1
65289,CC1=CCC(CC1)(C)C(=O)C
65290,CC1SCCSS1
65300,CC(C)C(C)(C(C)C)C(=O)NC
65324,CC(CCC1=CC=C(C=C1)O)NCCC2=CC(=C(C=C2)O)O.Cl
65327,CNCCCN1C2=CC=CC=C2CCC3=CC=CC=C31.Cl
65328,C1CCCN(CCC1)CCN=C(N)N.C1CCCN(CCC1)CCN=C(N)N.OS(=O)(=O)O
65335,C1CN(CC2=C1SC=C2)CC3=CC=CC=C3Cl.Cl
65340,C1=CC(=C(C=C1CCN)O)O.Cl
65341,CCCC(C1=CC=CC=C1)(C2=CC=CC=C2)C(=O)OCCN(CC)CC.Cl
65413,CCCC(CCO)SC
65425,COC(=O)CCCSC
65427,CCC1CC(=C(C1=O)O)C
65428,CC1CCC2(O1)C(CCCC2(C)O)(C)C
65464,CN(C)CCCOC1=NN(C2=CC=CC=C21)CC3=CC=CC=C3.Cl
65483,CCC1(CCCCN(C1)C)C2=CC(=CC=C2)O.Cl
65492,C[C@@H](C(=O)NC1=C(C(=C(C(=C1I)C(=O)NC(CO)CO)I)C(=O)NC(CO)CO)I)O
65495,C1=CC(=CC=C1CSC(CN2C=CN=C2)C3=C(C=C(C=C3)Cl)Cl)Cl.[N+](=O)(O)[O-]
65557,CC(CC1=CC=CC=C1)NCCC(C2=CC=CC=C2)C3=CC=CC=C3.CC(C(=O)O)O
65575,C[C@@H]1CC[C@@H]2[C@]13CC[C@@]([C@H](C3)C2(C)C)(C)O
65724,CC1=CC(=O)[C@@H]2C[C@H]1C2(C)C
65906,CN(C1CCN(CC1)C2=NC3=CC=CC=C3N2CC4=CC=C(C=C4)F)C5=NC=CC(=O)N5
65981,CCOC1=C(C=CC(=C1)CC(=O)N[C@@H](CC(C)C)C2=CC=CC=C2N3CCCCC3)C(=O)O
65999,CCCC1=NC2=C(N1CC3=CC=C(C=C3)C4=CC=CC=C4C(=O)O)C=C(C=C2C)C5=NC6=CC=CC=C6N5C
66007,C1CCC(CC1)C(CCN2CCCCC2)(C3=CC=CC=C3)O.Cl
66015,CC1=CC(=CC=C1)CN
66020,CCN(CC)CN(CC)CC
66021,CC(=O)OCC(CO)OC(=O)C
66024,CC(C)NCC1=CC=CC=C1
66034,CCN(CC)CCNC
66035,CC1=CC=C(C=C1)CN
66040,CCNCCN(CC)CC
66053,CN(C)CCN
66059,C1C=CCN1
66062,CN1CCCCC1CCN2C3=CC=CC=C3SC4=C2C=C(C=C4)SC.Cl
66063,CN1CCC(CC1)OC(C2=CC=CC=C2)C3=CC=CC=C3.Cl
66064,CN1CCN(CC1)CCCN2C3=CC=CC=C3SC4=C2C=C(C=C4)C(F)(F)F.Cl.Cl
66068,CCN(CC)CCNC(=O)C1=CC=C(C=C1)N.Cl
66069,CN(C)CCCN1C2=CC=CC=C2SC3=C1C=C(C=C3)C(F)(F)F.Cl
66070,CC1=C(C(=CC=C1)C)NC(=O)C2CCCCN2C.Cl
66071,CCNCCN
66073,CCCNCCN
66074,CN(C)CCCCN(C)C
66084,CCCCC=CC=C
66091,C1=C(NC=N1)C[C@@H](C(=O)O)N.Cl
66093,CCCCC(=O)C1=CC=CC=C1
66165,CCC(CC)(C(=O)OCC)C(=O)OCC
66193,CC(C(C)OC(=O)C)OC(=O)C
66245,CC(C)NCC(C1=CC=C(C=C1)NS(=O)(=O)C)O.Cl
66250,C(C[C@@H](C(=O)O)N)CN=C(N)N.Cl
66259,CC1=CC(=C(C(=C1CC2=NCCN2)C)O)C(C)(C)C.Cl
66264,CCN[C@@H](C)CC1=CC(=CC=C1)C(F)(F)F.Cl
66266,C1CCN(CC1)CCCC(C2=CC=CC=C2)(C3=CC=CC=C3)O.Cl
66282,CSCC=C
66300,C1=CC=C(C=C1)OC(=O)C2=CC=CC=C2N
66327,C1CCC(=C(C#N)C2=CC=CC=C2)CC1
66330,C=CCOC(=O)C1=CC=CC=C1O
66331,CCCCCCCCCCCCCC(=O)OCCCCC
66337,CCCCOC1=CC=C(C=C1)C
66338,CCCCCC#CC(=O)OCC
66341,CCCCCCCCCC(C)CO
66356,CCCCC(=O)OCC(C)C
66366,CC(C)NC[C@H](COC1=CC=CC2=CC=CC=C21)O.Cl
66368,CC(C)NCC(COC1=CC=CC=C1CC=C)O.Cl
66449,C1=CC(=CC=C1CCN)O.Cl
66581,COC1=CC=CC(=C1OC)C=O
66595,CCOC1=CC2=C(C=C1)C(=CC(=O)O2)C
66600,CCC(=O)OC1=C(CCC1=O)C
66615,CC1=CC(=C(C=C1)C(C)(C)C)OC
66654,CC(=O)C1=C(C=C(C=C1OC)OC)O
66678,CC1=CC2=C(C=C1)NCCC2
66708,CC1=CC2=C(C=C1)OC(=O)CC2
66747,C1=CC=C(C=C1)C(=O)OCCO
66751,CCCCCCCCOC(=O)C1=CC=CC=C1
66755,CCOC1=CC=CC=C1O
66761,CC1=CC(=C(C=C1)CN)C
66768,CCCCCCC1=CCCC1=O
66774,COC(=O)CO
66841,CC(C)C1=CCC(=C)CC1
66888,CC1=C(C=C(C=C1)CN)C
66924,CC(=O)OCC(COC(=O)C)O
66929,CCCOC(C)OCCC
66948,C=C1C=CC(=O)O1
66955,CCCCCCC(=O)OCCC(C)C
66967,CCCCCCCCCCCCCCCC(=O)OCC(C)C
66978,CNCCCNC
67005,CC1=C(C=C2C(=C1[N+](=O)[O-])C(CC2(C)C)(C)C)[N+](=O)[O-]
67105,CCNCCNCC
67116,CCOC1=C(C=C(C=C1)C=O)OC
67144,CCC(=O)C1=CC=C(C=C1)OC
67146,CC1=CC(=CC=C1)OC(=O)CC2=CC=CC=C2
67148,C1=CC=C(C=C1)CCCOC(=O)CC2=CC=CC=C2
67150,CCOC1=CC=C(C=C1)OCC
67161,CNCCCN(C)CCCNC
67162,CCNCCN(C)C
67179,CC(=CCC[C@@](C)(C=C)O)C
67230,CC1=CC=CC=C1C(=O)C2=CC=CC=C2
67244,CCCCC(C(=O)OCC)C(=O)OCC
67284,COC1=CC(=C(C=C1)OC)OC
67285,CC(C)C1=CC2=C(C=C1)N=CC=C2
67313,C1=CC(=CC=C1CN)S(=O)(=O)N.Cl
67318,COC1=C(C=C(C=C1)CCNC(=O)CC2=CC(=C(C=C2)OC)OC)OC
67328,CCCCC(=O)OCCC
67338,CNCCN(C)C
67350,CC1=C(C(=C(C(=C1C)[N+](=O)[O-])C(C)(C)C)[N+](=O)[O-])C
67356,C1CN(CCN1CCCN2C3=CC=CC=C3SC4=C2C=C(C=C4)C(F)(F)F)CCO.Cl.Cl
67406,CC1=CC(=CC=C1)OC(=O)C
67412,C1=C(NN=C1)CCN.Cl.Cl
67423,CCN(CC)CCN(CC)CC
67521,C1SSCSSS1
67524,C1CCCCCCCCCCCCC1
67590,COC(=O)C1=CC2=C(C=C1)OCO2
68057,CC1=CC2=C(C=C1)C(CCC2)(C)C
68110,C1COC2=CC=CC=C2C1=O
68126,CC1=CC(=C(C=C1)OC)OC
68128,CC1=CC[C@@H](CC1)C(=C)CCC=C(C)C
68130,C1=COC(=O)C(=C1)O
68135,C1=CSC=C1C=O
68146,CCCCCCCCCCCCCCCC1=CC(=CC=C1)O
68148,C=CCC1=CC=C(C=C1)O
68150,CC(=CCCC(=CCCC(=CC=O)C)C)C
68154,C1=CC(=O)OC=C1
68158,CC(=CCC(=O)O)C
68165,CCCOCOCCC
68231,C[C@H]1CCC2=C1C=NC=C2C
68245,C1=C(C=C(C(=C1O)O)O)C2=[O+]C3=CC(=CC(=C3C=C2O)O)O.[Cl-]
68252,CC1=CC(=C(C=C1)C(C)C)OC(=O)C
68254,CCC1=C(C=CN=C1)C
68255,C1=CC=C(C(=C1)C=O)N
68272,COC1=CC=CC=C1OC(=O)C2=CC=CC=C2
68289,C1OC2=C(O1)C=C(C=C2)O
68304,CCCCOC1=CC=C(C=C1)C(=O)CCN2CCCCC2.Cl
68316,CC(=CCCC1=COC=C1)C
68329,CC(C)OC(=O)CC(=O)C
68346,CC(=CC(=O)C(C)(C)C=C)C
68379,CC(C)OC(=O)C1=CN=CC=C1
68382,C1C2=CC=CC=C2OC1=O
68385,CN(C)CCOC1=CC=C(C=C1)CNC(=O)C2=CC(=C(C(=C2)OC)OC)OC.Cl
68470,CC(=O)N1C=CC2=CC=CC=C21
68480,COC1=CC=CC(=C1CC=C)O
68481,CC(=O)C1=CC=CC=C1OC
68482,C1=CC=C(C=C1)C(=O)NC2=CC=CC=C2C(=O)O
68490,C1=CC=C(C=C1)C(=O)CO
68493,CC(C)CC(=O)C1=CC=CC=C1
68509,CC(C)(C1=CC=CC=C1)N
68539,CN(C)CCCN1C2=CC=CC=C2CCC3=C1C=C(C=C3)Cl.Cl
68546,COC1=C(C=C2C(=C1)C(=NC(=N2)N3CCN(CC3)C(=O)C4=CC=CO4)N)OC.Cl
68551,CN1CCN2C(C1)C3=CC=CC=C3CC4=CC=CC=C42.Cl
68552,C1CCC2(CC1)OCC(O2)CN=C(N)N.C1CCC2(CC1)OCC(O2)CN=C(N)N.OS(=O)(=O)O
68589,C1=CC(=CC=C1COC(CN2C=CN=C2)C3=C(C=C(C=C3)Cl)Cl)Cl.[N+](=O)(O)[O-]
68591,CC1=C(C=CC(=C1)N2C(=O)NC(=O)N(C2=O)C)OC3=CC=C(C=C3)SC(F)(F)F
68617,CN[C@H]1CC[C@H](C2=CC=CC=C12)C3=CC(=C(C=C3)Cl)Cl
68624,CCN1C=C(C(=O)C2=CC(=C(C(=C21)F)N3CCNC(C3)C)F)C(=O)O.Cl
68626,C1CN(CCC12CNC(=O)O2)CCC3=CC=CC=C3.Cl
68628,C1CSC2=NC(CN21)C3=CC=CC=C3.Cl
68647,CC1=NC=CN1CC2CCC3=C(C2=O)C4=CC=CC=C4N3C.Cl
68727,CCCN(CCC)CCC1=C2CC(=O)NC2=CC=C1.Cl
68827,C[C@@H]1CC[C@H]2[C@H](C(=O)O[C@H]3[C@@]24[C@H]1CC[C@](O3)(OO4)C)C
68844,CCN[C@H]1CN(S(=O)(=O)C2=C1C=C(S2)S(=O)(=O)N)CCCOC
68960,CC(C)CN=C=S
68986,CCC(C)(C)N
69027,CC(C)(C)C(=O)OC
69088,CC1=CC(=O)NC2=CC=CC=C12
69091,CC1=CC=C(C=C1)OC(=O)C2=CC=CC=C2O
69092,CCCOC(=O)C1=CC=CC=C1O
69137,CC1=CC=CC=C1NC
69154,COC1=CC=CC=C1CO
69175,COC1=CC(=C(C=C1)C=O)OC
69188,CCOC(=O)C1=CN=CC=C1
69201,CCOC(=O)C1=COC=C1
69203,CC(C)CCOC(=O)C1=CC=CO1
69214,CCCOC(=O)C(=O)OCCC
69220,CCC(CC)S
69278,COC1=CC=NC=C1
69301,COC1=CC(=CC(=C1)OC)OC
69305,CCOC1=CC=CC(=C1)C
69320,CCCC1=CC=CC=N1
69326,CCOC1=CC=C(C=C1)Cl
69346,CCCCCC(=O)CCCC(=O)O
69350,CCCCCCCOC(=O)CCCCCC
69351,CCCCCCCC(=O)OCCC
69354,CC(=O)CCC(=O)OC
69396,CC(C)CC[N+](=O)[O-]
69410,CC(=O)OCCCCOC(=O)C
69415,CCCCCN=C=S
69423,CCCCCCCCCCCCCCCCCC(=O)C
69435,C[C@@H]([C@H](C(=O)O)N)O
69460,C1CC2=CC=CC=C2NC1
69467,C1=CSC(=C1)CO
69503,C1=CC=C(C=C1)C(=O)C2=CC=CC3=CC=CC=C32
69516,C1=CC=C(C=C1)C(=O)C2=CC3=CC=CC=C3C=C2
69523,CC(C)C1=CC=CC=N1
69528,CCCCCOC(=O)CCC(=O)OCCCCC
69533,C(CCCN)CCCN
69550,CN1C2=C(C(=O)N(C1=O)C)N(C=N2)CC(=O)O
69568,C(CCN)C[C@@H](C(=O)O)N.Cl
69600,COC1=CC(=C(C=C1)C=O)O
69644,CCCCCCC(OCC)OCC
69674,CC(C)C1=CC=NC=C1
69675,CC1=CC(=CC=C1)NC
69694,C1CCC2=C(C1)CCC(=O)O2
69702,C1CCC(CC1)CCC(=O)O
69714,CC(=O)C1=C(C=CC(=C1)OC)O
69721,CC1(COC2(CCCCC2)OC1)C
69814,CC=CCCO
69828,C1CC1N
69884,CCOC(C1=CC=CC=C1)OCC
69885,CC(=O)C1=CC2=C(CCCC2)C=C1
69949,CC(C(=O)C)C(=O)C
69951,CCC(CC)C(=O)OC
69953,CC(C)C(=O)OCC(=C)C
69956,CC(C)CCOC(=O)CCC(=O)OCCC(C)C
69963,C=CCCCCO
69968,CCCCCCCCCCCCCCCCCCOC(=O)C
70024,CC(C)C1=CC=C(C=C1)C=C(C)C=O
70036,CC1=CC=C(C=C1)OCC2=CC=CC=C2
70103,CC1=NCCC1
70129,COC1=CC=C(C=C1)C#N
70153,CCCCCCCCC1=CC=CS1
70264,COC1=CCCCC1
70273,CC(=O)OC1CCCC1
70293,C1COC(O1)C2=CC=CC=C2
70303,CCCOCC1=CC=CC=C1
70324,CC(C)(C)C1=CC=C(C=C1)C=O
70328,CC(C)COCC1=CC=CC=C1
70337,CCCCCC(=O)C1=CC=CC=C1
70352,C1=CC=C(C=C1)COC2=CC=CC=C2
70354,C1CCCCCC(=O)OCCCCC1
70368,COC1(CCCCCCCCCCC1)OC
70452,CC(C)N(C)C
70456,CCCCCCCC(=O)N(CC)CC
70506,COC1CCC2=CC=CC=C12
70515,C1C(COC1=O)C2=CC=CC=C2
70520,CC(C)(CC1=CC=CC=C1)C=O
70634,C1C(OCO1)C2=CC=CC=C2
70694,CCCCCCOC(=O)CCCC
70699,CC(=CC#N)N
70701,CC(=O)CC(=O)OCC=C
70711,CCCCCCCCCCN(C)C
70745,CC(=O)C1(CCCCC1)O
70763,C1CCC(CC1)CCCO
70792,CC(C)C(=O)OC1CCCCC1
70796,C1CCC(CC1)CCCOC=O
70797,CCCCCCC1=CC=CC=N1
70912,CC(C)C[C@@H](C(=O)O)NC(=O)C
70917,CC(=CCCC(=CC(=O)OC)C)C
70960,CC1=C(C(=O)CC1)OC(=O)C
70968,CC1=CC=C(O1)C(=O)C(=O)C
70969,CC(C)(CC1=CC=CC=C1)N.Cl
70972,C1=COC(=C1)CC2=CC=CO2
70988,CCCCC1=CC=C(C=C1)C=O
70991,CC(=O)C1=C(C=CC(=C1)OC)OC
71074,C1CCN(C1)CC#CCN2CCCC2.Cl.Cl
71080,C[C@H](C(=O)O)N
71172,CC(C)NCC(COC1=CC=CC=C1OCC=C)O.Cl
71203,CC[C@@]12CCCN3[C@@H]1C4=C(CC3)C5=CC=CC=C5N4C(=O)C2
71399,CN1CCN(CC1)C2=NC3=CC=CC=C3OC4=C2C=C(C=C4)Cl.C(CC(=O)O)C(=O)O
71405,CN1CCN(CC1)CC(=O)N2C3=CC=CC=C3C(=O)NC4=C2N=CC=C4.Cl.Cl
71412,CC(CCC1=CC=CC=C1)NCC(C2=CC(=C(C=C2)O)C(=O)N)O.Cl
71414,C[C@H]1C[C@H]2[C@@H]3C[C@@H](C4=CC(=O)C=C[C@@]4([C@]3([C@H](C[C@@]2([C@]1(C(=O)COC(=O)C)OC(=O)C)C)O)F)C)F
71420,CN(C)C(=O)C(CCN1CCC(CC1)(C2=CC=C(C=C2)Cl)O)(C3=CC=CC=C3)C4=CC=CC=C4.Cl
71424,CCOC1=CC=CC=C1OCC2CNCCO2.Cl
71446,CC1([C@@H](N2[C@H](S1)[C@@H](C2=O)NC(=O)[C@@H](C3=CC=CC=C3)N)C(=O)OC4C5=CC=CC=C5C(=O)O4)C.Cl
71474,C(C(=O)[O-])C(CC(=O)[O-])(C(=O)[O-])O.O.O.[Na+].[Na+].[Na+]
71478,CNCCCC12CCC(C3=CC=CC=C31)C4=CC=CC=C24.Cl
71486,CC(C)(C)C(=O)OC1=C(C=C(C=C1)C(CNC)O)OC(=O)C(C)(C)C.Cl
71544,CC(C)COC(CC1=CC=CC=C1)OCC(C)C
71567,C1=CC=C(C=C1)C[C@H](C(=O)O)N
71587,C1CN(CCN1CCCN2C3=CC=CC=C3C=CC4=CC=CC=C42)CCO.Cl.Cl
71590,CCC=CCCC=O
71603,[2H]C1=C(C(=C(C(=C1[2H])[2H])C(=O)O)[2H])[2H]
71611,CC(C)(CC1=CC=CC=C1)NC.CC(C)(CC1=CC=CC=C1)NC.OS(=O)(=O)O
71616,C[C@@H](C1=NC=NC=C1F)[C@](CN2C=NC=N2)(C3=C(C=C(C=C3)F)F)O
71764,CN(CCCNC(=O)C1CCCO1)C2=NC3=CC(=C(C=C3C(=N2)N)OC)OC.Cl
71771,C1=CC=C(C(=C1)CC(=O)OCC(=O)O)NC2=C(C=CC=C2Cl)Cl
71815,CC1=NC=C(N1CC(C)O)[N+](=O)[O-]
72281,COC1=C(C=C(C=C1)[C@@H]2CC(=O)C3=C(C=C(C=C3O2)O)O)O
72363,C(CCN)C[C@@H](C(=O)N[C@@H](CCCCN)C(=O)N[C@@H](CCCCN)C(=O)O)N
72607,C[C@@H]1CC[C@@H](CC2=C1CC[C@H]2C)C(C)(C)O
72724,C[C@H]1CCC[C@]2(C1=C[C@H]3[C@@H](C2)OC(=O)C3=C)C
72872,CCOC1=CC=C(C=C1)C(=O)C
72894,C1=CC=C(C(=C1)N)S(=O)(=O)N
72918,CCCCCC1=CC=NC=C1
72919,CCCCCCCC1=CC=CC=N1
73114,C[C@]12CCCC(C1CC[C@@]([C@@H]2CC[C@](C)(C=C)O)(C)O)(C)C
73277,C1=CN=C(C=N1)Cl
73285,C[C@]12CCCC(=C)[C@@H]1C[C@H]3[C@@H](C2)OC(=O)C3=C
73689,COCC1=CC=C(C=C1)OC
73690,CCC1=CC=C(C=C1)OC
73750,CC(=O)SC
73771,CCCC1=CC=CS1
73772,CCCCC(=O)OC1CCCCC1
73818,CCCCC1=CC=CS1
73830,CC1(CCCC1)O
73847,CC(C)CC(=O)OC(=O)CC(C)C
73850,CCCCCC=CC(=O)O
73918,C1CCCCC(=O)CCCC1
73955,CCOC1=CC=C(C=C1)C
73957,CCCCOC1=CC=C(C=C1)OCCCN2CCOCC2.Cl
73961,CCOC(=O)CC[C@@H](C(=O)OCC)N
73985,CC(C)CCCCCN
74004,CC(C)C1=CC=NC2=CC=CC=C12
74005,CC(C)CC1=CC=NC2=CC=CC=C12
74008,CCCCCOC(=O)C1=CC=CO1
74010,CC(C)C1=CC=CC(=C1)CC=O
74048,CC1=CC(=C(C=C1C)O)C(C)(C)C
74096,CC(=O)OCCCC=C
74112,COC(=O)CC(CC(=O)OC)(C(=O)OC)O
74137,CCCCCC(OC)OC
74174,CCC=C(C)C(=O)OCC
74201,COC1=CC=CC=N1
74213,CCCC(C)(C)S
74273,CCOC1=CC=CC=C1OCC=C
74279,CCOC1(CCCCC1)OCC
74346,CCC1=CC=C(O1)C
74351,CC1=CC=C(C=C1)OC2=CC=CC=C2
74360,CCCCCCC1OCCO1
74361,CCCCCCC1OCC(CO1)O
74362,C1C(COC(O1)C2=CC=CC=C2)O
74365,CC=C(C)CCO
74408,C1CCCCOCCCCCCOC(=O)CCC1
74458,C=CCOC1=CC=CC=C1
74507,CCCOC(=O)CC(=O)C
74556,CCOCCC1=CC=CC=C1
74610,CCCCCC#CC=O
74626,C1=CC=C(C=C1)OC=O
74627,CC1=CC=C(C=C1)OC=O
74648,CC1=CC(=CC=C1)CCO
74667,C1=CC=C(C=C1)C=CC#N
74728,CCOC(=O)C=CC1=CC=C(C=C1)OC
74786,CCOC(=O)CCC=C
74791,CCCCCCCCCC#N
74807,C1=CC=C2C=C(C=CC2=C1)OC=O
74879,CC1=CC(=CC(=C1C(=O)C)C)C(C)(C)C
74901,CCCCC(=O)OCCC(C)C
74904,CCOC1=CC=CC=C1OCC
74914,CC(C)CCOC(=O)C(=O)OCCC(C)C
74915,CC(C)CCSSCCC(C)C
74977,CC(C)(C)C(=O)OCC1=CC=CC=C1
74989,C1CC(CCC1C2=CC=C(C=C2)Cl)C3=C(C4=CC=CC=C4C(=O)C3=O)O
75024,CC(C)(C(=O)OC)O
75028,C1=CC=C(C=C1)CCC2=CC=CC=N2
75033,C1=CC=C(C=C1)OCC=O
75045,C1=CC(=CC=C1C=O)N=C=S
75140,COC1=CC=C(C=C1)C(OC)OC
75153,CC(=O)OC(=C)C1=CC=CC=C1
75187,CC1=CC=C(C=C1)COC(=O)C
75189,CCCCCCCCC(=O)CC
75208,CC(C)(C)C1CCC2(CC1)OCCO2
75232,CCCCCCCCCCCCCCCC(=O)OCCC
75263,CC(C)N=C=S
75319,CCCCCCCCCCOC(=O)CCCCCCC
75320,CCCCCCCCCC(=O)OCCC(C)C
75321,CCCCCCCCCC(=O)OCCCCCCCC
75364,CCCCCCCCCCCCC(=O)C
75427,C[C@H](CCC=C(C)C)CC=O
75468,CCOC(C1=CC=C(C=C1)OC)OCC
75469,CCOC(C1=CC=C(C=C1)C)OCC
75486,C1CCC(CC1)OC(=O)C2=CC=CC=C2
75513,CCC(=O)SCC
75515,CCCCCC(=O)SC
75538,CCCCCCCCNC
75552,C=CCSSSSCC=C
75554,CCCCCOC(=O)C(C)C
75605,CN(C)CC(=O)O.Cl
75634,C(CCN)CCO
75645,C1CC(C1)N
75646,C1CC1CN
75664,CC1=C(C=CS1)S
75679,CCOC1=C(C=C(C=C1)C=O)O
75695,C1CCCCCCCC(=O)CCCCCCC1
75715,CCOC1=C(C=CC(=C1)C)O
75724,CC(=CCCC(=CCOC)C)C
75735,CC[C@H](C)[C@@H](C(=O)OC)N
75809,C(CC(=O)O)CBr
75836,CCCCCCCCCOC(=O)CCC
75865,CCCCCNC1=CC=CC=C1
75908,CCCC1=CC=C(C=C1)N
76141,CC(=C)CN
76152,CC1=NC=CN=C1SC
76153,CC1=CN=C(C=N1)OC
76199,CC(C)(C)C1=CC=C(C=C1)N(C)C
76204,CCCCCCCCCCCCOC(=O)C1=CC=CC=C1
76310,C1C(CC2=CC=CC=C21)N
76326,CCC(CC)C(=O)OCC
76334,COC1CCCCCCCCCCC1
76551,CC[C@@H](C)[C@H](C(=O)O)N
76621,C1COCCN1C(=N)N=C(N)N.Cl
76622,CC(=O)C1=CC2=C(C=C1)OCO2
76654,C(C[C@@H](C(=O)O)N)CN.Cl
76662,CCC(=O)C1=CC=CO1
76674,CC1=CC(=CC(=C1)OC)O
76688,C1CCC(CC1)CN
76722,CC(CCC=C(C)CCC=C(C)C)OC(=O)C
76731,CCC1=CC=C(C=C1)OC(=O)C
76751,CC1=CC=C(C=C1)CCN
76877,C1CCCCC(=O)CCC1
76888,CC(C)NCCCN
76889,C1=CC=C(C=C1)CCCCO
76922,C=CCCN=C=S
76963,CC(=O)OC(C)(C)C1=CC=CC=C1
77129,CC1=NC=CS1
77151,CCSSSCC
77153,C1CCCCCCC(=O)CCCCCC1
77212,CC(C)C1CCC(CC1)CCO
77223,CCCCC(OCC)OCC
77224,CCCCCC(OCC)OCC
77225,CCCC(OCC)OCC
77226,C1CCCCCCCCC(=O)CCCCCCC1
77255,CCCCCCCCCCCC(=O)OCCC
77260,CC(=C)C(=O)OCCC1=CC=CC=C1
77289,CCCCCCCCSC
77366,CC(C)COC(=O)CCC(=O)C
77501,C=COCCCCOC=C
77544,CCOC(=O)COC
77577,CC(C)(C(C)(C)[N+](=O)[O-])[N+](=O)[O-]
77610,CC1=CC=CC=C1OC2=CC=CC=C2
77652,CC1=CC=CC=C1SSC2=CC=CC=C2C
77680,CC(C)(C)NCCNC(C)(C)C
77698,COCC(=O)C1=CC=CC=C1
77727,C1CC(=O)CC=C1
77743,CSCCCN
77756,CCCC(=O)OC1=CC=CC=C1OC
77775,C(C=O)S
77777,COC1=CC=CC=C1OCC=C
77837,CC1=CN=C(S1)C
77844,CC1=CC(=CC(=C1)OC)OC
77845,CCCCCCCCC1=CC=CO1
77907,CCCC1=CC=CO1
77926,C1=CC(=CC=C1CCC(=O)O)CCC(=O)O
77932,CC(C)SSC(C)C
77991,CCN(C)C(=O)OC1=CC=CC(=C1)[C@H](C)N(C)C
77995,CN(C)CCCC1(C2=C(CO1)C=C(C=C2)C#N)C3=CC=C(C=C3)F.Br
78006,CC1=CCC=CC1
78052,CCCC[C@@H](CC)C(=O)O
78067,CCCCCCCC1OCCO1
78090,CCCCCCN(C)C
78120,CCCCCCN=C=S
78126,C1=CC=C(C=C1)CCS
78151,CCC(C)N=C=S
78160,CSCCCCN=C=S
78167,CCCCCCCCCCC(=O)C1=CC=CC=C1
78199,CCOC(=O)CSC
78207,CCCCN(CC)CCCC
78215,CC1=C(C(=CC=C1)OC)OC
78230,CC(C)C1=CC=C(C=C1)CC(=O)O
78236,CCCCCC(=O)CCC
78245,CCCCCC=CC=CC(=O)OC
78252,CC1=CC=C(C=C1)CS
78293,CCC1CCC(CC1)O
78302,CNCCCN(C)C
78400,CC1=CC(=C(C=C1)C(=O)OC)O
78405,CCCC1=CN=CC=C1
78435,CC1=CC(=C(C(=C1C(=O)OC)O)C)O
78462,CC1=CC=CC=C1OC2=CC=CC=C2C
78476,C1C(COC(O1)CC2=CC=CC=C2)O
78484,CCCCCCOC
78485,CC(C)NC
78625,CC1=CC(=CC(=C1)N(C)C)C
78639,CCC(=O)CC(C)(C)C1=CC=CC=C1
78640,CC(=O)CC(C)(C)C1CCCCC1
78750,CCCCC1=CC=CC=N1
78760,CCOC1=CC=C(C=C1)OC
78879,CC(=C)CCOC(=O)C
78903,CC(=O)OC1(CCCCC1)C#C
78925,CSCCO
78932,CC=CC1=CC(=C(C(=C1)OC)OC)OC
78941,CCCCC(=O)OC1CC(CCC1C(C)C)C
78949,C1C2CC(C1C=C2)C(=O)O
78953,CCN(CC)CCCC(C)N
78954,CC(=CCCC(=CC=CC(=O)C)C)C
79016,CC1=CC(CC(C1)(C)C)O
79023,CC1=C(C(=O)C(CC1)C(C)C)O
79025,C([C@@H]1[C@H]([C@@H]([C@H]([C@H](O1)O)O)O)O)O
79028,C1CC2CC1CC2O
79032,CC1=CCCC(C1)(C)C
79035,CC1(C2CC3C1(C3C2)C)C
79036,CC1=CC(=O)C(CC1)C(=C)C
79044,CC1=CC2C(C2(C)C)CC1
79049,CCC(C)OC=O
79050,CCCCCCCCCCCCCC(=O)OCC(CO)O
79064,CC(=O)OCC1C(C(C(C(O1)OC(=O)C)OC(=O)C)OC(=O)C)OC(=O)C
79065,CCC(C(=O)C)C(=O)OCC
79086,CC(C)CCN=C=S
79089,CC1=CSC=C1C
79098,COC1CCC(O1)OC
79114,C1CCCCCCC(=O)CCCCC1
79117,CCCCOC(C)OCCCC
79148,C(CCS)CS
79187,CCCCCCCCC(=O)OCCCCCCCC
79240,CCCCOCCC1=CC=CC=C1
79248,CCCC(=O)C1=CC=CS1
79298,CCCCOC(=O)C1=CC(=C(C=C1)O)OC
79302,CCC(C)(C)C1CCC(CC1)O
79306,CCN(CC)CCC#N
79310,COCC1=CC=C(C=C1)O
79406,COC1=CC=C(C=C1)CCCO
79409,CC1(COC(OC1)(C)C2=CC=CC=C2)C
79457,CC(C)COC(=O)CCCCCCCCC=C
79487,CC(C)COC(=O)COC1=CC=CC=C1
79509,CC(CO)C1CCCCC1
79541,CCCCCCCCCCOC=O
79544,CCCCCCCOC(=O)CCCC
79545,CCCCCCCCOC(=O)CCCC
79546,CCCCC(=O)OCCCC1=CC=CC=C1
79547,CCCCCCCCCOC(=O)C1=CC=CC=C1
79552,CCCCCCC(=O)OCCC1=CC=CC=C1
79554,CCCCCCC(=O)OCC1=CC=CC=C1
79555,CCCCCCCCCCOC(=O)C(C)C
79578,CC(C)OC(=O)CCCCCCCCC=C
79581,CCCCCCCCCCCOC(=O)CCC
79582,CCCCCCCC(=O)OCC(C)C
79735,CCC(=O)C1=CC(=C(C(=C1)OC)O)OC
79738,COC1=CC=CC(=C1OC)CO
79742,C1CCCCNCCC1
79753,CC(C)COC(C)OCC(C)C
79762,CCC(CC)C(=O)C1=CC=CC=C1
79782,COC1=CC=C(C=C1)CC=O
79803,C1CC=NC1
79813,CCCCOC1=CC=C(C=C1)C=O
79828,CSSSSC
79831,CN(C)C(N(C)C)N(C)C
79882,CC(C)(C)CN
79911,CC1=C(SC=C1)C=O
79990,CCC1=CC(=C(C=C1)OC)OC
80018,CCCCCC(C)OC(=O)C
80024,CSC(=O)C1=CC=CC=C1
80046,CC(C)SSSC(C)C
80080,CCCCCC[C@@H](C)O
80108,CCCCCCCCC(=O)C1=CC=CC=C1
80148,CCCCCCCCCC(=O)C1=CC=CC=C1
80201,CCOC(=O)C1=C(C=C(C=C1C)OC)O
80208,C1=CC=C(C=C1)CC[N+](=O)[O-]
80282,C(CCN)CCN.Cl.Cl
80284,CC(C)CSSCC(C)C
80311,CN(C)CCN(CC1=CC=C(C=C1)Cl)C2=CC=CC=N2.Cl
80326,CCC=CCCCO
80345,CCOC1=CC=C(C=C1)CO
80353,CC(=O)OC1CCCCCCCCCCC1
80354,CCCCCCCCCCCCOC(=O)CC
80356,CC(=O)OCCCCCCOC(=O)C
80388,CCCCCC(=O)OC1CCCCC1
80407,COC1=CC=C(C=C1)CS
80408,C1=CSC(=C1)CS
80420,CCCCCCCOC(=O)C1=CC=CC=C1O
80454,CC(C)C(=O)OCC1=CC=CO1
80455,CCOCC1=CC=CO1
80511,CNCCCN
80584,CCOC(CC1=CC=CC=C1)OCC
80585,CCC(CC)C(=O)OCCC1=CC=CC=C1
80604,CC1CCC(CC1)N
80606,CCCCC(=O)OCC=C
80790,CC1=C(C=C(C=C1)C(C)C)OC
80792,CC1=C(C=C(C=C1)C(C)C)OC(=O)C
80795,CCCCCOC(=O)CS
80799,CCCCCCCCCCCCCCCCCC(=O)OCCCCC
80800,CCCCCOCC1=CC=CC=C1
80865,CCOC(=O)CC1(OCCO1)C
80922,CC1=CC(=C(C(=C1)OC)OC)OC
80933,CC(C)C1=CC=CC2=C1N=CC=C2
80960,CCCCCCCCC(=O)OCC1=CC=CC=C1
81006,CCCCCCCCC(=O)OCCC
81013,CC(C)C1=CC=CC=C1[N+](=O)[O-]
81040,CCCCOC(=O)C1CCCCC1
81045,CCCCCCCCC(=O)OCCCCCC
81102,CCCCCC(=O)OCC1=CC=C(C=C1)OC
81203,CC(=CCCC(=C)C)C
81221,CC1=CC(=C(C=C1)OC)C
81257,CCCCCCSC#N
81263,C[C@@H](CCCC(=C)C)CCO
81266,CCCCCOC(=O)CCCCCCCCC(=O)OCCCCC
81323,CC1=CCC(=C(C)C)C(=O)CC(=CCC1)C
81353,CCCCOC(=O)C1=CN=CC=C1
81359,CC(=O)CCC(=O)OCC1=CC=CC=C1
81391,CCOC(=O)C1=CC2=C(C=C1)OCO2
81454,CC(C)CCC1=CC=CC=N1
81464,CCCCCCCOC(=O)CCCCC
81572,CC(=CCCC(=CCOC(CC1=CC=CC=C1)OCC=C(C)CCC=C(C)C)C)C
81573,CCC(=O)OC(C)(CCC=C(C)CCC=C(C)C)C=C
81591,CCCCCCCOC(=O)C1=CC=CC=C1
81635,C1COC2=CC=CC=C2OC1
81659,CCSCCC(=O)O
81739,CC(=O)OCCC(=C)C1=CC=CC=C1
81741,CC(=O)CC(=O)C(C)(C)C
81746,CCCCCCCCCCCCNC
81769,CCCCCC=CC=CC(=O)OCC
81770,CC(C)(CN)CN
81784,CCOC(=O)C1=CC=CC=C1OC
81788,CC(C)CCOC(=O)C(=C)C
81834,CCCCCCCC=CC(=O)OC
81894,CCCC(=O)OCCCC1=CC=CC=C1
81898,CC(=O)CC(C)(C)C1=CC=CC=C1
81902,CC1=C(C(=C(C=C1)C(C)C)O)Cl
81964,CCCCC(=O)OCCC1=CC=CC=C1
82023,CC(C)NC(C)(C)C
82153,C[C@]12C[C@@H]([C@H]3[C@H]([C@@H]1C[C@@H]4[C@]2(OC(O4)(C)C)C(=O)CO)C[C@@H](C5=CC(=O)C=C[C@]35C)F)O
82202,C1=CSC=C1S
82225,CCCCCOC(=O)C(=CC)C
82226,CCCCOC(=O)C(=CC)C
82227,CC1=CC[C@@H]2C[C@H]1C2(C)C
82229,C[C@@]12CC[C@@H](C1)C(C2=O)(C)C
82321,CCCCOC(=O)CS
82334,CCNCCCNCC
82336,CN(C)C1=CC=CC=C1C(=O)OC
82349,CC(C)C1=CC=C(C=C1)CCO
82397,C1=CC=C(C=C1)CCOC(=O)CCO
82493,CC(C)CC(CC(C)C)OC(=O)C
82511,CCCCCCCC(=O)OCC1=CC=CC=C1
82556,CCCCCCC=CCCO
82584,CCCCC(=O)OCC1=CC=CC=C1
82605,CCCCC(=O)OCC=C(C)CCC=C(C)C
82610,CCC(=O)OC1CCC(CC1)C(C)(C)C
82613,CCCCC(=O)OC1=CC=C(C=C1)C
82635,CCCCCCCCCC(=O)OCCCCCC
82650,CCOC(=O)CCCCCCCCCCC(=O)OCC
82661,CC=C(C)C(=O)OCCC(C)C
82662,C1CCC2=C(C1)C=CC=C2CC=O
82664,CCCCOC1=CC2=CC=CC=C2C=C1
82674,C1CC(=O)C(=C1)O
82694,CCCCCCCCC#CC(=O)OCC
83035,CCCCCOC(C)OCCCCC
83036,CC(C)CCOC(C)OCCC(C)C
83069,CCCCN1CN(CN(C1)CCCC)CCCC
83131,CNCCCCCCNC
83201,COC1=C(C(=C(C=C1)CN2CCNCC2)OC)OC.Cl.Cl
83268,CC(C)CCCC(C)(C)O
83352,CC1CCC(CC1)OC(=O)C
83367,CC(C)(CC1=CC=CC=C1)CO
83384,C[C@@H]1CCCC(=O)C1
83453,CC(C)CC(OCC(C)C)OCC(C)C
83466,CCOCCOCCC(C)C
83553,CCOC(C1=CC=CO1)OCC
83592,CC1=C(C(=O)N(N1C)C2=CC=CC=C2)NC(C)C.Cl
83652,CC(=O)C(=O)C1=CC=CS1
83653,CC1=C(SC=C1)C(=O)C
83655,CC1=CC=C(S1)C(=O)C
83763,CC(C)C1CCC(CC1)CO
83797,CC(=O)CC=C
84003,C1CN2C(=CC=C2C(=O)C3=CC=CC=C3)C1C(=O)O.C(C(CO)(CO)N)O
84029,CC[C@@H]1[C@@]([C@@H]([C@H](C(=O)[C@@H](C[C@@]([C@@H]([C@H]([C@@H]([C@H](C(=O)O1)C)O[C@H]2C[C@@]([C@H]([C@@H](O2)C)O)(C)OC)C)O[C@H]3[C@@H]([C@H
84216,CCCC=CC(=O)CC
84234,CSSC1=CC=CC=C1
84328,C=CCOCCC1=CC=CC=C1
84338,CCCCCCCCCCCCCC(=O)OCCC
84352,CCNCC1=CC=CC=C1
84398,CC=CC1=C(C=CC(=C1)C(C)C)C
84467,CCCCCCCC(=O)CCC
84542,C=CCOCC1=CC=CC=C1
84552,CC(C)(C)NC
84556,CCCC(=O)OC1=CC=C(C=C1)C
84559,CCCCCCCCCCCC(OC)OC
84614,COC1=CC=C(C=C1)C=NC2=CC=CC=C2C(=O)OC
84630,C1OC2=C(O1)C=C(C=C2)C=CC=O
84682,CC[C@@H](C)O
84815,CSCC[C@H](C(=O)O)N
84825,CC1=C(OC=C1)CC=C(C)C
84880,CC1([C@@H]2CC[C@H]([C@H]1C2)CO)C
85053,CCC1=NC=CS1
85071,CC(C)C(=O)OCC=C
85073,CCC1=CN=C(S1)CC
85224,CCCC1=NC=CN=C1C
85238,CNCCCCNC
85418,CCCCCCCCOC(=O)CC(=O)C
85519,CC(=O)OCCCSC
85520,CCCC(=O)OCCCSC
85521,CCOC(CCSC)OCC
85522,COC(=O)CSC
85567,CC1=C[C@@H]([C@@H](CC1)C(C)C)O
85568,CC1=C[C@@H]([C@H](CC1)C(C)C)O
85652,CCCCCCCCOC(=O)CC(=O)OCCCCCCCC
85703,CCC=CCCC1(CCC(=O)O1)C
85724,CC(=O)OC1CC2CC1C3C2CCC3
85730,CC1C(=O)C=C(O1)C
85734,CC(=CC(CC(=C)C=C)O)C
85741,CCCCC(=O)OC(C)(C)C1CCC(=CC1)C
85755,CC1=CCC(CC1)C(C)(C)OC
85788,CCCCCCCC(C)OC(=O)C
85789,CCCCCCCCCC(C)OC(=O)C
85803,CCOC(=O)C1CCC=CC1
85826,CCOC(C(C)C1=CC=CC=C1)OCC
85833,CC1=CCC(C1(C)C)CC#N
85862,CC(CCCN)CN
85903,CC1=CCC(CC1)C(C)CCO
85979,CC(CC=O)C1=CC=CC=C1
85994,CCCCCC(=O)OCC(CC)CCCC
86002,CCCCCC=C1CCCCC1=O
86015,CC=CC=CCOC(=O)C(C)C
86016,CCC(=O)OCC=CC=CC
86025,CCOC(=O)C1C(O1)C2=CC=C(C=C2)OC
86043,CC(CC(=O)O)SC
86044,CCCCCC(C)C=O
86094,CCCC(=O)OCC=CC=CC
86114,CC1=C(C2(CC1CC2CO)C(=C)C)C
86208,CC(CC=O)C1=CC(=CC=C1)C(=C)C
86209,CC(C)C1=CC(=CC=C1)C(C)CC=O
86536,CC(C1=CC=CC=C1)N(C)C
86558,CCC1(CC(=O)C(=C(C1C)C)C)C
86559,CCC1(C(C(=CC(=O)C1C)C)C)C
86573,CCCCCCC=CC(=O)OCC
86575,C(C1C2C(C(C(O1)OC3C(OC(C(C3O)O)OC4C(OC(C(C4O)O)OC5C(OC(C(C5O)O)OC6C(OC(C(C6O)O)OC7C(OC(C(C7O)O)OC8C(OC(C(C8O)O)OC9C(OC(O2)C(C9O)O)CO)CO)CO)CO)C
86579,CCC(=O)OC1CC2CC1C3C2C=CC3
86597,CC1=CCC(CC1)C(=CCC=C(C)C)C
86608,CC1=CCC2CC1C2(C)CCC=C(C)C
86609,CC1CCC(C2C13C2C(=CC3)C)C(C)C
86636,CC(CC(=O)C)C1=CC=CC=C1
86678,CC(CCC(=O)C)C1=CC=CC=C1
86705,CC12CCC3C(C1CC=C2)CCC4C3(CCC(=O)C4)C
86707,CC1C2CC(C1=O)CC2(C)C
86732,CC(C)CC1CCC(=O)O1
86733,CC1COC(O1)CC(C)C
86736,CCCCCCC1CCOC1=O
86741,CCC(C)OC(=O)C(C)O
86748,CC(C)CCCC(C)(C=C)O
86749,CCC(C)(CCC=C(C)C)O
86750,CCC(C)(C=CC=C(C)C)O
86751,CCC(C)CCCC(C)(C)O
86753,CC1=CCC(CC1)C(C)CO
86782,CCC(C)CC(CC)O
86783,CCC(CCC(C)C)O
86785,CC1CCC(C1)O
86799,CCCCCC1COCCC1OC(=O)C
86834,COC(=O)C1C(O1)C2=CC=CC=C2
86848,CCOC1CC2CCC1(C2(C)C)C
86850,CC1CCC(CC1O)C(C)C
86851,CC(C)CCOC(=O)C(C)O
86852,CCCCC1CCOC1=O
86869,CC(C)C1=CC2=C(C=C1)C3(CCCC(C3CC2)(C)C)C
86882,CCCCCCCC=CCOC(=O)C
87045,CCCCCCCCCCC(=O)OCC=C
87083,CC1=CC(=CC=C1)COC(=O)C
87085,CC1=CC=CC=C1COC(=O)C
87166,CCCCCCOCC(OC)OC
87170,CCOC1=CC=CC=C1OC
87198,CCCC1=NC=CS1
87200,CCCCCCOC(=O)C=C(C)C
87307,CC(C)C1=CC2=CC=CC=C2N1
87436,C=CCCCN=C=S
87453,C1C2COCOC2C3=CC=CC=C31
87466,CCCC1=NC=CN=C1
87499,CC(C)OC(=O)C1=CC=CC=C1N
87500,CCCCCCOC(=O)C1=CC=CC=C1N
87501,CCCCCCCCCCOC(=O)C1=CC=CC=C1N
87529,CC(C)[C@@H]1CC[C@]2([C@H]3C1C2CCC3=C)C
87598,CCCCC(=O)OC(C)C
87630,CCCCCCCC=CCO
87632,CCCCCC=CC=CCO
87637,CCCC1=NC(=CN=C1C)C
87671,CCC(=C)CCCC(C)(C)O
87677,CCC=CCCC(OCC)OCC
87680,CCCCCCC1=CCCC(=O)O1
87704,CC1(O[C@@H]2[C@H]([C@H](O[C@@H]2O1)[C@@H](CO)O)O)C
87762,CCSCCCO
87793,CCCCCCC1=CC=CS1
87813,CCCCCCCCC(OC)OC
87947,CC(CCC=C(C)C)OC(=O)C
87972,CN1CC(=O)N=C1N.Cl
87985,CC=C(C)COC(=O)C
88038,CCC(CC)C(CC)CC
88068,COC(=O)C1=CC(=CC=C1)O
88098,CC(C)NCCN
88211,C(CO)CS
88261,C(CCCCCCCO)CCCCCCO
88267,CC1=CC=CC=C1CCO
88288,C[C@@H]1CC[C@@H]2[C@]13CC[C@]([C@H](C3)C2(C)C)(C)OC
88290,CC(=O)CC(C)(C)S
88301,CC1([C@H]2CC=C([C@@H]1C2)CO)C
88318,CCNC(C)C
88332,CC1=CCCC(C1=O)(C)C
88362,CCC(=O)C(OCC)OCC
88398,CCCNCC
88399,CCCCNCCC
88453,CCCCCOC(=O)CCC(=O)C
88454,CCCCCCOC(=O)CC
88471,CCCCCCOC(=O)CS
88480,CC(=O)O[C@@H]1CCCC[C@@H]1C(C)(C)C
88481,CC(=O)O[C@@H]1CCCC[C@H]1C(C)(C)C
88561,CCC(=O)OC(C)(C)C
88651,COC(=O)CCC1CCCCC1
88655,CC(C)(C)C1CCC(CC1)C=O
88667,CCC(=O)OCC(=C)C
88710,CC1=CC=C(C=C1)CC(C)(C)O
88792,CC(C)(C)C1=C(C=CC(=C1)OC)OC
89084,CC(C)OC(=O)CCC(=O)C
89119,CCCNC(C)C
89274,CCCCC(C=CC)O
89284,CCCCCCCC(=CC1=CC=CC=C1)C=O
89285,CC1CCOC(C1)CC(=O)C
89306,CCC(=O)OC1CC2CCC1(C2(C)C)C
89307,CCCCCC(CC)OC(=O)CCC
89316,CC(C)C1=CC(C(CC1)(C)C=C)C(=C)C
89382,CC(CCC=C(C)C)CCOC(=O)C=C(C)C
89385,CCC(C)(CCCC(C)C)OC(=O)C
89437,CC(C)C1CCC(CC1)(C)O
89440,CC1CC(C2=C(C1(C)C)C=C(C(=C2)C(=O)C)C)(C)C
89463,CCCC(CC(=O)OC)OC(=O)C
89464,CCCC(CC(=O)OCC)OC(=O)C
89479,CC1(CCCC23C1CC(CC2)(C(=O)O3)C)C
89488,CC(C)C1CCC(=CC1)C=O
89539,CC1CC(=O)C(=C1C)O
89559,CCCCCC1C=CC(=O)O1
89560,CCCCCCC(C=C)O
89594,CN1CCC[C@H]1C2=CN=CC=C2
89597,CC1=CC(=C(C=C1)NC(=O)C(C(=O)C)N=NC2=C(C=C(C(=C2)Cl)C3=CC(=C(C=C3Cl)N=NC(C(=O)C)C(=O)NC4=C(C=C(C=C4)C)C)Cl)Cl)C
89715,CN(C)C1=CC(=CC=C1)N(C)C
89723,CC(CCC=C(C)C)CC=NO
89734,CC(=O)CC(=O)OCCOC
89802,CC1=CC(=C(C=C1)O)C(=O)OC
89803,CCOC(=O)OC1=CC=C(C=C1)C
89857,CC(C)(C)OC(=O)N[C@@H](CCSC)C(=O)O
90010,CCN(CC)CCOCCOC(=O)C1(CCCC1)C2=CC=CC=C2.C(C(=O)O)C(CC(=O)O)(C(=O)O)O
90045,CN(C)CCCSC(=N)N.Cl.Cl
90049,CC(=CCCC(=CCCC1=COC=C1)C)C
90099,CC1=CC=C(C=C1)OCCC(C)C
90136,CCCC(=O)OCCOC1=CC=CC=C1
90160,CC(OCC1=CC=CC=C1)OCC2=CC=CC=C2
90245,CCC(=O)C1=C(C=CO1)C
90246,CC(C)CC(=O)SC
90248,CC(C)C1=C(C(=C2C(=C1)CCC2(C)C)C(C)C)O
90250,CCCNCCCN
90266,COC1=CC=C(C=C1)CC(=O)OC
90388,CCOC(=O)[C@H](CC(=O)N)N
90486,CCOC(=O)C=CC1=CC2=C(C=C1)OCO2
90552,CC1=C(C=CC(=C1)OC)OC
90586,CCO[C@@H]1C[C@@H](CC(C1)(C)C)C
90592,CC=C(C)C(=O)OCCC(C)CCC=C(C)C
90607,C1=CC=C(C=C1)CCCOC(=O)C2=CC=CC=C2O
90720,CC1=C(C(CCC1)(C)C)C=CC(C)OC(=O)C
90733,CCCCCCCCCC=CCO
90773,CC(CC(C)(C)C)C(=C)C=O
90776,CC(CCC=C(C)C)C(=C)C=O
90785,CC1CCC2=C(CCC(CC12)C(C)(C)O)C
90787,CCC(C)CC(=NO)CC
90806,CC1=CCC(CC1)C2(CCC(C(O2)(C)C)O)C
90818,CCCCCCCCCCC=CC#N
90843,CCOCCC(C)CCCC(C)C
90848,CCCCCCCCOC(=O)C=CC
90884,CC1C(OC(C(O1)(C)O)C)(C)O
90899,CC(=O)C=CC12C(CCCC1(O2)C)(C)C
90927,CCCCCC(CCO)O
90928,CCCCCCC(CCO)O
90960,CC(CC(=O)O)CC(C)(C)C
90972,CCOC(=O)C(C)SSC
90978,CC1(CCC(=O)C2C13CCC(C3)C2(C)C)C
90984,CC1(C2CCC(C1C2)(C)S)C
91104,CC1=CCCC(=C)C=CC(CC1)C(C)C
91116,CC(CCC=C(C)CCC=C(C)C)CO
91147,CCCCC1C=C(CC(O1)C)C
91162,CCCCCC(C(=O)C)C(=O)OCC
91163,CCCCCCCCC(C(=O)C)C(=O)OCC
91195,CC1=CC(=O)C2(C1C2)C(C)C
91226,CC(C)C(=O)OC1CC2CCC1(C2(C)C)C
91268,CN1C2=C(C(=O)N(C1=O)C)NC=N2.O
91337,CC(C1CCCC(C1)(C)C)OC=O
91338,CC(C1CCCC(C1)(C)C)O
91339,CC(C1CCCC(C1)(C)C)OC(=O)C
91340,CCOC(C=CC1=CC=CC=C1)OCC
91354,CC1CCC2C1C3C(C3(C)C)CCC2=C
91361,CCCCCCCCCCCCCC(=O)OCC(C)C
91388,CC(=O)C1CCCC(C1)(C)C
91409,CCOC(C)OC(C)C
91435,CC(C(=O)[O-])O
91436,CCCCCCCCC=CCCCCCCCC(=O)[O-]
91442,CCN(CC)C(C)C(=O)C1=CC=CC=C1.Cl
91457,C[C@]12CCCC(=C)[C@@H]1C[C@@H](CC2)C(C)(C)O
91463,CC1=CCC(CC1O)C(C)(C)O
91496,CC(=C)C1CCC2(C(C1)O2)C
91497,CC1COCC2=CC3=C(C=C12)C(C(C3(C)C)C)(C)C
91505,CCN(CC)CC#CCOC(=O)C(C1CCCCC1)(C2=CC=CC=C2)O.Cl
91508,CC1(C2CC1C3(C(C2)O3)C)C
91513,C1CN(CCN1CCOCCO)C(C2=CC=CC=C2)C3=CC=C(C=C3)Cl.Cl.Cl
91604,CC(C)(CCCC1=CCC(CC1)C=O)O
91610,CC1(C2=C(C=C(C=C2)OC)C(=O)N(C1=O)CCC3=CC=C(C=C3)S(=O)(=O)NC(=O)NC4CCCCC4)C
91668,CC1=C[C@@H]2[C@H](CC[C@]3([C@H]2CC[C@@]3(C(=O)C)OC(=O)C)C)[C@@H]4C1=CC(=O)CC4
91696,CC1C(C2=C(C1(C)C)C=C(C(=C2)C(=O)C)C)C(C)C
91849,CCC(C)C(=O)OCC1=CC=CC=C1
91850,CCCCCCCOC(=O)CC(C)C
91936,CC(CCC=C(C)C)CCOC
91978,CC(C)CCOCCC1=CC=CC=C1
91979,CC(C)C=C1C2=CC=CC=C2C(=O)O1
92002,CC=C(C)C1CCC(O1)(C)C
92018,CC(=CCC(C)(C=C)C=O)C
92083,CCC=CC=CC=CC=O
92131,C[C@]12CCCC([C@@H]1CCC(=C)[C@@H]2CCC(C)(C=C)O)(C)C
92138,CC(=C)[C@@H]1C[C@@H](CC[C@@]1(C)C=C)C(C)(C)O
92139,CC1=CC=C(C=C1)C(C)CCC=C(C)C
92163,CCCNC(C)C(=O)NC1=CC=CC=C1C.Cl
92178,CN1CCN(CC1)CCCN2C3=CC=CC=C3SC4=C2C=C(C=C4)S(=O)(=O)N(C)C.CS(=O)(=O)O.CS(=O)(=O)O
92210,CCC1OCC(O1)C
92221,CC1([C@@H]2CC[C@@H](C2)C1=C)C
92231,C[C@@]1(CC[C@@H]2[C@@H]1[C@H]3[C@H](C3(C)C)CCC2=C)O
92292,CC1C(C2=C(C1(C)C)C(=O)CCC2)(C)C
92301,CC(=C[C@H](CC(=C)C=C)O)C
92313,CC1=C[C@H]2[C@H](CC1)C(=C)CC[C@@H]2C(C)C
92524,CC(=O)OC1CCC(OC1(C)C)(C)C=C
92543,CC(CC1=CC=CC=C1)C(C)O
92572,CCCCCC(=O)OCC=CCCC
92595,CC(C)CC(=O)OC(C)C1=CC=CC=C1
92606,CC1(CCC=C(C1)C(=O)CCC=C)C
92640,CCCCC(CC)COC(=O)CCS
92646,CC(C)CCCC(=CC=O)C
92651,CCCCCC=CCCCO
92722,C[C@@H]1CCN([C@H](C1)C(=O)O)C(=O)[C@H](CCCN=C(N)N)NS(=O)(=O)C2=CC=CC3=C2NCC(C3)C
92737,CC(C)CCCC(C)CCCC(C)C=O
92770,CC1CCC2C1C(=O)OC=C2C
92776,CC1=CC[C@@H](C=C1)[C@@H](C)CCC=C(C)C
92780,CC(C)C1CCC(=O)C=C1
92793,CC1CCC(=C(C)C)C(C1)O
92806,CCN(CC)CCOC(=O)C(C1CCCCC1)C2=CC=CC=C2.Cl
92814,CC(C)COC(=O)C(C)O
92821,CCCOC(=O)C(C)O
92831,CCOC(=O)[C@H](C)O
92833,CCC(CC1=CC=CC=C1)O
92841,COC1=CC=C(C=C1)C=CC(=O)OC
92844,CN(C)CCC(=O)C1=CC=CC=C1.Cl
92862,CC(=CCCC(=CCCC(=CCCC(C)(C=C)O)C)C)C
92863,CC(C)([C@@H](C(=O)O)N)S
92874,CC1=CC(=O)[C@H]2C[C@@H]1C2(C)C
92876,CC(CN(C)C)C(C)(CC1=CC=C(C=C1)Cl)O.Cl
92927,CCCCC(C)C(=O)C
92972,CC(=O)OC[C@H]([C@H]([C@@H]([C@H](C=O)OC(=O)C)OC(=O)C)OC(=O)C)OC(=O)C
92979,C[C@]12CC[C@H]3[C@H]([C@@H]1CC=C2)CCC4=CC(=O)CC[C@]34C
92986,C=CC(C1=CC=CC=C1)O
92998,CC(C)C1CCC2(C(C1=O)O2)C
93009,CC(=O)O[C@@H]1C[C@@H]2CC[C@]1(C2(C)C)C
93029,CC=CC1=CC=CC=C1O
93046,CC1(C2CCC3(C1C2)CO3)C
93052,CCCCCCC(=O)[O-]
93081,C[C@@H]1CC[C@H]([C@H]2[C@]13[C@@H]2C(=C)CC3)C(C)C
93111,CCC1=C(C(=O)C(O1)C)O
93190,CCCCCCCNC
93199,CC(=CCCC1=CCC(CC1)C=O)C
93214,CC(C)CC1=CC=C(C=C1)C(=O)C
93236,CSCSSC
93317,CC1=CC[C@H](CC1)C(C)(C)OC(=O)C
93320,CSCCCCC#N
93331,C=CC1CCCCCCC1
93366,CCCC=CC(OCC)OCC
93375,CC1C=C(CCC1C=O)C
93447,CCC(C)CCC(C)CCCCC(C)C
93573,C(C(CO)(CO)N)O.Cl
93596,CCCCC1=C(SC=N1)C
93639,CC1(CCCC2(C1CCC34C2CCC(O3)(OC4)C)C)C
93649,COC1=C(C=CC(=C1)CC=C)OCC2=CC=CC=C2
93661,CCCCCC=CC(=O)OCCCC
93769,CCCC1C=CC(=O)O1
93781,CCOCC1=CC=C(C=C1)O
93831,CCCCCCCCCC(=O)OCC=C
93832,CCC=CCCOC(=O)C(C)C
93838,CC1CCC2(O1)C(CCCC2(C)OC(=O)C)(C)C
93847,CCC1=CCCC(C1C(=O)OCC)(C)C
93868,CC1CCC(C(C1)OC(=O)C2=CC=CC=C2)C(C)C
93896,CCCCCCCCC(=O)OCCC1=CC=CC=C1
93947,CC1(CC2C1CCC3(CCCC2(C3)OC=O)C)C
93958,CCCCC(CC)C(=O)OCC=C
93979,CC(C)C(CC=C(C)C)C=O
93988,CC(C)CC(=O)OCCOC1=CC=CC=C1
94001,CC1COC(O1)C2=CC=C(C=C2)C
94014,CCC=CCCCCCCC=O
94045,CC(=O)OCC=C1C2CCC(C2)C1(C)C
94046,CC1(C2CCC(C2)C1=CCO)C
94060,CC(=CCC(CO)C(=C)C)C
94077,CCCC(=O)OC1CC2(CC[C@@H]1C2(C)C)C
94094,CC(C)CCCCCCCCCCCCO
94111,CCOCOC1CCCCCCCCCCC1
94132,CC(C)CC(=CCCC(=CC=O)C)C
94143,CC1=CCCC(C1C=O)(C)C
94147,CC(C)[C@@]12C[C@@H]1C(=C)[C@@H](C2)O
94164,CC(=CCCC1(C2CC3C1(C3C2)C)C)C
94173,CC1([C@H]2C[C@@H]1C(=C)C(C2)O)C
94174,C[C@@H]1CC[C@H]2[C@@H]1C3[C@H](C3(C)C)CC[C@]2(C)O
94178,C1=CC=C(C=C1)CC(C2=CC=CC=C2)O
94182,CC(COC(=O)C)O
94185,CC(CC1=CC=CC=C1)O
94206,CC[C@H](C)[C@H](C(=O)O)N
94217,CC(=C)C1CCC(C(C1)O)(C)O
94221,CC1=CC[C@H](C[C@@H]1O)C(=C)C
94243,CC(CCO)C1=CC=CC=C1
94251,CCCCCCC(C)C(=O)O
94254,CC(=C1CCC(C(C1)C(=C)C)(C)C=C)C
94282,CCCCCCCC=CC(=O)O
94292,CC(CO)C=C
94305,C1OC2=C(O1)C=C(C=C2)C=CC=CC(=O)O
94310,CCCCC(CC)COC(=O)C1=CC=CC=C1
94314,CCC(C)SSC(C)CC
94327,C1CCC(CC1)C2CCCCC2O
94339,CCCCCCCC(=O)OCC(C)OC(=O)CCCCCCC
94349,CC1CCC2=C(C(=O)OC2C1)C
94373,CCC(=O)C=CC=C(C)CCC=C(C)C
94378,CCCCCCCC(=O)CCC1=CC(=C(C=C1)O)OC
94386,C[C@@H](C(=O)OC)O
94403,CC(=CCCC(=CCCC(=CCOC(=O)C)C)C)C
94454,CCCCCCCCCCCC(=O)OCCCCCC
94522,CC1C2(O1)CC3CC2C4C3CC=C(C4)C
94569,CCCCC1OC(CC(O1)(C)C)C
94579,C[C@@H]1CC[C@H]([C@@H](C1)OC(=O)C)C(=C)C
94602,CC1=CC(=C(C=C1)COC(=O)C)C
94608,CCCC(=O)OC(C)C1CCCCC1
94648,CC(=CCC1C(O1)(C)C)C=C
94744,CCC(C)(C(=O)O)N
94748,CCCOC1=CC=C(C=C1)C
94886,CCCCCCC1OC(C(O1)C)C
95007,CCCCOC(=O)COC(=O)CCC
95008,CC(=O)OCC(C1=CC=CC=C1)OC(=O)C
95016,CCCOC(=O)C1=CC=CC=C1N
95086,COC1=CC(=CC(=C1O)C2=C(C(=CC(=C2)C=O)OC)O)C=O
95102,CC(C)(CN)O
95136,CCOC(C1=CC2=C(C=C1)OCO2)OCC
95152,C1=CC=C(C=C1)C=CC(=O)OC2=CC=CC=C2
95227,CCCCCC(=O)OC1CCC(CC1)C(C)(C)C
95259,C([C@@H]([C@H]([C@@H](C=O)O)O)O)O
95266,CC1CC(OC(O1)CC2=CC=CC=C2)(C)C
95269,CC1OCC(O1)CO
95289,COC1=CC2=C(C=C1CC=C)OCO2
95292,CC1=NC=C(C=C1)C(=O)C
95294,CC1=CC=C(C=C1)CCO
95313,CC(=C)C1CCC(=CC1)C=NO
95315,CCCC(C)CC(=O)O
95327,C1=CC=C(C=C1)C=CC=CC(=O)C2=CC=CC=C2
95329,CC(=CC(=O)C1=CC=CC=C1)C2=CC=CC=C2
95330,CC1(C2CCC1(C(C2)OC)C)C
95368,CCOC(=O)C=CC1=CC=CO1
95384,CCC(=O)OC1CC(CCC1C(C)C)C
95385,CCCCOC(=O)CC(C(=O)OCCCC)O
95392,CCOC(=O)CC1(OCC(O1)C)C
95395,C1CC(OC1)COC(=O)CC2=CC=CC=C2
95397,CCCCCCCCCC1OCC(O1)C
95401,CCCCCCC1OCCC(O1)C
95414,CC(=O)C=CC1=CC=C(C=C1)OC
95419,CC=CC1OC(CC(O1)(C)C)C
95425,CCCCC(CC)COC(=O)CC
95448,CCOC(=O)C(CC=C)C(=O)C
95457,CC(C(=O)NCCO)O
95466,CCCCC(C(=O)C)C(=O)OCC
95485,CCOC(C)OC1=CC=CC=C1
95495,CC(C)CCCC(C)CCCC(=O)C
95539,CCCCOC(=O)C(C)CCC
95540,CCCCCOC(=O)C(C)CCC
95560,CC(C=O)C1CCCCC1
95568,CCCCC(CC)COC=O
95572,CCCCCCCCC1OCC(O1)C
95593,CC(CC1=CC=CC=C1)C=O
95594,CC1=CC=C(C=C1)CC(C)C=O
95595,CC(C)C1=CC=C(C=C1)C=CC=O
95606,C1CC2C(C1)C3CC2CC3O
95609,CCC(C(=O)CC)O
95626,CC(C)C(C1=CC=CC=C1)O
95632,CC1CC(OC(O1)C2=CC=CC=C2)(C)C
95633,CC1COC(O1)CC2=CC=CC=C2
95634,CC1CCOC(O1)CC2=CC=CC=C2
95640,CC(CC1=CC=CC=C1)CO
95641,COC1=CC=C(C=C1)C=CCO
95643,CCCCCCCCCC1(C(O1)C(=O)OCC)C
95644,CC1CC=C(CC1C=O)C
95648,CC(=O)C=CC1=CC=C(C=C1)O
95760,CCCCCCCOC(=O)CC(=O)C
95779,CC1=CC(=C(C=C1O)C(C)C)O
95978,CCCCCOC(=O)CC(C)C
95979,COC(CCC1=CC=CC=C1)OC
95980,C1=CC=C(C=C1)CC(OCC2=CC=CC=C2)OCC3=CC=CC=C3
96021,CC(C)C1C(COCO1)(C)C
96168,CCCCOC(=O)C1=CC=C(C=C1)OC
96204,CCCCCCCCCC=CC(=O)O
96261,CCOC(=O)C(C1=CC=CC=C1)(C2=CC=CC=C2)O
96289,CC1CCC2=CC=CC=C2N1
96291,CC(C)CCC(CO)C(C)C
96325,C1CCC(CC1)OC(=O)CC2=CC=CC=C2
96331,CC(C)COC(=O)C1=CC=C(C=C1)OC
96381,CCCCCCC1(OC2=CC=CC=C2O1)C
96383,COC1=CC=C(C=C1)OCC=O
96385,CC1=CC=CC=C1OCC2=CC=CC=C2
96461,CC1COC(O1)C2=CC=CO2
96476,CC(C)CCCC(C)O
97587,C(CN)CP(=O)(O)O
97707,CCCCCC1C(CC(=O)O1)C
97730,CCCCCCC=CC(=O)O
97746,CCCCCCCCCCC1CCC(=O)O1
97747,CCCCCCCCCCCCC1CCC(=O)O1
97782,CCC(=CC1=CC=CC=C1)C=O
97785,CC(C1OCCO1)C2=CC=CC=C2
97799,CCCCC(C#N)C1=CC=CC=C1
97829,CC1=CCC2(CCCC(C23C1C3)(C)C)C
97838,C1C(OC(O1)CC2=CC=CC=C2)C3=CC=CC=C3
97842,CC1CCOC2(O1)CCCCC2
97848,COC1=C(C=CC(=C1)CC=C)OC(=O)C=CC2=CC=CC=C2
97854,CC1CC(CC(=C1)C)C=O
97881,CCCCCC(C)OC(=O)CCCCC
97883,CCC(C)COC(=O)C(C)C
97885,CC=CC(=O)OCC1=CC=CC=C1
97895,CCOC(C)OC(=O)C
97897,CCCC(=O)OC1CC2CCC1(C2(C)C)C
97932,CC1=CCCC(C1CO)(C)C
97987,CCCCCCC(C)OC(=O)C
97996,CC1=C(C(CCC1)(C)C)C=C(C)C(=O)C
98004,CC(COC(=O)CC1=CC=CC=C1)O
98012,CC1(C2CCC1(C(C2)OC(=O)C3=CC=CC=C3O)C)C
98019,CC(C)C(CC1=CC=CC=C1)O
98027,CC(C)CCOC(=O)C=CC1=CC=CO1
98036,C1CC(C2=CC=CC=C2C1)CCO
98041,CC(=CCCC(C)(C=C)OC(=O)C1=CC=CC=C1NC)C
98042,CC(=CCCC(C)(C=C)OC(=O)C1=CC=CC=C1O)C
98043,CC(=CCCC(=CCCC(C)(C=C)OC(=O)C)C)C
98044,CC(C)C(=O)OC(C)(CCC=C(C)CCC=C(C)C)C=C
98054,CC(C(=O)OCC1=CC=CC=C1)O
98081,CC1COC(O1)C2=CC=C(C=C2)OC
98083,CCC1(OCC(O1)C)C
98118,CC(CCCC(C)(C)O)CC=NC1=CC=CC=C1C(=O)OC
98218,CCCC1OCC(O1)C
98330,C1C(SCC(S1)O)O
98345,CC1CCCCC1OC(=O)C
98346,CCC(C)CCCO
98403,CC(CCCC(C)C=O)CCC=C(C)C
98461,CC1COC(O1)C(C)C
98471,CC(=O)C1CCCC1=O
98478,CC(=O)OC1CC2CC1C3C2CC=C3
98492,CCCCCOC(=O)CC1=CC=CC=C1
98497,CC1=CCC(C1(C)C)CC=O
98534,CCCCCCCCCOC(=O)C(=C)C
98603,CCCCCCCCCCCCCCCC(=O)OCCCCCCCCCC
98677,CCCCCCC(=O)CCCC
98781,CCCSCC=C
98889,CC1=C(C(=O)N(N1C)C2=CC=CC=C2)O
98898,CC1=CC(=NC(=C1)C(C)(C)C)C(C)(C)C
99012,CC1CC2C(CC1=O)C(CCC2(C)C)(C)C
99027,CC(CN(C)C)N
99038,CC1C2CC(C2(C)C)CC1O
99275,CCOC(=O)OCCC1=CC=CC=C1
99332,CC(=O)OC[C@@H]1[C@H](C([C@H]([C@@H](O1)OC(=O)C)OC(=O)C)OC(=O)C)OC(=O)C
99611,C1=CC=C(C=C1)C(=O)C(O)O
99643,CCOC(=O)C(C)C1=CC=CC=C1
99748,C1=CC=C(C=C1)CC=NO
99812,CC(=CC1=CC=CC=C1)C(=O)C2=CC=CC=C2
99818,CCOC(=O)CC(C1=CC=CC=C1)O
99856,CC1CCC2CC3=C(CCC13C2(C)C)C
99868,CCCCCC(CCCC)O
99870,CC(CC(C)(C)C1=CC=CC=C1)O
100031,CC(=C)C1CC2C(O2)(C(=O)C1)C
100197,CC(=CC(C(C)(C)C=C)O)C
100240,CCCOC1=NC(=CN=C1)C
100328,C1CCC2CC(=O)CCC2C1
100495,CCCCCOC(=O)C1=CC=CC=C1N
100496,CCCCCCCCCCOC(=O)C1=CC=CC=C1
100851,CC(C(=O)O)SC
100927,CC1COC(O1)CCSC
100930,CSCC1=NC=CN=C1
100936,C1CCCCCC(CCCCC1)OC=O
100938,CC(=O)OCC1CCC(C23C14C2CC(C3)C4(C)C)(C)C
100939,CC1(CCC(C23C14C2CC(C4)C3(C)C)CO)C
100941,CC1(CCC(C23C14C2CC(C4)C3(C)C)COC=O)C
100968,CCCCCC1CC(=O)C=C(C1C(=O)OCC)C
100990,CC(C)C1=CC=C(C=C1)COC(=O)C
100996,COC(C1=CC2=C(C=C1)OCO2)OC
101003,CC1=NC=CN=C1SCC2=CC=CO2
101004,CC1=CN=C(C=N1)SCC2=CC=CO2
101005,CC1=CN=CC(=N1)SCC2=CC=CO2
101010,CCCC1CCOC(S1)C
101023,CC(C)C(=O)OC(C)(C)CC1=CC=CC=C1
101080,CCCCC(=O)OCC(C)O
101115,CC1(CCCC(C1=O)(C)O)C
101134,CCC(C1=CC=CC=C1)OC(=O)C
101135,CCC(C)(CC1=CC=CC=C1)O
101137,CC1COC(O1)C=CC2=CC=CC=C2
101144,CC1COC(O1)C2=CC3=C(C=C2)OCO3
101145,CCCCCOC(=O)C(C)O
101150,CC1CC(=CC(C1C=O)C)C
101278,CCCCCC(=CC1=CC=C(C=C1)OC)C=O
101285,C1OC2=C(O1)C=C(C=C2)COC=O
101315,CCCCCCCOC(=O)CC1=CC=CC=C1
101330,C1CCC(CC1)OC(=O)C2=CC=CC=C2O
101338,CCCCCCCCCCCC(=O)OCC(C)C
101362,C=CCCC(=O)C1=CC=CC=C1
101363,CCCCCCCCCC(OCC)OCC
101364,CCCCCCCC(OCC)OCC
101365,CCOC(=O)C1=CC=CC=C1NC
101536,CCC(C)(C(=O)OCC)O
101539,CC1CCC(=C(C1(C)C)C=CC(=O)C)C
101549,CC1CC(C=C(C2C1CC(=C(C)C)C2)C)O
101555,CC(C)C1=CC=C(C=C1)CC(C)C=NC2=CC=CC=C2C(=O)OC
101592,CC(OCCC1=CC=CC=C1)OCCC2=CC=CC=C2
101602,CC(C)C1CCC2C(=C1)CCC3C2(CCCC3(C)CO)C
101604,CC(=O)OCCC1=CCC2CC1C2(C)C
101680,CC1(C2CCC(C2)C1(C)O)C
101696,CC1=CCCC(C1C=CC(C)O)(C)C
101708,CC1=CC2C(CC1)C(=CCC2C(C)C)C
101716,CC1CCC2C1C3C(C3(C)C)CCC2(C)O
101720,CC(=C)CCC=C(C)C=C
101759,CCCCCC=CC=CC(=O)O
101925,CCCNC(C)(C)COC(=O)C1=CC=CC=C1.Cl
101945,C=CCCC=CC=C
101976,CC(=CCCC(=CC=C(C)C(=O)C)C)C
101977,C[C@H](CCC=C(C)C)CCO
101989,C[C@]12CC[C@H]3[C@H]([C@@H]1CC=C2)CC[C@@H]4[C@@]3(CC[C@H](C4)O)C
102024,CC1=CC[C@H](C[C@H]1OC(=O)C)C(=C)C
102111,CC#CCCCCCCCOC(=O)OC
102120,C[C@@H]1CC[C@@H]2[C@]13CC=C([C@H](C3)C2(C)C)COC(=O)C
102175,CNC1=C2C(=NC=N1)N(C=N2)[C@H]3[C@@H]([C@@H]([C@H](O3)CO)O)O
102360,CCCCCCC=C(CCCCC)C=O
102426,CC(CNC1CCCCC1)OC(=O)C2=CC=CC=C2.Cl
102428,CC1CC(CC(N1C)(C)C)OC(=O)C(C2=CC=CC=C2)O.Cl
102432,CC1CCC2C13CCC(=C)C(C3)C2(C)C
102444,CCC(CCN)N
102484,C1=CC(=CC=C1C(CN)O)O.Cl
102491,CCCCC(CC)C(=O)OC
102495,CCCCCCC(C)CO
102507,CC(CCC=C(C)C)CC(OC)OC
102515,CCCCC(C)C=O
102538,CCC1CCCO1
102545,CC(CS)O
102550,CC1(CCC(=O)O1)C=C
102553,CC(=O)OC1CC2CC(C1=C)C2(C)C
102562,CC1(CCC=C2C13CCC(C3)C2(C)C)C
102565,CC1CCC(C(C1)OC(=O)CC(=O)C)C(C)C
102567,CC1CCC(C(C1)OC(=O)CC2=CC=CC=C2)C(C)C
102578,CC1=CC(C(CC1)C(C)C)OC(=O)C
102579,CC1CCC2C(O2)(CCC3C1CC3(C)C)C
102604,CC(CCCC(=O)C)CCC=C(C)C
102611,CC(=CCCC(C)(C1CO1)O)C
102648,CC1CCC(C(C1)OC)C(C)C
102667,CC1(C2CC1C(=C)C(C2)O)C
102678,CCCCC(CC)CN=C(N)NC(=NCCCCCCN=C(N)NC(=NCC(CC)CCCC)N)N.Cl.Cl
102680,CC1=CC(C(CC1)C=O)(C)C
102681,CC(C)(C)C1CCCCC1=O
102684,CC1CCC(C1C=O)C(=C)C
102714,CC1COCC2=CC3=C(C=C12)C(CCC3(C)C)(C)C
102717,C1CCOC(C1)OCCC2=CC=CC=C2
102772,CC1CCC(C(C1)OC=O)C(C)C
102779,C=CCOC1CC2CC1C3C2CC=C3
102780,CCC(C1=CC=CC=C1)C(=O)OC
102794,CC(C(C)(OC)OC)O
102815,CCC(C)SC(=O)CC(C)C
102816,CCCCCCCC1CCCO1
102817,CCC(C)COC(=O)CC
102820,CCC(C)C(=O)OCC(C)C
102833,CCCCCCC1C=CC(=O)O1
102835,CC(=CCC1CCCC1=O)C
102844,CCC(=O)C(C)CC=C(C)C
102846,CCCC(C)C(=O)C
102847,CC(CC1=CC=CC=C1)C(=O)C
102849,CCOC(C)OCCC1=CC=CC=C1
102855,CCCCCC(=O)OCC(C)CC
102861,CCCCCC1C(CCC1=O)CC(=O)OC
102895,CCCCCCCCC(CC)C(=O)O
102910,COC(CO)C1=CC=CC=C1
102914,CCCCCCCC1CCOC1=O
102916,CCCCC(CC)C(=O)OCC
102967,CC1C(OC(O1)C)C
102968,CCC1CCCC(=O)O1
102993,CC1COC(O1)C
103005,CC1C2CC(C1(C)C)CC2C3CCCC(C3)O
103018,CCCCCC(=O)OC(C)C1=CC=CC=C1
103034,C[C@H](C1=CC=CC=C1)N(C)C
103212,CC1=CCC(C1(C)C)CCC(C)C(C)O
103310,CCC(=O)OCCCCCCC(C)C
103377,CC1CCC2(C(=CCCC2(C1OC=O)C)C)C
103378,CC(=CCCC(=CCOCC=O)C)C
103381,CC1=CCCC(C1C(C)CCC=O)(C)C
103382,CC=C(C)CCOC(=O)C1=CC=CC=C1O
103401,CCC(C)C1=CC2=C(C=C1)N=CC=C2
103402,CCCCCC1(CCC(C1=O)(C)C)C
103404,CCOCC1=NC=CN=C1
103447,CCCCCC=CCC1CCCC1=O
103490,C1CCCCC2COCC2C=CCCC1
103499,CC1=C(C(CCC1)(C)C)C=C(C)C(C)O
103555,CC(=CCCC(=CC=C)C)C
103589,CCCCC(C(=O)OCC)O
103607,CC1=CCCC(C1C=CC(C)OC(=O)C)(C)C
103648,CC(=CCCC1=CCCC(C1)(C)C=O)C
103649,CC(=CCCC1=CCCC(C1)C=O)C
103653,CCC(C)COC(=O)C1=CC=CC=C1
103654,CC1CC(OC(O1)C2=CC(=C(C=C2)O)OC)(C)C
103655,CCOC1=C(C=CC(=C1)C2OC(CC(O2)(C)C)C)O
103659,CC1(CC2CC(C1C2)C(=O)OC)C
103688,CCOC(=O)C1C(O1)C2=CC=C(C=C2)C
103695,CC1CCCC(C1C=O)(C)C
103719,COC1CC2CC1C3C2CC=C3
103740,CC(=CCCC(=CCC(C)(C)C=O)C)C
103788,CC(C(=O)C)SC
103814,CC1CC(C=C2C1(CC(CC2)C(=C)C)C)O
103826,CC(CCCC(C)(C)OC(=O)C)C=C
103850,CC(=C)C=CCC(C)(C=C)O
103858,CC(C(=O)OC)S
103875,CC(CCC1=CC=CC=C1)CC#N
103993,CC(=O)C1=CC(=CC(=C1)O)O
104170,CCCCCCCCCCOC(=O)CCCCC
104224,CCCCCCCCCCC(OC)OC
104307,CC(C)CCCCC=O
104408,CCCOC(=O)C(=CC)C
104421,CCOC1=NC(=CN=C1)C
104425,CCCCCCCCCOC(=O)CC
104471,CC(C)CCC1(OCC=CCO1)C
104477,CC(C)(CN)CN(C)C
104486,CCCCCCCCCCC(OCC)OCC
104487,CCCCCCCCCCCC(OCC)OCC
104512,CCCCCCCCOCC=O
104513,CC1=C(SC(=N1)CC(C)C)C
104598,CC(=O)OCC1=CC(=C(C=C1)OC)OC
104620,CCCC1=NC(=C(O1)C)C
104653,CC(=O)CCC(=O)OCCC1=CC=CC=C1
104659,CCC1=CC(=CC=C1)CO
104721,CC1=CN=C(C(=N1)C)C(=O)C
104722,CC1=CN=C(C(=N1)C(=O)C)C
104741,C[C@]12CC[C@H]3[C@H]([C@@H]1CC[C@@H]2O)[C@@H](CC4=C3C=CC(=C4)O)CCCCCCCCCS(=O)CCCC(C(F)(F)F)(F)F
104745,CCC(=O)[O-]
104751,C1=CC=C(C(=C1)N(CC(=O)O)CC(=O)O)OCCOC2=CC=CC=C2N(CC(=O)O)CC(=O)O
104769,CC(C)NCC(COC1=CC=C(C=C1)CCC(=O)OC)O.Cl
104775,CCCC(=O)[O-]
104781,CC(C)(C)C12COP(=S)(OC1)OC2
104827,CN(C)C1=CC2=C(C=C1)N=C3C=CC(=[N+](C)C)C=C3S2.O.O.O.[Cl-]
104838,C[C@H]([C@@H]1[C@H]2CC(=C(N2C1=O)C(=O)O)SCCN=CN)O
104845,CC(=O)[C@H]1CC[C@@H]2[C@@]1(CC(=O)[C@H]3[C@H]2CC[C@@H]4[C@@]3(CC[C@H](C4)O)C)C
104865,CC(C)(C)C1=CC=C(C=C1)S(=O)(=O)NC2=C(C(=NC(=N2)C3=NC=CC=N3)OCCO)OC4=CC=CC=C4OC
104880,C[C@]12CC[C@H]3[C@H]([C@@H]1CCC2=O)C=CC4=CC(=O)C=C[C@]34C
104920,C1CN(CCN1CCCC2=CC=CC=C2)CCOC(C3=CC=C(C=C3)F)C4=CC=C(C=C4)F.Cl.Cl
104981,CC[N+](C)(CC)CCC[N+]1=C2C=C(C=CC2=C3C=CC(=CC3=C1C4=CC=CC=C4)N)N.[I-].[I-]
105179,CCOCC1=CC=CC=C1OC
105426,CC1=C(C(CCC1=O)(C)C)CCC=C
105510,CCCCCCCC(=O)CCO
105512,CCC1=CC=CC=C1CC(C)(C)C=O
105513,CCC1=CC=C(C=C1)CC(C)(C)C=O
105516,CC(C)(C)C(=O)OCCC1=CC=CC=C1
105533,CCC=CCCC=CC(OCC)OCC
105537,CCC=CCCC=CCOC(=O)C
105591,CC(C)C1=CC=C(C=C1)C(OC)OC
105594,COC(=O)C1=CC=CC=C1N=CCC2=CC=CC=C2
105595,CCC(=O)OC(C)(C)CC1=CC=CC=C1
105643,CCCCCCC(=CC1=CC=CO1)C=O
105645,CCCCCC(=CC1=CC=CO1)C=O
105650,CC1=CC=C(C=C1)OC(=O)CC(=O)C2=CC=CC=C2
105651,CCCCCCCC=NC1=CC=CC=C1C(=O)OC
105653,CC(=CCCC(=CC=NC1=CC=CC=C1C(=O)OC)C)C
105664,CCOC(=O)OC1CCCCC1C(C)(C)C
105758,CCOC1=NC=C(N=C1)C
105764,CC1=CC=C(C=C1)OCC=O
105844,CCCC(=O)OC1=C(OC=CC1=O)C
105896,CCCCCCCCCC=NC1=CC=CC=C1C(=O)OC
106158,CCOC(CCCCCC(C)C)OCC
106216,CC(C)C1=NC=CN=C1SC
106217,CC(C)(C=O)SSC
106297,C1CCCCCOC(=O)OCCCC1
106441,CC(C)C1=CN=CC(=N1)OC
106442,CC(C)OCCC1=CC=CC=C1
106443,CCC1=CN=C(C=N1)OC
106521,CCC1=CC=C(C=C1)CC=O
106522,CC1=CC(=C(C=C1)CC=O)C
106523,CCCCCCCCC=CCC=O
106530,CC(C)CCOC(=O)CC(C(=O)OCCC(C)C)S
106672,CC(C1C2CCC(C2)C1(C)C)O
106673,CC1C2CC(C1(C)C)CC2C3CCC(CC3)O
106674,CC1(C2CCC1(C(C2)C3CCC(CC3)O)C)C
106684,CC(C)CCCC1=CCC(CC1)(C)C=O
106697,CC1CC(CC(=C1)C)C#N
106711,CC(CCOC=O)CC(C)(C)C
106713,CC(C)C12CCC(C=C1)(C(C2)C(=O)OC)C
106714,CCOC1CC(CC(C1)(C)C)C
106725,CCOC(C1CC2CC1C3C2CC=C3)OCC
106729,CC(C)CCOCC(=O)OCC=C
106730,CCC(C)COCC(=O)OCC=C
106731,CC(C)C1CCC(CC1)C(C)CO
106732,CC(CCC=C(C)C)CCOC(CC1=CC=CC=C1)OCCC(C)CCC=C(C)C
106734,CCC(C)C1=CC=CC2=C1N=CC=C2
106735,CC1C=C(CC(C1C)C=O)C
106739,CC1CCC(C(C1)C(C)(C)C)O
106740,CC(C)(CCCC1=CCC(CC1)C=NC2=CC=CC=C2C(=O)OC)O
106742,CC1CC(CC(=C1)C)CO
106745,CC(C)C(=O)OC1CC2CC1C3C2CC=C3
106746,CC1CCC(C(C1)C)COC(=O)C
106748,CC1CC(CC(=C1)C)COC(=O)C
106756,CCCCCCC1C(CC(=O)O1)C
106757,CCC1C(O1)CCO
106766,CC(=CCC(C)(C)C(OC)OC)C
106770,CC(=O)OC(C)(C)C1CCC(O1)(C)C=C
106787,CCCCC1(CCC(=O)OC1)CC
106788,CCCCCCCCCC(C)C(OCC)OCC
106799,CCCCCCCCCC(C)C=NC1=CC=CC=C1C(=O)OC
106819,CC1CC(=CC(C1C=C(C)C(=O)C)C)C
106823,CCCCCCC(CO)C(=O)C
106826,CC(CCCC(C)(C)O)CC(N1C=CC2=CC=CC=C21)N3C=CC4=CC=CC=C43
106827,CC1CC(=CC(C1C=CC(=O)C)C)C
106828,CCC(=CC(CC(=O)C)C=C(C)C)C
106829,CC(CC=NC1=CC=CC=C1C(=O)OC)CC(C)(C)C
106862,CC(=O)C1(CC(=O)C(O1)(C)SCC2=CC=CO2)C
106866,CC1=CC2CC(C1CC2C(C)C)C=O
106871,CC(CCC=C(C)C)CC=NC1=CC=CC=C1C(=O)OC
106917,CC1CC(CC(C1)(C)C)OC(=O)C
106936,CC(C)CCCC(C)CCOC(=O)CC1=CC=CC=C1
106937,CC(C)C(=O)OC1CCC2CCCCC2C1
106940,CCCCC(CC)C(=O)OCC1=CC=CC=C1
106951,CC1=CCCC(C1C=CC2(C(O2)C(=O)OC)C)(C)C
106963,CC12CCCC3(C1(CCC4C3(O4)C)C)CC2
106973,CC(C)CCCCCCCCCCOC(CC(C)CCCC(C)(C)O)OCCCCCCCCCCC(C)C
106997,CCC1(C(C2CCC1(C2)C)(C)C)O
107035,CC1(CCC2C3(C14CCC(C4)C3(C)C)O2)C
107057,CC(CCC=C(C)C)CCOC(C)OC
107059,CCCCCOC(=O)C(C)CC
107065,CC1CCC2C13CC(C2(C)C)C(=C(C3)C(=O)C)C
107068,CC(C)C(=O)OC1CC2CC1C3C2C=CC3
107071,CC(C)(C)C(=O)OC1CC2CC1C3C2C=CC3
107098,CC(CC(C)(C)C1=CC=CC=C1)OC(=O)C
107099,CC(=CCCC1=CCCC(C1)C#N)C
107113,CC(C)C1C(COC(O1)C(C)C)(C)C
107152,CC1CCC(CC2=C1CCC2C)C(=C)C
107166,CC1(CCCC2(C1CCC3(C2CCO3)C)C)C
107168,CC1C(O1)(C)C=CC2C(O2)(C)C
107217,CC(=O)OC1C(C2CCC1(C2)C)(C)C
107231,CC(CS)C(=O)OC
107271,CCCCC(CC)C1OCCO1
107272,CC1CCCC(C1CCC(C)O)(C)C
107327,C1CCCCCCCC(CCCCCC1)O
107333,CC1C(C2=C(C1(C)C)C=C(C=C2)C(=O)C)(C)C
107334,CC(C)C1=CC=C(C=C1)CC(C)CO
107381,CC1CC(OC(O1)C)(C)C2=CC=CC=C2
107396,CCCCCCOC(=O)C=CC1=CC=CC=C1
107512,CC(=O)C=CC=CC1=CC=CC=C1
107519,CC=CC1=CC(=C(C=C1)OC(=O)C2=CC=CC=C2)OC
107526,C([C@H]([C@H]([C@@H]([C@H](C=O)O)O)O)O)O
107557,COC1=C(C=C(C=C1)C=CC=O)OC
107561,CC1=CC(=O)[C@H](CC1)C(C)C
107614,CC1=C(C(CCC1)(C)C)C=CC=O
107631,CC=CC=C1C(=CC(=O)CC1(C)C)C
107689,C[C@@H](C(=O)O)O
107735,CC(=O)C(=O)[O-]
107751,CC(=O)SCC(CC1=CC=CC=C1)C(=O)NCC(=O)OCC2=CC=CC=C2
107807,CCC[C@@H](C(=O)OCC)N[C@@H](C)C(=O)N1[C@H]2CCCC[C@H]2C[C@H]1C(=O)O
107882,CN1CCC2=C3[C@H]1CC4=C(C3=CC=C2)C(=C(C=C4)O)O.CN1CCC2=C3[C@H]1CC4=C(C3=CC=C2)C(=C(C=C4)O)O.O.Cl.Cl
107952,CC(C)NCC(COC1=CC=C(C=C1)CCOCC2CC2)O.Cl
108013,C1CC(CCC1NCC2=C(C(=CC(=C2)Br)Br)N)O.Cl
108173,CC1=C(C(=CC=C1)C)NC(=O)C(C)N.Cl
108228,CCCCCC=CCC=CCCCCCCCC(=O)[O-]
108237,CCCCCCOC(C)OC
108242,CC1CC2=C(CC1(C)C(=O)C)C(CCC2)(C)C
108244,CCCCCCOC(C)OCC
108245,CCC1C2CCCCC2OC1=O
108312,CC(CCC1=CC=CC=C1)CCO
108313,CC(CCC1=CC=CC=C1)CC=O
108343,CCOC(=O)C(=CC)C
108355,CC(=CCC=C(C)CC=O)C
108410,CC(=C)C1C(C(CCC1(C)C=C)COC(=O)C)(C)C
108423,CCOC(=O)C1C2(O1)CC(CC(C2)(C)C)C
108424,CCC(CCC1C(CCCC1(C)C)C)O
108425,CC1CCCC(C1CC(C)C(C)O)(C)C
108426,CC1CCCC(C1CC(C)C(C)OC(=O)C)(C)C
108443,CC1=CCOC(C1)C2=CC=CC=C2
108446,CC1=C(C2(CCC1(C(C2(C)O)(C)C)C)C)C
108501,CC1N=C(CS1)C
108504,CCC=CCCOC(C)OCC
108505,CCCCCC(=CC1=CC=CC=C1)C(OCC)OCC
108506,CCC(C)CCC(C)(CC)OC(=O)C
108507,CC(=CCCC(C)(C=C)OC)C
108515,CCOC(=O)C(=O)OCCC(C)CCC=C(C)C
108518,CCCCCCC(CC)OC(=O)C
108529,CCCCCCCCC=CC=CC=O
108625,CCCCCCCCC(OCC)OCC
108630,CC(=O)OC1=CCC2C1C3CCC2C3
108637,C1=CC=C(C=C1)CCOCC2=CC=CC=C2
108764,CC1=CC(=C(O1)C)SC(=O)C
108765,CC1=C(C=CO1)SC(=O)C
108879,C1=CC=C(C=C1)CCCOC(=O)CCC2=CC=CC=C2
108902,CCCCCCCCCC(=O)OCCCCCCC
108940,CC(=O)OCCCC1CCCCC1
109095,CCCCCCCCC(=O)OCCCCC
109114,CC=C(C)C(=O)OCC(C)C
109116,COC(=O)OC1CCCCCCC1
109127,CC(C)(C)C1=C2C=CC=NC2=CC=C1
109140,CC1CCC(C(C1)OC(=O)C2CCC(=O)N2)C(C)C
109168,CC(CCC=C(C)C)CC(OCCC1=CC=CC=C1)OCCC2=CC=CC=C2
109183,CCCCCCCCCC(C)C(OC)OC
109186,CC(C)CC(C1=CC=CC=C1)OC(=O)C
109187,CC(C)CCCC(C)CC(OC)OC
109222,CC(OC)OC1=C(C=C(C=C1)CC=C)OC
109224,CC(C)CCCC(C)CCOC=O
109244,CC1CC2(CCCCC2)OC=C1
109245,CCOC(=O)C1=CC=CC=C1NCC2CCC(=CC2C)C
109257,CC1COC(O1)(C)CCC=C(C)C
109270,CCOC(COCCC(C)CCC=C(C)C)OCC
109301,CC1=CC2C(CC1CC2C(C)C)C#N
109319,CC1CCC(C(C1)OC(=O)C(C)C)C(C)C
109323,CC(CC(C)(C)C)C(C)C=O
109332,CC1CCC2CC1SC2(C)C
109369,CC(C)C(CCC1=CC=CC=C1)O
109413,CCC(C)CCCC(C)(C)OC(=O)C
109415,C1CC2C(C1)C3CC2CC34CCCO4
109417,CC1C=C(CC(C1C)C(=O)C)C
109418,CC1CCC(C(C1)C)CO
109420,CCC(=O)CCC1C(=CCCC1(C)C)C
109455,CC1COC(O1)C2=CC(=C(C=C2)O)OC
109457,CCOC1=C(C=CC(=C1)C2OCC(O2)C)O
109458,CC1CC(=CC(C1CO)C)C
109464,CC(C)CCOC(CC1=CC=CC=C1)OCCC(C)C
109467,CC(CCC=C(C)C)CCOC(=O)C1=CC=CC=C1N
109468,CC1CCCC(C1CCC(C)OC(=O)C)(C)C
109470,CC1=CCCC(C1CC=C(C)C=O)(C)C
109507,CCC(C)(C)CCCC(=O)OCC=C
109637,CCCCCC(=O)OC1=CC=C(C=C1)C
109639,CCCCCCCC(=O)OCCCC1=CC=CC=C1
109640,CC(C)CC1=CC2=C(C=C1)N=CC=C2
109641,CCCCCCCOC(=O)CCCCCCCCC=C
109644,CCCCCCCCCCOCC
109828,CCCC(=O)OC1=C(CCC1=O)C
110129,CCCC1=CC(=C(C=C1)OCC)O
110365,CCC(=O)OCCCCCCCCC=C
110370,CCCCCCCCCCC=CCO
110373,CC(=CCOC=O)C
110469,CCCC=CC=NC1=CC=CC=C1C(=O)OC
110542,CCCCCC#CC(=O)OCCC(C)C
110543,CCC(=O)OC1=C(OC=CC1=O)C
110655,CC(=O)OC1CC2CC1C3C2C=CC3
110664,CC1=CC=C2C(CCCC2(O1)C)(C)C
110677,CC1(CCC(CC1O)C(C)(CO)O)O
110740,CCCCC(C)OC(=O)C
110747,CC(C)CCCC(C)CC=O
110760,CCCCCC(=O)OC1CC(CCC1C(C)C)C
110787,CC1CCCC(C1CCC(=O)C)(C)C
110801,CCCCC(=O)OC1CC2CCC1(C2(C)C)C
110867,CC1(CCC=CC1)C(=O)OC
110909,CC1(C2CCC(C1C2)CS)C
110914,CC(C)CC1=CC=C(C=C1)CC(C)C=O
110923,CC1=CCC(CC1)C(C)CC=O
110941,CCOC(C)OCC(C)C
110968,CCCCC(CC)CS
110975,CCCCCC(CC(=O)OCC)O
110976,CCCCCCCCCCCC1CCCC(=O)O1
110977,CCCCCCCCC1CCCC(=O)O1
110981,CC(=CC1C(=C)CCCC1(C)C)C(=O)C
110982,CCC(=O)C1CCCC1=O
111012,CC1=CCC(CC1)C=O
111027,C1=CC=C(C=C1)CC(=O)OCC(C2=CC=CC=C2)OC(=O)CC3=CC=CC=C3
111037,CC1=CCC(CC1)C(C)(C)OC(=O)C
111143,CC(=CCCC(=CC=CC=O)C)C
111213,CC(C)CC1C2CCCC=C2C(=O)O1
111255,C[C@]12CC[C@H](C1(C)C)C[C@@H]2OCCO
111263,C1C=CC2C1C3CC2C4C3C5CC4C=C5
111274,CC(=C)[C@@H]1CC[C@@](C=C1)(C)O
111277,CC(=O)OC(C=C)C1=CC=CC=C1
111351,CC1=C(C2CC(C1(C2)C)C(=O)OC)C(=C)C
111369,CC(CCCC(C)(C)O)CC#N
111376,CCOC1(CCC2C(=C)C1CCC2(C)C)C
111378,CC1C=C(CCC1C=NC2=CC=CC=C2C(=O)OC)C
111384,CCC1C(CC(=O)C(=C1CC)C)C
111394,CC1(C2CCC(C1(C2)C)C3CCC(CC3)O)C
111402,CC1CCC2C13CC(C2(C)C)C(C(=O)C3)C
111416,CC1CC(CCC1=O)CC2C3CCC(C3)C2(C)C
111418,CC1=CC2CC(C1CC2C(C)C)C3OCCO3
111440,CC(C)CC(=O)OCCC(C)CCC=C(C)C
111446,CC1CCC2C3(C1(C4C(C4(C)C)CC3)C)O2
111452,CCOC(C)OCCC(C)CCC=C(C)C
111509,CC(=O)CCO
111516,CC(C)C1=CCC(=CC1)CCOC=O
111547,CC1(CCCC2=C1C=C(C=C2)C=O)C
111664,CC1=C(C(CCC1)(C)C)CO
111727,C=CCOC(=O)COC1CCCCC1
111779,CC(C)CC(=O)OCC1=CC=C(C=C1)O
111989,CCCCCC=CC=CC(=O)C
112002,CCC(=O)OCC(C)OC(=O)CC
112030,CCOC(=O)C(CC(C)C)O
112045,CCCCC(=O)OC(C)(CCC=C(C)C)C=C
112049,CC(CCC=C(C)C)CCOC(=O)C1=CC=CC=C1
112050,CC(CCC=C(C)C)CCOC(=O)C=CC1=CC=CC=C1
112051,CC(CCCC(=C)C)CCOC(=O)C1=CC=CC=C1
112052,CC1CC(C=C(C2C1CC(=C(C)C)C2)C)OC=O
112053,CCC(=O)OC1CC(C2CC(=C(C)C)CC2C(=C1)C)C
112060,CC(=O)OC(CO)C1=CC=CC=C1
112061,CCCCCCCCCC(C)CC=O
112062,CC(=O)OCC(C1=CC=CC=C1)O
112120,CCCCC(=O)OCC=CC1=CC=CC=C1
112122,CCCCCOC1=C(C=C(C=C1)C=CC)OC
112162,CC1(C2CCC1C(C2)C3CCCCC3O)C
112172,CC1CC(=C(C1=O)OC)C
112185,CC1C=C(CCC1C(=O)C(C)(C)C)C
112190,CC1=CCCC(C1C=CC(=O)CC(C)C)(C)C
112226,CC1(CCCC2=C1CC(CC2)C=O)C
112240,CC(C)CCCCCCCOC(=O)C
112252,CCOC(CCCCC(C)C)OCC
112446,CCC(=CCCC(=CC#N)C)C
112450,CCC(C)COC(=O)CC1=CC=CC=C1
112457,CC(C)C1C(COC(O1)(C)C)(C)C
112491,CC(CCCC(C)(C)OC)C=O
112492,CCCCC=CC=CCO
112553,CCC=CCCC1CCC(=O)O1
112635,CCCCCCC(CCOC(=O)C)OC(=O)C
112698,CC1CCC(CC1)C(C)OC(=O)C
112726,CC(C)CCC(=C(C)C)CO
112733,CCCCCCCCCC(=O)OCCC1=CC=CC=C1
112802,C1CCCC2(CCC1)CCCO2
112894,CCCCCCCCCCC(=O)OCC(C)C
113007,C=CCCCCCCCCCOCCC#N
113198,CCC=CCCOC(C)OCCC=CCC
113204,COCC1=NC=CN=C1
113421,CCC(C)COC(=O)C(=CC)C
113425,CCC(C)COC(=O)C=C(C)C
113514,CC1CC(CO1)(C)C2=CC=CC=C2
113640,CCOC(=O)CCCCCOC(=O)C
114233,CC(C)C1CCC(CC1)C(C)O
114416,CCCCCC(=O)OCCC(C)CCC=C(C)C
114419,CC1CCC(C(C1)OC=O)C(=C)C
114453,CCCCCC1C(CCC1=O)C
114454,CCCCCCC1CCCC1=O
114523,CCCCCOC(C)OCC
114530,CC1CCOC(C1)CC(C)C
114531,CC1=CC=C(C=C1)OC2CCCCO2
114535,CCC1CCC(=O)C1=O
114558,CC(=O)CCC1C(=C)CCCC1(C)C
114576,CC(=O)OC=CC1=CC=CC=C1
114577,CCCCCCCC=CC(=O)C
114659,CC(=CC1=CC=C(C=C1)C(C)(C)C)C=O
114781,CCCCC(=O)[O-]
114811,CS(=O)(=O)C1=CC=C(C=C1)[C@H]([C@@H](CF)NC(=O)C(Cl)Cl)O
114869,C1CN=C(N1)NC2=C(C=CC3=NSN=C32)Cl.Cl
115035,[O-][Si](=O)[O-]
115149,C=C[C@@H]1[C@@H]2CCOC(=O)C2=CO[C@H]1O[C@H]3[C@@H]([C@H]([C@@H]([C@H](O3)CO)O)O)OC(=O)C4=C(C=C(C=C4O)O)C5=CC(=CC=C5)O
115162,CC1([C@@H](N2[C@H](S1)[C@@H](C2=O)N=CN3CCCCCC3)C(=O)OCOC(=O)C(C)(C)C)C.Cl
115849,CCCCCC=CC(CC=C)OC(=O)C
116562,CCC1OCC2(CCC=CC2)CO1
116625,CCCCCCCCCCCC=CC=O
116699,CCCC(CCC1C(CCCC1(C)C)C)O
116740,CC1CC=C(C2(C1C)C=CC(O2)C)C
117035,CC(C)C(=O)OCC1=CC=C(C=C1)OC
117301,CC1=CCC(CC1)C2(CCC(O2)C(C)(C)O)C
117305,CCC(=CCC(C)CCO)CC
117336,CC1(C2CCC1(C(C2)OC(=O)C3=CC=CC=C3)C)C
117385,CCOC(C)(C)C1CCC(=CC1)C
117477,CCOC(=O)CCC(C)C
117479,CCCCCNC
117483,CCCCCC1=CC(=O)CCC1
117549,CCCCCC1=CCCC1=O
117564,CCC(=O)NC1=CC=CC=C1C(=O)OC
117568,CC1=CC(=CC=C1)CCCCCO
117600,CCCCC=C1CCCCC1=O
117738,CC(C)(C=C)C=CC(C)(C)O
117799,CCCCC(OC)OC
117881,CC(C)CC1=NCCS1
117910,CCCC=CCCC(=O)C
117976,CCN(CC)CCCCN
118097,CC=CC(=O)C1CCC(C=C1C)(C)C
118111,CC1(C2CC=C(C1C2)CCC=O)C
118119,CC1OCC(O1)C2=CC=CC=C2
118129,CC1CCCC(C1CO)(C)C
118134,CC(C)C1CCC2CC(=O)CCC2C1
118146,CC(C)C1=CC=C(C=C1)C(C)C=O
118148,CCC(C)SC(=O)C=C(C)C
118199,CCOC(=O)C1C(=CC=CC1(C)C)C
118201,CCOC(=O)C1=C(C=CCC1(C)C)C
118210,CCC(C)COC=O
118225,CCCC(CCCC(=O)OCC)OC(=O)C
118262,CCCC(C=C)OC(=O)C
118287,CC1CCCC(C1C=CC(=O)C)(C)C
118292,CCOC(=C)C1C(CC(=O)CC1(C)C)(C)C
118487,CCC=CC=CCO
118521,CC1=C(C=CC(=C1O)C(=O)OC)O
118530,CCCCCCOC(CCCCC)OCCCCCC
118641,CC(C)CC(=O)SC(C)C
118658,CC(C)SC(=O)C=C(C)C
118704,CCC(CC)(CC1=CC=CC=C1)O
118758,CCC(C)(C)SSC(C)(C)CC
118782,CC(=O)CCCCCCC=C
118823,CC(C)CCN=CCC(C)C
118928,CC(=O)CCCCCCCC=C
119389,CCCCCCCC(=O)[O-]
119570,CCCN[C@H]1CCC2=C(C1)SC(=N2)N
119674,CC1C2CC3=CC=CC=C3C2OC(O1)C
119761,CCCCCCOC(=O)C1CCCCC1
119800,CC1=CCCC(C1C(=O)OC)(C)C
119801,CC(C)COC(=O)CCC1=CC=CC=C1
119831,CC1CCC2C13CC(C2(C)C)C(=C)C(C3)O
119838,CC1=C(C(=O)C(CO1)O)O
119847,CC(=C)C(CC=C(C)C=C)O
119852,CC(=O)OCC1CCC2CC1C2(C)C
119853,CC(C)C(=O)OCC1=CCC2CC1C2(C)C
119898,CCC(=CCC1CC=C(C1(C)C)C)CO
119910,CCCCCCCCCCCCC(=O)OCCCC
119911,CCCCCCCCC(=O)OC(C)C
119919,CCCCCCCCCCCCOC=O
119922,CCCCCC=CC=CC(=O)OCCC
120048,CC1=C(C(=O)C=CO1)OC(=O)C
120101,CC1=CC2=C(C=C1)OCC(=O)CO2
121587,CN1CC[C@@]23C=C[C@@H](C[C@@H]2OC4=C(C=CC(=C34)C1)OC)O.Br
121667,CCO[C@H]1[C@@H]([C@H]([C@@H]([C@H](O1)CO)O)O)O
121677,CC1=CC2=C(C=C1)C(CC=C2)(C)C
121694,CCC1=C(OC(=N1)C)C
121700,CCCC(=O)CC(=O)OC
121710,CC1CC(=O)C=C1C
121719,CC1(C2CC1C(=C)C(=O)C2)C
121723,C(CCCBr)CCC(=O)O
121731,CC1=CC=CCC1
121738,CCCCCCCCCC(=O)OCC(C)C
121739,CCCCCCCCCC(=O)OCCC
121767,CC(=O)OC1(CCCCC1)C
121777,CC1CC(=C)CC(O1)C2=CC=CC=C2
121790,CCCCCCC(C(=O)C)C(=O)OCC
121797,CC1=CCC(CC1OC=O)C(=C)C
122370,CSCS
122371,CC1(C(O1)CCC(=C)C=C)C
122407,CCSC1=CC=CC=C1O
122419,CCCC(=O)OCC(C)O
122510,CC1CCC2C13CC(C2(C)C)C4(C(C3)O4)C
122557,CC1=C(C(CCC1)(C)C)C=CC(C)C=O
122594,CCCC1=NC=C(N=C1C)C
122824,CCN(CC)C(C)CN1C2=CC=CC=C2SC3=CC=CC=C31.Cl
122903,CC1=CC(=O)C(C(=O)O1)C(=O)C
122936,CC1=C(C=CC(=C1)C=O)OC
122941,CCOC1=NC=CN=C1C
122954,CC=CCCC1CCCC(=O)O1
122966,CCCCC=COC(=O)C
123080,C1=CC=C(C=C1)COC2=CC3=CC=CC=C3C=C2
123388,CCSSC
123406,CCC1=CC=CC=C1C=O
123445,C1CC2=CC=CC=C2C1N
123462,CCCCCCC1=CC=C(C=C1)C(=O)C
123525,CC(CCO)C=C
123543,CCCC(CCC)CO
123601,CC(C)(C)NC[C@@H](C1=CC(=C(C=C1)O)CO)O.Cl
123619,CC1=NC=C(C=C1)C2=C(C=C(C=N2)Cl)C3=CC=C(C=C3)S(=O)(=O)C
123630,C[C@@]1([C@@H](N2[C@H](S1(=O)=O)CC2=O)C(=O)O)CN3C=CN=N3
123631,COC1=C(C=C2C(=C1)N=CN=C2NC3=CC(=C(C=C3)F)Cl)OCCCN4CCOCC4
124087,C1CC2=C(C=CC(=C2)Cl)C(=C3CCNCC3)C4=C1C=CC=N4
125207,C=CCCCCCCCCCC(=O)O
125468,C/C=C(\C)/C(=O)O
126537,C[C@@H]1CO[C@@H]2[C@H]1CCC(=C2)C
126941,CN(CC1=CN=C2C(=N1)C(=NC(=N2)N)N)C3=CC=C(C=C3)C(=O)N[C@@H](CCC(=O)O)C(=O)O
130313,CC1([C@@H](N2[C@H](S1(=O)=O)CC2=O)C(=O)O)C
130881,CCCC1=NC(=C(N1CC2=CC=C(C=C2)C3=CC=CC=C3C4=NNN=N4)C(=O)OCC5=C(OC(=O)O5)C)C(C)(C)O
131204,CC(C)(CO)[C@H](C(=O)NCCCO)O
132862,CN=C(N)NCCC[C@@H](C(=O)O)N
134453,CNCCC(C1=CC=CC=C1)OC2=CC=CC=C2OC.Cl
134575,C[N+]1=CC=CC(=C1)OC(=O)N(C)C.[I-]
135309,CCCC[C@H](CC)C(=O)O
136330,CC1=CC=CC(CC1=O)(C)C
136363,CCC(=O)C(C)(C)C
136505,C1CCOC(C1)O
136523,CN(C)C=C1C=CC=C1
137281,CC(C)CC=CC(=O)C
137614,CC=C(C)CCC=C(C)C
137829,CC(C1CCCCC1)O
137980,CC1=CN=CS1
138176,CC(C)OC(C)OC(C)C
138187,CCOC(C)(C1=CC=CC=C1)OCC
138212,CC(C)C(C)(C1=CC=CC=C1)O
138217,CC(C)C(=O)C(=O)C(C)C
138260,CCCC(OC)OC
138345,CCC=S
138418,CCCOC(=O)C(C)(C)C
138420,CCCCOC(=O)C(C)(C)C
138491,CSC(SC)SC
138508,CCCC(=O)C(=O)CCC
138724,CCCN(CCC)CC#C
138758,CCCCCCC=CCCCCC
138818,C(S)S
138859,C1CCCCCCCCC(=O)CCCCCCCC1
139365,CC1=CC(=C(C(=C1)C)N(C)C)C
139389,CSC1=CC=CO1
139550,C1=CC=C(C=C1)C=C(C=O)C2=CC=CC=C2
139711,CCSC(C)SCC
139743,COC(=O)CC1CCCCC1
140001,CC1=CC=CC=C1C2=NC3=CC=CC=C3S2
140511,CCCC(C)CC=O
140615,CCCCOC(=O)CC=CC
140649,CCCCCC#CCC
141710,CC1CCCCCCCCCCCCC(=O)O1
141850,CC(C1=CC=CC=C1)S
141999,CC(C)(C)C1CCC(C=C1)O
142266,CC(=O)CC(=O)OCC1=CC=CC=C1
142629,CC=CSC
143345,CCCC(C)CC(C)O
143444,CC(C)CC(OC)OC
143498,CC(C)(C1=CC=CC=C1)C(=O)OC
143990,CC1=CC(=C(O1)C)SC
144263,CCC(CC(=C)C)O
145386,CC(C)CCCC(C)CCCC(C)CCCC(=CCO)C
145692,C[S+](C)CC[C@@H](C(=O)O)N
145742,C1C[C@H](NC1)C(=O)O
145858,C1=CC=C(C=C1)C2=[O+]C3=CC=CC=C3C=C2
146571,CN(C)CCC[C@@]1(C2=C(CO1)C=C(C=C2)C#N)C3=CC=C(C=C3)F.C(=O)(C(=O)O)O
146586,CC(=CCS)C
146885,CCCC1NCCS1
151194,C1=CC=C2C(=C1)C(=NN=C2NC3=CC=C(C=C3)Cl)CC4=CC=NC=C4
151276,COC1=C(C=CC(=C1)CC=O)O
151492,CCCC(CC(=O)O)O
152802,CCCCCCCCCCCCCC=CC(=O)O
152946,COC1=C2C(=CC(=C1N3C[C@@H]4CCCN[C@@H]4C3)F)C(=O)C(=CN2C5CC5)C(=O)O
153725,CC1=C2C=CN=C(C2=CC3=C1NC4=C3C=C(C=C4)OC)NCCN
153751,CC[C@]1(C[C@@H](C2=C(C3=C(C=C2[C@H]1C(=O)OC)C(=O)C4=C(C3=O)C(=CC=C4)O)O)O[C@H]5C[C@@H]([C@@H]([C@@H](O5)C)O[C@H]6C[C@@H]([C@@H]([C@@H](O6)C)O[
154271,C1=CC=C(C=C1)CCCCCCCO
154417,CN1[C@@H]2CC[C@H]1CC(C2)OC(=O)[C@H](CO)C3=CC=CC=C3
154494,C1CN=C(N1)C2COC3=CC=CC=C3O2.Cl
155007,CC(C=O)C1CCC(O1)(C)C=C
155290,CN1CCOC(C2=CC=CC=C2C1)C3=CC=CC=C3.Cl
155434,CC(=O)NCCCS(=O)(=O)[O-].CC(=O)NCCCS(=O)(=O)[O-].[Ca+2]
155626,CC(=C)C1CCC(C=C1)(C)O
155708,CCOC1=C(C=CC(=C1)C=O)OC(=O)C
155771,CCCCCC#CC(=O)OCC=C
156273,CCCCC1OCC(O1)C
156549,CCCCCCCCCCCC=CC=C
156605,CC(CC(C)(C)C#N)C1=CC=CC=C1
157342,CCOC(=O)[C@@]12CCC[C@@H]1[C@H]3CC[C@@H]2C3
157995,C[C@]12CCCC(C1=CC(=O)O2)(C)C
158410,CCC(=O)OCC(C)(C)CC1=C(CCC1C(=C)C)C
158825,CSCSSCSC
159055,C[C@@]12CC[C@@H](C1(C)C)CC2=O
160065,CCC(C)(CCC1=CC=CC=C1)OC(=O)C
160138,C1CC2C3CC(C2C1CO)CC3CO
160166,C1=CC(=CC=C1C2=CC3=C(N2)C=C(C=C3)C(=N)N)C(=N)N.Cl.Cl
160226,C(C=O)S(=O)(=O)O
160419,C(CC(=O)[O-])C(=O)[O-]
160434,C(C(C(=O)[O-])O)C(=O)[O-]
160436,C1=CC2=C(C=C1O)C(=CN2)CCN.Cl
160641,CCOC(=O)C(C)C1CCCCC1
160799,CC1=C[C@H]2[C@@H](CC[C@]([C@@H]2CC1)(C)O)C(C)C
160960,[Cl-].[Cl-].[Cl-].[Cl-].[Ti+4]
161104,C1CCN(CC1)CCOC(C2=CC=CC=C2)C3=CC=C(C=C3)Cl.Cl
161528,CCCCC=CCC(=O)OCC
161675,CC(=O)OCC1CCC2C1C3CCC2C3
161676,C1CC2CC1C3C2C(CC3)C=O
161683,C[C@@H]1CC[C@@H]2C13C[C@H](C2(C)C)C(=CC3=O)C
161720,CCC(=O)OC(C1=CC=CC=C1)C(Cl)(Cl)Cl
161803,C1CN(CCN1CC2=CC3=C(C=C2)OCO3)C(=O)COC4=CC=C(C=C4)Cl.Cl
161875,CCCCCCCCCCCCC1CCC1=O
161936,CCC(C)C1CCCCC1(C#C)OC(=O)C
161949,CC1(CCCCCCCCCCC1)OC
161960,CCCCC1COCC(C1OC(=O)C)C
161993,CCCC1C2CC(C1C=O)C=C2
162002,C[C@@H]1CC[C@@H]2[C@]13CC[C@@]([C@H](C3)C2(C)C)(C)OC=O
162027,CCOC(C)OC(C)(CCC=C(C)C)C=C
162030,CCCCCC1C(CCC1=O)CC(=O)C
162053,CC(CCCC(C)(C)OC)C(C)O
162061,COCOC1CCCCCCCCCCC1
162184,CC1CCC(C2(C1)OCC(O2)CO)C(C)C
162239,CCCOC(=O)C(C)CC
162248,CCC(C)C1CCCCC1(C=C)OC(=O)C
162249,CCCCCCC1C(CCC1=O)C(=O)OC
162267,CCCCCCCCCCC(C)C=O
162268,C1CCCCCC(=O)CCCC=CCCCC1
162275,COC(=O)C1=CC=CC=C1N=CC2=CC=CC=C2
162292,CC1=C(SC=N1)C(=O)C
162293,CCC1=C(N=C(S1)C)C
162294,CC(CCCC(=C)C)OC(=O)C
162309,CC(=CCCC(=CCCC1=CC=NC=C1)C)C
162363,CCCCCCC=C1CCCC1=O
162392,C=CCCCCCCCC=O
162409,COC(=O)C=C1CCCC1
162413,CC(C)CCCCCCOC(=O)C
162418,CC(CCC=C(C)C)CC(C)O
162452,CC1(CCC=C2C1CCC(C2)(C)O)C
162458,COC(=O)C1=CC=CC=C1NC=O
162476,CC(=O)OC(C)(CCC1C(O1)(C)C)C=C
162479,CC(C)CCCC(C)C(=C)O
162481,CC1CC2C3CCC(C3)C2CC1=O
162493,C1=CC=C(C=C1)CCOCC=O
162500,CCC=CCOC(=O)C
162512,CC(=O)C1C2CCC(C2)C1(C)C
162566,CCCCCC=C(C)C=O
162595,CCCC(C)C=NC1=CC=CC=C1C(=O)OC
162626,CCC(C)COC(=O)C1=CC=CC=C1O
162627,CCCC(=O)OCC(C)CC
163236,CC(C)COC(=O)C=CC1=CC=CO1
163259,CCC(=O)CCC1C(=CCCC1(C)C)C.C#CCO
163261,CCCCCCCC(COC(=O)C)OC(=O)C
163263,C[C@]12CCCC([C@@H]1CC[C@@]([C@@H]2CC[C@](C)(C=C)O)(C)O)(C)C
163400,CCOC(C)OC(C)(CCCC(C)C)C=C
163414,CCC(C)C(=O)N(C)C1=CC=CC=C1
163418,CCC1(C2(CCCC1(CC2)C)C)O
163529,COC1CC2CC1C3C2CC(C3)C=O
163546,CC1OCC2(CC3CCC2C3)CO1
163588,CCCC(C)COC(=O)C(C)CCC
163620,CCOC(=O)OC1C(CCC(C1C)C)C
164355,CCC1=CC=C(C=C1)CC(C)(C)C#N
164422,CCC(COC1CCCCC1C(C)(C)C)O
164547,C(=CC(=O)[O-])C(=O)[O-]
164623,CCC(C)C(C(=O)O)O
164652,CCNCC(C1=CC(=CC=C1)O)O.Cl
164739,C[C@@H]([C@@H](C1=CC(=C(C=C1)O)O)O)N
164888,CC1=C[C@H]([C@@H]2C[C@H]1C2(C)C)O
165193,CC(C)NC[C@@H](COC1=CC=CC2=CC=CC=C21)O.Cl
165224,CSCCCCCCN=C=S
165266,CC1(C2CCC(C1C2)C=O)C
165337,CC(C)C(=O)[O-]
165542,CS(=O)(=O)O.C1CCN(CC1)CCC(C2=CC=CC=C2)(C3=CC=CC=C3)O
165675,C[C@H]1CC[C@@H]([C@H](C1)O)C(C)C
166220,CC1=CCC(C1(C)C)CCC(C)CO
166222,CCC(=O)C(=CC1C(=CCCC1(C)C)C)C
166246,CC1(C(O1)C(=O)OC)C2CC3CC2C=C3
166257,CC(=CCCC(C)(C)OC(=O)C)C=C
166302,CC(=CCOC(=O)C=C(C)C)C
166341,CCCCCCCCCCOCC=O
166343,CCCCCCCCC=NC1=CC=CC=C1C(=O)OC
166354,COC1=C(C=CC(=C1)C=NC2=CC=CC=C2C(=O)OC)O
166364,CC1=CCCC(C1)C(=O)CC(=O)CC(C)C
166371,CCCCCCCCCCOC(=O)CC(C)C
166374,CC1(CCCC2=C1CC(CC2)C#N)C
166406,CCCCCCCCCCCCC1CCOC1=O
166450,CC12CCCC(C1=NO)(CC2)C
166504,CCCCC1COC2(O1)CCCC2
166517,CC(C)OCCOC(=O)C1=CC=CC=C1O
166523,CCCC(C)C1OCC(CO1)(C)CCC
166527,C1CCC(CC1)OCCC2=CC=CC=C2
167606,[H+].CCN
167656,[H+].CCN(CC)CC
167812,C[C@H]1CC[C@@H]2[C@]13CC(=C(C)C)[C@](O3)(C=C2C)O
167980,CN1C(=CC(=O)N(C1=O)C)NCCCN2CCN(CC2)C3=CC=CC=C3OC.Cl
168696,CCC(=O)C=CC1C(=C)CCCC1(C)C
168965,C1CCC(CC1)C(=O)[O-]
168993,CN1CCC(=C2C3=C(CCC4=CC=CC=C42)SC=C3)CC1.C(C(C(=O)O)O)C(=O)O
169068,CCCCCC(CC)(O)O
169110,CC(=O)C1=NCCS1
169211,CC1(C2CC=C(C1C2)CC=O)C
169223,CCCCCCCCC(=O)OCC(C)C
169321,CC(C)CCCCCOC(=O)C
169563,C1=CC=C(C=C1)C(C=O)O
169665,CC(C)CCCCCC=O
169812,CC(C)C1CCC(CC1)CC(C)C(=O)C
169818,CC(CCCC(=C)C)CO
169830,CCC1=CC=C(S1)C=O
170239,CC(=CCCC(C)(C=C)S)C
170284,CC(C)CCCC(C)CC#N
170344,CCC1=C(C(=CC=C1)CC)NC(=O)CN(CC(=O)O)CC(=O)O
170367,CC(=O)OC1CN2CCC1CC2.Cl
170623,CCCCCCCCCCCCCC(=O)OCCCCCC
170687,C1CCCCCC2COCC2CCCC1
170755,CCCCCCCCCCOC(=O)CS
170833,C[C@@H]1CC[C@H]([C@@H](C1)O)C(=C)C
170948,CCCC(=O)OCC(C)OC(=O)CCC
170977,CCCCCCCC(C=C)O
171548,C1[C@H]2[C@@H]([C@@H](S1)CCCCC(=O)O)NC(=O)N2
172092,C/C=C/C(C)C
172501,CC(C)CC(C)CCCC(C)O
172843,CC1CC(CC(=O)O1)(C)C
172844,CCC1OCC2(CC(=CCC2C)C)CO1
173058,CC(C)C1=CC2=CC[C@@H]3[C@@]([C@H]2CC1)(CCC[C@@]3(C)C(=O)OC)C
173312,CCCCCC(=O)OCSC
173534,CCCCCC(=O)OCC=C(C)C
173535,CC(C)C(=O)OCC=C(C)C
173840,CCCC(=C)O
173843,CCCCC1C2=C(C=CCC2)C(=O)O1
174183,CC1C2C3CC(C2C=C1C)C(C3)O
174490,CC(C)C(=O)O[C@@H]1C[C@H]2CC[C@@]1(C2(C)C)C
174766,CC1=CC2=C(C(=C1C=O)OC)C(CCC2(C)C)(C)C
174845,CCC12CCC(C1)C(C2)C3(CCCCC3)O
175002,CC(=O)OC1CC2CCC1(OC2(C)C)C
175039,CC1C2CC(C2(C)C)CC1S
175127,C=CCCCCCCCCC(=O)OCCC1=CC=CC=C1
175170,CCOC1=NC=CN=C1C(C)C
175173,CCOC(=O)C1=C(CCCC1(C)C)C
175211,CCOC(C)(CCC=C(C)C)C=C
175216,CC(C)C1=CC=C(C=C1)CC(C)C2OCCO2
175220,CCCCCCCOCC(=O)CO
175231,CC(CCC=C(C)C)CCOC(CC1=CC=CC=C1)OCCC2=CC=CC=C2
175366,CCC1=NC=CN=C1SC
175381,CCCC(=O)OC(C)(C)[C@@H]1CC[C@@H](C2=C(C1)[C@H](CC2)C)C
175481,C[C@@H]1CC[C@@H]2C13CC[C@]([C@H](C3)C2(C)C)(C)C(=O)C
175533,CCCCCCC[N+](CC)(CC)CCCCC1=CC=C(C=C1)Cl.CC1=CC=C(C=C1)S(=O)(=O)[O-]
175540,CC(C)NC[C@@H](COC1=CC=C(C=C1)CC(=O)N)O
175553,CCCCCCCC(CCCC(=O)OCC(CO)O)O
175572,CC(C)OC(=O)CC1=CCCCC1
175596,CC1CCC2(CC1)CCC(=O)O2
175606,CC1CC[C@H](C(=O)C1)C(C)(C)OC(=S)C
175609,CCC1=C(C(CCC1C)(C)C)C(=O)OCC
175612,CC1(CC(C2=CCCCC21)(C)C=O)C
175661,CC1=CCC(CC1)C(C)CC2CCCC2=O
175948,CC1=CC(=CC=C1)CC(C)(C)CO
176439,CC=CC1=CC(=C(C(=C1)OC)O)OC
176870,COCCOC1=C(C=C2C(=C1)C(=NC=N2)NC3=CC=CC(=C3)C#C)OCCOC
176926,CCCCCCCCCCCCCCCCCCC=O
176983,CC1=CC=C(CC1)C(=C)C
177050,C[C@@H](CO)C1=CC=CC=C1
177069,CC(=O)ON
177602,CC1=CCCC(=CCC(=C(C)C)CC1)C
178406,CCC12CCCC(O1)(OC2)C
180122,CC1C2CC3CC1C(C(C2)C3=C)O
180559,CC(C)NC[C@H](COC1=CC=C(C=C1)CC(=O)N)O
181106,CCCCCCC(=O)C=C
181287,CC1C(=NC(S1)C)C
181458,CC12CC3CC(C1)(CC(C3)(C2)N)C.Cl
181574,CC(=O)C=CC12C(CC(CC1(O2)C)O)(C)C
181575,CCC=CC=CC(=O)C
181978,C([C@@H]1[C@H]([C@@H]([C@H]([C@H](O1)O[C@@H]2[C@@H]([C@H]([C@@H]([C@H](O2)CO)O)O)O)O)O)O)O.O.O
182132,CCC=CC=CC=C
182502,CCC=CCC(=O)C=C
183870,CCCCCC[C@@H]1CCC(=O)O1
184493,CC1(CCCCC(C1(CC=C)O)(C)C)C
184852,C=CCCCCN=C=S
185984,CCCCCCC=CO
187947,CCCCCCCCCCC=CO
189821,CC1=N[C@@]2([C@H](O1)C[C@@H]3[C@@]2(C[C@@H]([C@H]4[C@H]3CCC5=CC(=O)C=C[C@]45C)O)C)C(=O)COC(=O)C
190541,CC(C)(C)NCC(COC1=CC=CC=C1C2CCCC2)O.CC(C)(C)NCC(COC1=CC=CC=C1C2CCCC2)O.OS(=O)(=O)O
191324,C1=CC=C(C=C1)C(=O)ON
193087,CCCC(=CC(=O)O)C
193458,COC1=CC=C(C=C1)C(=O)OCC(=O)O
193527,CC(=O)C1(CC2(C(O1)(OC(O2)(C)C(=O)C)C)O)C
193586,CCCCCCC(CC=O)O
194462,CC(C)C=NOC
195164,C1CC2=CC=CC=C2C3=NN=C(C=C3C1)NCCN4CCOCC4.Cl.Cl
196122,CCOC1[C@@H]([C@H]([C@H](O1)[C@@H](COCC2=CC=CC=C2)OCC3=CC=CC=C3)OCC4=CC=CC=C4)O
196435,CC1(CCCC2(C1CCC3C2CCO3)C)C
197162,C1[C@H]([C@@H]([C@H]([C@@H]([C@H]1N)O[C@@H]2[C@@H]([C@H]([C@@H]([C@H](O2)CN)O)O)N)O[C@H]3[C@@H]([C@@H]([C@H](O3)CO)O[C@@H]4[C@@H]([C@H]([C@@H]
197407,CCC=CCCCCC1C=COC1=O
197583,C[C@@H](C1=CC(=C(C=C1)Cl)Cl)NC[C@@H](CP(=O)(CC2CCCCC2)O)O.Cl
197712,CC1=CC(=NC(=N1)OC(C(=O)O)C(C2=CC=CC=C2)(C3=CC=CC=C3)OC)C
198015,CC(CC1=CC(=CC=C1)C(F)(F)F)NCCOC(=O)C2=CC=CC=C2.Cl
198334,CNCCC1=CC=CC=N1.CS(=O)(=O)O.CS(=O)(=O)O
198512,CC(C)CC1OC(OC(O1)CC(C)C)CC(C)C
200103,C1=CC2=C(C(=C1)Cl)SC=C2COC(CN3C=CN=C3)C4=C(C=C(C=C4)Cl)Cl.[N+](=O)(O)[O-]
200164,C(CCC(=O)[O-])CC(=O)[O-]
202225,C[C@@H]1C[C@@H]([C@H]([C@@H](O1)O[C@H]2[C@H](C[C@@]3(CO3)C(=O)[C@@H]([C@H]([C@H]([C@H](OC(=O)[C@@H]([C@H]([C@@H]2C)O[C@H]4C[C@@H]([C@H]([C@@H]
205986,CCC=CCC(C=C)O
206037,CSCCCCCN=C=S
207841,C1CCC(CC1)C(CCN2CCCC2)(C3=CC=CC=C3)O.Cl
208861,CCCCCC(=O)OCC=CC
208862,CCCCCC(OCCC(C)C)OCCC(C)C
208863,CCCCCC(OCCCC)OCCCC
208867,CCCCCC(=O)OC(C)CCC
210704,CCCC(CCO)O
212930,CC(=O)C=CC1=CC=CO1
215850,CN1CCNC2=CC=CC=C21
216439,CC1=CCC(CC1OC(=O)CC(C)C)C(=C)C
216442,COC(=O)C1=CC=CC=C1N=CC=CC2=CC=CC=C2
217048,CCN(CC)C1=CC(=C(C=C1)N=NC2=CC=C(C=C2)S(=O)(=O)N(C)C)S(=O)(=O)NCC[N+]3=CC=CC=C3.[Cl-]
219099,C1CN(CCN1CCC2=C(C=C3C(=C2)CC(=O)N3)Cl)C4=NSC5=CC=CC=C54.Cl
219171,CCCCOC(C1=CC=CC=C1)OCCCC
219357,C=C1CCCC=C1
219500,CCC(C)(C)C(=O)C(C)(C)C
219672,CC(C)CC(=O)CC1=CC=CC=C1
219794,CCCC(C(=O)CCC)O
219904,CC(=O)OCC1C(C(C(C(O1)OC2(C(C(C(O2)COC(=O)C)OC(=O)C)OC(=O)C)COC(=O)C)OC(=O)C)OC(=O)C)OC(=O)C
220001,CC(C(C(C(C=O)O)O)O)O
220036,CCCC(=O)CC(=O)C1=CC=CC=C1
220080,CCCC(=O)C(CC)C(=O)OCC
220118,COC1=CC(=C(C(=C1)OC)OC)OC
220674,C[C@@H]1CC[C@H]([C@@H](C1)OC(=O)C)C(C)C
221069,CCCOC(=O)CCC(=O)C
221166,CCOC(=O)C(C)OC(=O)C
221169,CC(C=O)C1=CC=C(C=C1)OC
221194,C1=CC=C(C=C1)COCCCCCO
221305,CCCCCCCCC(=CC1=CC=CC=C1)C=O
221393,C1CCC(CC1)CCOC=O
221417,CCCCCC(=O)OCCCC1=CC=CC=C1
221455,CCC(=O)O[C@@H]1C[C@@H](CC[C@H]1C(C)C)C
221493,C[C@H](CCC(=O)O)[C@H]1CC[C@@H]2[C@@]1([C@H](C[C@H]3[C@H]2[C@@H](C[C@H]4[C@@]3(CC[C@H](C4)O)C)O)O)C
221634,CCOC(=O)CCC1(OCC(O1)C)C
221641,CCCOC(=O)CC1=CC=CC=C1
221644,CCOC1=CC=CC=C1C(=O)OCC
221663,CC1C(OC(O1)C2=CC=C(C=C2)OC)C
221668,CCC1(OCC(C(O1)C(C)C)(C)C)C
221691,CCCCCCOC(=O)CC1=CC=CC=C1
221704,CC1CC(OC(O1)C=CC2=CC=CC=C2)(C)C
221740,CCC(C)C1CCC(CC1)OC(=O)C
221785,CC1=CC=C(C=C1)C(=O)C=CC2=CC=CC=C2
222285,C([C@H]([C@H](CO)O)O)O
222528,C[C@H](CCC(=O)O)[C@H]1CC[C@@H]2[C@@]1([C@H](C[C@H]3[C@H]2CC[C@H]4[C@@]3(CC[C@H](C4)O)C)O)C
222656,C([C@@H](C(=O)O)O)C(=O)O
222786,C[C@]12CCC(=O)C=C1CC[C@@H]3[C@@H]2C(=O)C[C@]4([C@H]3CC[C@@]4(C(=O)CO)O)C
223147,C1CCN(CC1)C(=O)C=CC2=CC=CC=C2
223368,C[C@]12CC[C@H]3C(=CCC4=C3C=CC(=C4)O)[C@@H]1CCC2=O
223944,CCCCOC(=O)C(C)OC(=O)C
223997,C[C@]12CCC(=O)C=C1CC[C@@H]3[C@@H]2C(=O)C[C@]4([C@H]3CCC4=O)C
224246,CC(=O)OCC(=O)[C@]1(CC[C@@H]2[C@@]1(C[C@@H]([C@]3([C@H]2CCC4=CC(=O)C=C[C@@]43C)F)O)C)O
225856,CC1C(OC(O1)C2=CC3=C(C=C2)OCO3)C
225936,C[C@H]([C@@H](C)O)O
226486,COC1=CC(=CC(=C1O)OC)CC=C
226902,CCCC(C)C(=O)OCC(C)C
226912,CCCC(C)C(=O)OCCC(C)C
226920,CCCCCCOC(=O)C(C)CCC
227085,COC(=O)C1=CC=NC=C1
227544,CC(C)CCCOC(=O)C1=CC=CC=C1
227829,C[C@H]1CC[C@H](CC2=C1CC[C@@H]2C)C(C)(C)O
227875,CCCCCCOC(=O)C(CC)CC
228011,CC1(C(O1)C(=O)OC)C2=CC=CC=C2
228303,CC(C)C1CCC(CC1)OC(=O)C
228340,CCCCCCC1CCC(=O)CC1
228524,CC(=O)CC1=NC2=CC=CC=C2C=C1
228548,CC(=O)CC(OC)OC
228583,CC(=O)CC1=CC=CO1
228588,CCCC(=O)C1=CC=CO1
228604,CC(=C)CCC(=O)C
228739,CCC(=O)OC1=C(C=CC(=C1)C)C(C)C
228757,CCCCCCCCCOC=O
228769,CCCCCCCCOC(=O)CC(C)C
228776,CCCCCCCOC(=O)C1=CC=C(C=C1)OC
228927,CC1CC(OC(O1)CCC2=CC=CC=C2)(C)C
228984,CCCC1=CC=C(C=C1)CC(C)C=O
228986,CCC(CC1=CC=C(C=C1)C(C)C)C=O
228987,CC(CC1=CC=C(C=C1)C(C)(C)C)C=O
228993,CC(=CC1=CC=C(C=C1)OC)C=O
228997,C1CC(CC=C1)C=CC=O
229153,CCCCCCCCCCC1OCC(O1)C
229377,CCCCCCC(=O)OCCC
229382,CCCCCCCCCCCOC=O
229385,CCCCCCCCCCOC(=O)CC
229387,CCCCCCCCCCOC(=O)CCC
229659,CCCCCC1OCC(CO1)(C)C
229663,COCC1COC(O1)CC2=CC=CC=C2
229784,CCCCCCCC(=O)OC(C)CC
229888,CCCCCCCC(=O)OCCC1=CC=CC=C1
230525,CC1C(OC(O1)CC2=CC=CC=C2)C
230984,CC(CC1=CC=CC=C1)COC(=O)C
230995,COC1=CC=C(C=C1)C=CC=O
231031,CC(CCC=C(C)C)CCOC(=O)CCl
231168,C1=CC=C(C=C1)CC2=CNC3=CC=CC=C32
231325,CCCCC(=O)C1=CC=CO1
232444,CCC1=C(C=C(C(=C1[N+](=O)[O-])OC)C(C)(C)C)[N+](=O)[O-]
234237,CCCCCCC(CCOC(=O)C)O
235414,C1CCCCCCCOC(=O)CCCCCC1
236456,CC(C1=CC=CC=C1)OC(=O)C2=CC=CC=C2
236687,CC1COC(O1)C(C)C2=CC=CC=C2
236702,C[C@@H]1C[C@H]2[C@@H]3CCC4=CC(=O)C=C[C@@]4([C@]3([C@H](C[C@@]2([C@]1(C(=O)COC(=O)C)O)C)O)F)C
237217,CCC(CC(C)C)C(=O)OC(C)C
237332,C1=C(OC(=C1)C=O)CO
237561,CC(=O)CCC1=CC(=C(C=C1)OC)OC
238286,CC(=O)OC(C1=CC2=C(C=C1)OCO2)OC(=O)C
238287,CC(=O)OC1=C(C=C(C=C1)C(OC(=O)C)OC(=O)C)OC
238307,CCCCCC1=CN=CC=C1
238498,CCCC(=O)CC(=O)OCC
240115,CC1=C(C(=C(C=C1[N+](=O)[O-])[N+](=O)[O-])C(C)(C)C)[N+](=O)[O-]
240119,CC(C)CC(=O)OC(C)(CCC=C(C)C)C=C
240120,CCCCOC(CC1=CC=CC=C1)OCCCC
240121,CC1CCC2C13CCC(C(C3)C2(C)C)(C)OC(=O)C
240122,C[C@H]1CC[C@H](CC2=C1CC[C@@H]2C)C(C)(C)OC(=O)C
240123,CC(C1=CC=CC=C1)C(OCC2=CC=CC=C2)OCC3=CC=CC=C3
240188,CC(=C1CC=C(C1)C(=O)C)C
240230,CC(CCC=C(C)C)CO
240437,CC1=C(C(=CC=C1)C(=O)C)O
240925,CC1=CC(=C(C(=C1)OC)O)OC
242139,C1=CC=C(C=C1)C(COC=O)OC=O
243587,CCCOC1=CC2=CC=CC=C2C=C1
243670,CCCCC(C)OC(=O)CCC
243675,CCCC(=O)OCC1=CC=C(C=C1)OC
243691,CCCCCCCCCCCCOC(=O)C(C)C
243783,CCCC(=O)OC1CCCCC1
243786,CC(C)OC(=O)C1=CC=C(C=C1)OC
243787,CCCOC(=O)C1=CC=C(C=C1)OC
243793,CCCCCOC(=O)C1=CC=C(C=C1)OC
243799,CCCCCC(=O)OCC=CC1=CC=CC=C1
243803,CCCCCCCCCCCCOC(=O)CC(C)C
244468,CCCC(=O)OCCCCCCCCCC=C
244473,CC(C)C(=O)OCCCCCCCCCC=C
245572,CCCCCCCCCCCCOC(=O)CCC
245601,CCCCCCC(=O)CC(=O)OCC
246089,CCCCCCCC1(OCC(O1)C)C
246728,CCCCCC(=O)CC
246929,CCOC(=O)C(CC1=CC=CC=C1)C(=O)C
247839,C[C@H]1C[C@H]2[C@@H]3CC[C@@H]([C@]3(C[C@@H]([C@@H]2[C@@]4(C1=CC(=O)CC4)C)O)C)C(=O)C
248488,C(CCCCS)CCCCS
248755,COC(CCCCCCC(OC)OC)OC
249494,CC(CCCC(C)(C)O)CCO
249519,CC(C)C(=O)OCC(C)OC(=O)C(C)C
249823,C1CCC(CC1)OCOC2CCCCC2
250075,COC(=O)C1CC2CC1C=C2
250096,C/C=C(\C)/C(=O)OCC1=CC=CC=C1
250948,CC1=C[C@@H]2[C@H](CC[C@]3([C@H]2CC(=C)[C@@]3(C(=O)C)OC(=O)C)C)[C@@]4(C1=CC(=O)CC4)C
251199,CC(C)OC(=O)CC1CCCCC1
251209,CCCOC(=O)CCC1CCCCC1
251216,CCCC(=O)OCCCOC1=CC=CC=C1
251238,CCCCCCCCC(=O)OC1CCCCC1
251513,C1CCC(CC1)OC(=O)C=CC2=CC=CC=C2
251529,CC(=CCCC(C)(C=C)OC(=O)CC1=CC=CC=C1)C
251530,CCCC(=O)OCC(=C)C
251531,C1=CC=C(C=C1)CCOC(=O)C2=CC=CO2
251532,CC(=CCCC(=CCCC(C)(C=C)OC=O)C)C
252322,CCC1CCC1
254373,CC(C)COC1=CC=CC=C1
254555,CCOC(=O)C1CCC(CC1)C(=O)OCC
256028,CCCCC(C1=CC=CC=C1)C(=O)OCC
256071,C1=CC=NC(=C1)CS
256348,CC(C)C(CC(=O)C)O
257962,CC(=C)COC1=CC=C(C=C1)OC
259414,CC(=C)C1=CC=C(C=C1)OC
259994,C[C@H](CO)O
261258,CC12CCC3C(C1CC=C2)CCC4=CC(=O)CCC34C
261491,C[C@@H]1[C@H]2C[C@]2(CC1=O)C(C)C
261531,COC(=O)C1CC2CCC1C2
263034,C1=COC(=C1)COCC2=CC=CO2
263167,COC(=O)CCC1=CC=CO1
263626,CC1C(SC(=N1)C)C
264891,CCN(CC)CCC1=NC(=NO1)C2=CC=CC=C2.C(C(=O)O)C(CC(=O)O)(C(=O)O)O
267569,CNC1=CC=CC=C1C=O
267889,C1OC2=C(O1)C=C(C=C2)CC=O
269945,C(CC(=O)CCCC(=O)O)CC(=O)O
278476,CC(=CCCC(=CCOC(=O)CC(=O)C)C)C
279117,CCOC(=O)C1=CC=CC=C1NC(=O)C
280190,CCCC(=O)CCCC(=O)O
280289,CC1=C(N=CS1)CCO
280943,CC(CCC=C)C=C(C)C
281254,COC(=O)CCCC1=CC=CC=C1
282795,C1=CC=C(C=C1)CC2=CC=C(O2)C=NO
285096,CCCCCCCOCC1=CC=CC=C1
285097,CCCCCCC1(CCC(=O)O1)C
285286,CCOC1=C(C=C(C=C1)C=CC)OC
287439,CC(C)CC(=O)OC1CCCCC1
287687,CC1=CCC2(CCC(C2(CC1)O)C(C)C)C
288220,CC(=CCCC(=CCC(=O)C)C)C
288227,CC1CCC=C2C1(CC(CC2)C(=C)C)C
289151,CC1(CCCC2(C3C1C(C2=C)CC3)C)C
289729,CC1CC(=O)C=C(C2C1CC(=C(C)C)C2)C
290132,CCCCCCC(CCC1=CC=CC=C1)O
290299,CCOC(=O)COCC1=CC=CC=C1
292856,CCCC(C)(C)SSC(C)(C)CCC
293661,CCC(CC1=CC=CC=C1)C=O
300689,C1=CC=C(C(=C1)O)OCCOCCOC2=CC=CC=C2O
301002,CCC(C1=CC=CC=C1)NC
305551,CCOC(=O)C1CCC(=O)O1
307343,COC(=O)C1=CC=CC=C1NC(=O)CC2=CC=CC=C2
312915,CCN(CC)CCOC(=O)C(CC1CCCO1)CC2=CC=CC3=CC=CC=C32.C(=O)(C(=O)O)O
313515,CCC(CO)C(=O)OCC
316203,CC(C)(C)OC(=O)CC1=CC=CC=C1
316627,C1CCC(CC1)CC=O
316771,C1=CC=C(C=C1)C=CCOC(=O)C2=CC=CC=C2
316794,CC(C1=CC=C(C=C1)OC)C(=O)C
318283,C1=CC=C(C=C1)C=CC(CO)O
324224,CC(C)C1CCC2(C1C3C2CCC3=C)C
324305,CCC1=CNC2=CC=CC=C21
325390,CCCCCCCOCC(=O)O
325392,CCCCCCCCOCC(=O)OC
328893,CCCCCCOC(=O)C1=CC=C(C=C1)OC
329983,CC1CCC2=C(C1)OC=C2C
341779,CC(=CCCC1(C2CCC(O1)(CC2)C)C)C
345617,CSCCCC(=O)N
346273,C1=CC=C(C=C1)CCCOC(=O)C2=CC=CC=C2
346281,C1=CC=C(C=C1)OCCOC=O
346286,CC(C1=CC=CC=C1)OC=O
346355,CCCCCC(=CC1=CC2=C(C=C1)OCO2)C=O
346429,CC(C)(CCCC1=CC=CC=C1)O
347077,C1=CC=C(C=C1)C(=O)OCCOC2=CC=CC=C2
347490,CC(C)OCC1=CC=CC=C1
347508,CCCCCCCCOCC1=CC=CC=C1
347577,COC1=CC=CC(=C1O)CC=C
347744,CC(C)C(=O)OCCC1CCCCC1
347794,CCOC1=CC=CC=C1C(=O)OC
347827,CCCC1OCC(O1)CO
347969,CCC(=O)C1=CC=CC=C1OC
348502,CCC(=O)OC1=CC=CC=C1OC
348812,CCCCCCC(OCCCC)OCCCC
348846,CC1(C(CCC1(C)C(=O)OC)C(=O)OC)C
349945,CCCCCC(=O)OCC(C)OC(=O)CCCCC
350107,CCCC(=CC1=CC=CC=C1)C=O
357772,CCOC(=O)CCCO
369312,CC(=C)[C@H]1CCC(=CC1)CO
381152,CC1=CC(=O)C(=C(C)C)CC1
390807,CC1=CC(=O)OC2=C1C=CC(=C2)OC
399848,CSCSCSC
403919,CC1=CCC(CC1)C(=C)CCC=C(C)C
404821,CCCCC[C@H]1CC=CC(=O)O1
409683,CC(C)C(C(=O)OC)N
410085,CC1=CC(=CC=C1)CCN
410469,CCCCCCCCCN1CCCCC1
415606,C1=CC=C(C=C1)C2C(O2)C(=O)O
429065,CCOC(=O)/C=C/C
431757,C1=CC=C(C=C1)COC(=O)CS
433294,[Li+].[Cl-]
439223,CC(CCC=C(C)CCC=C(C)C)CCO
439224,C1=C(NC=N1)C[C@@H](C(=O)O)NC(=O)CCN
439250,CC1=CC[C@H](CC1)C(=C)C
439263,C[C@@H]1CC[C@H]([C@H](C1)O)C(C)C
439314,C[C@H](C(=O)C)O
439524,CC(C)C[C@H](C(=O)O)N
439568,CC1(C2CCC1([C@H](C2)O)C)C
439570,CC1=CC[C@H](CC1=O)C(=C)C
439600,C([C@H](C(=O)O)N)C(=O)N
439655,[C@H]([C@@H](C(=O)O)O)(C(=O)O)O
439711,C[C@]12CC[C@H](C1)C([C@H]2O)(C)C
439938,C[C@H](CN)O
440005,C(C[C@@H](C(=O)O)N)CN=C(N)N[N+](=O)[O-]
440151,CCC[C@@H](CC(=O)OCC)O
440877,CC[C@@H](C)C(=O)C(=O)O
440909,C[C@]1(CC[C@H]2C(=C1)CC[C@@H]3[C@@]2(CCCC3(C)C)C)C=C
440917,CC1=CC[C@@H](CC1)C(=C)C
440936,C1=CC(=CC=C1O)O[C@H]2[C@@H]([C@H]([C@@H]([C@H](O2)CO)O)O)O
440966,CC1([C@H]2CC[C@H](C2)C1=C)C
440967,CC1([C@H]2CCC(=C)[C@@H]1C2)C
440968,CC1=CC[C@H]2C[C@@H]1C2(C)C
441073,COC1=CC2=C(C=CN=C2C=C1)[C@H]([C@@H]3C[C@H]4CCN3C[C@@H]4C=C)O
441130,C[C@@H]1[C@@H]2[C@H](C(=O)N2C(=C1S[C@H]3C[C@H](NC3)C(=O)N(C)C)C(=O)O)[C@@H](C)O
441140,C[C@@H]1CC(=O)C=C([C@]12C(=O)C3=C(O2)C(=C(C=C3OC)OC)Cl)OC
441245,CC(=C)[C@@H]1CCC2(C(C1)O2)C
441246,CC(=C)[C@@H]1CC[C@]([C@H](C1)O)(C)O
441302,C[C@]12CC[C@@H](C[C@@H]1CC[C@@H]3[C@@H]2CC[C@]4([C@H]3CCC4=O)C)O
441307,CCCC(=O)NC1=CC(=C(C=C1)OCC(CNC(C)C)O)C(=O)C.Cl
441308,CC(C)NCC(COC1=CC=C(C=C1)CCOC)O.CC(C)NCC(COC1=CC=C(C=C1)CCOC)O.[C@@H]([C@H](C(=O)O)O)(C(=O)O)O
441314,C1[C@@H]([C@H]([C@@H]([C@H](N1CCO)CO)O)O)O
441325,CCCCC1=C(C2=CC=CC=C2O1)C(=O)C3=CC(=C(C(=C3)I)OCCN(CC)CC)I.Cl
441328,CC(=O)OCC1=C(N2[C@@H]([C@@H](C2=O)N)SC1)C(=O)O
441333,CC(C)NCC(C1=CC(=CC(=C1)O)O)O.CC(C)NCC(C1=CC(=CC(=C1)O)O)O.OS(=O)(=O)O
441334,CC(C)(C)NCC(C1=CC(=CC(=C1)O)O)O.CC(C)(C)NCC(C1=CC(=CC(=C1)O)O)O.OS(=O)(=O)O
441336,C[C@@H]1C[C@H]2[C@@H]3CCC4=CC(=O)C=C[C@@]4([C@]3([C@H](C[C@@]2([C@]1(C(=O)CCl)OC(=O)C5=CC=CO5)C)O)Cl)C
441344,CCN(CC)CCOC(=O)C1(CCCCC1)C2CCCCC2.Cl
441345,CC1=C(OC2=C(C1=O)C=CC=C2C(=O)OCCN3CCCCC3)C4=CC=CC=C4.Cl
441358,CNCCC=C1C2=CC=CC=C2CCC3=CC=CC=C31.Cl
441362,C1CCNC(C1)C(C2=CC(=NC3=C2C=CC=C3C(F)(F)F)C(F)(F)F)O.Cl
441374,C1[C@H]([C@@H]([C@H]([C@@H]([C@H]1N)O[C@@H]2[C@@H]([C@H]([C@@H]([C@H](O2)CN)O)O)O)O)O[C@@H]3[C@@H]([C@H]([C@@H]([C@H](O3)CO)O)N)O)N.OS(=O)(=O)
441383,CC(C)N1CCN(CC1)C2=CC=C(C=C2)OC[C@H]3CO[C@](O3)(CN4C=NC=N4)C5=C(C=C(C=C5)Cl)Cl
441384,C1CC1NC2=C3C(=NC(=N2)N)N(C=N3)[C@@H]4C[C@@H](C=C4)CO.C1CC1NC2=C3C(=NC(=N2)N)N(C=N3)[C@@H]4C[C@@H](C=C4)CO.OS(=O)(=O)O
441398,CCOC(=O)OC(C)OC(=O)[C@H]1C(S[C@H]2N1C(=O)[C@H]2NC(=O)[C@@H](C3=CC=CC=C3)N)(C)C.Cl
441401,CC(=O)NC[C@H]1CN(C(=O)O1)C2=CC(=C(C=C2)N3CCOCC3)F
441456,C1[C@H](ONC1=O)[C@@H](C(=O)O)N
441488,CCC=CCC=CCC=CCCO
441491,CCC=S=O
441558,CC[C@H]1CC[C@]2(O1)CCCO2
441569,CCCC(=O)OCCC=CC=C
441572,C[C@H](C=O)[C@@H]1CC[C@@](O1)(C)C=C
441574,CCCCC[C@H]1CCC(=O)O1
441644,CCCCCCC[C@H]1CCC(=O)O1
442343,CC1=CC[C@H](CC1)[C@](C)(CCC=C(C)C)O
442347,CC1=CC[C@]2(CC[C@@H]([C@]2(CC1)O)C(C)C)C
442348,C[C@@H]1CC[C@@H]2[C@]13CC=C(C(C3)C2(C)C)C
442355,CC1=CCC2C3C1[C@@]2(CCC3C(C)C)C
442359,C[C@@H]1CC[C@H]([C@H]2[C@]13[C@@H]2C(=CC3)C)C(C)C
442368,CC(=CCCC(=CCC=C(C)C=C)C)C
442384,C[C@H]1CCC2([C@@]3(C1CC(C2(C)C)CC3)C)O
442393,CC(=C)[C@@H]1CC[C@]2(CCCC(=C)[C@@H]2C1)C
442402,CC1=CC[C@@]2(CCCC([C@]23[C@H]1C3)(C)C)C
442409,CC1=CCC2C3C1[C@]2(CCC3C(C)C)C
442462,CC(=C)[C@@H]1C[C@@H]2[C@@](O2)(C(=O)C1)C
442463,CC1=CCC2C(=O)C1C2(C)C
442474,CC(=CCC[C@](C)(C=C)OC(=O)C)C
442478,C[C@@H]1CCC2=C(C1)OC=C2C
442482,CC1=CC[C@@H](C=C1)C(C)C
442484,CC(C)[C@@H]1CCC(=C)C=C1
442495,C[C@@H]1CCC(=C(C)C)C(=O)C1
442497,CC(=C1CC[C@]2([C@@H](C1=O)O2)C)C
442501,CC1=CC[C@@H](CC1)C(C)(C)O
442904,CC(=O)C1=C(C=C(C=C1OC)O)OC
443131,CC(=O)O[C@H]1CC2CCC1(C2(C)C)C
443135,C[C@@H](C1=CC=CC=C1)O
443156,CC1=CC[C@@H]2[C@H](C1)C2(C)C
443157,C[C@@H](CCC=C(C)C)CC=O
443158,CC(=CCC[C@](C)(C=C)O)C
443159,C[C@H]1CC[C@@H](C(=O)C1)C(C)C
443160,CC1=CC[C@H](C=C1)C(C)C
443162,CC1=CC[C@H](CC1)C(C)(C)O
443163,C[C@@H]1CC[C@H](C[C@H]1O)C(=C)C
443167,C[C@H]1CC[C@H](CC1=O)C(=C)C
443178,CC1=CC[C@@H](C[C@H]1O)C(=C)C
443180,C[C@@H]1CC[C@@H](C[C@H]1O)C(=C)C
443183,C[C@H]1CC[C@@H](CC1=O)C(=C)C
443314,CCCCCCCCCCCC(=O)OCCOCC(C1C(C(CO1)OCCO)OCCO)OCCO
443483,CC1=CCCC(=CCC=C(C=CC(CC1)C(C)C)C)C
443529,C[C@@H]1CC[C@@H](C(=O)C1)C(=C)C
443866,CC1=CC=CN2C1=NC=C(C2=O)C3=NN=N[N-]3.[K+]
443867,CC(C)(C)C1=CC=C(C=C1)CN(C)CC2=CC=CC3=CC=CC=C32.Cl
443935,C[C@]12CC[C@H]3[C@H]([C@@H]1CC[C@@H]2O)CC[C@@H]4[C@@]3(C[C@@H]5[C@H](C4)S5)C
443939,C[C@H]1[C@H]([C@H](C[C@@H](O1)O[C@H]2C[C@@](CC3=C2C(=C4C(=C3O)C(=O)C5=C(C4=O)C(=CC=C5)OC)O)(C(=O)CO)O)N)O.Cl
443943,C[C@]12CCC(=O)C=C1CC[C@@H]3[C@@]2([C@H](C[C@]4([C@H]3C[C@@H]5[C@]4(OC(O5)(C)C)C(=O)CCl)C)O)F
443944,CC(=O)NC1=C(C(=C(C(=C1I)C(=O)N[C@@H]2[C@H]([C@@H]([C@H](OC2O)CO)O)O)I)N(C)C(=O)C)I
443945,CN1C2=CC=CC=C2C(=O)N(C3=CC=CC=C31)CCN(C)C.Cl
443955,CC[C@@]12CCCN3[C@@H]1C4=C(CC3)C5=CC=CC=C5N4C(=C2)C(=O)OCC
443958,CC(=O)OCC(=O)[C@@]12[C@@H](C[C@@H]3[C@@]1(C[C@@H]([C@]4([C@H]3CCC5=CC(=O)C=C[C@@]54C)F)O)C)OC6(O2)CCCC6
444008,C[C@@H]1CC2=C(CCC(=O)C2)[C@@H]3[C@@H]1[C@@H]4CC[C@]([C@]4(CC3)C)(C#C)O
444030,C1CN(C[C@@H]1C(C2=CC=CC=C2)(C3=CC=CC=C3)C(=O)N)CCC4=CC5=C(C=C4)OCC5.Br
444036,CCC(=O)O[C@@]1([C@@H](C[C@@H]2[C@@]1(C[C@@H]([C@]3([C@H]2C[C@@H](C4=CC(=O)C=C[C@@]43C)F)F)O)C)C)C(=O)SCF
444041,C([C@@H]1[C@@H]2[C@@H]([C@H]([C@H](O1)O[C@@H]3[C@H](O[C@@H]([C@@H]([C@H]3O)O)O[C@@H]4[C@H](O[C@@H]([C@@H]([C@H]4O)O)O[C@@H]5[C@H](O[C@@H]([C@@
444212,C(/C(=C\C(=O)O)/C(=O)O)C(=O)O
444254,C[C@@H]1[C@H]([C@@H]([C@H]([C@H](O1)O[C@@H]2[C@H](O[C@@H]([C@@H]([C@H]2O)O)O[C@@H]3[C@H](O[C@H]([C@@H]([C@H]3O)O)O)CO)CO)O)O)N[C@H]4C=C([C@H](
444266,C(=C\C(=O)O)\C(=O)O
444294,C[C@]12CC[C@H](C1(C)C)CC2=O
444305,[C@@H]([C@H](C(=O)O)O)(C(=O)O)O
444539,C1=CC=C(C=C1)/C=C/C(=O)O
444683,CC[C@H](C)O
444693,C(CO)[NH3+]
444795,CC1=C(C(CCC1)(C)C)/C=C/C(=C/C=C/C(=C/C(=O)O)/C)/C
444972,C(=C/C(=O)O)\C(=O)O
445070,CC(=CCC/C(=C/CC/C(=C/CO)/C)/C)C
445639,CCCCCCCC/C=C\CCCCCCCC(=O)O
445858,COC1=C(C=CC(=C1)/C=C/C(=O)O)O
446094,C([C@H]([C@@H](CS)O)O)S
447043,CC[C@@H]1[C@@]([C@@H]([C@H](N(C[C@@H](C[C@@]([C@@H]([C@H]([C@@H]([C@H](C(=O)O1)C)O[C@H]2C[C@@]([C@H]([C@@H](O2)C)O)(C)OC)C)O[C@H]3[C@@H]([C@H]
447347,C([C@@H]1[C@H]([C@H]([C@@H](O1)O)O)O)O
447466,C/C=C/C=O
447661,C[C@H](CO)C1=CC=CC=C1
448537,CC/C(=C(/CC)\C1=CC=C(C=C1)O)/C2=CC=C(C=C2)O
448751,C1=CC=C(C=C1)CC[NH3+]
448996,CCCCCC(=O)/C=C/C
449215,C1[C@@H](C(=O)NO1)N
456201,CC(=O)N1CCN(CC1)C2=CC=C(C=C2)OC[C@H]3CO[C@](O3)(CN4C=CN=C4)C5=C(C=C(C=C5)Cl)Cl
456389,C1=CC(=CC=C1C(C#N)C2=C(C=C(C=C2Cl)N3C(=O)NC(=O)C=N3)Cl)Cl
459494,C1=CC=C(C=C1)CCCC2=CC=CC=N2
459597,CCCCC1=NC2=CC=CC=C2C=C1
493570,CC1=CC2=C(C=C1C)N(C3=NC(=O)NC(=O)C3=N2)C[C@@H]([C@@H]([C@@H](CO)O)O)O
494311,CC1CCC(C(C1)OC(=O)C)C(=C)C
504166,CCCCCCCCCCCCCCCC(=O)[O-]
510370,C/C=C/CCO
516892,C(=O)(O)[O-].[Na+]
516949,O.OP(=O)(O)[O-].[Na+]
516951,OP(=O)(O)[O-].[K+]
517044,CC(=O)[O-].[K+]
517045,CC(=O)[O-].[Na+]
517055,C1=CC=C(C=C1)C(=O)[O-].[Na+]
517165,CC(=O)[O-].[NH4+]
517321,CCCOC1=C(C=C(C=C1)C(=O)OCCN(CC)CC)N.Cl
517637,CC(COC(=O)C1=CC=CC=C1)OC(=O)C2=CC=CC=C2
517653,CCCC/C=C/C=C
517791,CCC(C)C(=O)C=CC
517827,CC(C)C1=CC=C(C=C1)CC(C)C=O
517863,CCCCCCCCCOC(=O)C(C)C
517959,CCCOC(=O)CC(=O)OCCC
517970,CCCCCCC(=O)OCCCCCC
518472,CC1(C2CCC1(C(C2)OC=O)C)C
518516,CC1=C2CC(CCC2(CCC1)C)C(C)(C)O
518573,CCCCCCCCCCCCCC1CCCC(=O)O1
518689,CC(=CCCC(=C)CCO)C
518810,CCCC(CCOC(=O)C)S
518814,CC1CCC(C2C13C2C(=C)CC3)C(C)C
518856,CCC1=C(N=C(S1)CC)C
518937,CSCC1=CC=CO1
519129,CCCC=CC(=O)OCC
519158,CCCCCCCC(CC)O
519179,CCC=CC(=O)OC
519180,CCCCCCCCC=CC(=O)O
519203,CC1=NC=CN=C1C(C)C
519298,CC1CCC(C2C1=CCC(=C2)C)C(C)C
519326,CC1(CCCC2(C1CCC3=CC(CCC32)(C)C=C)C)C
519361,CC(=C)C1CCC2(CCCC(=C)C2C1)C
519382,CC1=C(C(CCC1)(C)C)CCC(=O)C
519407,CCCC=CCCC(=O)OC
519409,CC=C(C)C(=O)OC(C)C
519415,CCOC(C(C)C)OCC
519416,CCC=CSC
519539,CCC(C)C1=NC=CS1
519564,CC1=CN=C(C(=N1)CCC(C)C)C
519662,CC1=CC2C(CCC(C2CC1)(C)O)C(C)C
519668,CCCCNCCN
519677,CCCCCCCOCC
519709,CCOC(=O)C(C)S
519751,CCSCC1=CC=CO1
519756,CC(C)C(=O)OC1=CC=CC=C1
519757,CCCCCCOC(=O)C(C)O
519764,CC(CCC=C(C)C)C1CCC(=C)C=C1
519779,CC(C)C1CCC2(C3C1C2C(=C)CC3)C
519786,CC(C)CCOC(=O)C(C)C
519793,CSCCCCO
519823,CC(C)C(C)S
519845,CCCC(CC(=O)OC)O
519857,CC1CCC(C2C1(CCC(=C2)C)O)C(C)C
519890,CCCC(C)C(=O)OC
519891,CCC(C)CC(=O)OC
519893,CCC(C)CCC(=O)OC
519906,CCC=CCC=CCC=O
519907,CSC1=NC=CN=C1
519915,CC1=C(C(CCC1)(C)C)C=CC(C)O
519960,CC(C)C1CCC2(C3C1C4C2(C4C3)C)C
520098,CCC(C)C1=NC=CN=C1OC
520108,CC(=O)C1=NC=CS1
520110,C1=CC=C(C=C1)CCCCCCO
520119,CC(CCS)S
520125,CCOC(=O)C(C(C)C)O
520144,CC(=O)CS
520148,CCC(C)C(=O)OCCC1=CC=CC=C1
520191,CC1=CC(=C(S1)C)C(=O)C
520194,CC(=O)C1=CCCCN1
520196,CCCCCCC(C)(C)S
520230,CCCCCCCCC=CCCCCCCC
520296,CCCCCCCCCC1CCCC(=O)O1
520300,CC(=O)C1=NCCCC1
520326,CCC(C)C(=O)OCCC(C)C
520383,CC1=C2C=C(CCC2(CCC1)C)C(C)C
520395,CC1=CN=CC(=N1)OC
520420,CCCCC(=O)C=C
520440,CC1=CCC(CC1)C(C)C=O
520455,CCCCCCCCOC(=O)C(C)CC
520484,CC(C)C(C)(C(C)C)O
520506,CC1=CCCC(C1C(=O)CC=C)(C)C
520556,CCCCCC(=O)C=CC
520567,CCC(C)C1=CN=C(C(=N1)C)C
520568,CCC1=CSC(=N1)C
520583,CCCCCCC=COC(=O)C
520667,CC1CC(=O)CO1
520682,CC(C)(CCO)S
520684,CC1=CC(=O)CC(C1C=CC(C)O)(C)C
520710,CCCCCCC(=O)OC(C)C
520722,CCC1=NC=CN=C1OCC
520826,CC1CCC2=C(CCC(CC12)C(=C)C)C
520888,CC1=C(SC(=N1)C)C(=O)C
520895,CCC1SC(SS1)CC
520907,CC(C(C)(C)C)N
520911,CC1=CC=C(O1)CO
520932,CC(=O)OCC(C(C(C(C=O)OC(=O)C)OC(=O)C)OC(=O)C)OC(=O)C
520990,CCC1=CC=C(S1)C
521020,CC(C)CCNC
521064,CCC(C)C(C(=O)OC)O
521080,CCCC1=NC(=C(S1)C)C
521150,C=CCNCC1=CC=CC=C1
521158,CC(C)COCCO
521185,CC1(CC2C(C1)C3(CCCC2(C3O)C)C)C
521207,CC1CCC2C13CC=C(C(C3)C2(C)C)C
521210,CC1(C=CC23C1CCC(C2)(CCC3)C)C
521215,CC12CCCC(=C)C1CC(CC2)C(C)(C)O
521216,CC1=CCCC2(C1CC(CC2)C(C)(C)O)C
521238,CCCCCC(CC)OC(=O)C
521243,CC1CCC2C(C2(C)C)C3=C(CCC13)C
521245,CC1CCC(CC2=C1CCC2C)C(C)(C)O
521246,CC(C(=O)C)OC(=O)C
521253,CC1=CCC(C=C1)C(C)CCC=C(C)C
521267,CC1=CCC(CC1=O)C(C)C
521288,CCC(=CC(=O)OC)C
521300,CCC(=O)CO
521314,CC1(C2CCC(C1C2)CO)C
521320,CCCCCC(C)C(=O)OC
521321,CC(C)COC(=O)C(C)(C)C
521326,CCCCCCCCOC(=O)CCCCCC
521332,CC1(CCCC2(C1CCC(C2CCC(C)(C=C)O)(C)O)C)C
521334,CC(=C1CCC2(CCCC(=C)C2C1)C)C
521348,CCCC(CCO)S
521355,CC(CC=C)C=O
521364,CC(=C)CCOC(=O)C1=CC=CC=C1
521380,CC1=CCC2C(C1)C(CC=C2C)C(C)C
521496,CC1CCC(C2=CC(=C)CCC12)C(C)C
521504,CCCCC1=CC=C(S1)CC
521545,CCCNC1=CC=C(C=C1)C
521790,CCC(=O)C(C)O
521803,CC=CC=C(C)C(=CC)C
521863,CC=CSSC
521869,CCC(=O)SC
521873,CC1=CC=C(O1)CS
521881,CC(=CCC=C(C)CCO)C
521903,CC1CCC2(C(C3CCC2(C1C3)C)(C)C)O
521926,CCCCCCC(C)CCCCC
521941,CCCCSSC
522071,CCCCCC(C)S
522076,CCCCCCCOC
522077,CCCCCCCCCCCCCCCOC(=O)C
522111,CCCCSSCC
522131,CCCC(=O)CO
522171,CC(C)COC(=O)C1=CC=CC=C1NC
522214,CCC(C)C(=O)OC(C)C
522255,CCOC(=O)CCCCCCCC=C
522262,CC(C)CSSC
522265,C[N+](C)(C)CCO.[Cl-]
522266,CC1(C2C1C3C(CCC3(C)O)C(=C)CC2)C
522276,CC1=CCCC(=CC2C(C2(C)C)CC1)C
522284,CC(=O)CC1=NC=CN=C1
522325,CC1=C(C(=O)N(N1C)C2=CC=CC=C2)N(C)CS(=O)(=O)[O-].[Na+]
522404,CC(C)CCOC(=O)CCC(=O)C
522422,CCCCCCCCC(=O)OCCCCCCC
522445,CC1=CCCC(C=CC(CC1)C(C)C)(C)O
522458,CCCCSSCCC
522459,CCCCCSSC
522514,CC1(CCCC(O1)(C)C=C)C
522567,C1=CC=C(C=C1)CC(=O)OCC=CC2=CC=CC=C2
522667,CC1CCC2C13CCC(C(C3)C2(C)C)(C)O
522673,CC1=CCC(CC1)C(C)(C)OC(=O)C(C)C
522674,C1=CSC(=C1)S
522676,CCCCCCCCC(=O)OCCC(C)C
522677,CC(C)COC(=O)CC(=O)C
522771,C1=CC=C(C=C1)COC(=O)C2=CC=CC=C2N
522834,CC(=O)C1=NCCC1
522874,CCCCCCCCCOC(=O)CCCCCCCC
522877,CCC1=NC(=C(S1)C)C
523027,CCOC(=O)CCC(C)(OCC)OCC
523035,CC1(C2CCC(O1)(C=C2)C)C
523918,CCCOC(=O)C(=O)C
524129,CC1=CCC(C=CCC2(C(O2)CC1)C)(C)C
524171,CC(=O)C1CCSS1
524369,CCCCCOC(=O)CC(=O)OCCCCC
524461,CC(=C)C1CCC(=C)C(C1)OC(=O)C
524785,CC1(CCCCC1)C(=O)OC
524975,CCCC1=CC(=C(C(=C1)OC)O)OC
525032,CCCCCCCCCC=CCCCCCC
525329,CSSSSCC=C
525330,CCCSSSCC=C
525358,CCSSSC
525462,CC(S)SC
525963,CCC(=O)OC1CCCCCCCCCCC1
526152,CC(CCCC(=O)OC)OC(=O)C
526177,CC1=C(CCO1)S
526195,CC(C)(CCOC)S
526487,CC(C)(CCOC=O)S
526614,C1=COC(=C1)CCC2=CC=CO2
526616,CC1=C(C=CO1)SSCC2=CC=CO2
526618,CC1=C(C=CO1)SC
526624,CC1=C(C=CO1)SSC2=C(OC=C2)C
526654,CC1CC2CC(C3CC(C3C(C1)O2)(C)C)C
526752,CC1(CCC(O1)C(C)(C)OC2C(C(C(C(O2)COC(=O)C(F)(F)F)OC(=O)C(F)(F)F)OC(=O)C(F)(F)F)OC(=O)C(F)(F)F)C=C
526758,CCCCCCC1CCCCCCCCC(=O)O1
526762,CC(C)C1=CC=C(CC1)C=O
526853,CC(=O)C1=CSCCN1
526931,CC1=C2C(=CO1)CCS2
526973,CC(CO)C1CCC(O1)(C)C=C
527108,CC(=C)C1CCC(CC1)C=O
527113,CC1CCC2=C1CC(=CCC2C)C(C)C
527119,CCCC=CCOC(=O)C(=CC)C
527137,CC1=CCCC2(C(O2)CC(C=CC1)(C)C)C
527143,CC1=CCC(CC1)C(=C)CO
527144,CC1=CCC(CC1)C(C)COC(=O)C
527268,CCOC1=C(C=CC(=C1)C(C)C)C
527286,CCCCCCCC(=O)OCCC(C)CCC=C(C)C
527393,CC(CC(=O)C)S
527409,CCCCCCCCCCCC(C)OC(=O)C
527424,CC1=CCC(C=C1)C(=C)C
527435,CCC(C(C)C=O)S
527438,CCC(CS)C=O
527441,CC(C)(CC=O)S
527442,CCCCCC(CC=O)S
527780,CC=CCOC(=O)C1=CC=CC=C1
527821,CC1=CN=CC(=N1)C(=O)C
527990,CC(C)CCC(=O)OC(C)C
527991,CCCOC(=O)CCC(C)C
528053,CCC(C)C1=NC=CN=C1
528069,CCCCCCC(CC)C(=O)OC
528108,CC1=NC=C(N=C1C)CC(C)C
528118,CCC(CC)C1=NC=CN=C1
528143,CC1=CN=C(C=N1)SC
528308,CCCC1=NC=CN=C1OC
528698,CCC1=C(C(=O)CC1C)O
528699,CC1=C(C(=O)C(C1)(C)C)O
528704,CCC1CC(=O)C(=C1C)O
528707,CC1C(C(=O)C(=C1C)O)C
528708,CC1=CCC(C2=C1C=CC(=C2)C)C(C)C
528709,CCCSSSSC
528712,CC=CSSSC
529049,CC(C)C1SC(SS1)C(C)C
529052,CC1NC(SC(S1)C)C(C)C
529056,CC1NC(SC(S1)CC(C)C)C
529068,CC1N2CCCC2SC(S1)C
529186,CCCCCCCOCCC
529251,CCC(=O)C1=NCCC1
529253,CCCC(=O)OC(C)C(=O)C
529262,CCCCCC(=O)OCC=C(C)CCC=C(C)CCC=C(C)C
529263,CCCCCCCC(=O)OCC=C(C)CCC=C(C)CCC=C(C)C
529296,CCCCCC(CC(=O)OCC)OC(=O)C
529300,CCCCCC(CC(=O)OC)OC(=O)C
529304,CC1(C(O1)CCC(C)(C=C)O)C
529344,CC(=C)C1=CC(=NC=C1)C(=O)C
529345,CC(C)C1=CC(=NC=C1)C(=O)C
529346,CCC1=NC=CC(=C1)C(=C)C
529352,CC(=C)C1=NC=CC(=C1)C(=O)C
529383,CCCCCCCCC1C(=O)C=C(O1)C
529388,CCCSS(=O)(=O)CCC
529401,CC(=O)OCC1=CC(=C(C=C1)O)OC
529426,COC1=CC(=O)OC2=CC=CC=C21
529438,CC1(CC2C3CCCC(C2C1)(C3O)C)C
529481,CCCCCC(=O)C(C)C(=O)C
529496,CCCCCC(C)OC(=O)CCC
529497,CCCC(C)OC(=O)CC(C)C
529500,CCCC=CC(=O)OCC(C)C
529616,C[C@H](CCCC(C)(C)O)C=C
529635,CCC(=O)C(C)S
529757,CC1CSSS1
529761,CC=CSSCC=C
529769,CCC(=O)OC1CC2CCC1C2(C)C
529770,CC(=O)CCC(=O)OCC=C
529885,CC1(C2CCC(O1)(C(C2)O)C)C
529899,COC1=C(C=CC(=C1)CCC=O)O
529904,CCCSSC=CC
529906,CC1(CCC(C(O1)(C)C=C)O)C
529907,CCCCCC=CCC=O
529947,CCC(=O)CS
530286,CCCCCCOC(=O)CCC(C)C
530404,CC1CCC2=NC(=CN=C12)C
530421,CC1CCCC2=CCC3C(C12C)C3(C)C
530428,CC1=CC(=O)C2C3C1C2(CCCC3(C)C)C
530818,CC1=CC=CC=C1OC(=O)CC2=CC=CC=C2
533700,CCCCCCCC=CC(=O)OCC
534259,C(CCO)CCS
534377,CC(C)CCSSC
534462,CC(=C)C(CCC(=C)C=C)O
534613,CCCCCCC=CCCCCCCO
534931,CC1(CCCC2(C13CCC(C3)C2(C)C)O)C
535026,COCC=CCCCC=C
535665,CC(C)CC=NCCC1=CC=CC=C1
536502,CCCS(=O)OC
536987,CCCCCC(=O)OCCC(CCC)S
537615,CCCCC(CC)OC(=O)C
537682,CC(C)CCOC(=O)C(=O)C
537754,CCCC(CCOC(=O)CCC)S
538506,CC(C)CCOC(=O)CCC1=CC=CO1
539829,CC(C)C(=O)OC1=C(C=C(C=C1)C=O)OC
540124,CC(C)C=C(C=O)C1=CC=CC=C1
543323,CC(CCCC(=C)C)CCO
543427,CC1CCCCCCCCCCCCCC1=O
543619,CCCC(C(=O)OC)O
543664,COC(=O)CCC=C
543755,CCCCCC=CCCCCCO
544067,C=CCCCCCCCC(=O)CCC(=O)CCCCC=C
544291,CC=CCN=C=S
545106,CCC(C)C(=O)C(=O)OC
545267,CC(C)COC(C(C)C)OCC(C)C
545397,CCCCCCCCOC(=O)C(C)(C)C
545608,CCC(C)CC(C)CCCC(C)C
545658,CCCCCCCOCCCCCC
545739,CCCCCC(C=C)OC(=O)CC
546235,CCCCCCCOC(=O)C(C)CC
546342,CC1=C(C(CCC1)(C)C)CC(C)C(=O)C
546383,CCCCCCCC(=O)OCC=CC1=CC=CC=C1
546933,CCCCCCCCCN(C)C
546976,CCCCCCCCCCCCCCC(C)C=O
547350,CCC1NC(SC(S1)CC)CC
547972,CC(=C)C1CC(CCC1(C)C=C)C(C)(C)O
548002,CC(OC)OC(=O)C1=CC=CC=C1
548221,C(CCCCBr)CCCC(=O)O
548235,CC1CCOC(S1)(C)C
548275,C(CCCC(=O)O)CCCBr
548339,CCCOC(=O)CCCCCCCCC=C
548353,CC(C(C)S)S
548370,CCCCCOC(=O)CCSC
549519,CC(CC=C)C(=O)O
549544,CCCCCCCCC(C(=O)OC)O
549586,CC(=CCCC1(CC1C=O)C)C
549674,CCCCC(CS)O
549676,CCCCC(C(=O)OC)O
549687,CC(CC=C(C)C)C(=C)C
549715,CCOC(=O)CC(C)CCC=C(C)C
550768,CCCCCCCCCC(=O)OCCCCC
551084,CC1=C(C(=O)CC(C1)(C)C)O
551085,CCCCCCCCCC(=O)OC(C)CCC
551316,CCCC(=O)OCC1CCCO1
551462,CCCC(=O)OCCCC(C)C
552119,CCCCOC(C)OCC
552576,CC(C)(C(C)(C)OC)OC
554151,CCC(C)CCCCCCCCCCCC(=O)OC
554181,CCCSC=CC
556365,CCCCCC=CCC=CCC(=O)OC
556492,CC12CCC3C(C1CC=C2)CCC4C3(CCC(C4)O)C
556916,C1=COC(=C1)COC=O
556940,CCOC(=O)CCSCC1=CC=CO1
556998,CC1CCC(C(C1)O)C(C)(C)O
557222,CCCCCC(=O)OCC1=CC=CO1
557223,CCCCCCC(=O)OCC1=CC=CO1
557564,CC1CCC2C(C1=O)C2(C)C
557914,CC(=O)C1(CCCC1)C
558173,CC1=CC=C(CC1)C(C)CC(=O)C=C(C)C
558662,CCCCCCCCC1CCCC1=O
559366,CCCNC(C)CC
559387,CCCN(C)CCC
560109,CCCCCCCC1OCC(O1)C
560158,CC(C)CCCC(C)CCC(=O)OC
560255,CCC(C)CC(=O)OCC
560440,CCCCCCCCCC(C)C(=O)OC
560572,CCC(C(=O)OC)SC
560787,CCCCC(=S)OC
560982,CCCCCCCCCCOC(=O)CC1=CC=CC=C1
561142,CCCCCCC(C)OC(=O)CC1=CC=CC=C1
561870,CC(C)C12CC1C(C=C2)(C)O
562228,CCOC(=O)CC(=O)OCC1=CC=CC=C1
562246,CCCCCCCCCC(=O)OCC1=CC=CC=C1
562418,CC(=C)C=CC=C(C)C=C
562563,C=CCC(C=O)C1=CC=CC=C1
562667,CCCCCCCCCOC(=O)CC1=CC=CC=C1
562671,CC(=O)OCC1=CC=CC=C1OC
562758,C1COC(=O)C1CC2=CC=CC=C2
563337,CCCC(CC(=O)OCC)NCC1=CC=CC=C1
563420,C1=CC=C(C=C1)COC(=O)C(Cl)Cl
564260,CC(C)C12CC1C(=C)C(C2)O
564366,CC(=C1CCC=CCCC=CCC1)C
564367,CC(=C)C1CCC(=C)C(C1)OO
564395,CC1=CCC2CC1C2(C)CCC=C(C)CO
564546,C1CCC2(CC1)CCC=C2
564550,CCCCCC(=O)OC(C)(CCC=C(C)C)C=C
564558,CC1=CCC(CC1OO)C(=C)C
564956,CC1CCC(C(=C1)O)C(=C)C
565208,CCC(C)OC(=O)C1=CC=CO1
565210,CCCCCCCOC(=O)C1=CC=CO1
565690,CC1CCC(C(C1)OC(=O)CC(C)C)C(C)C
566345,CCCCOC(=O)CCC1=CC=CO1
566940,CCCCCCCCCCCCCCC1CCC1=O
566980,CC(=O)C(=CN(C)C)C(=CN(C)C)C(=O)C
567305,CCCCC1=CSC=N1
568076,CCOC(=O)CCC1(OCCCO1)C
568150,CC(C)CCOCOCCC(C)C
568602,CCCCCCCCCOC(=O)CCCC
568604,CCOC(CCCCCCCCC=C)OCC
568896,COCC(=O)OCCC1=CC=CC=C1
569214,CC(C)C(=O)OC(C)C1=CC=CC=C1
570530,CC(C)(C1CCC(=C)CC1)OC(=O)C2=CC=CC=C2
570574,CCCC(=O)OC(C)C1=CC=CC=C1
570886,CC(C)OC(=O)C1=CC=CC=C1NC
570908,CC1=CC=C(C=C1)CCC(=C)C
572534,CCCCCCC(=O)OC1=CC=C(C=C1)C
573652,CC1=C(C(=O)CC1)CCC(C)C
574068,CC1=C(OC(=N1)CC(C)C)C
574100,CCCCC(=O)C1=CC=CS1
574811,CC1=CN=C(S1)CC(C)C
574813,CC1=CSC(=N1)CC(C)C
574997,CC(CCC=C(C)C)C=CC(=O)OC
575333,CCC(CC(C)C)(CC(C)C)O
575426,CCCCOC(=O)C=CCCC
575451,COC1=NC=CS1
575870,CC(=O)C=CCC1=CC=CC=C1
576021,CCCCCCCCCOC(=O)CCCCC
576026,CC(C)CC=C(C=O)C1=CC=CC=C1
576240,CC(C)C(=O)OCC(C)C1=CC=CC=C1
576263,CCCC(=O)OCC(C)C1=CC=CC=C1
576410,COCCCC1=CC=CC=C1
577126,CC1=C(C(CC=C1)(C)C)CCC(=O)C
577386,CC1=CC=C(C=C1)C(C)N
578221,CC1(C2CC3C1(C3C2)C)CO
578278,CCOC(=S)C1=CC=CC=C1
578423,CCCC(=O)OC(C)(C)C1CCC(=CC1)C
578482,CCOC1=CC=CC=C1C(=O)C
578487,CCC(C)C1=CC=C(C=C1)OC(=O)C
578817,CC1=CN=C(C(=N1)C)CC(C)C
578951,CC(=O)C1CCC2C1(CCC3C2CC=C4C3(CCCC4)C)C
579336,CC1=C(C(CCC1)(C)C)CCC(C)O
579338,CCN1C=CC=C1C=O
579675,CC1=CC(=C(O1)C(=O)C)C
581239,CCCCCCCC(=O)OC(C)CCC
581383,CCC1CCC2(O1)CCCO2
581758,CC1=C(SC=N1)C(C)O
582291,CCCCCC(=CC1=CC=CC=C1)COC(=O)C
582941,CC1=CC=C(C=C1)C=CC=O
582976,CC1=CC=C(C=C1)OC(=O)C=CC2=CC=CC=C2
584507,CC1CCC2C13CC=C(C(C3)C2(C)C)CO
585068,CCCCC1(OC2=CC=CC=C2O1)C
585256,CC1CC=C2C(CCCC2(C1O)C)(C)C
585911,CC1=CCC(CC1)C(C)(C)OC(=O)CC(C)C
586292,CC1COC2C1CCC(=C2)C
586716,CCOC1=C(C=C(C=C1)C)OC
586728,CC1=CN=C(C(=N1)OC)C
589365,CCCCCCCCCOC(=O)CCCCCCC
590995,CCOC1=CC=C(C=C1)C(C)C
593529,C1CSSSS1
595340,CC(C)(C)C1=CC=C(C=C1)CC=O
595928,CC1COC(O1)C2=CC=CC=C2
596344,CC1=CC(=CC(=C1C(=O)OC)O)OC
596375,COC1=C(C=C(C=C1)CC=C)O
598409,CC(C)(C)C1=NC2=CC=CC=C2C=C1
600417,CC1CCC(C2=C1C=CC(=C2O)C)C(C)C
601946,CC1=CC=C(C=C1)OCC(=O)OC
604562,CC(C)(C)C1=CC2=C(CCCC2=O)C=C1
605629,CC(C)(C)C1=CC=C(C=C1)CC(=O)OC
610479,CC1=C(C=CC=C1Cl)NC2=CC=CC=C2C(=O)O
613252,C1=CC=C(C=C1)OC2=CC3=CC=CC=C3C=C2
616360,CCC1CCC2C1(CCC3C2CCC4C3(CCC(C4)O)C)C
636402,C[C@]12CC[C@](C[C@H]1C3=CC(=O)[C@@H]4[C@]5(CC[C@@H](C([C@@H]5CC[C@]4([C@@]3(CC2)C)C)(C)C)OC(=O)CCC(=O)[O-])C)(C)C(=O)[O-].[Na+].[Na+]
636411,CC1=CN=C(C(=C1OC)C)CS(=O)C2=NC3=C(N2)C=CC(=N3)OC
636523,CC(=O)/C=C/[C@]12[C@](O1)(C[C@@H](CC2(C)C)O)C
636687,CC/C=C/CC/C=C/C=O
637090,C/C=C/C(=O)O
637195,C[C@@H](CCC[C@@H](C)CCC/C(=C/COC(=O)C)/C)CCCC(C)C
637511,C1=CC=C(C=C1)/C=C/C=O
637513,CCOC(=O)[C@@H](C)O
637516,C[C@H](C1=CC=CC=C1)O
637517,CCCCCCCC/C=C/CCCCCCCC(=O)O
637520,COC(=O)/C=C/C1=CC=CC=C1
637523,CCCCCCOC(=O)/C(=C/C)/C
637525,C[C@@H]1CCCCN1
637528,C1C[C@H](OC1)CO
637553,C[C@@H]1CCCCC1=O
637563,C/C=C/C1=CC=C(C=C1)OC
637564,C/C=C/C=C/C=O
637566,CC(=CCC/C(=C/CO)/C)C
637572,CC[C@@H](C)CO
637599,C(C[C@H](C(=O)O)N)CNC(=O)N
637758,CCOC(=O)/C=C/C1=CC=CC=C1
637759,CC(=O)/C=C/C1=CC=CC=C1
637760,C1=CC=C(C=C1)/C=C/C(=O)C2=CC=CC=C2
637776,C/C=C/C1=CC(=C(C=C1)OC)OC
637915,C/C=C/SC
637920,C/C=C/C(=O)C
637968,C[NH+]1CCCCC1
637969,C1CC[NH2+]CC1
638011,CC(=CCC/C(=C/C=O)/C)C
638014,CC1=C(C(CCC1)(C)C)/C=C/C(=O)C
638024,C1CCN(CC1)C(=O)/C=C/C=C/C2=CC3=C(C=C2)OCO3
638054,C1CC[C@H]2C[C@H]2C1
638069,C/C=C(\C)/C=C
638072,CC(=CCC/C(=C/CC/C(=C/CC/C=C(/CC/C=C(/CCC=C(C)C)\C)\C)/C)/C)C
638097,CCCC[C@H](C)O
638122,CC/C=C/C(=O)O
638132,C/C=C/C(=O)OC
638139,CCOC(=O)[C@@H]([C@@H](C(=O)OCC)O)O
638144,CCOC(=O)/C=C/C(=O)OCC
638228,CCCC/C=C/CC
638500,CC(=CCC/C(=C/CC/C(=C/COC(=O)C)/C)/C)C
640199,CC[C@H](C1=CC=CC=C1)O
641003,CC[C@H](C)CCO
641248,C/C=C/CCCO
641256,C/C=C/C=C/CO
641294,COC1=CC=C(C=C1)/C=C/C=O
641297,COC1=CC=C(C=C1)/C=C/C(=O)OC
641298,COC1=CC=CC=C1/C=C/C=O
641354,C[C@H](CCC1=CC=CC=C1)O
641423,C=CCOC(=O)/C=C/C1=CC=CC=C1
641832,CCC[C@H](C)C(=O)OC
641833,C[C@@H](C(=O)C)OC(=O)C
641834,C[C@H]([C@H](C)S)O
642039,CC(C)/C=C/C(=O)O
642117,CC1=CC(=C(O1)C)SSC2=C(OC(=C2)C)C
642230,CC[C@H](C)CC(=O)O
642231,CCC[C@H](C)C(=O)O
642322,C[C@@H](CN)N
642376,CCC/C=C\1/C2=CC=CC=C2C(=O)O1
642520,CC(C)[C@H]1CCC(=O)C=C1
642785,CC1=COC(=O)C=C1
642793,CCCCC[C@@H]1CC=CC(=O)O1
642887,C[C@H]1C2=C(C=C(C=C2)C)OC1=O
643001,CC[C@H](C)C(=O)OC
643135,CC[C@@H](C)C(=O)/C=C/C
643139,CC/C=C/CC=O
643189,C[C@H](C1=CC=CC=C1)N
643318,CO[C@H](CO)C1=CC=CC=C1
643460,C/C=C/C=C/C(=O)O
643723,C/C(=C/C[C@@H]1[C@]2(CCCC([C@@H]2CC[C@@]1(C)O)(C)C)C)/C=C
643731,CC/C=C\CC/C=C/C=O
643757,C(/C(=C/C(=O)O)/C(=O)O)C(=O)O
643779,CC(=CCC/C(=C\C=O)/C)C
643789,C/C=C\CO
643820,CC(=CCC/C(=C\CO)/C)C
643915,C/C=C(/C)\C(=O)O
643941,CC/C=C\CC=O
643949,C/C=C\C=C\C=O
644041,C[NH3+]
644216,CC[C@@H](C)C(=O)OC
656516,C1=CC=C(C=C1)[C@H](C#N)O[C@H]2[C@@H]([C@H]([C@@H]([C@H](O2)CO[C@H]3[C@@H]([C@H]([C@@H]([C@H](O3)CO)O)O)O)O)O)O
656590,CN1CCCN(CC1)C(C2=CC=CC=C2)C3=CC=C(C=C3)Cl.Cl.Cl
656630,C[C@@H]1[C@H]([C@H](C[C@@H](O1)O[C@H]2CC[C@]3([C@@H](C2)CC[C@@H]4[C@@H]3C[C@H]([C@]5([C@@]4(CC[C@@H]5C6=CC(=O)OC6)O)C)O)C)O)O[C@H]7C[C@@H]([C@
656644,C1C(=C(N2[C@H](S1)[C@@H](C2=O)NC(=O)[C@@H](C3=CC=CC=C3)S(=O)(=O)[O-])C(=O)[O-])C[N+]4=CC=C(C=C4)C(=O)N.[Na+]
656671,[O-]S(=O)S(=O)(=O)[O-].[Na+].[Na+]
656783,CC(C)NC[C@@H](C1=CC(=C(C=C1)O)O)O.Cl
657237,C1=NC2=C(N=C(N=C2N1[C@H]3[C@H]([C@@H]([C@H](O3)CO)O)O)F)N
657255,CCCCCCCCN[C@H](C)[C@H](C1=CC=C(C=C1)SC(C)C)O
657298,CCCC1=CC(=O)NC(=S)N1
657306,CC[N+]1(CCCC(C1)OC(=O)C(C2=CC=CC=C2)(C3=CC=CC=C3)O)C.[Br-]
657349,CC[C@H]1[C@H](COC1=O)CC2=CN=CN2C.[N+](=O)(O)[O-]
666418,CCCC1=NC=CC(=C1)C(=S)N
667422,C1=CC=C(C=C1)[C@@H](C(=O)C2=CC=CC=C2)O
667476,C/C=C(/C(=C/C)/C1=CC=C(C=C1)O)\C2=CC=C(C=C2)O
667490,C1=NC2=C(N1)C(=S)N=CN2
688020,CCN(C1=CC=CC=C1C)C(=O)/C=C/C
688054,CCC(=O)O[C@@H]1C[C@@H](CC=C1C)C(=C)C
697337,C[C@@H](C(=O)O)OC1=CC=C(C=C1)OC
697993,C1=CC=C2C(=C1)NC(=S)S2
699489,CCOC(=O)/C=C/C1=CC=CO1
710881,CCOC(=O)C1=CC=CC=C1NC(=O)C2=C(C=C(C=C2)[N+](=O)[O-])Cl
719276,CCOC(=O)[C@@H]1[C@@H](C1(C)C)C=C(C)C
719704,CCOC(=O)[C@H]1[C@@H](O1)C2=CC=CC=C2
734154,COC1=CC=CC=C1/C=C/C(=O)O
735940,CC(=O)/C=C/C1=CC=CO1
736889,CC(=O)/C=C/C1=CC=C(C=C1)OC
737069,CCOC(=O)[C@H](CC1=CC=CC=C1)C(=O)C
737359,CC[C@H](C)N=C=S
759374,C1[C@H]2COCO[C@H]2C3=CC=CC=C31
764139,C/C=C/C1=CC(=C(C=C1)OCC2=CC=CC=C2)OC
778574,CC(C)COC(=O)/C=C/C1=CC=CC=C1
785329,CC[C@@H](C1=CC=CC=C1)C(=O)O
785330,CC[C@H](C1=CC=CC=C1)C(=O)O
787930,C[C@@H](CC1=CC2=C(C=C1)OCO2)C=O
836527,CC1=C(C=C(C=C1)C(C)C)OC(=O)C2=CC=CC=C2
836904,CC(C)C(=O)OC1=CC=CC=C1OC
846059,CCC(=O)OCC(C)(C)CC1=C(CC[C@@H]1C(=C)C)C
853433,C/C=C/C1=CC(=C(C=C1)O)OC
853697,CCOC(=O)C[C@@H](C1=CC=CC=C1)O
876160,C/C=C/C1=CC(=C(C=C1)OC(=O)C)OC
877369,C1=CC=C2C=C(C=CC2=C1)NC(=O)CSCC3=NC4=CC=CC=C4N3
909964,C[C@H](C1OCCO1)C2=CC=CC=C2
910197,C[C@H]1CO[C@H](O1)C2=CC=CC=C2
929262,C[C@]12CCCC([C@@H]1CC[C@@]3([C@@H]2CC(=O)O3)C)(C)C
929336,CC(=O)OCCC1=CC[C@H]2C[C@@H]1C2(C)C
929337,CC(=O)OCCC1=CC[C@@H]2C[C@H]1C2(C)C
1130028,CCC1=CC=CC(=C1NC(=O)CSC2=NN=NN2C3=CC=CC=C3)C
1201520,C[C@@]12CCCC([C@H]3[C@@H]1CC[C@H]3C2=C)(C)C
1201521,C[C@]12CC[C@H](C1)C(C2=O)(C)C
1201529,CC1([C@H]2CC=C([C@@H]1C2)C=O)C
1229697,CC1=CC(=CC(=C1N)C)C(C)(C)C
1252759,CC1=CC[C@@H](C1(C)C)CC=O
1268130,C/C=C/C(=O)[C@H]1C(=CCCC1(C)C)C
1268132,C/C=C/C(=O)[C@@H]1C(=CCCC1(C)C)C
1268142,C[C@@H]1CC(=O)C=C2[C@]1(C[C@@H](CC2)C(=C)C)C
1268209,C[C@H]1C[C@@H](CC(C1)(C)C)OC(=O)C
1272250,CC1([C@H]2CC=C([C@@H]1C2)CCO)C
1349907,CN1C=CNC1=S
1378751,C[C@H]1C(C2=C(C1(C)C)C=C(C(=C2)C)C(=O)C)(C)C
1381163,C/C(=C/C#N)/CCC1=CC=CC=C1
1384928,CC/C(=C/C1=CC=CC=C1)/C=O
1415539,C[C@H]1CC[C@@H]([C@H](C1)C)CO
1427577,C[C@@H]1CC(C2=C(C1(C)C)C=C(C(=C2)C(=O)C)C)(C)C
1477985,CC(C)CN1CCCC2=CC=CC=C21
1547484,C1CN(CCN1C/C=C/C2=CC=CC=C2)C(C3=CC=CC=C3)C4=CC=CC=C4
1548887,CC\1=C(C2=C(/C1=C\C3=CC=C(C=C3)S(=O)C)C=CC(=C2)F)CC(=O)O
1548913,C1CCN(CC1)C(=O)/C=C\C=C\C2=CC3=C(C=C2)OCO3
1548942,CC(C)/C=C\CCCCC(=O)NCC1=CC(=C(C=C1)O)OC
1548943,CC(C)/C=C/CCCCC(=O)NCC1=CC(=C(C=C1)O)OC
1549018,CC/C=C\CC1=C(CCC1=O)C
1549019,CC/C=C/CC1=C(CCC1=O)C
1549025,CC(=CCC/C(=C\COC(=O)C)/C)C
1549026,CC(=CCC/C(=C/COC(=O)C)/C)C
1549040,C/C=C\C1=CC=C(C=C1)OC
1549041,C/C=C\C1=CC(=C(C=C1)O)OC
1549045,C/C=C\C1=CC(=C(C=C1)OC)OC
1549089,C([C@@H]([C@H]([C@H]([C@H](CO)O)O)O)O)O
1549095,COC1=C(C=CC(=C1)/C=C/CO)O
1549107,CC(=CCC/C(=C\CC/C(=C\CO)/C)/C)C
1549108,CC(=CCC/C(=C/CC/C(=C\CO)/C)/C)C
1549109,CC(=CCC/C(=C\CC/C(=C/CO)/C)/C)C
1549137,C(CCC[NH3+])CC[NH3+]
1549236,C/C=C/C=C\C(=O)O
1549237,C/C=C/C=C/C(=O)[O-]
1549521,C1=COC(=C1)/C=C/C=O
1549522,CC(=O)/C=C\C1=CC=CO1
1549778,CC(=CCC/C(=C/CCC(=O)C)/C)C
1549992,CC1=CC[C@@H](CC1)[C@@](C)(CCC=C(C)C)O
1550470,CCOC(=O)/C=C/C=C/C
1550489,C1=CNC(=S)N=C1
1550846,C1=CC=C(C=C1)/C=C/C#N
1550883,CCC(=O)O[C@](C)(CCC=C(C)C)C=C
1550884,CCCCCC/C(=C\C1=CC=CC=C1)/C=O
1550886,C/C=C\C1=CC(=C(C=C1)OCC2=CC=CC=C2)OC
1550889,C1=CC=C(C=C1)/C=C\COC(=O)/C=C/C2=CC=CC=C2
1550890,C1=CC=C(C=C1)/C=C/COC(=O)/C=C/C2=CC=CC=C2
1550905,CC(C)[C@H]1C(COCO1)(C)C
1551148,CC1=CCCC([C@@H]1/C=C(\C)/C(=O)C)(C)C
1551246,CC(=CCC/C(=C/C#N)/C)C
1551479,CC(=CCC/C(=C\CC/C(=C\COC(=O)C)/C)/C)C
1551480,CC(=CCC/C(=C/CC/C(=C\COC(=O)C)/C)/C)C
1551481,CC(=CCC/C(=C\CC/C(=C/COC(=O)C)/C)/C)C
1585264,C/C(=C\C#N)/CCC1=CC=CC=C1
1615097,CC(=CCC/C(=C/C1OCCO1)/C)C
1615267,C[C@@H]1C(=O)NC(=O)N1
1616260,C/C=C\C(=O)C1=C(CCCC1(C)C)C
1622718,C[C@H]1CO[C@@H](O1)C(C)C
1623625,CCCCC/C(=C\C1=CC=CC=C1)/C=O
1711943,CC(=CCC/C(=C/CC/C(=C\CCC(=O)C)/C)/C)C
1711945,CC(=CCC/C(=C/CC/C(=C/CCC(=O)C)/C)/C)C
1712057,CC(C)COC(=O)/C=C\C1=CC=CC=C1
1712058,CCCCC/C(=C/C1=CC=CC=C1)/C=O
1712087,C[C@@H]1CCO[C@@H](C1)C=C(C)C
1713001,CC(=CCC/C(=C\CCC(=O)C)/C)C
1714417,CCCOC1=C(C=C(C=C1)N)[N+](=O)[O-]
1714993,CCCCCCC[C@@H]1CCCC(=O)O1
1714996,CCCCC[C@@H]1CCCC(=O)O1
1715085,CCOC(=O)C[C@@H](C(=O)OCC)O
1715090,CCCCC[C@@H]1CCCC1=O
1715132,CCCC[C@H](CC)COC(=O)C1=CC=CC=C1O
1715134,C[C@@H](CCCC(C)(C)O)CC=O
1715135,CCCCCC/C(=C/C1=CC=CC=C1)/C=O
1715136,C/C=C\C1=CC(=C(C=C1)OC(=O)C)OC
1715140,CC1=CCCC([C@H]1/C=C/C(=O)CCC=C)(C)C
1738122,CCCCC[C@H]1[C@H](CCC1=O)CC(=O)OC
1738125,CCCCC[C@H]1[C@@H](CCC1=O)CC(=O)OC
1738127,CCCCC[C@@H]1[C@@H](CCC1=O)CC(=O)OC
1738173,CC(C)CC(=O)/C=C/C(C)C
1742210,C[C@@]12CC[C@@H]3[C@H](CC3(C)C)C(=C)CC[C@H]1O2
1747973,CC1=CC[C@@H](C1(C)C)CC[C@H](C)CO
1751569,C[C@H]1CC(=C)C[C@H](O1)C2=CC=CC=C2
1757000,CC(=CCC/C(=C/C=C\C(=O)C)/C)C
1757003,CC(=CCC/C(=C/C=C/C(=O)C)/C)C
1770799,C1CCCCC[C@@H]2COC[C@H]2CCCC1
1792928,C[C@H](CC/C=C(\C)/CCC=C(C)C)OC(=O)C
1792930,C[C@H](CC/C=C(/C)\CCC=C(C)C)OC(=O)C
1792931,C[C@@H](CC/C=C(\C)/CCC=C(C)C)OC(=O)C
1796220,C[C@]12CCCC([C@@H]3[C@H]1CC[C@@H]3C2=C)(C)C
1808126,C[C@@H]1CC2=C(C[C@@]1(C)C(=O)C)C(CCC2)(C)C
1810691,CCCCCC[C@H]1CCCC1=O
1810797,C[C@H](CCC[C@H](C)CCCC(=O)C)CCCC(C)C
1910922,CCC[C@H](CC[C@H]1[C@@H](CCCC1(C)C)C)O
1939727,CC[C@@H](C)CCCC(C)(C)O
2060575,CCC1=CC=C(C=C1)CNC
2063868,CC1=CC=CC=C1CCN
2192500,CCCCCOC(=O)C1=CC=CC=C1C(=O)[O-]
2723602,CC[C@H](C)CO
2723627,C1[C@@](OC[C@](O1)(CO)O)(CO)O
2723636,CC(=O)OC[C@@H]1[C@H]([C@@H]([C@H]([C@H](O1)OC(=O)C)OC(=O)C)OC(=O)C)OC(=O)C
2723653,CC(=C)C1=CC(=C(C=C1)O)OC
2723754,C1CCC2=NC3=CC=CC=C3C(=C2C1)N.Cl
2723888,CCCCCC[C@H](C)O
2724018,CC(C)NC[C@H](C1=CC(=C(C=C1)O)O)O.[C@@H]([C@H](C(=O)O)O)(C(=O)O)O
2724032,CC1=CC[C@H](CC1O)C(=C)C
2724059,CC(C)C(=O)C(=O)[O-].[Na+]
2724159,CC(=C)[C@H]1CCC(=CC1)C=O
2724161,CC1=CC[C@@](CC1)(C(C)C)O
2724247,C[As](=O)(C)[O-].[Na+]
2724248,C1CN(CCN1CCO)CCS(=O)(=O)[O-].[Na+]
2724272,CC[C@H](C)CN
2724385,C[C@@H]1[C@H]([C@H](C[C@@H](O1)O[C@@H]2[C@H](O[C@H](C[C@@H]2O)O[C@@H]3[C@H](O[C@H](C[C@@H]3O)O[C@H]4CC[C@]5([C@@H](C4)CC[C@@H]6[C@@H]5C[C@H](
2724387,C1=NC2=C(N1[C@H]3[C@@H]([C@@H]([C@H](O3)CO)O)O)NC(=NC2=S)N
2724537,CC[C@@H](C)N
2724626,CC(C1=CC=CS1)S
2724702,CC(=O)OC[C@@H]1[C@H]([C@@H]([C@H]([C@@H](O1)OC(=O)C)OC(=O)C)OC(=O)C)OC(=O)C
2724896,CCC[C@H](C)O
2724897,CCCCC[C@H](C)O
2724898,CCCCC[C@@H](C=C)O
2725002,CCN(CC)CCCC(C)NC1=C2C=C(C=CC2=NC3=C1C=CC(=C3)Cl)OC.O.O.Cl.Cl
2733294,CCC/C=C/COC(=O)C
2733512,COC(=O)[C@@H](CCCN=C(N)N[N+](=O)[O-])N.Cl
2733525,CC/C(=C(\C1=CC=CC=C1)/C2=CC=C(C=C2)OCCN(C)C)/C3=CC=CC=C3.C(C(=O)O)C(CC(=O)O)(C(=O)O)O
2733821,CN[C@@H]1CCCC[C@H]1NC
2733977,CCCC(CCOC(=O)C)SC(=O)C
2734021,CC1=C[C@@H](C2CC1C2(C)C)O
2734646,CC1=C(OC2=CC=CC=C12)C
2735139,CC(C)C(=O)OC[C@@]1([C@H]([C@@H]([C@H](O1)COC(=O)C)OC(=O)C(C)C)OC(=O)C(C)C)O[C@@H]2[C@@H]([C@H]([C@@H]([C@H](O2)COC(=O)C)OC(=O)C(C)C)OC(=O)C(C
2736241,CC1=CC(=CC(=C1)CN)C
2750512,C1=CC=C(C(=C1)CCN)N
2750666,CC(=CC=O)C(C)(C)C
2753146,CC(C)C(=O)C(C)C(=O)C
2753159,C/C(=C\OC(=O)C)/C1=CC=CC=C1
2756343,CC1=CC=C(C=C1)OC(=O)C2=CC=CC=C2N
2757246,CC(C)(C)NCCC#N
2759362,C1=CC(=CC(=C1)I)CN=C(N)N.OS(=O)(=O)O
2761171,CCC1=NC=CC(=C1)C(=S)N
2771550,CN(C)CC[N+]#[C-]
2771551,CN(C)CCC[N+]#[C-]
2793883,CCCCCC(CC1=CC=CC=C1)O
2794640,CC1=CC=C(C=C1)CNC
2794990,C(CCN=C(N)N)CN.OS(=O)(=O)O
2800811,CC1=C(C(=CC=C1)CN)C
2829318,CCCCCCCCCCOC(=O)CCCCCCCC
2829432,CC1=CC2=C(C=C1)N3CCNC4C3=C2CCC4.CS(=O)(=O)O
2839751,CC1COC(O1)CC(C)CCCC(C)(C)O
2839799,CC1COC(O1)CC(C)CCC=C(C)C
2873593,CC1=C(C(NC(=S)N1)C2=CC=C(C=C2)Br)C(=O)NC3=CC(=CC=C3)Cl
2884290,C1C(C2C3=CC=CC=C3C1C4=CC=CC=C24)C(=O)NC5=CC=C(C=C5)Cl
2891065,CC1=CC(=C(C=C1)C)NC(=O)C(C)SC2=CC=CC=C2
3000322,CN1[C@@H]2CC(C[C@H]1[C@H]3[C@@H]2O3)OC(=O)[C@H](CO)C4=CC=CC=C4
3005573,CN(C)CCOC1=CC=C(C=C1)/C(=C(/CCCl)\C2=CC=CC=C2)/C3=CC=CC=C3
3014081,CC(C)CC(=O)C=C
3014523,CCOC(=O)CC=C(C)C
3015295,CCCCCCCCCCCCCCCC(=O)OCCCCCCC
3015339,CC1(CCC(CC1)C(C)(C)OC)OC
3015540,CCCCCCCCCCCCCC(=O)OCC1=CC=CC=C1
3015816,CCC(C)CCOC(=O)C
3015865,CC1=CCC(C1(C)C)C(C)OC(=O)C
3015925,CCCCC1=NC=CS1
3015972,CC1C(=CCO1)SC2(CCOC2C)S
3015979,CCCC(CC=O)SC
3016085,CCCCCC(=O)OCC(C)O
3016224,CCOC(=O)C(C)SC
3016433,C(CCCCC=O)CCCC=O
3016499,CCOC(=O)C(C)(C)SC
3016598,CCC(C(C)C)(C(C)C)C(=O)NCC
3016863,CCCCCCCCCCCCC=CC=C
3016864,CCCCCCCCCCCCCC=CC=C
3017292,CCCC1=CC=C(C=C1)OC(=O)C
3017418,CCCC(=O)C(CC)S
3017432,CC(C)CC1CC(CCO1)(C)O
3017534,CCCCCC=CC(CC=C)O
3017596,CCOC1=C(OC(C1=O)C)C
3017624,CC(COC)C1=CC=CC=C1
3017637,CCCCCCC(C)CC=O
3017762,CC(=O)C1NCCS1
3017783,CCOC(=O)CC(C)CC(C)(C)C
3017811,CC1=NC(SC1)C(C)C
3017905,CCCCCCCCOC(=O)C=CC1=CC=CC=C1
3017923,CCCCCCCCC(C)C#N
3018094,CCCCCCCCC=CC(OCC)OCC
3018185,CCCCCCC(=O)OCC1=CC=C(C=C1)OC
3018186,C1=CC=C(C=C1)C=CCOC(=O)C2=CC=CC=C2O
3018190,CC(C)(CCCC(=C)C=C)OC=O
3018210,CCOC(CC(C)CCC=C(C)C)OCC
3018221,CCCCCCCCC=COC
3018362,CCCCCCCCCOC(=O)C1=CC=CC=C1N
3018383,CCCCCCCCCCCCC(OCC)OCC
3018473,CC(C)COC(=O)C1=CC2=C(C=C1)OCO2
3018500,CCCCCC(C)(CC(C)C)O
3018539,CCCC(=O)OCSC
3018567,CC(C)CCOC(C)OCC(C)C
3018619,CC(C)CCCCCCCCCCC=O
3018620,CCC(C)CCCCCCCCCCC=O
3018907,CC(C)C(=O)OC(C)CC(=C)C
3018936,CC1CCC2=C(C(=O)OC2=C1)C
3019319,CCC(C)CCOC(=O)C(C)CC
3019775,CCC(C)C(=O)OCCC(=C)C
3019958,CC(C)CC(=O)OCCCSC
3019960,CCCCCC1CCCC1O
3020011,CC(=C)C1CCC(C1=C)(C)C(=O)C2CCCC2=O
3020012,CC1CC(CC(C1)(C)C)CC(=O)C2CCCC2=O
3020401,CC(C(C)(CC=C(C)C)C=C)O
3020407,CCOC(CC(C)C)OCC(C)C
3021157,CCC(C)C(=O)OC(C)C1=CC=CC=C1
3021670,CCOC(=O)CC(C)SCC
3021997,CC(CC(C)C1=CC=CC=C1)CO
3022051,CC(C)(C)CC(C)(CC(C)(C)C)S
3022280,CCCCC(CC)C(=O)OCCC1=CC=CC=C1
3022477,CCCCCCCCCCCCCC(=O)OCC(C)CC
3022504,CC(C)OC(CC1=CC=CC=C1)OC(C)C
3022715,CCOC(C)OC(C)(C)CCCC(C)CC=O
3022846,CC(=CCCC1=CCC(CC1)C=NC2=CC=CC=C2C(=O)OC)C
3022909,CCCCCC(=O)CCCC(=O)OCC
3022986,CCCCCC(C=C)OC(=O)C(C)C
3023083,CCC(C)C(=O)OCC=C
3023179,CC1=CC(=C(C=C1)OCC=C)C
3023273,CC1=C(N=CS1)CCOC(=O)C(C)C
3023280,CC(C)C(=O)OCCCC1CCCCC1
3023704,CCCCCOC(=O)C1=C(C=C(C=C1)C)O
3023838,CCCC(=O)OCCC1=C(N=CS1)C
3023839,CCCCCC(=O)OCCC1=C(N=CS1)C
3023840,CCC(C)(C)C1=CC=C(C=C1)OCC(OCC)OCC
3023950,CCCC(=O)OC1CC(CC(C1)(C)C)C
3023951,CCCC(=O)OCCCC1CCCCC1
3024003,CC1CCOC(C1)C2=CC=CC=C2
3024081,CC(C)CCOC(C1=CC=CC=C1)OCCC(C)C
3024287,CCCCCOC1=C(C=C(C=C1)CC=C)OC
3025865,CCCCC(C(C)CCC)O
3025939,CC(CC(=O)C)SCC1=CC=CO1
3032092,CCOC1=CC=C(C=C1)N(C)C(=O)N
3032390,CCC(O)OC
3032487,C1CCCCC(=O)OCCOC(=O)CCC1
3032557,COC1=CC=C(C=C1)/C(=C(\C2=CC=CC=C2)/[N+](=O)[O-])/C3=CC=C(C=C3)OCCN4CCCC4
3032731,CC/C(=C(/C)\C(=O)C)/C
3032771,CC1=NC=C(C(=N1)N)CN(C=O)/C(=C(/CCOP(=O)(O)O)\SC(=O)C2=CC=CC=C2)/C
3032853,C[C@H]1CC[C@H]([C@H]2[C@H]1C=C[C@@H](C2)C)C(C)C
3033030,CC(CCC=C(C)C)CC#N
3033769,CCN1CCC[C@H]1CNC(=O)C2=C(C(=CC(=C2OC)Cl)Cl)O
3033836,CCCCCCCCCCCCCCCCCC(=O)[O-]
3033866,CC1=CC/C(=C(/C)\CCC=C(C)C)/CC1
3034034,COC1=CC2=C(C=CN=C2C=C1)[C@H]([C@@H]3C[C@@H]4CCN3C[C@@H]4C=C)O
3034119,CCCCC(C)C(C)(C)O
3034267,CC(CC1=CC=C(C=C1)OC)C=NC2=CC=CC=C2C(=O)OC
3034278,CC1COC(O1)(C)C2=CC3=C(C=C2)C(CCC3(C)C)(C)C
3034463,CC1C=CCCC1(C)C=O
3034828,C([C@@H]1[C@H]([C@@H]([C@H]([C@H](O1)OC[C@H]([C@H]([C@@H](C(CO)O)O)O)O)O)O)O)O
3034893,CC\1C=C(CC/C1=C\NC2=CC=CC=C2C(=O)OC)C
3034895,CCC(=O)OC1C=CC2C1C3CCC2C3
3038520,C1CN(CCN1CC2=CC3=C(C=C2)OCO3)C4=NC=CC=N4.Cl
3041751,[H+].CC(C)CN
3066538,CCC1C(=O)C(=CO1)CO
3080674,C[C@@H]1CCC23C[C@@H]1C([C@@H]2CCC3=C)(C)C
3080836,CC1=C(C=CC=C1Cl)NC2=C(C=CC=N2)C(=O)O.C(CCN)C[C@@H](C(=O)O)N
3082018,CCC=CC=CO
3083782,CCC1=CC(=C(C=C1)OC)O
3083802,CCN(CC)CCNC(=O)COC1=CC=C(C=C1)OC.Cl
3083805,CCC=C(C=O)C1=CC=CC=C1
3083939,COC1=CC2=C(C=CN=C2C=C1)[C@H](C3CC4CCN3CC4C=C)O.O.O.Cl
3084311,CC1=C[C@H]2[C@@H](CC[C@@]([C@H]2CC1)(C)O)C(C)C
3084331,CC1=C[C@H]2[C@@H](CC[C@]([C@H]2CC1)(C)O)C(C)C
3084426,CC(=O)OC(C)(C)C=C
3084526,CCCCCCCCCCCCCCCC(=O)OCCCCC
3084571,CC(=CCSC(=O)C)C
3084764,CCCC[C@H]1C[C@@H](C(=O)O1)C(=O)C
3085213,CC(C)CC(=O)OC1=C(C=C(C=C1)CC=C)OC
3085326,C1=CC=C(C(=C1)C(=O)OCC(CO)O)NC2=C3C=CC(=CC3=NC=C2)Cl.Cl
3085610,CCCC(=O)OC(C)(C(=O)C)OC(=O)CCC
3085812,CC(=CCCC1=CCC[C@@H](C1)COC(=O)C)C
3085817,C[C@@H]1C[C@H]2CC(CO[C@@H]2C[C@@H]1C)(C)C
3085845,CC1=C[N+](=CC(=N1)C)C(=O)C
3085846,CCOC1=C(C=C(C=C1)C(OCC)OCC)OC
3085847,CC(=CC1=CC=CC=C1)COC(=O)C
3085924,CCCCCCC(=O)OCC=C(C)CCC=C(C)C
3086255,C[C@@H]1CC([C@H]2[C@H]1C[C@@H](CC2)CC(=O)C)(C)C
3086387,CC1=NC=CN=C1OC(C)C
3086398,C[C@@H]1[C@@H](CC[C@]1(C)OC(=O)C)C(=C)C
3086443,CC1=CC=C(C=C1)OCCOC
3094320,C1CCCCCC(=O)OCCCC(=O)CCCC1
3246155,CN1[C@@H]2CC[C@H]1CC(C2)OC(C3=CC=CC=C3)C4=CC=CC=C4.CS(=O)(=O)O
3250790,CCCCCCCC(=O)CCCC(=O)O
3262017,CC1=CC(=NS(=O)(=O)O1)[O-]
3301251,CCCCCCC(CC)C=O
3303780,CC(C)NCCCCCN
3321360,CC1CCCC(=O)C1=O
3345103,CCCCCCNCCN
3354132,CC1=C(C(=O)C=CO1)OC(=O)C(C)C
3381253,C(C(=O)[O-])C(CC(=O)[O-])(CC(=O)[O-])O
3382277,CC(C)CC[NH3+]
3391042,CC1=CC=CC=C1C(C)N
3423265,CCCCCCCCCCCCOS(=O)(=O)[O-].[Na+]
3433717,COC1=CC=CC(=C1)C(=O)[O-]
3449168,CC(C)NCCNCCN
3452892,C(CC[NH3+])C[NH3+]
3456032,CC(CC(=O)O)C=C
3458885,C1CSCN1CCS
3465925,CN(C)CCCCCN
3479589,CC(C)(C1=CC=C(C=C1)OCC(CCl)O)C2=CC=C(C=C2)OCC(CCl)O
3483736,CCC[NH3+]
3486665,CCOCC1=CC=CC=C1O
3527278,CC(C)CC(=O)C(=O)[O-]
3530562,CC1CCC2=C1C=NC=C2C
3532358,C(CCN)CC(C(=O)O)[NH3+]
3578033,CC1=CC=C(O1)C(C)CC=O
3587332,CCCCCCOCC1=CC=CC=C1
3587356,CC(C)CC(=O)[O-]
3591866,C1CCCCC=CCCCCC(=O)OCCCC1
3593277,CCC(=O)C(=O)[O-]
3613359,C1CC[NH2+]C1
3614750,CCCC[NH3+]
3614769,C[NH2+]C
3656473,CC1(C2CCC1(C(C2)OC(=O)CC3=CC=CC=C3)C)C
3662099,CCC(=O)OCCCC1CCCCC1
3665684,C1=CC=C2C(=C1)C(=NS2(=O)=O)[O-]
3681305,OP(=O)([O-])[O-]
3693427,C1=CC=C2C(=C1)N=CC(=N2)[N-]S(=O)(=O)C3=CC=C(C=C3)N.[Na+]
3718401,C(CC[NH3+])CC[NH3+]
3722307,CCCCCCCC(=O)COC(=O)C
3734338,CCC1=CC=CC=C1S
3757019,CC(=O)OC(CC1=CC=CC=C1)C2=CC=CC=C2
3758125,COC1=CC2=C(C=CN=C2C=C1)C(C3CC4CC[NH+]3CC4C=C)O
3772977,C1=CC(=C(C=C1[N+](=O)[O-])[N+](=O)[O-])NN
3774604,CC(C)(C)C1=C(C=CC(=C1)C=O)OC
3775692,CC1=C(C(CC1)C(=C)C)CCC(=O)C
3782034,C[NH+](C)C
3782139,CCCC1CC(=CC(=O)C1)C
3790585,CC(C)N(CCCCCN)C(C)C
3791690,C1=CC=C(C(=C1)C(=C2C=C(C(=O)C(=C2)Br)Br)C3=CC(=C(C(=C3)Br)O)Br)S(=O)(=O)[O-].[Na+]
3793118,CC[NH2+]CC
3793749,CCCCCCCCCCCCCCCCCC(=O)OCC(C1C(C(CO1)O)O)O
3801157,COC(=O)CC(=O)[O-]
3806114,C(C(C(=O)[O-])O)(C(=O)[O-])O
3815167,CC(=O)[S-]
3853254,CC1(CC(=O)C2C(C1=O)(O2)C)C
3864541,CCN1C=C(C(=O)C2=C1N=C(C=C2)C)C(=O)[O-].[Na+]
3920069,C1=CC=C(C=C1)C=CC(=O)[O-]
3927698,CCCCC[NH3+]
4047281,CCOC(=O)COC1=CC=C(C=C1)C
4056868,CCC=C(C)C(=O)OC
4072341,COC1=CC(=C(C=C1)O)C(=O)OC
4072356,CCCCC(CC)C(=O)[O-]
4075158,CCCCCCCCCCCCCC(=O)[O-]
4093587,CCCCCC(CC)OC(=O)C(=CC)C
4100752,CC(CC1=CC2=C(C=C1)OCO2)C=NC3=CC=CC=C3C(=O)OC
4113470,CCCCCCCCCCCCCCCCC(=O)[O-]
4120025,CC1C(=NC(S1)CC(C)C)C
4149208,CCCCCCCCCCCC(=O)[O-]
4179667,C(CC(=O)O)C(C(=O)[O-])N
4179735,CCCCCCCOC(=O)C1=CC=CC=C1N
4182595,C(C(=O)C(=O)[O-])S
4193577,CCN(C1=CC=CC=C1)C(C)C
4207433,C1(C(C(OC(C1O)O)C(=O)[O-])O)O
4275592,CC(C)CCC(=O)[O-]
4311764,[BH4-].[Na+]
4329331,CCCCCCCCCCCCOS(=O)(=O)[O-]
4337423,C1=CC=C(C=C1)COC(=O)CCC(=O)[O-]
4339100,C[NH+]1CCCC1C2=CN=CC=C2
4342083,C(C(=O)O)C(CC(=O)[O-])(C(=O)O)O
4349991,CCCCCCCCCCC1CCOC1=O
4369270,C[C@]12CC[C@@H](C[C@H]1CC[C@@H]3[C@@H]2CC[C@]4([C@@]3(CC[C@@H]4C5=CC(=O)OC5)O)C)O
4398339,CCCCCC(=O)[O-]
4406926,CC(C)N(C)C(C)(C)C
4409936,C1=CC=C(C=C1)CC(=O)[O-]
4413246,CC=CC=CC(=O)[O-]
4428124,CCCCCCCC(C)C=O
4447651,CC(=O)OCCSC
4460731,CCCCCCCC(=O)C1=CC=C(C=C1)C
4473077,C(CC(C(=O)O)N)C[NH+]=C(N)N
4523333,C1=CC=C(C=C1)OCC(=O)[O-]
4564493,CC1=C(C(=O)CO1)O
4574094,CCCCCC=C1CCCC1=O
4584949,CCN(CC)CCCCCN
4647294,C1=CC(=C(C=C1C(C(C2=CC(=C(C=C2)C(=O)O)[N+](=O)[O-])(F)F)(F)F)[N+](=O)[O-])C(=O)O
4678093,CCCCCCCCCC(=O)[O-]
4681725,CCC[S-].[Na+]
4682590,CC(=O)CC(C)(C)SC
4684633,CCOC(=O)C(C)(C)CC1=CC=CC=C1
4685450,C1C(=O)OC2=CC=CC=C2O1
4738172,CCOC(=O)CC(C1=CC=CO1)O
4740700,C1=CC=C(C=C1)CCC(=O)[O-]
4914396,CC(C)CC(=CC=O)C
4925262,C1CC(OC1)COC(=O)C=CC2=CC=CC=C2
5001719,C(C(C(=O)O)O)C(=O)[O-]
5018304,C1=CC=C(C(=C1)CC(=O)[O-])NC2=C(C=CC=C2Cl)Cl.[Na+]
5063293,CCCCCCOCC#N
5077837,C=CCCC(=O)[O-]
5081327,CC(=CC(=O)[O-])C
5083701,CCC(C)(C1=CC=CC=C1)OC(=O)C
5084146,CCCCOCC1=CC(=C(C=C1)O)OC
5086912,CC1=CC(CCC1=O)(C)C
5093039,C(C=O)S(=O)(=O)[O-]
5127281,CCOC(CCOC1=CC=CC=C1)OCC
5140436,CCCCOC(=O)CC(=O)OCC
5249702,CC(C1=CC=CC=C1)C(=O)[O-]
5257176,C(CC[NH+]=C(N)N)C[NH3+]
5270647,CCCOC(=O)/C=C/C1=CC=CC=C1
5271566,CCOC(=O)/C=C\C(=O)OCC
5271570,CCCCOC(=O)/C=C/C(=O)OCCCC
5271573,CCCCCCOC(=O)/C=C\C(=O)OCCCCCC
5271574,CCCCCCOC(=O)/C=C/C(=O)OCCCCCC
5273464,CC(C)OC(=O)/C=C/C1=CC=CC=C1
5273465,CCCCOC(=O)/C=C/C1=CC=CC=C1
5273467,CC(C)CCOC(=O)/C=C/C1=CC=CC=C1
5273468,CCCCCCCCOC(=O)/C=C/C1=CC=CC=C1
5273469,C1=CC=C(C=C1)COC(=O)/C=C/C2=CC=CC=C2
5275520,CC(=CCC/C(=C/C(=O)O)/C)C
5280341,CC(CC/C=C(\C)/CCC=C(C)C)CCO
5280371,C1=CC(=O)OC2=CC3=C(C=CO3)C(=C21)O
5280435,C[C@@H](CCC[C@@H](C)CCC/C(=C/CO)/C)CCCC(C)C
5280443,C1=CC(=CC=C1C2=CC(=O)C3=C(C=C(C=C3O2)O)O)O
5280445,C1=CC(=C(C=C1C2=CC(=O)C3=C(C=C(C=C3O2)O)O)O)O
5280450,CCCCC/C=C\C/C=C\CCCCCCCC(=O)O
5280462,CC1=CC(=O)CC([C@]1(/C=C/[C@@H](C)O)O)(C)C
5280483,CC1=C(C(=O)C2=CC=CC=C2C1=O)C/C=C(\C)/CCCC(C)CCCC(C)CCCC(C)C
5280489,CC1=C(C(CCC1)(C)C)/C=C/C(=C/C=C/C(=C/C=C/C=C(/C=C/C=C(/C=C/C2=C(CCCC2(C)C)C)\C)\C)/C)/C
5280511,C1=CC=C(C=C1)/C=C\CO
5280536,COC1=C(C=CC(=C1)/C=C/C=O)O
5280567,CC1=CC(=O)OC2=C1C=CC(=C2)O
5280569,C1=CC(=C(C2=C1C=CC(=O)O2)O)O
5280590,CCCCCCCC/C=C/CCCCCCCC(=O)OC
5280598,CC(=CCC/C(=C/CC/C(=C/C=O)/C)/C)C
5280723,CCCCC[C@@H](/C=C/[C@H]1[C@@H](CC(=O)[C@@H]1CCCCCCC(=O)O)O)O
5280802,COC1=CC(=CC(=C1O)OC)/C=C/C=O
5280965,C[C@H]1/C=C/C=C/C=C/C=C/C=C/C=C/C=C/[C@@H](C[C@H]2[C@@H]([C@H](C[C@](O2)(C[C@H](C[C@H]([C@@H](CC[C@H](C[C@H](CC(=O)O[C@H]([C@@H]([C@@H]1O)C)C
5281004,CCCC1O[C@@H]2C[C@H]3[C@@H]4CCC5=CC(=O)C=C[C@@]5([C@H]4[C@H](C[C@@]3([C@@]2(O1)C(=O)CO)C)O)C
5281025,C1CN(CCN1CCOCCO)C2=NC3=CC=CC=C3SC4=CC=CC=C42.C1CN(CCN1CCOCCO)C2=NC3=CC=CC=C3SC4=CC=CC=C42.C(=C/C(=O)O)\C(=O)O
5281032,CN1CCN(CC1)CCCN2C3=C(SC4=CC=CC=C24)C=CC(=C3)Cl.C(=C\C(=O)O)\C(=O)O.C(=C\C(=O)O)\C(=O)O
5281040,CC(C)(C1=CC=CC=C1CC[C@H](C2=CC=CC(=C2)/C=C/C3=NC4=C(C=CC(=C4)Cl)C=C3)SCC5(CC5)CC(=O)O)O
5281056,CC(C)(C)NC[C@@H](COC1=NSN=C1N2CCOCC2)O.C(=C\C(=O)O)\C(=O)O
5281064,CC(C)NCC(COC1=CC=C(C=C1)COCCOC(C)C)O.CC(C)NCC(COC1=CC=C(C=C1)COCCOC(C)C)O.C(=C/C(=O)O)\C(=O)O
5281065,CCCCCCCN(CC)CCCC(C1=CC=C(C=C1)NS(=O)(=O)C)O.CCCCCCCN(CC)CCCC(C1=CC=C(C=C1)NS(=O)(=O)C)O.C(=C/C(=O)O)\C(=O)O
5281067,CN(C)CCC(C1=CC=C(C=C1)Br)C2=CC=CC=N2.C(=C\C(=O)O)\C(=O)O
5281068,CN(C)CCC(C1=CC=C(C=C1)Cl)C2=CC=CC=N2.C(=C\C(=O)O)\C(=O)O
5281069,C[C@@](C1=CC=CC=C1)(C2=CC=C(C=C2)Cl)OCC[C@H]3CCCN3C.C(=C/C(=O)O)\C(=O)O
5281072,CC[C@@H](CO)NC(=O)[C@H]1CN([C@@H]2CC3=CNC4=CC=CC(=C34)C2=C1)C.C(=C\C(=O)O)\C(=O)O
5281081,CCN(CC)C(=O)/C(=C/C1=CC(=C(C(=C1)O)O)[N+](=O)[O-])/C#N
5281098,CN(C/C=C/C1=CC=CC=C1)CC2=CC=CC3=CC=CC=C32.Cl
5281129,CC/C=C\C/C=C\C/C=C\CCO
5281162,CCCCC/C=C\C=C\C(=O)OCC
5281163,CCOC(=O)/C(=C/C)/C
5281165,CCCC(=O)OCC/C=C\C=C
5281167,CC/C=C\CCO
5281168,CCC/C=C/C=O
5281188,C/C=C(\C)/COC(=O)/C(=C/C)/C
5281426,C1=CC(=CC2=C1C=CC(=O)O2)O
5281515,C/C/1=C\CCC(=C)[C@H]2CC([C@@H]2CC1)(C)C
5281516,CC(=CCC/C(=C/C/C=C(\C)/C=C)/C)C
5281517,CC(=CCC/C(=C/CCC(=C)C=C)/C)C
5281519,C/C/1=C\CC/C(=C/CC(=C(C)C)CC1)/C
5281520,C/C/1=C\CC(/C=C/C/C(=C/CC1)/C)(C)C
5281521,C[C@@H]1CC=C([C@@H](C1(C)C)/C=C/C(=O)C)C
5281522,C/C/1=C/CCC(=C)[C@H]2CC([C@@H]2CC1)(C)C
5281525,CC(=CCC/C(=C/CC[C@@](C)(C=C)O)/C)C
5281531,C/C(=C/CCC1(C2CC3C1(C3C2)C)C)/CO
5281532,C/C(=C/CCC1(C2CCC(C2)C1=C)C)/CO
5281534,C/C(=C\C/C=C(\C)/C=C)/CC/C=C(\C)/C=O
5281535,C/C(=C\CCC(=C)C=C)/CC/C=C(\C)/C=O
5281553,CC(=CC/C=C(\C)/C=C)C
5281613,C[C@H]1[C@@H]([C@H]([C@H]([C@@H](O1)OC[C@@H]2[C@H]([C@@H]([C@H]([C@@H](O2)OC3=CC(=C4C(=C3)OC(=CC4=O)C5=CC(=C(C=C5)OC)O)O)O)O)O)O)O)O
5281758,C/C=C\C1=CC(=C(C=C1OC)OC)OC
5281794,CCCCC/C=C/C(=O)CCC1=CC(=C(C=C1)O)OC
5281905,C[C@H]1CC=C([C@@H](C1(C)C)/C=C/C(=O)C)C
5281929,CC/C=C\C[C@@H]1[C@H](CCC1=O)CC(=O)OC
5281955,CCCCCCCC/C=C/CCCCCCCC(=O)OCCOCC(C1C(C(CO1)OCCO)OCCO)OCCO
5282108,CC1=CCCC(C1/C=C/C(=O)C)(C)C
5282109,CC(=CCC/C(=C/COC=O)/C)C
5282110,CC(=O)OC/C=C/C1=CC=CC=C1
5282138,CC1=C(C(C(=C(N1)C)C(=O)OC/C=C/C2=CC=CC=C2)C3=CC(=CC=C3)[N+](=O)[O-])C(=O)OCCOC
5282139,CN(C)CCC(C1=CC=CC=C1)C2=CC=CC=N2.C(=C\C(=O)O)\C(=O)O
5282160,C1=CC(=C(C=C1C2=C(C(=O)C3=C(C=C(C=C3O2)O[C@H]4[C@@H]([C@H]([C@@H]([C@H](O4)CO)O)O)O)O)O)O)O
5282184,CCCCC/C=C\C/C=C\CCCCCCCC(=O)OCC
5282230,COC1=C(C=C(C=C1)/C=C/C(=O)NC2=CC=CC=C2C(=O)O)OC
5282318,CC(CN1C2=CC=CC=C2CCC3=CC=CC=C31)CN(C)C.C(=C\C(=O)O)\C(=O)O
5282375,CCOC(=O)/C=C(\C)/C=C/C=C(\C)/C=C/C1=C(C(=C(C=C1C)OC)C)C
5282379,CC1=C(C(CCC1)(C)C)/C=C/C(=C/C=C/C(=C\C(=O)O)/C)/C
5282381,CCCCC(C)(C/C=C/[C@H]1[C@@H](CC(=O)[C@@H]1CCCCCCC(=O)OC)O)O
5282386,CC1=CC(=CC(=C1CC2=NCCN2)C)C(C)(C)C.Cl
5282402,CN(C)CC/C=C\1/C2=CC=CC=C2COC3=C1C=C(C=C3)CC(=O)O.Cl
5282407,C1CN(CCN1C/C=C/C2=CC=CC=C2)C(C3=CC=C(C=C3)F)C4=CC=C(C=C4)F.Cl.Cl
5282408,CN1CCC(=C2C3=C(C(=O)CC4=CC=CC=C42)SC=C3)CC1.C(=C/C(=O)O)\C(=O)O
5282409,CN(C)CCOC(C1=CC=C(C=C1)Cl)C2=CC=CC=N2.C(=C\C(=O)O)\C(=O)O
5282435,C1=CC(=C(C=C1Cl)C2=NC(=NC(=N2)N)N)Cl.C(=C\C(=O)O)\C(=O)O
5282483,C1CN(CCN1CC/C=C\2/C3=CC=CC=C3SC4=C2C=C(C=C4)C(F)(F)F)CCO.Cl.Cl
5282484,C[C@@H](CN1C2=CC=CC=C2SC3=C1C=C(C=C3)OC)CN(C)C.C(=C\C(=O)O)\C(=O)O
5282485,CCOCCN1C(=NC2=CC=CC=C12)N3CCN(CCC3)C.C(=C/C(=O)O)\C(=O)O.C(=C/C(=O)O)\C(=O)O
5282488,C1[C@@H](NC(=N[C@H]1O)N)[C@H]2C(=O)NC[C@@H](C(=O)N[C@H](C(=O)N[C@H](C(=O)N/C(=C\NC(=O)N)/C(=O)N2)CO)CO)NC(=O)C[C@H](CCCN)N.OS(=O)(=O)O
5282493,C[C@@H]1C[C@H]2[C@@H]3C[C@@H](C4=CC(=O)C=C[C@@]4([C@]3([C@H](C[C@@]2([C@H]1C(=O)COC(=O)C(C)(C)C)C)O)Cl)C)F
5282650,CCC/C=C(\C)/C(=O)O
5282667,CCCCCC/C(=C/C(=O)O)/C
5282706,C/C=C/CC(=O)O
5282707,CCC/C=C/C(=O)O
5282708,CC/C=C/CC(=O)O
5282709,CCCC/C=C/C(=O)O
5282710,CCC/C=C/CC(=O)O
5282711,CC/C=C/CCC(=O)O
5282713,CCCCC/C=C\C(=O)O
5282714,CCCCC/C=C/C(=O)O
5282715,CCCC/C=C\CC(=O)O
5282716,CCCC/C=C/CC(=O)O
5282718,CC/C=C\CCCC(=O)O
5282722,CCCCCC/C=C\C(=O)O
5282723,CCCCC/C=C/CC(=O)O
5282724,CCCCCCC/C=C/C(=O)O
5282725,CCCCCC/C=C/CC(=O)O
5282726,CCCCC/C=C/CCC(=O)O
5282735,CCCCCCCCCC/C=C/C(=O)O
5282822,CC/C=C/C/C=C/C/C=C/CCCCCCCC(=O)O
5283292,CCCC/C=C/CCCCO
5283308,C/C=C/CCC=O
5283316,CCCC/C=C/C=O
5283318,CC/C=C/CCC=O
5283321,CC/C=C/C=C/C=O
5283324,CCCCC/C=C/C=O
5283327,CC/C=C/CCCC=O
5283328,C/C=C/CCCCC=O
5283329,CCC/C=C/C=C/C=O
5283335,CCCCCC/C=C/C=O
5283337,CCCC/C=C/CCC=O
5283338,CC/C=C/CCCCC=O
5283339,CCCC/C=C/C=C/C=O
5283345,CCCCCCC/C=C/C=O
5283348,CCC/C=C/CCCCC=O
5283349,CCCCC/C=C/C=C/C=O
5283352,CC/C=C/C/C=C/C=C/C=O
5283356,CCCCCCCC/C=C/C=O
5283357,CCCCCC/C=C/CCC=O
5283358,CCCCC/C=C/C/C=C/C=O
5283361,CCCCCCCCC/C=C/C=O
5283363,CCCCCCCCCC/C=C/C=O
5283366,CCCCCCCCCCC/C=C/C=O
5283381,CCCCCCCC/C=C/CCCCCCCC=O
5283468,CCCCCCCC/C=C\CCCCCCCC(=O)OCC(CO)O
5284346,O.O.[Cl-].[Cl-].[Ba+2]
5284359,[Cl-].[Cl-].[Ca+2]
5284369,C1=CC=C(C=C1)/C=C/COC(=O)C2=CC=CC=C2N
5284373,CC[C@H]1C(=O)N(CC(=O)N([C@H](C(=O)N[C@H](C(=O)N([C@H](C(=O)N[C@H](C(=O)N[C@@H](C(=O)N([C@H](C(=O)N([C@H](C(=O)N([C@H](C(=O)N([C@H](C(=O)N1)[C
5284409,CC(C)(C)NC[C@@H](COC1=CC=CC2=C1CCCC2=O)O.Cl
5284421,CCCCC/C=C\C/C=C\CCCCCCCC(=O)OC
5284439,C1CCC(CC1)C(CC2CCCCN2)C3CCCCC3.C(=C\C(=O)O)\C(=O)O
5284441,CC(COC1=CC=CC=C1)N(CCCl)CC2=CC=CC=C2.Cl
5284451,CN(C)CCN(CC1=CC=C(C=C1)OC)C2=CC=CC=N2.C(=C\C(=O)O)\C(=O)O
5284499,CCCCCCCC/C=C\CCCCCCCCO
5284503,CC/C=C/CCO
5284507,CC(=CCC/C(=C/CCC(C)(C=C)O)/C)C
5284513,CC1=CC(=C(C(=C1/C=C/C(=C/C=C/C(=C/C(=O)O)/C)/C)C)C)OC
5284515,C[C@H](CCCC(C)C)[C@H]1CC[C@@H]\2[C@@]1(CCC/C2=C/C=C/3\C[C@H](C[C@@H](C3=C)O)O)C
5284555,C[C@]12CC[C@H]3[C@H]([C@@H]1CCC2=O)CCC4=C3C=CC(=C4)OS(=O)(=O)O.C1CNCCN1
5284557,C[C@]12CCC(=O)C=C1CC[C@@H]3[C@@H]2CC[C@]4([C@H]3CC[C@]4(C#C)O)C
5284566,CN1[C@@H]2CCC[C@H]1CC(C2)NC(=O)C3=NN(C4=CC=CC=C43)C
5284583,CC[C@@H](C(=O)N)N1CCCC1=O
5284585,C1CC(=C(N2[C@H]1[C@@H](C2=O)NC(=O)[C@@H](C3=CC=CC=C3)N)C(=O)O)Cl
5284613,C[C@H]1[C@@H]([C@H]([C@H]([C@@H](O1)O[C@H]2CC[C@@]3([C@H]4CC[C@@]5([C@H](CC[C@@]5([C@@H]4CCC3=C2)O)C6=COC(=O)C=C6)C)C)O)O)O
5284627,CC1(O[C@@H]2CO[C@@]3([C@H]([C@@H]2O1)OC(O3)(C)C)COS(=O)(=O)N)C
5288783,C[C@H](/C=C/[C@H](C1CC1)O)[C@H]2CC[C@@H]\3[C@@]2(CCC/C3=C\C=C/4\C[C@H](C[C@@H](C4=C)O)O)C
5288845,C[C@H](CC(C)(C)O)O
5289086,CC(=CC[C@@H]1[C@@](O1)(C)[C@]2([C@@H](C(=O)CC[C@@]2(C)O)OC)O)C
5289510,CC[C@@H](C)C1=NC=CS1
5309446,C1CCN(C1)CC2=NC3=CC=CC=C3N2CC4=CC=C(C=C4)Cl.Cl
5310993,CC1=CN=C(C=[N+]1[O-])C(=O)O
5311047,CO[C@@H]1CN(CC[C@@H]1NC(=O)C2=CC(=C(C=C2OC)N)Cl)CCCOC3=CC=C(C=C3)F
5311110,C([C@H]([C@H]([C@H](C=O)O)O)O)O
5311217,CCOC(=O)C1=C(NC(=C(C1C2=CC=CC=C2/C=C/C(=O)OC(C)(C)C)C(=O)OCC)C)C
5311282,C1=CC2=C(C=C1NC(=O)C3=C(C(=C(C(=C3F)F)F)F)F)C(OC24C5=C(C=C(C=C5)O)OC6=C4C=CC(=C6)O)O
5311412,CCC(=O)[C@]1([C@@H](C[C@@H]2[C@@]1(C[C@@H]([C@H]3[C@H]2CCC4=CC(=O)C=C[C@]34C)O)C)C)C
5311498,CC1=CC2=C(C=C1C)N(C=N2)[C@@H]3[C@@H]([C@@H]([C@H](O3)CO)OP(=O)([O-])O[C@H](C)CNC(=O)CC[C@@]4([C@H]([C@@H]5[C@]6([C@@]([C@@H](/C(=C(/C7=N/C(=C
5312351,CCCCC/C=C\CCC(=O)O
5312367,C/C=C/C=C/CC/C=C/C(=O)O
5312542,CCCCC/C=C/C/C=C/C/C=C/C/C=C/CCCC(=O)O
5312586,CCCCCC/C=C/C(=O)O
5312887,CCCCCCCCCCC(=O)C(=O)O
5314126,C1=CC=C(C=C1)/C=C/Br
5315347,C/C/1=C\CC/C(=C/C2C(C2(C)C)CC1)/C
5315406,CC(C)(C=C)/C=C/C(C)(C)O
5315468,CC1=CCC(CC1)/C(=C/CC=C(C)C)/C
5315589,CC1=CC2[C@@H](CC1)C(=CC[C@@H]2C(C)C)C
5315592,CC1=C[C@H]2[C@@H](CC[C@@](C2CC1)(C)O)C(C)C
5315594,CC1=C[C@@H]2[C@H](CC1)[C@](CCC2C(C)C)(C)O
5315722,C/C/1=C\CCC(=C)C2CC([C@@H]2CC1)(C)C
5315892,C1=CC=C(C=C1)/C=C/CO
5315912,CC(=O)OC/C=C\C1=CC=CC=C1
5315941,C1CCC/C=C\CCCCCCCC(=O)CCC1
5315976,CC1(C=CC23[C@H]1CCC(C2)(CCC3)C)C
5316534,CC(=CCC/C(=C/CCC1=COC=C1)/C)C
5316860,COC1=CC(=CC(=C1O[C@H]2[C@@H]([C@H]([C@@H]([C@H](O2)CO)O)O)O)OC)/C=C/CO
5316889,CC1CCC(CC1)C(C)CCC=C(C)C
5316893,CC(=C)/C=C/C[C@@](C)(C=C)O
5317045,CCCCC/C=C/C(=O)C
5317247,CCOC(=O)/C=C(\C)/CCC=C(C)C
5317271,CC(=O)CC(=O)C1=C(C=C(C=C1OC)OC)OC
5317319,CC(=CCC/C(=C\CCC(=C)C=C)/C)C
5317570,C/C/1=C\CCC(=C)/C=C/[C@@H](CC1)C(C)C
5317844,C[C@H]1CC[C@H](CC2=C1CC[C@@H]2C)C(=C)C
5317845,C[C@H]1CCC2=C(CC[C@H](CC12)C(=C)C)C
5318017,CCCC/C=C/CO
5318018,CCC/C=C/CCO
5318042,CCC/C=C/CO
5318516,CCCCC/C=C/C=C/C(=O)NCC(C)C
5318557,C/C=C/C1=CC(=C(C(=C1)OC)OC)OC
5318599,CCCCC/C=C/CO
5318963,C[C@H]1CC[C@H]2[C@@H]1C3C(C3(C)C)CC[C@@]2(C)O
5319067,CC1(CCCC2([C@H]3C1[C@@H](C2=C)CC3)C)C
5319691,CC(C)C(CCC(=O)C)/C=C/C(=C)C
5319693,CC/C=C\CC1C(CCC1=O)CC(=O)OC
5319706,CC/C=C\C/C=C\C/C=C\CCCCCCCC(=O)OC
5319754,CC/C=C(\C)/C=O
5319765,CCCSSSC
5319970,CC1CCCCCCCCC2=NC(=CC=C2)C1
5319992,CC(C)CC(=O)OCC1=CCC2CC1C2(C)C
5320128,CC(=CCC/C(=C\CCC(C)(C=C)O)/C)C
5320191,CC/C=C/CC/C=C/CO
5320249,CC(=C)CC/C=C(\C)/C=C
5320250,CC(=CC/C=C(/C)\C=C)C
5320530,C1=CC=C(C=C1)CCCOC(=O)/C=C/C2=CC=CC=C2
5320722,CCCSS/C=C/C
5321003,C[C@H]1CC[C@H](CC2=C1C(=O)C[C@@H]2C)C(=C)C
5321106,CC1C2CCC1(C(=O)C2)C
5321422,CC1(C2C1[C@H]3C(CCC3(C)O)C(=C)CC2)C
5321925,CC1CCC2(O1)C(=CC(=O)CC2(C)C)C
5321950,C/C=C(\C)/C=O
5322111,C/C/1=C/CCC(=C)C2CC(C2CC1)(C)C
5323650,C/C=C/C=C/C(=O)OC
5323652,C/C=C(\C)/C(=O)OC
5324489,CCC/C=C\CO
5324797,CC1=CSC(=N1)C(=O)C
5325830,CC1=CC[C@](CC1)(C(C)C)O
5325911,CC[C@H]1CCC(=O)O1
5325912,CCC[C@H]1CCC(=O)O1
5325921,C[C@H]1C(=C(C(=O)O1)O)C
5326159,C/C=C\C(C)C
5338463,CC1COC(O1)/C=C(\C)/CCC=C(C)C
5352000,CC1C(C(C(C(O1)OC2=C(OC3=CC(=CC(=C3C2=O)O)O)C4=CC(=C(C(=C4)O)O)O)O)O)O
5352140,C/C(=C\CCC1(C2CCC(C2)C1=C)C)/COC(=O)C
5352162,CCCC(=O)OC/C=C(/C)\CCC=C(C)C
5352243,CCCCCCCC/C=C\CCCCCCC
5352267,CCCCCCCC(=O)OCC/C=C\CC
5352371,CCCCC/C=C\CCC(=O)OC
5352428,CCCCC/C=C\CC1CCC(=O)O1
5352435,CC(=CCC/C(=C/C(OC)OC)/C)C
5352437,CC1=CC/C(=C(\C)/CCC=C(C)C)/CC1
5352438,CCCC(=O)OCC/C=C\CC
5352450,CCCCOC(=O)/C(=C/C)/C
5352459,CCC/C=C/COC(=O)C(C)CC
5352460,CCC/C=C/COC(=O)CC(C)C
5352461,CCC/C=C/COC(=O)CCC
5352463,CCC/C=C/COC(=O)CC
5352465,CCC/C=C\COC(=O)CC(C)C
5352469,CCC/C=C\COC(=O)/C(=C/C)/C
5352470,C/C/1=C\CCC2(C(O2)CC(/C=C/C1)(C)C)C
5352481,CC(=O)/C=C/C12C(CCCC1(O2)C)(C)C
5352492,CCCC/C=C\CCC=O
5352539,CC/C=C\CCOC(=O)C(C)C
5352543,CCCCCC(=O)OCC/C=C\CC
5352557,CC/C=C/CCOC(=O)C
5352601,CC/C=C/CCOC(=O)C1=CC=CC=C1
5352770,CCC/C=C\CCC(=O)OCC
5352772,CCCCCC(=O)OC/C=C(\C)/CC/C=C(\C)/CCC=C(C)C
5352773,CCCCCCCC(=O)OC/C=C(\C)/CC/C=C(\C)/CCC=C(C)C
5352774,CCC/C=C\CCC(=O)OC
5352797,CCCC/C=C\CC(=O)OCC
5352798,CCOC(=O)CC/C=C/CC=C
5352799,CCC/C=C/CCC(=O)OCC
5352807,CCCCC/C=C/CCO
5352808,CC/C=C\C/C=C\CC=O
5352812,CCC/C=C\C(=O)OCC(C)C
5352813,CC/C=C/CC(C)OC(=O)C
5352819,CCC/C=C\CCCOC(=O)C
5352822,CC/C=C\CCCCOC(=O)CC(C)C
5352830,CCCCC/C=C\CCCOC(=O)C
5352836,CCC/C=C\CCCO
5352837,CC/C=C\CCCCO
5352838,CC/C=C\CCCCOC(=O)C
5352845,CCCCCCCCC/C=C/CO
5352846,CCCCCC/C=C\CCO
5352874,CC/C=C/CC(=O)C=C
5352876,CC/C=C/C=C/C(=O)C
5352899,CCC/C=C/1\C2=CC=CC=C2C(=O)O1
5352902,CC/C=C/CCOC(=O)CC1=CC=CC=C1
5352905,C/C=C/C1=CC(=C(C(=C1)OC)O)OC
5352912,CCCCCCCCCCC/C=C/C
5352972,CCC/C=C/COC=O
5352973,CCCCCC(=O)OC/C=C/CCC
5352974,CCCCC(=O)OC/C=C/CCC
5352975,CCCCCC(=O)OCC/C=C/CC
5352976,CCCCC(=O)OCC/C=C/CC
5352977,CC/C=C/CCOC(=O)CC
5353001,C/C=C/C=C\CC/C=C/C(=O)NCC(C)C
5353010,CCC/C=C/COC(=O)/C(=C/C)/C
5353011,CC(=CCC/C(=C/COC(=O)C1=CC=CC=C1)/C)C
5353356,C1=C(OC(=C1)[N+](=O)[O-])/C=N\NC(=O)N
5353636,C1COC(=O)N1/N=C\C2=CC=C(O2)[N+](=O)[O-]
5353830,C1C(=O)NC(=O)N1/N=C\C2=CC=C(O2)[N+](=O)[O-]
5353831,CN/C(=C/[N+](=O)[O-])/NCCSCC1=CSC(=N1)CN(C)C
5354133,CCCCCC[C@H](C/C=C\CCCCCCCC(=O)OC)O
5354175,CCCCCC[C@H](C/C=C\CCCCCCCC(=O)OCCCC)O
5354230,CCCCCCCC/C=C\CCCCCCCC(=O)OCCCCC
5354238,CC(=O)/C=C/C1=CC(=C(C=C1)O)OC
5354263,CCOC(=O)/C=C\C
5354264,CCC/C=C(\CC)/C=O
5354280,CCOC1=C(C=C(C=C1)/C=C/C)O
5354304,C/C=C/C(=O)OCCC1=CC=CC=C1
5354342,CCCCCCCC/C=C\CCCCCCCC(=O)OCCCC
5354359,C/C=C/C(=O)OC(C)C
5354763,C/C=C/C(=O)OCC=C
5354833,CCCCCC/C=C\C=O
5354834,CCCCCCC/C=C\C=O
5354882,CC(=CCC/C(=C\COC=O)/C)C
5354883,C1=CC=C(C=C1)/C=C/COC=O
5354896,C/C(=C/C1=CC=CC=C1)/C=O
5354898,C/C(=C/C1=CC=C(C=C1)OC)/C=O
5354899,CCCCCCCCC/C=C\C=O
5354998,CC(C)/C=C\C=O
5355152,CC/C=C\CC(=O)O
5355254,CCCC(=O)OC/C=C/C1=CC=CC=C1
5355293,C1CCC/C=C\CCCCCCOC(=O)CCC1
5355333,CCCOC(=O)/C=C/C=C\C
5355414,COC(=O)/C=C/C1=CC=CO1
5355850,CCC(=O)OC/C=C/C1=CC=CC=C1
5355851,CC(C)C(=O)OC/C=C/C1=CC=CC=C1
5355853,CCC(=O)OC/C=C(\C)/CCC=C(C)C
5355854,CCCCCOC(=O)/C=C/C1=CC=CC=C1
5355855,CC(C)CC(=O)OC/C=C/C1=CC=CC=C1
5355856,CCCC(=O)OC/C=C(\C)/CCC=C(C)C
5355857,CCCCCCC1=CC=C(C=C1)/C=C/C(OC)OC
5355858,CC(=CCCC(C)(C=C)OC(=O)/C=C/C1=CC=CC=C1)C
5355902,C/C(=C/C1=CC=CC=C1)/C(=O)C
5356250,CCOC(/C=C/C1=CC=CC=C1)OCC
5356256,CCCCCOC(=O)/C=C\C
5356259,C/C=C/C(=O)OCC1=CC=CC=C1
5356261,CCCCCC(=O)OC/C=C/C1=CC=CC=C1
5356352,C/C=C(/C)\C(=O)OC
5356544,CC(=CCC/C(=C\CC[C@@](C)(C=C)O)/C)C
5356572,C/C=C\C(=O)C
5356697,C=C/C=C\C=O
5356787,CC1=CCCC(C1/C=C(/C)\C(=O)C)(C)C
5356788,CC1=C(C(CCC1)(C)C)/C=C(/C)\C(=O)C
5356796,CCCCC/C=C\C
5356896,CCCCCCCCOC(=O)/C=C\C
5356908,CCCCCCOC(=O)/C=C\C
5356940,CCOC(=O)/C(=C\C1=CC=CC=C1)/C(=O)C
5357002,C/C=C(\C)/C(=O)OCCC1=CC=CC=C1
5357153,C1CCC(CC1)OC(=O)/C=C/C2=CC=CC=C2
5357156,CC(=CCC/C(=C/COC(OC/C=C(/CCC=C(C)C)\C)CC1=CC=CC=C1)/C)C
5357159,CC(C)C(=O)OC(C)(CC/C=C(/C)\CCC=C(C)C)C=C
5357253,CCC/C=C/CCC
5357388,CCCCCC/C=C\C(=O)OC
5358336,CCCC/C=C/C(C)O
5358355,CCCC/C=C\C(=O)O
5358363,CCCC/C=C/C(=O)OCC
5358374,CCC(=O)/C=C\C
5358812,CN1CCN(CC1)C2CC3=CC=CC=C3SC4=C2C=C(C=C4)SC.C(=C\C(=O)O)\C(=O)O
5358907,CN1CC(C2=C(C1)C(=CC=C2)N)C3=CC=CC=C3.C(=C\C(=O)O)\C(=O)O
5360315,[Mg+2].[Cl-].[Cl-]
5360733,C1CC(C1)CN2CC[C@]34[C@@H]5[C@H](CC[C@]3([C@H]2CC6=C4C(=C(C=C6)O)O5)O)O.Cl
5361462,C1=CC(=C(C=C1Cl)Cl)CO/N=C(/CN2C=CN=C2)\C3=C(C=C(C=C3)Cl)Cl.[N+](=O)(O)[O-]
5362051,CC(C)(C(=O)O)O/N=C(\C1=CSC(=N1)N)/C(=O)N[C@H]2[C@@H]3N(C2=O)C(=C(CS3)C[N+]4=CC=CC=C4)C(=O)[O-].O.O.O.O.O
5362118,C1C[C@H](N(C1)C(=O)[C@H](CCCCN)N[C@@H](CCC2=CC=CC=C2)C(=O)O)C(=O)O.O.O
5362123,CCOC(=O)[C@H](CCC1=CC=CC=C1)N[C@H]2CCC3=CC=CC=C3N(C2=O)CC(=O)O.Cl
5362129,CCOC(=O)[C@H](CCC1=CC=CC=C1)N[C@@H](C)C(=O)N2[C@H]3CCC[C@H]3C[C@H]2C(=O)O
5362561,CCCCC(CO)C(=O)C
5362563,CC1=C(SC(=N1)C)C=C
5362564,CCC(C)C1N=C(C(S1)C)C
5362565,CC(C)/C=C(\C)/C(=O)O
5362566,CCOC(C)OCC(C)OC(C)OCC
5362567,CCOC(C)OCC(COC(C)OCC)OC(C)OCC
5362570,CCCCCCC(=O)CCO
5362572,CC1=NC=CC(=N1)C(=O)C
5362579,CCC(CC)C(=O)OC/C=C(\C)/CCC=C(C)C
5362580,CCCCC/C=C(\C)/C=O
5362581,CCOC(=O)C1C(O1)(C)C2=CC=C(C=C2)C
5362583,CCCCC/C=C/CCC(=O)OCC
5362584,CCC1N=C(C(S1)C)C
5362588,CCC(C)C(=O)/C=C/C
5362591,CCCCC/C=C/COC(=O)CCC
5362592,CCCCC/C=C/C=C/C(=O)OCCC
5362593,CCCC/C=C/CCCC(=O)O
5362595,CC1CCC(C(C1)OCC(CO)O)C(C)C
5362620,CCCCC/C=C\CCC=O
5362622,CC/C=C/CC(=O)OCC
5362623,CC/C=C\CC(=O)OCC
5362661,CC(C)C/C=C(/C=O)\C(C)C
5362695,CC/C=C\CCCCCC=O
5362696,CCCCC/C=C/C=C/CO
5362697,CCCCC/C=C(/CCCC)\C=O
5362720,CC/C=C\CCCCC=O
5362736,C1CCCCCC(=O)CCC/C=C\CCCC1
5362782,CC/C=C/CC(=O)OC
5362792,CC/C=C\CCCCCO
5362795,CCCCCC/C=C\CCCCCCO
5362798,CCCCC/C=C\CCCO
5362811,CC/C=C/CCCCCO
5362814,CC/C=C\CCC=O
5362816,CC/C=C/CCC(=O)OCC
5362819,CC/C=C\CC(=O)OC
5362830,CC(C)CC(=O)OC/C=C(\C)/CCC=C(C)C
5362832,C/C=C(\C)/CSC
5362833,CC/C=C\CC/C=C/CO
5362854,CC(=C)C(C/C=C(\C)/C=C)O
5362876,CC(=CC/C=C(/C)\CCO)C
5362889,CC(=CCC/C(=C/C/C=C(/C)\C=C)/C)C
5362896,CC/C(=C/C(=O)OC)/C
5362897,CC/C(=C\C)/C=O
5363120,CC/C=C\CC/C=C/COC(=O)C
5363140,CC(C)/C=C/C(=O)C
5363202,CCCCCCCC/C=C/COC(=O)C
5363203,CCCC/C=C/COC(=O)C
5363206,CCC/C=C/CCOC(=O)C
5363207,CCCCCCC/C=C/COC(=O)C
5363208,CCCC/C=C\CCOC(=O)C
5363229,CCCC/C=C/C(=O)C
5363230,CCCCCCCC/C=C\CCCCCCCC(=O)OCCCCCC
5363231,CC(C)CC/C=C/C(=O)C
5363233,CCCCCC/C=C/C(=O)C
5363269,CCCCCCCC/C=C\CCCCCCCC(=O)OCC
5363289,CCCCCCCC/C=C\CCCCCCCCOC(=O)C
5363291,CC/C=C\CCOC(=O)C(=O)C
5363306,CCCCCC/C=C(\C)/C(=O)C
5363374,CCC/C=C\COC(=O)C
5363388,CC/C=C\CCOC(=O)C
5363389,CC/C=C\CCCCCOC(=O)C
5363426,CC(=CCC/C(=C/CCC(C)(C=C)OC(=O)C)/C)C
5363453,CC(C)C(=O)OC(C)(CC/C=C(\C)/CCC=C(C)C)C=C
5363491,C/C=C/C=C/COC(=O)C
5363526,C/C=C(\C)/C1CCC(O1)(C)C
5363537,CCC/C=C/CCC(=O)C
5363694,C/C/1=C\CC(/C=C/CC2(C(O2)CC1)C)(C)C
5363741,CC(=O)/C=C/C1C(=C)CCCC1(C)C
5363817,CC1=CCCC(C1/C=C/C(C)O)(C)C
5363896,CC(C)/C=C(\C=O)/C1=CC=CC=C1
5364230,CC/C=C\CCOC
5364231,CC/C=C\CCOC(=O)C(C)O
5364291,CC/C=C\CC(OCC)OCC
5364389,CCCCCC/C=C/C(=O)OCC
5364397,CCCC/C=C/CC(=O)OCC
5364399,CCCCC/C=C/C(=O)OCC
5364409,CCC/C=C/C(=O)OC
5364430,CCCCCCCC/C=C/CCCCCCCC(=O)OCC
5364435,CCCCCCCCCC/C=C/C
5364452,CCCCCCCC/C=C/C
5364475,CCCC/C=C/CCO
5364492,CCCCCCCC/C=C\CCCCCCCC=O
5364509,CCCCCCCC/C=C\CCCCCCCC(=O)OC
5364517,CCC/C=C\CCO
5364519,CCCC/C=C\CCO
5364526,CC/C(=C/CC/C(=C/C=O)/C)/C
5364532,CCCCC/C=C/C(=O)OC
5364552,CCCCCCC(C/C=C\CCCCCCCC(=O)OCCCC)O
5364555,CCCCCCCC/C=C/CCCCCCC
5364578,CCC/C=C/C(=O)C
5364586,CCCC/C=C/C=C/CO
5364619,CCCCC/C=C/CCCCCO
5364631,CCCCC/C=C\CCO
5364729,C/C=C(\C)/C(=O)OCC=C
5364752,CC/C=C/C=O
5364759,CCCCCC/C=C/CCCCCCCC(=O)OCC
5364778,CCC/C=C/C(=O)OCC
5364789,CCCCOC(=O)/C(=C\C)/C
5364833,CCCCCCCC/C=C/CCCCCCCC(=O)OCC(CO)O
5364919,CC/C=C\CO
5364920,CC/C=C/CO
5364941,CCCCCC/C=C/CO
5364942,CCCCCCC/C=C/CO
5364949,CCCCCCCCCC/C=C/CO
5364953,CCCCCCC/C=C\CO
5364959,CCCCC/C=C\CO
5365004,CCCCCCCC/C=C/CO
5365027,CCCCCC/C=C\CO
5365049,CC/C=C\CCOC(=O)CC
5365069,CC/C=C\CCOC(=O)C(C)CC
5365136,CCCCCCCC(=O)OC/C=C/CCC
5365137,CCC/C=C/C(OCC)OCC
5365279,CN(C)C/C=C/CN(C)C
5365557,C=CCC/C=C/C=C
5365587,CC/C=C\CCOC=O
5365589,C/C=C\CCCO
5365622,CCCC/C=C\CCCCO
5365672,CCCCC/C=C/C/C=C/CCCCCCCC(=O)OCC
5365699,CC/C=C\CCOC(=O)OC
5365703,C1CCCCOC(=O)CCCCC/C=C\CCC1
5365706,CC/C=C/C/C=C/CCO
5365765,CCCC/C=C/C=C/C
5365793,C/C=C/C(=O)OCC(C)C
5365794,CCOC(/C=C(\C)/CCC=C(C)C)OCC
5365811,CCC(=O)/C=C/C
5365818,CC(/C=C(\C)/CCC=C(C)C)O
5365819,CC(/C=C(\C)/CCC=C(C)C)OC(=O)C
5365824,CCCOC(=O)/C=C/C
5365842,CC(=CCC/C(=C/COC=C)/C)C
5365847,CCOC/C=C(\C)/CCC=C(C)C
5365849,CC(=CCC/C(=C/COC)/C)C
5365850,CCCCC(=O)OC/C=C(\C)/CCC=C(C)C
5365872,CC(=CCC/C(=C/CC/C(=C/CCC(C)(C=C)O)/C)/C)C
5365882,C/C=C/C(=O)OCCC(C)CCC=C(C)C
5365890,CC(=CCC/C(=C/CC/C(=C\C=O)/C)/C)C
5365891,CCCCC(=O)/C=C/C
5365909,CC/C=C(\C)/C(=O)O
5365910,CC(=CCC/C(=C/C(=O)OC)/C)C
5365912,CC(=CCC/C(=C\C(=O)OC)/C)C
5365916,C/C=C/C(=O)C1C(C=CCC1(C)C)C
5365976,CC1=CCCC(C1/C=C/C(=O)CCC=C)(C)C
5365982,CCC(=O)OC/C=C(/C)\CCC=C(C)C
5365991,CC(C)C(=O)OC/C=C(/C)\CCC=C(C)C
5365992,CCCCCC(=O)OC/C=C(\C)/CCC=C(C)C
5366030,CC/C=C\CCOC(=O)/C=C\C
5366038,CCCCCCOC(=O)/C=C/C
5366040,C/C=C/C(=O)OC1CCCCC1
5366044,CC(=CCC/C(=C/COC(=O)CC1=CC=CC=C1)/C)C
5366049,C/C=C/C(=O)OC1CC(CCC1C(C)C)C
5366074,C/C=C/C(=O)C1=C(C=CCC1(C)C)C
5366077,C/C=C/C(=O)C1C(=CCCC1(C)C)C
5366155,C/C=C(/C)\C(=O)OCCC(C)C
5366203,CCCCC(/C=C/C)O
5366239,C/C=C/C(C)O
5366244,CC(C)CCCC(C)CCCC(C)CCC/C(=C/CO)/C
5366264,CC(=C)/C=C/CC(C)(C=C)O
5366266,C/C=C(/C)\CO
5366352,CC/C=C\CCOC(C)OCC
5366366,CCC/C=C/COC(C)OCC
5366408,CCOC(C)OC/C=C(\C)/CCC=C(C)C
5366552,C/C=C/SSC
5366844,CCCCC/C=C/CC(=O)OC
5366856,CCC/C=C/CCC(=O)OC
5367382,C/C=C/C/C=C/C=C
5367391,CC/C=C/C=C/CO
5367408,CCCCC/C=C/C/C=C/CC(=O)OC
5367412,CCCCC/C=C/C=C/C=C
5367462,CC/C=C/C/C=C/C/C=C/CCCCCCCC(=O)OC
5367475,CC/C=C\C=C\C=C
5367530,CCCCCCC/C=C/C=C/C=O
5367531,CCCCCC/C=C/C=C/C=O
5367535,CC/C=C/CCCO
5367536,CC/C=C\CCCO
5367550,C/C/1=C/CCC(/C=C\C(CC1)C(C)C)(C)O
5367665,CCCCCCCC/C=C/CCCCCCCCO
5367679,CCC/C=C/C(=O)OCC/C=C\CC
5367681,CC/C=C\CCOC(=O)CC(C)C
5367687,CCCCCC#CC(=O)OCC/C=C\CC
5367698,CC/C=C\CCOC(=O)CC1=CC=CC=C1
5367706,CC/C=C\CCOC(=O)C1=CC=CC=C1
5367719,CC/C=C/CC1C(CCC1=O)CC(=O)OC
5367744,CC/C=C/C(=O)C
5367745,C/C=C(\C)/C(=O)OC(C)C
5367761,CC/C=C/C(=O)OCC
5367762,CCCOC(=O)/C(=C/C)/C
5367766,C/C=C(\C)/C(=O)OC/C=C/C1=CC=CC=C1
5367767,CC/C=C\CCOC(OCC/C=C\CC)C
5367785,C/C=C(\C)/C(=O)OC/C=C(\C)/CCC=C(C)C
5367806,C/C=C(\C)/C(=O)OCC(C)C
5367807,C/C=C(/C)\C(=O)OCC(C)C
5367848,CCCCC/C=C/CC1CCCC1=O
5367850,CCC/C=C/CC1CCCC1=O
5367959,CCCCC(=O)OC/C=C/C1=CC=CC=C1
5368064,CCCCCCC/C=C/C(=O)OC
5368076,CCCCCC/C=C/C(=O)OC
5368201,C/C(=C/C1=CC=CC=C1)/CO
5368236,CCC/C=C/COC(=O)CC1=CC=CC=C1
5368451,CC(=C)/C=C/C=C(\C)/C=C
5368491,CCCCC/C(=C\C1=CC=CC=C1)/CO
5368733,CC(=C1CC/C=C/CC/C=C\CC1)C
5368743,CC1=CCC2CC1C2(C)CC/C=C(/C)\CO
5368785,C/C(=C\CCC(C)(C)O)/C=C
5368797,C/C(=C\CCC1(C2CC3C1(C3C2)C)C)/CO
5368821,C/C=C(\C)/C=C/C=C(C)C
5368972,C/C=C/C=C/C(=O)OC(C)C
5369044,CCOC(/C=C/C=C/C)OCC
5369061,CCC/C=C/C(=O)CC
5369076,CCCCOC(=O)/C=C/C=C/C
5369157,CC(=O)/C(=C\N(C)C)/C(=C/N(C)C)/C(=O)C
5369371,CC/C=C\CCC(OCC)OCC
5369459,C1=CC=C(C=C1)CCOC(=O)/C=C/C2=CC=CC=C2
5369489,CC(/C=C/C1=CC=CC=C1)O
5369997,CC1=C(C(CCC1)(C)C)C/C=C(\C)/C=O
5370101,CC(=C/C=C/C(=O)C)C
5370265,CCCCC/C=C/C=C\C(=O)OC
5370364,CCC/C=C/C1OCC(O1)C
5370448,C/C=C/S/C=C/C
5370599,C1=CC=C(C=C1)CC(=O)OC/C=C/C2=CC=CC=C2
5370602,CC(C)C/C=C(/C=O)\C1=CC=CC=C1
5370604,CCCCC/C=C/C1=CC=CC=C1
5370644,C/C=C(\C=O)/C1=CC=CC=C1
5370646,C/C(=C\C1=CC=CC=C1)/C(=O)C
5371002,CC1CC=C(C(C1(C)C)/C=C/C(=O)C)C
5371084,CCC(=O)/C=C/C1C(=CCCC1(C)C)C
5371102,CC/C=C\CCOC(=O)C1=CC=CC=C1O
5371124,C/C=C/C=C(\C)/C(=C/C)/C
5371723,CCCCC/C(=C/C1=CC=CC=C1)/COC(=O)C
5371802,CC1=CC=C(C=C1)/C=C/C=O
5372174,CC1=CCCC(C1/C=C(\C)/C(=O)C)(C)C
5372195,CC1=C(C(CCC1)(C)C)/C=C(\C)/C(=O)C
5372353,CC/C=C\CCOC(=O)C1=CC=CC=C1N
5372813,C/C(=C\C1=CC=CC=C1)/C=O
5372954,C1=CC=C(C=C1)/C=C\C(=O)O
5373603,CC/C=C\1/C2=CC=CC=C2C(=O)O1
5373729,CC1=C(C(CCC1)(C)C)/C=C/C(C)O
5373780,CC(C)C(=O)/C=C/C1=CC=C(C=C1)OC
5374527,C/C=C/C(=O)C1=C(CCCC1(C)C)C
5375215,CC1CCC(=C(C1(C)C)/C=C/C(=O)C)C
5375218,CCC(=O)/C=C/C1=C(CCCC1(C)C)C
5376281,CC1=CCCC(C1/C=C/C(=O)C(C)C)(C)C
5379425,COC1=CC(=CNNC=C2C=C(C(=O)C(=C2)OC)OC)C=C(C1=O)OC
5380647,CC(=O)O/C=C\C1=CC=CC=C1
5382490,CCOC1=C(C=C(C=C1)/C=C/C)OC
5382585,CCCCCC/C(=N\O)/C
5383805,CCC(=O)OC/C=C\C=C\C
5383810,C/C=C/C=C\COC(=O)C(C)C
5384136,COCCCC/C(=N/OCCN)/C1=CC=C(C=C1)C(F)(F)F.C(=C\C(=O)O)\C(=O)O
5385520,CCCC/C(=C\C1=CC=CC=C1)/C=O
5388696,C/C(=C\C1=CC=C(C=C1)OC)/C=O
5388881,C=C1CC[C@]2([C@H]3CC4=C5[C@]2([C@H]1OC5=C(C=C4)O)CCN3CC6CC6)O.Cl
5388961,CCOC(=O)[C@H](CCC1=CC=CC=C1)N[C@@H](C)C(=O)N2CCC[C@H]2C(=O)O.C(=C\C(=O)O)\C(=O)O
5390108,C1=CC(=CC=C1C(=O)N/N=C\C2=CC=C(O2)[N+](=O)[O-])O
5406442,C[C@H](CC1=CC2=C(C=C1)OCO2)C=O
5452236,C/C/1=C/CCC(=C)[C@@H]2CC([C@H]2CC1)(C)C
5458190,CCC1=C[C@H]2C[C@]3([C@@H]1N(C2)CCC4=C3NC5=CC=CC=C45)C(=O)OC
5459211,C[C@H]1[C@@H](C(=O)N1S(=O)(=O)O)NC(=O)/C(=N/OC(C)(C)C(=O)O)/C2=CSC(=N2)N
5460544,C(CC(=O)[O-])[C@@H](C(=O)[O-])N
5460709,C=CCCCCCCCC(=O)[O-]
5461016,CCCCCCCCC(=O)[O-]
5462310,[C]
5462351,CN1CC[C@@]23CCCC[C@@H]2[C@@H]1CC4=C3C=C(C=C4)OC.O.Br
5462986,CC(C)C/C=C/C(=O)C
5463065,C/C=C/C(=O)OCCC(C)C
5463228,COC(/C=C/C1=CC=CC=C1)OC
5463238,CCCC(=O)/C=C/C
5463485,CCCCC/C=C/C=C/C(=O)OC
5463488,CCCCC/C=C\CCC(=O)OCC
5463682,C/C=C(\C)/C(=O)OCCC(C)C
5463725,CC/C=C/CCC(OCC)OCC
5463729,CCC(=O)OC(C)C(=O)OSC
5463762,COC(=O)OC1CCC/C=C\CC1
5463791,CC(CCCC1=CC=CC=C1)CO
5463804,CC(CC1=CC=CC=C1)(C=C)C#N
5463840,C1=CC=C(C=C1)/C=C(/C(CO)O)\O
5463842,CCOC(=O)C/C(=C/C(=O)[O-])/C(=O)[O-]
5463846,CC1(CCCCC1(C)O)C
5463855,CCOC(=O)C(C)/C=C/C
5463875,CCCCC/C=C/COC(=O)C
5463904,CCCCCCC/C=C/C(=O)OCC
5463905,CCCC(=O)C(CC)CC1=CC=CC=C1
5463906,CCCCCCC/C=C/C(=O)OCCCC
5463908,CC1=CC=C(C=C1)CCC(=O)C
5463909,C/C=C/C1=CC(=C(C=C1)OC=O)OC
5463910,CCC(C)CCCC(C)C=O
5463911,CCOC(CC(C)CCCC(C)(C)O)OCC
5463913,CCC(=O)/C=C/C1C(C=CCC1(C)C)C
5463914,CCCCCCCCCOC(=O)CC(C)C
5463933,CCCCC/C=C/CC/C=C/C=O
5463934,CC(C)C/C=C(\C=O)/C1=CC=CC=C1
5463935,CCOC(=O)CCCSC
5463936,CCOCC=C(C)C
5463946,CCCC/C(=C\C)/C=O
5463954,CCCCCC(CCCC(=O)OCC(CO)O)O
5463962,CC/C=C/CCOC(C)OCC
5464092,C=CCN1CC[C@]23[C@@H]4C(=O)CC[C@]2([C@H]1CC5=C3C(=C(C=C5)O)O4)O.Cl
5464156,CC(=CC[C@@H](CO)C(=C)C)C
5472296,CC1=CCCC(C1/C=C/C2(C(O2)C(=O)OC)C)(C)C
5478883,C[C@@H](C(=O)N[C@@H](CC(C)C)[C@H](CC(=O)O)O)NC(=O)C[C@@H]([C@H](CC(C)C)NC(=O)[C@H](C(C)C)NC(=O)[C@H](C(C)C)NC(=O)CC(C)C)O
5478986,C[C@H](C=O)C1=CC=CC=C1
5480431,CC[C@@H]1[C@@]([C@@H]([C@H](/C(=N\OCOCCOC)/[C@@H](C[C@@]([C@@H]([C@H]([C@@H]([C@H](C(=O)O1)C)O[C@H]2C[C@@]([C@H]([C@@H](O2)C)O)(C)OC)C)O[C@H]
5484006,C1=CC(=C(C=C1C2=C(C(=O)C3=C(C=C(C=C3O2)O)O)O[C@H]4[C@@H]([C@H]([C@H](O4)[C@@H](CO)O)O)O)O)O
5486616,C[C@H]1CC[C@@H]([C@@H]1C(=O)O)[C@@H](C)C=O
5498521,CC1=CCCC([C@H]1/C=C/C(=O)C)(C)C
5702129,CC1=CC=C(C=C1)/C(=C\CN2CCCC2)/C3=CC=CC=N3.Cl
5702144,CC1=CC=C(C=C1)N(CC2=NCCN2)C3=CC(=CC=C3)O.Cl
5702159,CCOC1=C(C=C(C=C1)CC2=NC=CC3=CC(=C(C=C32)OCC)OCC)OCC.Cl
5702160,C1=C(N=C(S1)N=C(N)N)CSCC/C(=N/S(=O)(=O)N)/N
5702161,CC(CC1=CC=C(C=C1)O)NCC(C2=CC(=CC(=C2)O)O)O.Br
5702162,CC(C1=CC=CC=C1)NCCC(C2=CC=CC=C2)C3=CC=CC=C3.Cl
5702167,CN1CCC(=C2C3=CC=CC=C3SC4=CC=CC=C42)CC1.C(=C\C(=O)O)\C(=O)O
5702214,CCN(CC)CCNC(=O)C1=C(C=CC(=C1)S(=O)(=O)C)OC.Cl
5702220,CN(CC1=C(C(=CC(=C1)Br)Br)N)C2CCCCC2.Cl
5702223,CN(C)CC/C=C/1\C2=CC=CC=C2SC3=C1C=C(C=C3)Cl.Cl
5702224,C1C(=NC(=O)N1/N=C\C2=CC=C(O2)C3=CC=C(C=C3)[N+](=O)[O-])[O-].[Na+]
5702238,CC1=C(C=CC(=C1)C(C)(C)CC(C)(C)C)OCCOCC[N+](C)(C)CC2=CC=CC=C2.[Cl-]
5702253,C1CNCC2=C1C(=O)NO2.Cl
5702273,CC(C)(C)NCC(C1=CC(=C(C(=C1)Cl)N)Cl)O.Cl
5702293,C1CC(C2=C(C3=CC=CC=C3N=C2C1)N)O.C(=C\C(=O)O)\C(=O)O
5702295,C1=CC=C(C=C1)CN=C(N)NC(=O)C2=C(N=C(C(=N2)Cl)N)N.Cl
5702619,CCCCC/C=C/CCCO
5702654,CCCCC/C=C/CCC=O
5705112,C1=CC=C(C=C1)/C=C/COC(=O)C2=CC=CC=C2
5743410,CC1C(=O)C(=C(S1)C)O
5743639,CCOC(=O)C1C(O1)(C)CCC=C(C)C
5744267,CC/C=C/CCOC(=O)/C=C/C1=CC=CC=C1
5752319,CC(CC/C=C(\C)/CCC=C(C)C)OC(=O)C
5772036,CCOC(/C=C(/C)\CCC=C(C)C)OCC
5797328,CC1=C(C(CCC1)(C)C)/C=C/C(C)OC(=O)C
5803450,CCC(=O)/C=C/C1=CC=C(C=C1)OC
5832948,C/C/1=C/CC2C(CC2(C)C)C(=C)CCC1OC(=O)C
5835162,C/C/1=C\CC/C(=C/CC(CC1)C(=C)C)/C
5846922,C/C(=C/CCC(=C)C=C)/CC/C=C(\C)/C=O
5853596,CCCC/C(=C/C1=CC=CC=C1)/C=O
5862476,CC(=CCC/C(=C/COC(=O)/C=C/C1=CC=CC=C1)/C)C
5869600,C1CCCC/C=C/CCCCC(=O)OCCCC1
5875676,CCCCC/C(=C\C1=CC=CC=C1)/C(OCC)OCC
5905098,CC1CCOC(O1)/C=C/C2=CC=CC=C2
5916154,CC(C)/C=C/C=O
5916286,CCCCC(CC)/C=C/C(=O)O
5956805,CC(=CCC/C(=C/COC(=O)CC(=O)C)/C)C
5978897,C/C=C/C=C/COC(=O)C(C)C
5980396,C/C=C/C(=O)OC/C=C(\C)/CCC=C(C)C
5986428,C=C/C=C/C=O
6005821,CCCCC/C(=C\C1=CC=CC=C1)/C(OC)OC
6008212,CCCCCC(CC)OC(=O)/C(=C/C)/C
6008958,CC/C=C/CCCCO
6017272,CC1COC(O1)/C=C/C2=CC=CC=C2
6019677,CC/C=C\CCC1CCC(=O)O1
6021887,CC/C=C/CCOC(=O)C1=CC=CC=C1O
6028462,C/C=C(/C)\C=O
6034479,CC/C=C/CCOC(=O)/C(=C/C)/C
6040503,CC(=O)/C=C/C1=CC2=C(C=C1)OCO2
6076971,CCCCC/C(=C/C1=CC=CC=C1)/CO
6086514,CC(C)C(=O)OC/C=C(\C)/CCC=C(C)C
6093260,O.O.[Cl-].[Cl-].[Ca+2]
6096963,O.O.O.O.O.O.O.OP(=O)([O-])[O-].[Na+].[Na+]
6112709,C/C(=C\CCC(C)(C)OC(=O)C)/C=C
6114390,C/C=C/C1=CC(=C(C=C1)OC(=O)CC2=CC=CC=C2)OC
6154324,CC/C=C/CCOC(=O)CC(C)C
6164465,C/C=C\SSC
6165108,CC/C=C/CCOC(=O)C(C)CC
6178305,CC1CS(=O)(=O)CCN1/N=C\C2=CC=C(O2)[N+](=O)[O-]
6210220,C/C(=C\C1=CC=CO1)/C=O
6232217,C1CC(OC1)COC(=O)/C=C/C2=CC=CC=C2
6278424,CCOC(/C=C/C)OCC
6284401,C1COC(O1)/C=C/C2=CC=CC=C2
6285057,CC1CC(=CC(C1/C=C/C(=O)C)C)C
6305848,CC/C=C/CCOC(=O)C(C)O
6306732,CC/C=C/CCOC=O
6321405,C[C@@]12CC[C@@H](C1(C)C)C[C@H]2O
6321411,C=CC1=C(N2[C@@H]([C@@H](C2=O)NC(=O)/C(=N/OCC(=O)O)/C3=CSC(=N3)N)SC1)C(=O)O
6321424,CC[C@H](C)[C@@H]1[C@H](CC[C@@]2(O1)C[C@@H]3C[C@H](O2)C/C=C(/[C@H]([C@H](/C=C/C=C/4\CO[C@H]5[C@@]4([C@@H](C=C([C@H]5O)C)C(=O)O3)O)C)O[C@H]6C[C
6325014,CC1CC[C@@H]2CC3=C(CC[C@]13C2(C)C)C
6326969,[O-]P(=O)=O
6327093,NOP(=O)(O)ON
6338045,CCOC(=O)C1=CN=CN1[C@@H](C)C2=CC=CC=C2
6364531,C1C2CC3CC1CC(C2)(C3)N.C1C2CC3CC1CC(C2)(C3)N.C(=C/C(=O)O)\C(=O)O
6364671,CC/C=C\CC/C=C/C(OCC)OCC
6365152,C1CCC/C=C/CCCCCCC(=O)CCC1
6365389,C1CCCCCC(=O)CC/C=C\CCCC1
6365449,CC/C=C(\C)/COC(=O)C
6365451,CCCCCC/C=C/COC(=O)C
6365521,CCCCCCCCCCCC/C=C/C=C
6365522,CCCCCCCCCCCCC/C=C/C=C
6365572,CC(=CCC/C(=C/CS)/C)C
6365665,CCOC(C)/C=C/C1C(=CCCC1(C)C)C
6365696,CCCCCCCC(=O)OC/C=C(\C)/CCC=C(C)C
6365752,CC/C=C/CCCCCOC(=O)C
6365761,C/C=C/CC/C=C/C=O
6365780,CC/C=C/C/C=C/C=C/C(=O)OCC
6365812,CC(C)/C(=N\O)/C(C)(C)C/C=C(\C)/C=C
6365867,C/C=C(\C)/C(=O)OCC=C(C)C
6365957,CC/C=C/CCOC(=O)CC(=O)C
6365985,CC/C=C/CCOC(=O)C(C)C
6365994,CCC(C)C(=O)OC/C(=C/C)/C
6365995,CCCCC/C(=C\C1=CC=C(C=C1)C)/C=O
6366072,CCCCCCOC(=O)C(C)/C=C/C
6366077,CCCCCCCCCC(=O)OCC/C=C/CC
6366078,CC/C=C/CCOC(=O)CCC(=O)C
6366079,CCC/C=C/COC(=O)C(C)O
6366446,CCCC/C=C/CCOC(=O)CC
6366609,CC/C=C/CCOC(CC)OC
6366719,CCC/C=C/COC(=O)CC1CCCC1
6371716,CC/C=C/C/C=C/C/C=C/CCCCCCCC(=O)OCC
6374524,CC(C)CCCC(C)C/C=C/C(=O)C
6378927,CCCCC/C(=C/C1=CC=CC=C1)/C(OC)OC
6385721,CCCCC/C=C/1\CCCC1=O
6386037,C/C=C(\C)/C(=O)OCCC(C)CCC=C(C)C
6386721,CCC(=O)OC/C=C/C=C/C
6391947,C(CC(=O)ON)C(=O)ON
6393846,C/C(=C\C1=CC=CC=C1)/CO
6399253,C=CC1=C(N2[C@@H]([C@@H](C2=O)NC(=O)/C(=N/O)/C3=CSC(=N3)N)SC1)C(=O)O
6410734,COC1=CC2=NNN=C2C=C1C(=O)NCC3CCCN3CC=C.Cl
6419304,COC1=CC=C(C=C1)C2=N[N+](=C(C=C2)N)CCCC(=O)O.[Br-]
6419706,C([C@H]([C@H]([C@@H]([C@H](C(=O)[O-])O)O)O)O)O
6419884,CCC[C@@H]1C[C@H](N(C1)C)C(=O)N[C@@H](C2[C@@H]([C@@H]([C@H]([C@H](O2)SC)O)O)O)[C@H](C)Cl.Cl
6419898,C[C@@H]1C/C=C/C=C/[C@@H]([C@@H](C[C@@H]([C@@H]([C@H]([C@@H](CC(=O)O1)O)OC)OC2C(C(C(C(O2)C)OC3CC(C(C(O3)C)O)(C)O)N(C)C)O)CC=O)C)OC4CCC(C(O4)C)
6419902,CC(CN1C2=CC=CC=C2SC3=CC=CC=C31)CN(C)C.CC(CN1C2=CC=CC=C2SC3=CC=CC=C31)CN(C)C.C(C(C(=O)O)O)(C(=O)O)O
6419912,C[C@H]1[C@@]([C@H]([C@@H](O1)O[C@H]2[C@@H]([C@H]([C@@H]([C@H]([C@@H]2O)O)N=C(N)N)O)N=C(N)N)O[C@H]3[C@H]([C@@H]([C@H]([C@@H](O3)CO)O)O)NC)(CO)
6419915,COC1=CC(=CC(=C1OC)OC)C(=O)OCCCN2CCCN(CC2)CCCOC(=O)C3=CC(=C(C(=C3)OC)OC)OC.Cl.Cl
6419918,CC1(CCCC(N1C)(C)C)C.C(C(C(=O)O)O)(C(=O)O)O
6419921,CN(C)CC/C=C/1\C2=CC=CC=C2COC3=CC=CC=C31.Cl
6419928,C[C@@]12CCN([C@@H]1N(C3=C2C=C(C=C3)OC(=O)NC)C)C.C[C@@]12CCN([C@@H]1N(C3=C2C=C(C=C3)OC(=O)NC)C)C.OS(=O)(=O)O
6419929,CC[C@H](CO)NCCN[C@H](CC)CO.Cl.Cl
6419931,C[C@H]1C(=O)NC(=O)N1
6419933,C[C@H]([C@@H]1CC[C@H]([C@H](O1)O[C@@H]2[C@H](C[C@H]([C@@H]([C@H]2O)O[C@@H]3[C@@H]([C@H]([C@@](CO3)(C)O)NC)O)N)N)N)N.C[C@H]([C@@H]1CC[C@H]([C@
6419940,C[N+](C)(C)CCCCCC[N+](C)(C)C.O.O.[Br-].[Br-]
6419941,CN1[C@@H]2CC[C@H]1CC(C2)OC(=O)C(C3=CC=CC=C3)O.Br
6419954,CC(=O)[N-]S(=O)(=O)C1=CC=C(C=C1)N.O.[Na+]
6419957,C[C@H]1[C@@]([C@H]([C@@H](O1)O[C@H]2[C@@H]([C@H]([C@@H]([C@H]([C@@H]2O)O)N=C(N)N)O)N=C(N)N)O[C@H]3[C@H]([C@@H]([C@H]([C@@H](O3)CO)O)O)NC)(C=O
6419961,C1[C@@H]([C@H]1N)C2=CC=CC=C2.Cl
6419965,CC1=C(SC=C1)/C=C/C2=NCCCN2C.C(C(C(=O)O)O)(C(=O)O)O
6419975,COC1=C(C=C(C=C1)C(=O)NCC2=CN=CC=C2)C(=O)NCC3=CN=CC=C3.O
6419976,C1=NC(=C2C(=N1)N(C=N2)[C@H]3[C@@H]([C@@H]([C@H](O3)COP(=O)(O)O)O)O)N.O
6419978,C[N+]1([C@@H]2CC(C[C@H]1[C@H]3[C@@H]2O3)OC(=O)[C@H](CO)C4=CC=CC=C4)[O-].Br
6419987,CC(C(C1=CC=C(C=C1)O)O)N2CCC(CC2)CC3=CC=CC=C3.C(C(C(=O)O)O)(C(=O)O)O
6419992,C1=CC2=C(C=C1OC(F)(F)F)SC(=N2)N.Cl
6419995,CC1=C2C(=CS1)C(=O)NC3=CC=CC=C3N2C(=O)CN4CCN(CC4)C.Cl.Cl
6420003,CCN1CCN(C(=O)C1=O)C(=O)N[C@H](C2=CC=C(C=C2)O)C(=O)N[C@H]3[C@@H]4N(C3=O)C(=C(CS4)CSC5=NN=NN5C)C(=O)O.O.O
6420009,CCN(CC)CCOC1=CC=C(C=C1)/C(=C(\C2=CC=CC=C2)/Cl)/C3=CC=CC=C3.C(C(=O)O)C(CC(=O)O)(C(=O)O)O
6420010,COC1=CC(=C(C=C1C(=O)NC2CCN(CC2)CC3=CC=CC=C3)Cl)N.C(=C\C(=O)O)\C(=O)O
6420013,COC1=CC(=C(C(=C1)OC)C(=O)CCCN2CCCC2)OC.Cl
6420019,CN1CCN(CC1)C(C2=CC=CC=C2)C3=CC=CC=C3.Cl
6420020,CCCCC[C@@H](/C=C/[C@H]1[C@@H](C[C@@H]([C@@H]1C/C=C\CCCC(=O)O)O)O)O.COC(CO)(CO)N
6420035,CC1C2=CC(=C(C=C2CCN1)OC)OC.Cl
6420036,COC1=CC=CC=C1N2CCN(CC2)CCCCNC(=O)C3=CC4=CC=CC=C4C=C3.Cl.Cl
6420038,CC(=O)C1=CC2=C(C=C1)SC3=CC=CC=C3N2CCCN(C)C.C(=C\C(=O)O)\C(=O)O
6420039,CC1=CC(=C(C=C1OC(=O)C)C(C)C)OCCN(C)C.Cl
6420040,CCCCOC1=C(C=CC(=C1)C(=O)OCCN(CC)CC)N.Cl
6420042,C[C@@]12C3=CC=CC=C3C[C@@H](N1)C4=CC=CC=C24.C(=C\C(=O)O)\C(=O)O
6420043,C1NCCN(C1)C2=NC3=CC=CC=C3C=C2.C(=C\C(=O)O)\C(=O)O.C(=C\C(=O)O)\C(=O)O
6420045,CCCCCC[C@@H]1[C@H]([C@@H](OC(=O)C([C@H](OC1=O)C)NC(=O)C2=C(C(=CC=C2)NC=O)O)C)OC(=O)CC(C)C
6420047,CC(=O)O.C1=CC(=C(C(=C1)Cl)/C=N\N=C(N)N)Cl
6420048,C1(=C(C(=O)C(=C(C1=O)O)O)O)O.O
6420066,CC(C)(C)NC[C@H](COC1=CC=CC2=C1CCCC2=O)O.Cl
6420080,C[C@]12CC[C@H](C[C@H]1CC[C@@H]3C2CC[C@]4([C@H]3CCC4=O)C)O
6420258,CCOC(=O)CCCC=C
6420388,CC(=O)OCCC(C)(C)S
6421281,CCCCC/C=C\C/C=C\C=C\C=O
6421510,CCCCCCOC(=O)OCC
6422476,COC1=CC=C(C=C1)CC2CC2
6427068,CCCCC[C@@H]1[C@@H](O1)/C=C/C=O
6427071,CC1=CC(=C(C=C1OC)C(C)C)OC
6427076,CC1C2CCC(=CC2OC1=O)C
6427080,CCCCC/C=C\C=O
6427087,CCCCC/C=C\C=C\C=O
6427091,C[C@H]1CCC(C2C1=CCC(=C2)C)C(C)C
6427105,C[C@@H]1[C@@H]2C[C@@H](C2(C)C)CC1=O
6427110,CC(=CCC/C(=C/C=C)/C)C
6427119,CCC(C)COC(=O)/C(=C\C)/C
6427122,CC(C)CCCOC(=O)C
6427130,CCCCC/C=C/C=C/C(=O)C
6427135,CC1=CCC(CC1)C(C)(C)S
6427137,CCCCC(=O)OCC[C@H](C)CCC=C(C)C
6427476,CC1(C2CC1C(=C)C=C2)C
6427501,CC(=O)O[C@H]1CC[C@](OC1(C)C)(C)C=C
6427787,C[C@]1(CC[C@@H](C(O1)(C)C)O)C=C
6427789,CC/C=C\C=C\C(=O)C
6427970,CC/C=C\C[C@H]1[C@H](CCC1=O)CC(=O)OC
6428086,CC1C[C@@H]2CC(C3CC(C3[C@H](C1)O2)(C)C)C
6428088,CCCCC(=O)OCC1=CC=C(C=C1)OC
6428089,CC/C=C\C[C@H]1[C@@H](CCC1=O)CC(=O)OC
6428167,C[C@@]1(CC[C@H](O1)C(C)(C)O[C@H]2[C@@H]([C@H]([C@@H]([C@H](O2)COC(=O)C(F)(F)F)OC(=O)C(F)(F)F)OC(=O)C(F)(F)F)OC(=O)C(F)(F)F)C=C
6428168,C[C@]1(CC[C@H](O1)C(C)(C)O[C@H]2[C@@H]([C@H]([C@@H]([C@H](O2)COC(=O)C(F)(F)F)OC(=O)C(F)(F)F)OC(=O)C(F)(F)F)OC(=O)C(F)(F)F)C=C
6428244,CC(CO)[C@@H]1CC[C@@](O1)(C)C=C
6428289,C[C@@]1(CC[C@H]2C[C@@H]1C2(C)C)O
6428327,CC1([C@@H]2CC[C@@]3(C2)C(C1=C)CCC3=O)C
6428443,C[C@]12CC[C@H](C1(C)C)C[C@H]2OC(=O)C3=CC=CC=C3
6428458,COC(=O)/C=C\C1=CC=CC=C1
6428538,CC(C)CCCC(C)CCCC(C)CCC/C(=C/COC(=O)C)/C
6428543,CCCCCC(C(=O)C)O
6428546,CCC(S)S
6428552,CC/C=C/C=C\C(=O)C
6428573,C[C@]1(CC[C@@H](O1)C(C)(C)O)C=C
6428782,CCC/C=C\C=O
6428783,CCCCCC/C=C/CC(=O)OCC
6428793,CC1=C(C(=C(C=C1)C)/C=C/C(=O)C)C
6428796,CC1=CC=C(CC1)C(C)(C)O
6428802,CC1=C(N=C2CCCC2=N1)C
6428926,CC1=C(OC=C1)CC2C(O2)(C)C
6428927,CC1=CCC2(CC1C2(C)C)O
6428929,CC(=O)C(CC1=CC=CC=C1)O
6428936,CSCC/C=C(\CSC)/C=O
6428969,C/C=C/C1=CC(=C(C=C1)OC(=O)CC(C)C)OC
6428986,CC1=CC[C@H]2C[C@@H]1C2(C)CCC=C(C)C
6428990,CCC(=O)C1=NCCS1
6428995,C1=CC=C(C=C1)/C=C\C=O
6429016,CC(=O)C1=CCCN1
6429023,CSCSSSC
6429026,CSCSCSSC
6429034,CCC(C)C(=O)OC/C=C(/C)\CCC=C(C)C
6429039,CC(C)CC(=O)OC/C=C(/C)\CCC=C(C)C
6429059,CSSSCC1=CC=CO1
6429077,C[C@H]1CC[C@H](C2=C1C=CC(=C2)C)C(C)C
6429107,CC[C@H](C)C(=O)OCC
6429141,CC(=CC[C@H]1[C@@](O1)(C)C=C)C
6429146,CC1=CC(=O)OC(=C1)CC(C)C
6429175,CCC(=O)OCC(CCC(=C)C)C(=C)C
6429195,CC1(C2CC=C(C1C2)COC=O)C
6429213,CC(=C)[C@@H]1CC[C@@](O1)(C)C=C
6429214,CC(=CCCC(=C)C1CCC(=CC1)C=O)C
6429218,CC1=CN=C(C(=N1)C)OC
6429262,CCCC/C=C\C(=O)C
6429268,CC1=CN=C(C(=N1)C)C=C
6429282,CCCC/C=C\C=C\C=O
6429289,CCCCC/C=C\C/C=C/C=C/C=O
6429290,CCCCCCC[C@@H]1[C@H](O1)C=O
6429292,CCCC[C@@H]1[C@H](O1)C=O
6429301,C/C/1=C\CCC(=C)[C@H]2CC([C@H]2CC1)(C)C
6429302,CC1=CC[C@H]2C[C@@H]1[C@]2(C)CCC=C(C)C
6429304,CC1=CC[C@@H](C2C1CCC(=C)C2)C(C)C
6429308,CC(CC(C)(C)S)O
6429317,CCCCCC(=O)OCCC(=C)C
6429325,CC/C=C/C/C=C/CCOC(=O)C
6429333,C/C=C(/C=O)\C1=CC=CC=C1
6429343,CC/C=C\CC(=O)C=C
6429622,CCCC/C=C/C=C\C
6429690,CCOC1=C(C=C(C=C1)CC=C)OC
6429709,CCOC(=O)C(C)(C1=CC=CC=C1)O
6429937,CCC1=C(SC=C1)CC
6430107,CC/C=C\C/C=C\C/C=C\CCCCCCC=O
6430162,CCCCCCC/C=C/CCC=O
6430180,CCCCCCC/C=C\CCC=O
6430188,CCCCC/C=C\CCCCCCC=O
6430307,CC/C=C\CC(C=C)O
6430321,C[C@@H]1[C@H]2CCC(=C[C@H]2OC1=O)C
6430464,CC1=C(C(CCC1=O)(C)C)/C=C/C(C)O
6430513,CC1=CC(=O)C(=C(C1=O)C)COC
6430550,CC(C)CCC/C(=C/CC/C(=C/C=O)/C)/C
6430699,CCCCCCCCCCCCCCCCC/C=C/CCCCCC
6430713,CC(=O)CSC
6430722,C1=CSC(=C1)CC=O
6430754,CC1=C2C[C@@H](CC[C@@]2(CCC1)C)C(C)(C)O
6430759,CCCCC/C=C\CC/C=C/C=O
6430770,C/C/1=C\CC/C(=C/C/C=C(\C=C\C(CC1)C(C)C)/C)/C
6430804,CCCCCOC(=O)/C(=C\C)/C
6430805,CCCCCOC(=O)/C(=C/C)/C
6430833,C[C@@H](CCC[C@@H](C)CCC/C(=C\CO)/C)CCCC(C)C
6430879,CCCCC(CCOC(=O)C)S
6430888,CCC(C(C)CO)S
6430892,CC(CO)C(C)S
6430998,CC(=CC(/C=C(\C)/C=C)O)C
6431019,CCCCCCCC/C=C\C=O
6431042,CCCCC/C=C\CC=O
6431043,CCCC(=O)/C=C\C
6431131,C/C=C\C(=O)C1C(=C)CCCC1(C)C
6431148,C/C=C/CCCCCCCC=O
6431196,CC1CCC(C2C1=CC(C(=C2)C)O)C(C)C
6431223,C[C@H]1[C@H](C(=O)C(=C1C)O)C
6431224,C[C@@H]1[C@H](C(=O)C(=C1C)O)C
6431226,C[C@H]1CC[C@@]2(O1)C(=CCCC2(C)C)C
6431294,CC[C@@H]1S[C@@H](SS1)CC
6431476,C[C@]1([C@H](CCC(O1)(C)C)O)C=C
6431477,C[C@@]1([C@H](CCC(O1)(C)C)O)C=C
6431897,C[C@@H]1CCC=C2[C@]1(C[C@H](CC2)C(=C)C)C
6432008,CC/C=C/C[C@@H]1[C@H](CCC1=O)CC(=O)OC
6432154,C[C@H]1CCO[C@H](C1)C=C(C)C
6432308,CC1=C[C@H]2[C@@H](CC1)C(=C)CC[C@@H]2C(C)C
6432312,CC(=C1CC[C@@]([C@@H](C1)C(=C)C)(C)C=C)C
6432455,CC1=CCC[C@@]2(C1C[C@H](CC2)C(=C)C)C
6432474,C[C@H]1CC[C@@H](CC1=O)C(C)C
6432653,CC(=C)[C@@H]1CC[C@@]2(C(C1)O2)C
6432696,CC1(C2CCC1([C@@H](C2)OC=O)C)C
6432706,C[C@]1(CC[C@H]2[C@@H]1C3C(C3(C)C)CCC2=C)O
6432852,CCC/C=C\CCCCC=O
6432858,C1CCCCC(=O)CCCCC/C=C\CCC1
6432903,C/C=C(/C)\C(=O)OCCC1=CC=CC=C1
6432923,CCCC(CCCC(=O)OCC)O
6432934,CC(C)/C(=N/O)/C(C)(C)C/C=C(\C)/C=C
6432962,CCCCC/C(=C/C1=CC=C(C=C1)C)/C=O
6433089,CCCCCC#C/C=C/C=C
6433147,C[C@@H]1CCC=C(C1(C)C)/C=C/C(=O)C
6433150,CC(C)CC(=O)OCC/C(=C/CC=C(C)C)/C
6433169,C[C@H]([C@H](C1=CC=CC=C1)O)N.Cl
6433191,C/C(=C\CCC1[C@]2(CCCC(C2CC[C@@]1(C)O)(C)C)C)/CC[C@@H]3C(=C)CCCC3(C)C
6433208,C1CN(CCN1CC/C=C\2/C3=CC=CC=C3SC4=C2C=C(C=C4)Cl)CCO.Cl.Cl
6433214,CCCC/C=C/1\C(=C(C(=O)O1)C)C
6433271,CCCCCCCC/C=C\CCCCCCCC(=O)OCC([C@@H]1[C@H]([C@@H](CO1)O)O)O
6433272,C[C@H]1/C=C/C=C/CC/C=C/C=C/C=C/C=C/C(CC2C(C(C[C@](O2)(CC(C(CCC(CC(CC(CC(=O)O[C@H]([C@@H]([C@@H]1O)C)C)O)O)O)O)O)O)O)C(=O)O)O[C@@H]3[C@H]([C@H
6433322,CC(=CCC/C(=C/C(C=O)O)/C)C
6433417,C/C=C(\C)/CO
6433507,CCCCCC(/C=C/C1=CC=CC=C1)OC(=O)C
6433547,CC/C(=C/CCC(C)(C=C)O)/C
6433715,CCC/C=C/CCC(=O)O
6433750,C/C(=C\C=C)/CC(C)(C=C)O
6433790,CCC/C=C/C=C/CCCO
6434062,CC(C)/C=C/C=C(\C)/C=C
6434067,CCC/C=C\CC(=O)O
6434070,C/C=C/C/C=C/C(=O)C
6434144,CN1CCCN=C1/C=C/C2=CC=CS2.[C@@H]([C@H](C(=O)O)O)(C(=O)O)O
6434275,CC(C)C/C=C(/CO)\C(C)C
6434276,CC(C)C/C=C(\COC(=O)C)/C(C)C
6434513,CC(=CCC/C(=C\CC[C@@](C)(C=C)OC(=O)C)/C)C
6434541,CC/C=C\C/C=C\CCO
6434621,CCCCCCC(=O)OCC/C=C/CC
6434672,CC/C(=C/CCC(C)(C=C)OC(=O)C)/C
6435033,CC/C=C/CCOC(=O)/C(=C\C)/C
6435040,CC(C)CCOC(=O)/C=C(\C)/CCC=C(C)C
6435060,CC(CCCC(C)(C)O)/C=C/N1C=CC2=CC=CC=C21
6435821,CC(C)C(=O)/C=C\C1=CC=C(C=C1)OC
6435823,C1=CC=C(C=C1)CCCOC(=O)/C=C\C2=CC=CC=C2
6435824,C/C=C\C(=O)OCC(C)C
6435825,CCCOC(=O)/C=C\C1=CC=CO1
6435826,CC/C(=C\C1=CC=CO1)/C=O
6435828,C/C(=C/C1=CC=CO1)/C=O
6435833,C/C=C/C=C/C(=O)OCC=C
6435834,CCCCC/C(=C/C1=CC=CC=C1)/COC=O
6435835,CCCCC/C(=C/C1=CC=CC=C1)/COC(=O)CC(C)C
6435837,CC1=CCC(CC1)C(C)(C)OC(=O)/C=C/C2=CC=CC=C2
6435838,CCCC/C=C(\CC)/C=O
6435839,CCCCCCCOC(=O)/C=C/C1=CC=CC=C1
6435840,C/C=C/C=C/C=C/C=C/CCCCCCO
6435841,CC/C=C/CC1=C(C(=O)CC1)C
6435861,CCCCCCOC(=O)/C=C/CCC
6435866,C/C=C/C(C)C(=O)O
6435868,CC(=CCC/C(=C\CS)/C)C
6435869,CC/C=C\CCCC=O
6435876,C1=CC=C(C=C1)/C(=C\C2=CC=CO2)/C=O
6435882,CC/C=C\CCOC(=O)C/C=C\CC
6435903,C/C=C/CCCCCCCC(=O)OC
6435914,CC(C)/C=C(/C=O)\C1=CC=CC=C1
6435925,C/C=C(\CSC)/C=O
6436173,C[C@H]1/C=C/C=C(\C(=O)NC2=C(C3=C(C4=C(C(=C3O)C)O[C@@](C4=O)(O/C=C/[C@@H]([C@H]([C@H]([C@@H]([C@@H]([C@@H]([C@H]1O)C)O)C)OC(=O)C)C)OC)C)C5=C2N
6436311,CC/C=C(\C)/C(=O)OCC
6436336,CCCCC/C=C\C=C\C(=O)OC
6436339,C1CCCCCC(=O)OCC/C=C/CCCC1
6436348,C/C/1=C\CC(=C(C)C)C(=O)C/C(=C/CC1)/C
6436368,CCC/C=C/C(=O)OCCC
6436369,CC(=CCC/C(=C/COC(=O)C(=C(C)C)C)/C)C
6436374,CC(=CCC/C(=C\COC(=O)CC1=CC=CC=C1)/C)C
6436375,CCCCC(=O)OC/C=C(/C)\CCC=C(C)C
6436439,CC/C=C/CCC1(CCC(=O)O1)C
6436486,CCC/C=C/C(OC)OC
6436488,CCC/C=C/C=C/CO
6436491,CCCCCCC/C=C/C=C/CO
6436502,C/C=C(\C)/COC(=O)C
6436517,CCCCC/C=C\C=C/C=C
6436546,CCOC/C=C(/C)\CCC=C(C)C
6436548,C/C=C\C(=O)C1C(=CCCC1(C)C)C
6436558,CCCCC(/C=C\C)O
6436582,C/C/1=C\CCC(=C)/C=C/C(CC1)C(C)C
6436627,C/C=C(/C)\C1CCC(O1)(C)C
6436647,CCCCCC(=O)OC/C=C\CCC
6436679,CCCCC/C=C\C(=O)OCCCC
6436703,CC1=CCCC(C1/C=C\C(C)C=O)(C)C
6436710,CC/C=C\CCCCCCC=O
6436727,C/C/1=C\CCC2(C(O2)CC/C(=C/CC1)/C)C
6436780,CCCCCOC(=O)/C=C\C1=CC=CC=C1
6436850,CCCCCC/C=C\C=C/CO
6436881,CC(=CCC/C(=C\CCC=O)/C)C
6436924,C1COCCN1CC2CN(C(=O)O2)/N=C\C3=CC=C(O3)[N+](=O)[O-].Cl
6436925,CC(CC/C=C(/C)\CCC=C(C)C)OC(=O)C
6436969,CC1=CCC(C1(C)C)C/C=C(\C)/C(=O)C
6436989,CC(=CCC/C(=C/COCC=O)/C)C
6436990,CC/C=C/CCOC(=O)/C=C/C
6436993,CCOC(C)/C=C/C1=C(CCCC1(C)C)C
6437002,CC/C=C/CC1CCCC1=O
6437020,CCC(C)CCOC(=O)/C(=C\C)/C
6437044,CCCOC(=O)/C(=C\C)/C
6437112,CC/C=C/CCOC(=O)OC
6437114,CC/C=C/CC/C=C/C(OCC)OCC
6437137,CCC/C=C/CCOC(=O)C(C)C
6437138,CC(=CCC/C(=C/C=NC1=CC=CC=C1C(=O)OC)/C)C
6437163,CC(=CCC/C(=C/COC(=O)C1=CC=CC=C1N)/C)C
6437178,CCCCCC/C(=C\C1=CC=CC=C1)/C=NC2=CC=CC=C2C(=O)OC
6437207,CCCCCCCCC(=O)OC/C=C(\C)/CCC=C(C)C
6437243,CCCC(=O)OC/C(=C/CCC1(C2CC3C1(C3C2)C)C)/C
6437247,CCC(/C(=C/C1(CC2CC1C=C2)C)/C)O
6437266,CC1=CCC(C1(C)C)/C=C\C(C)C(C)O
6437267,C/C=C(\C)/C(=O)OC1CC(CCC1C(C)C)C
6437290,C/C=C/C(=O)OC(C)C1CCCCC1
6437291,C/C=C/C(=O)OC1CCCC1C2CCCC2
6437294,CCC(C)COC(=O)/C=C/C1=CC=CC=C1
6437300,CCCCCCOC(=O)/C=C/C1=CC=CC=C1
6437349,C/C=C\C=C\1/C(=CC(=O)CC1(C)C)C
6437405,CCCCCC[C@H](C/C=C\CCCCCCCC(=O)OCC)O
6437407,CC/C=C\CC(OC)OC
6437428,CC(=CCC/C(=C/CC1CCCC1=O)/C)C
6437441,CC1CC(OC(O1)/C=C(\C)/CCC=C(C)C)(C)C
6437442,CCC(/C=C/C1=C(CCCC1(C)C)C)O
6437460,CC1=CCC(C1(C)C)C/C=C(\C)/C(C)O
6437467,CC1=CCCC(C1/C=C(\C)/C(C)OC(=O)C)(C)C
6437469,CCC(=O)/C(=C/C1C(CC=CC1(C)C)C)/C
6437471,CC/C=C/CCOCC=O
6437473,CCC/C=C/COC(=O)C1=CC=CC=C1O
6437544,CCCCCCCCCC/C=C/COC(=O)C
6437572,CC/C=C\CCCCC(OC)OC
6437599,C/C=C/C=C/1\C(=CC(=O)CC1(C)C)C
6437648,CCC(C)C(=O)OC/C=C(\C)/CCC=C(C)C
6437677,CC(=CCC/C(=C/COC(=O)CCCCCCCCC=C)/C)C
6437720,CC(CCC=C(C)C)CCOC(=O)/C=C/C1=CC=CC=C1
6437735,CCCCCOC1=C(C=C(C=C1)/C=C/C)OC
6437737,C/C=C/1\CC2CC1C3C2OC(=O)CC3
6437739,CC1=CCCC(C1/C=C/C(=O)CC(C)C)(C)C
6437774,CC/C=C\CC/C=C/C#N
6437805,CCCC/C=C/CCCCC(=O)OCCC(C)C
6437979,CCC(C)(CC/C=C(\C)/CC/C=C(\C)/CCC=C(C)C)O
6437982,CC(CC/C=C(\C)/CCC=O)C=C
6438067,C/C=C/C(=O)C1CCC(C=C1C)(C)C
6438069,CCC/C=C/CC1CCCC1O
6438070,CC/C=C/CC1CCCC(=O)O1
6438130,C1=CC(=CC=C1CN2C=CN=C2)/C=C/C(=O)O.Cl
6438193,CCCCCC/C=C\C#N
6438195,CC1=CCC(C1(C)C)C/C=C(\C)/CO
6438196,CC/C(=C\CC1CC=C(C1(C)C)C)/CO
6438200,CCCCC/C=C\C=C\C(=O)OCCC
6438203,CCCCC/C=C\C=C\C(=O)OCCCC
6438291,C1CC2C(C1)C\3CC2C/C3=C\CCC=O
6438313,CC(C/C=C(\C)/CCCC(=C)C)C=O
6438319,C/C=C/CCC1CCCC(=O)O1
6440397,C1=CC(=C(C=C1/C=C/C(=O)O[C@H]([C@H](C(=O)O)O)C(=O)O)O)O
6440459,C1COCCN1C(=O)NCCNCC(COC2=CC=C(C=C2)O)O.C1COCCN1C(=O)NCCNCC(COC2=CC=C(C=C2)O)O.C(=C/C(=O)O)\C(=O)O
6440510,CN1C[C@@H]2[C@@H](C1)C3=C(C=CC(=C3)Cl)OC4=CC=CC=C24.C(=C\C(=O)O)\C(=O)O
6440528,CCCCCCCCCCC/C=C/C=C
6440618,C[C@@H]1CC[C@]2\3C[C@H]1C([C@@H]2CC/C3=C/C(=O)C)(C)C
6440731,CCOC(C)OC1=C(C=C(C=C1)/C=C/C)OC
6440993,C/C=C/C(=O)OC(C)CC(C)C
6441026,CC(=CCC/C(=C/CCC1=CC=NC=C1)/C)C
6441135,CCCCCC(/C(=C/CC)/C)O
6441136,CC(C)/C(=C/CC(C)C=O)/C
6441164,C/C=C\1/CC2CC1C3C2OCCC3
6441344,CCC(=O)/C(=C/C1C(=CCCC1(C)C)C)/C
6441535,CC(=CCC/C(=C/COC/C=C(/CCC=C(C)C)\C)/C)C
6441593,CCCCCCCCC/C=C/COC(=O)C
6441643,CCCCCCCC/C=C\CCCCCCCC(=O)OCCCCCCC
6441804,CC1(C/C=C\CC/C=C\CCC2C1(O2)C)C
6441873,CC/C=C/CCOC(=O)/C(=C\CC)/C
6442050,CC(=CCC/C(=C/COC/C=C(/C)\CCC=C(C)C)/C)C
6442059,CCCCC/C=C\CCC(OCC)OCC
6442642,CC/C=C\C/C=C/C=C/C=O
6444239,CC/C=C/CCCCC1C=COC1=O
6445555,COC(=O)C1=CC=CC=C1N=C/C=C/C2=CC=CC=C2
6445771,C/C(=C/CC[C@@]1(C2C[C@H]3C1([C@H]3C2)C)C)/COC(=O)C
6450204,CC/C=C(/C=O)\C1=CC=CC=C1
6450281,C/C=C/C(=O)[C@@H]1[C@@H](CCCC1(C)C)C
6450295,CC/C=C/C[C@H]1[C@@H](CCC1=O)CC(=O)OC
6450452,CCCCCCC(=O)OC/C=C(\C)/CCC=C(C)C
6450462,CCCCCC(=O)OC/C=C/CC
6450538,C=CCCCCCCC/C=C/CC#N
6450542,CC[C@@H](/C=C/C1=C(CCCC1(C)C)C)OC(=O)C
6450812,C[C@@H]1CC[C@@H]2[C@@H](C2(C)C)[C@H]3[C@@H]1CCC3=C
6450832,CC1CCC2(O1)C(=C)C=CCC2(C)C
6451337,CC(C)[C@H](CCC(=O)C)/C=C/C(=C)C
6452049,CC(C)C1CCC2(CC1)CCC(=O)O2
6452133,COC1=C(C=CC(=C1)C=O)O[C@H]2[C@@H]([C@H]([C@@H]([C@H](O2)CO)O)O)O
6452201,CCC(C)(CCC=C(C)C)OC(=O)C
6453284,CCOC1=C(C=CC(=C1)COC)O
6454216,CC(=C)C(=O)CC(C)(C)C1=CC=CC=C1
6455146,CCCCCCC1COC(=O)CO1
6455283,CCOC(C)OCC1=CC=CC=C1
6455496,CC12CCCC(=C)C1CC(CC2)CC(C)(C)O
6473883,CC[C@@H]1[C@@]([C@H]2[C@H]([C@H]([C@@H](C[C@@]([C@@H]([C@H]([C@@H]([C@H](C(=O)O1)C)O[C@H]3C[C@@]([C@H]([C@@H](O3)C)O)(C)OC)C)O[C@H]4[C@@H]([C
6504440,CC1=CC/C(=C(\C)/CCC=O)/CC1
6504553,CCCCCCCC/C=C/C=C/C=O
6504570,CC/C=C/CCOC(=O)C(=O)C
6533180,CCCCC/C=C/CCCOC(=O)C
6537093,CCCOC(=O)/C=C/C1=CC=CO1
6537490,C[C@@H]1CC[C@H](C2=C(C[C@H]([C@H]12)OC(=O)C)C)/C=C(\C)/C(=O)O
6537739,C1CCCCCC(=O)OCC/C=C\CCCC1
6537927,C/C=C/C1=C(C=CC(=C1)C(C)C)C
6537958,CCCC(=O)OC/C=C/C=C/C
6538105,CCCCCCCCCC/C=C/C#N
6538156,CC(CC/C=C(\C)/CCC=C(C)C)C=O
6538431,C/C(=C\CC1C(O1)(C)C)/C=C
6540477,CCCC/C(=C/C)/C=O
6542154,C[C@@]12CCCC([C@@H]1CC[C@@]3([C@H]2CC(=O)O3)C)(C)C
6552009,C[C@@]12CC[C@@H](C1(C)C)C[C@@H]2O
6552024,C[C@@H]1CC[C@@H]2[C@@]13CC=C([C@@H](C3)C2(C)C)C
6552051,C[C@@H]1[C@@H]2C[C@H](C1(C)C)C[C@H]2C3CCC(CC3)O
6553874,C[C@@H]1CC[C@H](C[C@H]1OC(=O)C)C(=C)C
6553881,C[C@@]12CCCC([C@@H]1CC[C@@]3([C@H]2CCO3)C)(C)C
6556227,C[C@@H]1CC(=C[C@H]([C@H]1C=O)C)C
6566010,CCCCC[C@H]1CCCC(=O)O1
6566014,CC[C@@H](C)CC(=O)CC
6573868,CCC(=O)O[C@H]1C[C@H]2C[C@@H]1[C@H]3[C@@H]2C=CC3
6581638,CCCCC[C@H]1CC(=O)C=C([C@@H]1C(=O)OCC)C
6603067,CN1[C@@H]2CC[C@H]1CC(C2)OC(=O)C3C=NC4=CC=CC=C34.Cl
6603149,CNCCCC1C2=CC=CC=C2C=CC3=CC=CC=C13.Cl
6603219,C1CC[C@H]([C@@H](C1)N2CCC(CC2)C3=CC=CC=C3)O.Cl
6603542,CN/C(=C/[N+](=O)[O-])/NCCSCC1=CC=C(O1)CN(C)C.Cl
6604471,CC(C)SC1=CC2=C(C=C1)N=C(N2)NC(=O)OC
6604492,CN1[C@@H]2CC[C@H]1CC(C2)OC3C4=CC=CC=C4CCC5=CC=CC=C35.C(C(=O)O)C(CC(=O)O)(C(=O)O)O
6604561,CCOC(=O)C1=CC=C(C=C1)OC(=O)CCCCCN=C(N)N.CS(=O)(=O)O
6604565,CN(C)C/C=C(\C1=CC=C(C=C1)Br)/C2=CN=CC=C2.O.Cl.Cl
6708682,C[C@H](CCC=C(C)C)CCOC(=O)C
6713974,CC1=C(C=CC=C1NC2=C(C=CC=N2)C(=O)O)C(F)(F)F.CNCC(C(C(C(CO)O)O)O)O
6713977,CCC(=O)OCC(=O)C1([C@@H](C[C@@H]2[C@@]1(C[C@@H]([C@H]3[C@H]2[C@@H](CC4=CC(=O)C=C[C@]34C)Cl)O)C)C)OC(=O)CC
6714002,CCC(=O)OCC(=O)[C@]1(CC[C@@H]2[C@@]1(C[C@@H]([C@H]3[C@H]2CCC4=CC(=O)C=C[C@]34C)O)C)OC(=O)OCC
6714003,CC(=O)[C@]1(CC[C@@H]2[C@@]1(CC[C@H]3[C@H]2C=C(C4=CC(=O)C5CC5[C@]34C)Cl)C)OC(=O)C
6714010,CC[C@H](C)[C@H]1C(=O)N[C@@H](C(=O)N[C@H](C(=O)N[C@@H](C(=O)N[C@H](C(=O)NCCCC[C@@H](C(=O)N[C@@H](C(=O)N1)CCCN)NC(=O)[C@H]([C@@H](C)CC)NC(=O)[C
6850744,C[C@]12CC[C@H](C1(C)C)CC2O
6850754,COC1C(C(C(OC1C(=O)O)OC2C(C(C(OC2C(=O)O)OC)O)O)O)O
6850761,C=CCSS(=O)CC=C.C=CCS(=O)CC(C(=O)O)N
6850845,C/C=C/C1=CC=C(C=C1)OC.C[C@H]1[C@@H]([C@H]([C@H]([C@@H](O1)OCC2[C@H]([C@@H]([C@@H]([C@@H](O2)O)O)O)O)O)O)O.C1=CC=C2C(=C1)C=CC(=O)O2.C1=CC(=C(C
6852391,CCCC[N+]1([C@@H]2CC(C[C@H]1[C@H]3[C@@H]2O3)OC(=O)[C@H](CO)C4=CC=CC=C4)C.[Br-]
6852393,C[C@]12CC[C@H]3[C@H]([C@@H]1CC=C2)CC[C@@H]4[C@@]3(CCC(=O)C4)C
6852406,CN1[C@@H]2CC(C[C@H]1[C@H]3[C@@H]2O3)OC(=O)[C@H](CO)C4=CC=CC=C4.Cl
6857681,C/C(=C/CC[C@@]1([C@H]2CC[C@H](C2)C1=C)C)/CO
6914062,CC/C=C\CCCC(=O)OC
6915922,CCCCCCCCC[C@@H](C)C=O
6917728,CCC1=CC(=C(C(=C1O)C(=O)NC[C@@H]2CCCN2CC)OC)Cl.Cl
6918119,CS(=O)(=O)O.C1[C@@H]2CC(C[C@H]3N2CC(=O)C1C3)OC(=O)C4=CNC5=CC=CC=C54.O
6918132,CCN[C@H]1C[C@@H](S(=O)(=O)C2=C1C=C(S2)S(=O)(=O)N)C.Cl
6919101,CC(C)(C)C(=O)[O-]
6930847,CC(C)/C=C/C(=O)[O-]
6931103,C[C@@H]1CCOC2(O1)CCCCC2
6931360,C[C@@H]1CCC2=NC=CN=C12
6931437,COC1=C(C=CC(=C1)[C@@H](C(=O)[O-])O)O
6931725,CCC[C@H]1CCO[C@H](S1)C
6931727,CCC[C@H]1CCO[C@@H](S1)C
6931728,CCC[C@@H]1CCO[C@@H](S1)C
6933282,C[C@@H]1C(=O)C=C(O1)C
6946681,C(C(CC(=O)[O-])C(=O)[O-])C(=O)[O-]
6950112,CCC(CC)C(=O)[O-]
6950201,CC(=O)OC[C@H]1CCCO1
6950218,COC1=CC=CC=C1C(=O)[O-]
6950269,C[C@H](COC[C@H](C)O)O
6950273,CC(=O)O[C@H]1C[C@@H]2CC[C@]1(C2(C)C)C
6950306,CCOC(=O)C[C@H](C)O
6950479,CC[C@@H](C)C(=O)O
6950516,CCC[C@@H]1CCCC(=O)O1
6950760,C[C@H](CCC1=CC=CC=C1)OC(=O)C
6951519,C[C@H](COC(=O)C(C)C)C1=CC=CC=C1
6951520,C[C@@H](COC(=O)C(C)C)C1=CC=CC=C1
6951541,CC(C)C[C@@H](C(=O)[O-])O
6951558,CC[C@@H](C)C1=NC=CN=C1OC
6951559,CC[C@H](C)C1=NC=CN=C1OC
6951696,CCC(=O)O[C@@H](C)C1=CC=CC=C1
6951703,C[C@@H](C1=CC=CC=C1)OC(=O)C
6951704,C[C@H](C1=CC=CC=C1)OC(=O)C
6951711,C[C@H]1CC[C@H](C(=O)C1)C(C)(C)S
6951713,C[C@H]1CC[C@@H](C(=O)C1)C(C)(C)S
6951716,CCC[C@H](CCO)SC
6951721,CC[C@@H](C(=O)OC)SC
6951722,CC[C@H](C(=O)OC)SC
6971127,C[C@@H](CCC=C(C)C)O
6971231,C1=CC=C(C(=C1)CO)C(=O)[O-]
6971248,CC[C@@H](C)C=O
6971249,CC[C@H](C)C=O
6973643,C[C@@]12CC[C@@H](C1)C([C@H]2O)(C)C
6989903,CC1=CC(=C(C=C1)[O-])[N+](=O)[O-]
6991980,CCCC[C@H](CC)CO
6991997,CSCCC[NH3+]
6992045,CCCCCC[NH3+]
6992239,C[C@@H](CCCC(C)C)CCO
6992243,C[C@H]1COC(O1)(C)C
6992244,CCCCC[C@H](C=C)O
6992421,CCC[C@H](C=C)O
6992611,CCCCC[C@@H](C)O
6992616,CC[C@@H](C)[C@H]1CCCCC1=O
6992748,C[C@H](C1=CC=CC=C1)[NH+](C)C
6992853,CCC(=O)[C@H]1C[C@H](CC=C1C)C(C)C
6992930,CSCC[C@@H](C(=O)NCC(=O)O)N
6993462,CCCC[C@@H](CC)O
6993490,CCOC(=O)[C@@H]1[C@](O1)(C)C2=CC=CC=C2
6993579,CCOC(=O)CCCCC(=O)[O-]
6993580,CCOC(=O)[C@@H]([C@H](C(=O)OCC)O)O
6993810,CCCC[C@@H](C)O
6993963,CC1=CC=C(C=C1)[C@H](C)O
6994293,CCC[C@@H](CC)O
6994331,CC[C@H](C=C)O
6994381,CCOC(=O)C[C@]1(OC[C@H](O1)C)C
6994791,C[C@@H](CCC=C(C)C)C=O
6994854,C[C@]1(CS[C@](CS1)(C)O)O
6995517,CC(=CCCC(=CC(=O)[O-])C)C
6995537,CC(C)(C)[C@@H]1CCCC[C@H]1O
6995682,CCCC/C=C/[C@H](C)O
6997313,CCC[C@@H](C)C(=O)OCC
6997332,CCCC[C@@H](C)CCC(=O)[O-]
6997333,CCCC[C@@H](C)CCC(=O)O
6997335,CCCC[C@H](C)CCC(=O)O
6997337,CCOC(=O)[C@H](C)CC=C
6997339,CCCCC[C@@H](C)CCC(=O)[O-]
6997340,CCCCC[C@@H](C)CCC(=O)O
6997342,CCCCC[C@H](C)CCC(=O)O
6997348,C[C@H](CC=O)SC
6997349,CCCC[C@@H](CC)CCC(=O)[O-]
6997352,CCCC[C@H](CC)CCC(=O)O
6997353,CCCCOC(=O)[C@@H](C)CC
6997359,C[C@@H]1C[C@@H](C(=O)C1=O)C
6997365,C[C@@H]1CC(=O)C(=O)[C@H]1C
6997366,CCC/C=C/C(=O)[O-]
6997368,C[C@@H]1C(=O)C(=C(O1)C)OC(=O)C
6997369,C[C@@H]1CCC(=O)C1=O
6997371,C[C@@]12CC[C@@H](C1)C([C@@H]2O)(C)C
6997373,CC1=C(C(=CC=C1)C)[S-]
6998928,CCCC[C@H](CC)O
6999002,CCCCC[C@H](CC)O
6999037,C[C@H]1C(=[NH+][C@H](O1)C)C
6999038,C[C@H]1C(=N[C@H](O1)C)C
6999050,CCC[C@H](C)C=O
6999725,CCCCCC[C@@H](CC)O
6999784,C[C@@H](C(C)C)O
6999852,CCCC[C@@H](C=C)O
6999854,CCC[C@@H](C=C)O
6999857,CCCC[C@@H](C)C(=O)[O-]
6999858,CCCC[C@@H](C)C(=O)O
6999892,C[C@H](CCCC(C)(C)OC)CC=O
6999893,C[C@@H]1CCCC(C1=O)(C)C
6999927,CCCCC[C@@H](C)C(=O)[O-]
6999928,CCCCC[C@@H](C)C(=O)O
6999955,C[C@@H](CCC=C(C)C)CC(=O)O
6999957,C[C@H](CCC=C(C)C)CC(=O)O
6999975,C[C@@H](CCC=C(C)C)CCOC(=O)C
6999977,CCCCOC(=O)[C@H](C)O
6999980,CC(=CCC[C@@](C)(C=C)OC(=O)C)C
7000000,CC[C@@H](C)C[NH3+]
7000008,CC[C@@](C)(CCCC(C)C)O
7000077,CC(C)CCCCCCC(=O)[O-]
7000679,C[C@@]12CC[C@H]3[C@H](CC3(C)C)C(=C)CC[C@@H]1O2
7004919,CC(C)(C)[C@@H]1CCCCC1=O
7006461,CC/C=C(\C)/C(=O)[O-]
7014866,CC1=CC=C(C=C1)CC(=O)[O-]
7015740,CCOC(=O)[C@H](C)SSC
7017232,CCCC(=O)OC[C@@H](C)C1=CC=CC=C1
7017925,CCC1=CC=CC=C1[S-]
7017948,CCCC[C@@H](CO)O
7019251,CC(C)/C=C(\C)/C(=O)[O-]
7019252,C[C@H]1CCCC(=O)C1=O
7019633,CCOC(=O)CCCCCCC(=O)[O-]
7019645,C[C@@H](CC=C)C(=O)[O-]
7019646,C[C@@H](CC=C)C(=O)O
7020624,CNC1CCCC1
7020891,C[C@@H](C(=O)C)SC
7021340,CCCCCC[C@@H](C=C)O
7022165,C[C@@H]1CC(CC(=O)C1=O)(C)C
7057902,C1CC[C@@H]2C[C@@H](CC[C@H]2C1)O
7057904,CCCCCC[C@H]1CCC(=O)O1
7057942,C[C@H]1CC[C@@H]([C@@H](C1)O)C(=C)C
7057971,CCCC[C@@H]1CCC(=O)O1
7057972,CCCC[C@H]1CCC(=O)O1
7057985,C[C@H](C(=O)O)S
7058083,C1[C@@H](SC[C@@H](S1)O)O
7058092,CC[C@H](C)CS
7059661,C[C@@H]1C[C@H](CC(C1)(C)C)O
7060522,C[C@@H]1C(=O)CCO1
7060928,CCC[C@@H]1CC(=CC(=O)C1)C
7061775,C[C@@H]1C[C@H]2[C@@H]3CC[C@@H](C3)[C@H]2CC1=O
7076215,C[C@@H]1CC[C@H]([C@@H](C1)OC(=O)[C@H](C)O)C(C)C
7156991,CC[C@@H](C)C(=O)OCC
7157263,C[C@H]1[C@@H](CCO1)S
7160826,C[C@@H]1CCCCCCCCCCCCC(=O)C1
7160827,C[C@H]1CCCCCCCCCCCCC(=O)C1
7162054,CCC[C@@H](CCO)S
7162055,CCC[C@H](CCO)S
7168192,C[C@H]1CCC2=C(C1)OC=C2C
7173653,C[C@H]1CC(CC(=O)C1=O)(C)C
7173971,CC[C@@H]1CCC(=O)O1
7251185,C/C/1=C\CC[C@@]2([C@H](O2)[C@@H]3[C@@H](CC1)C(=C)C(=O)O3)C
7269384,C[C@H]1CCCC(=O)O1
7269958,C[C@@H]1C=C(CC[C@H]1C=O)C
7311734,CC(C)C[NH3+]
7312690,CC1=C(C(CCC1)(C)C)/C=C/[C@@H](C)O
7329980,C[C@H](CCC=C(C)C)CCOC(=O)C1=CC=CC=C1
7336247,C[C@@H]1CC(=C[C@H]([C@H]1/C=C/C(=O)C)C)C
7364119,CC[C@@H](C(=O)C)S
7364125,C[C@H](C(C)C)S
7364133,C[C@H](C(=O)C)S
7364145,CCOC(=O)[C@@H](C)S
7365221,C[C@@H]1CCC2=C1N=CC[NH2+]2
7367088,C[C@@H]1CC[C@H]([C@@H](C1)C)COC(=O)C
7458634,CC[C@@H](C)SS[C@@H](C)CC
7567160,CC[C@@H](C)CC(=O)OCC
7567181,C[C@H]1CC(=O)C=C2[C@@]1(C[C@H](CC2)C(=C)C)C
7567850,CC[C@H](C)C(=O)/C=C/C
7568662,C[C@@H]1C(=O)CCS1
7576810,CCCC[C@H]1CCCC(=O)O1
8030023,CC/C(=C\C[C@@H]1CC=C(C1(C)C)C)/CO
8030033,C[C@@H](C1=CC=CS1)S
9548566,CC(C)/C=N/OC
9549318,CC(CCC=C(C)C)CC(=O)[O-]
9576782,CCC(=O)/C(=N/O)/C
9793841,CCC[C@](C)(CCO)S
9793905,C=CCSC[C@@H](C(=O)O)N
9794276,CCCC(=O)O[C@@H](CC)C1=CC=CC=C1
9794352,CCC(=O)OCC[C@@H](C)CCC=C(C)C
9798098,CC1(O[C@@H]2[C@H]([C@H](O[C@@H]2O1)[C@@H](CO)O)OCCCN(C)C)C.Cl
9815427,CC(C)C(=O)C(C)(C)CC=C(C)C
9815474,CCCC(=O)OC(C)C(=O)OCC
9815597,CCCCCCC(=O)OC(C)CCC
9815980,CC(CO)C1CCCCCCCCCCC1
9832292,C[C@@H](CC1=CC=C(C=C1)OC)NC[C@H](C2=CC(=C(C=C2)O)NC=O)O.C[C@@H](CC1=CC=C(C=C1)OC)NC[C@H](C2=CC(=C(C=C2)O)NC=O)O.C(=C/C(=O)O)\C(=O)O
9833996,CCOC(=O)CC(C)S
9834606,CC1C/C=C/CCCCCCCCCC(=O)C1
9837013,C/C=C/C(=O)C1C(=C)CCCC1(C)C
9845819,CC1=NC=C(C(=N1)N)CN(C=O)/C(=C(\CCO)/SSCC2CCCO2)/C.Cl
9855632,CC1=CC=C(C=C1)CCC(=O)OC
9855795,C[C@@H]1CCC=C2[C@]1(C[C@@H](CC2)C(=C)C)C
9856149,C1CCCC/C=C/CCCOC(=O)CCCC1
9859094,CC(=C)[C@H]1CC[C@]([C@H](C1)C(=C)C)(C)C=C
9865387,CN(CCOC1=CC=C(C=C1)CC2C(=O)NC(=O)S2)C3=CC=CC=N3.Cl
9877385,CCCCC1=CCCC1=O
9882013,C=CCSSSSSSCC=C
9883104,CCCCC1=CC2=CC=CC=C2C(=N1)OCCN(C)C.Cl
9883259,CCC1=C(NC2=C1C(=O)C(CC2)CN3CCOCC3)C.Cl
9884029,CN(C)CC/C=C/1\C2=CC=CC=C2CSC3=CC=CC=C31.Cl
9915886,CC(=O)N[C@H]1CCC2=CC(=C(C(=C2C3=CC=C(C(=O)C=C13)SC)OC)OC)O[C@H]4[C@@H]([C@H]([C@@H]([C@H](O4)CO)O)O)O
9964247,CCC1=CC=C(C=C1)CC(=O)OC
9964407,CCCCCCOC(=O)CC(C)S
10012571,CC1(CCCC(=C)[C@@H]1C(=O)OC)C
10058253,CCOC(=O)C1(C(O1)C)CC(C)C
10060281,COC1=CC=C(C=C1)COC(=O)C2=CC=CC=C2
10104051,C/C=C/C(=O)[C@H]1C(=C)CCCC1(C)C
10130473,CCCC(=O)O[C@@H](C)CC1=CC=CC=C1
10131025,C=CCSSSSSCC=C
10149036,CC1C(=O)C2=CC=CC=C2C1(C)C
10154345,CCCCCCC[C@@H]1CCC(=O)O1
10176244,CC(C)C(C)CCC(C)(C)O
10176245,C[C@H](CCC(C)(C)O)C(C)C
10197810,C[C@@H](CCC(C)(C)O)C(C)C
10198028,CCCC(=O)O[C@H](C)C1=CC=CC=C1
10219687,CCCCCCCC1=CCCC1=O
10222764,CCCCOC(=O)CC(C(C(=O)C)C(=O)OCCCC)(C(=O)OCCCC)O
10240785,C1C[C@@H]2C[C@H]1C[C@H]2N
10261650,C[C@H](COC(=O)C)C1=CC=CC=C1
10290825,CC1([C@@H]2CCC(=C)[C@H]1C2)C
10309252,C(CNCCNCCNCCN)N.Cl.Cl.Cl.Cl.Cl
10313079,CN(C)C.Cl
10313138,C1C[C@H]2CNC[C@H]2NC1
10314472,CN[C@@H]1C[C@H](C2=CC=CC=C12)C3=CC(=C(C=C3)Cl)Cl.Cl
10331996,CCCCCCCCCC1C(O1)C(=O)OCC
10374825,CC1(CCCC(=C)C1CCO)C
10398656,CC1=C[C@H]2[C@@H](CC[C@@]([C@@H]2CC1)(C)O)C(C)C
10419579,C1=CC(=CC(=C1)Cl)CCC=O
10419825,CC1(CCCC(=C)[C@H]1C(=O)OC)C
10433396,C1CN(CC1N)C2=C(C=C3C(=O)C(=CN(C3=N2)C4=C(C=C(C=C4)F)F)C(=O)O)F.Cl
10434468,CN1CCCC1C2=CN=CC=C2.C(C(C(=O)O)O)(C(=O)O)O.C(C(C(=O)O)O)(C(=O)O)O
10503556,C[C@@H](C(=O)OCC[Si](C)(C)C)N(C)C(=O)CC[C@H](C(=O)OC)NC(=O)OC(C)(C)C
10504126,C1=CC=C(C=C1)C#CCC(C2=NNN=N2)NCP(=O)(OC3=CC=CC=C3)OC4=CC=CC=C4
10513778,CC(=O)C1=CC(=CC(=C1)C(C)(C)C)C(C)(C)C
10561016,C[C@]1(C[C@H]1C[C@H]2C[C@@H]3C[C@@]3(C2(C)C)C)CO
10561017,C[C@]1(C[C@@H]1C[C@@H]2C[C@H]3C[C@]3(C2(C)C)C)CO
10582821,CCCC(=S)OCC
10584207,CC[C@](C)(CCCC(C)C)OC(=O)C
10608036,CCCCC1(CCC(=O)O1)CCCC
10654501,CCCCCCC[C@H](CC)O
10701937,CC[C@H](C)C(=O)C(=O)OC
10702081,CCCCCC1CCC(O1)O
10725569,CCCCCC1=CCC(=O)O1
10773374,C[C@@H]1[C@H]2CCC(=C[C@@H]2OC1=O)C
10796756,C1COC(=O)C1CC=O
10798423,CC(=O)/C=C/[C@@]12[C@@](O1)(CCCC2(C)C)C
10855608,CCC[C@@H](CC(=O)OC)O
10856176,CC(C=O)C1=CC2=CC=CC=C2C=C1
10857465,C[C@]12CCCC([C@@H]1CC[C@@]3([C@@H]2CCO3)C)(C)C
10866906,C[C@@H]1[C@H](OC(O1)C2=CC=CC=C2)C
10866908,C[C@H](CC1=CC=CC=C1)OC(=O)C
10867491,CCCCNC1=CC=CC=C1C(=O)OC
10877278,C[C@H](CC=O)C1=CC=CC=C1
10877336,CCOC(=O)CC1CCC=C1
10877420,C=C[C@H](CC=O)C1=CC=CC=C1
10877566,CC1=CC[C@H](CC1)C(C)(C)S
10877987,CCCOC(=O)C(C)C1=CC=CC=C1
10878761,C[C@H]1CCC=C([C@]12CC[C@H](C2)C(C)(C)O)C
10887828,CSCC=O
10888261,C1=CC=C(C=C1)COCCC=O
10888889,CCCCCCCC[C@@H]1CCC(=O)O1
10889482,CC(=O)OC[C@H](C1=CC=CC=C1)OC(=O)C
10898831,CCCCC[C@H](C(=O)C)O
10899740,C[C@@H]1CC[C@H]2[C@@H]1[C@H]3[C@H](C3(C)C)CCC2=C
10909594,CCCC1CCOC1=O
10909860,CCOC(=O)[C@@H](CC(C)C)O
10909998,CCCCCCCC[C@@H](C)C=O
10910055,C[C@H](CCC1=CC=CC=C1)CC#N
10931630,CC1([C@@H]2C[C@H]1C(=C)[C@@H](C2)O)C
10931759,C[C@@H](CCC1=CC=CC=C1)C=O
10941446,CC(C)C(C)C(=O)C1=CC=CC=C1
10942622,CCOC(CS)OCC
10942729,COC(C1CCCCC1)OC
10943197,CCOC(C1CCCCC1)OCC
10953450,C1=COC(=C1)CC=O
10953872,CCC(CC1=CC=CC=C1)CO
10954220,CC(CC(C)(C)C1CCCCC1)O
10964563,CC[C@@H]([C@H](C)CO)S
10965354,CC(C)OC(=O)C(C)C1=CC=CC=C1
10975506,CCCC[C@H](/C=C/C)O
10976170,C[C@H](CCC=C(C)C)CC(=O)OC
10986397,C[C@H](/C=C/C1=CC=CC=C1)O
10986465,COC(=O)CC/C=C/CC=C
10986613,C[C@H]1CCC2=C(C(=O)O[C@H]2C1)C
10997258,C[C@@H]1CC[C@H](CC1=O)C(C)C
10997903,CC1=CC[C@@H](C1(C)C)C/C=C(\C)/CO
11008358,CCCCC[C@@H]1[C@H](CC(=O)O1)C
11008539,C/C=C/C(=O)/C(=C(\C)/C(C)(C)C)/C
11008915,CC(=O)O[C@H]1CCC[C@@H](C1)C(C)(C)C
11009095,C[C@H]1CC=C([C@H](C1(C)C)/C=C/C(=O)C)C
11019298,CCCCC[C@H](C=C)OC(=O)C
11019494,CC1=CCCC([C@@H]1C(=O)OC)(C)C
11030204,C/C=C/C(=O)/C(=C(/C)\C(C)C)/C
11031885,CC1=CCCC([C@H]1/C=C/[C@@H](C)OC(=O)C)(C)C
11041412,CC/C=C\CCCCOC(=O)CC
11042909,C1=CC=C(C=C1)C(CO)OC(=O)C2=CC=CC=C2
11051725,C[C@@H]1CC[C@@H]2C[C@H]1C2(C)C
11051994,CC1([C@@H]2CC=C([C@H]1C2)CC=O)C
11052238,C[C@@H](C(=O)OCC1=CC=CC=C1)O
11062576,CC1=CCO[C@@H](C1)C=C(C)C
11062802,C[C@@]12CC[C@@H](C1(C)C)C[C@@]2(C)O
11075070,CCCCCCCCCC1CCC(=O)CC1
11084123,CCCC[C@@H]1[C@H](CC(=O)O1)C
11084346,CCCCCC1OC(C(O1)C)C
11085796,C[C@@H]1CC[C@@H]2[C@]13CC[C@@]([C@H](C3)C2(C)C)(C)OC
11086125,CCCCCCOC(=O)CC(=O)C1=CC=CC=C1
11094611,CCC(=O)N1CCC=C1
11094728,C=CCCCCCCCO
11094753,CCCCCCC[C@H](C)O
11094875,CCCCC[C@@H]1CCC(=O)O1
11095260,CC1(CCCC(=C)C1C(=O)OC)C
11105597,CCCC[C@H]1[C@@H](CC(=O)O1)C
11105826,CCCCCC1CCOC(O1)C
11107057,CCOC(=O)OC/C=C(\C)/CCC=C(C)C
11116415,COCOCCC1=CC=CC=C1
11116489,C[C@@H]1CC[C@H](OC(=O)C1)C(C)C
11116492,C[C@@]1(CC[C@H](O1)C(C)(C)O)C=C
11116832,CCCC[C@H]1C2=CC=CC=C2C(=O)O1
11126250,C1CCC(=CC=O)CC1
11126914,CCCCCCC[C@@H]1CCCC1=O
11137378,CCCCC/C=C\C=C\CO
11137732,CCCCCCC1=C(CCC1=O)C
11137735,CC/C(=C(\C)/C(=O)/C=C/C)/C(C)C
11137872,CCCCC(C(=O)OC)OC(=O)C
11138191,C=CCC1=CC2=C(C=C1)OCC(=O)CO2
11159838,CCC(CC1=CC=CC=C1)OC(=O)C
11159903,CC(=O)C1=CC=CC=C1C2=CC=CC=C2
11160025,C[C@@H]1CCC=C2[C@@]1(C[C@@H](CC2)C(=C)C)C
11171308,C[C@H](C[C@H](C)C1=CC=CC=C1)CO
11174599,C([C@@]1([C@H]2[C@@H]3[C@H](N=C(N[C@@]34[C@@H]([C@@H]1O[C@]([C@H]4O)(O2)O)O)N)O)O)O
11183648,CC(C)OC(=O)CC1=CC2=C(C=C1)OCO2
11194862,CC(=O)/C=C/[C@@H]1C(=C)CCCC1(C)C
11211984,C1CCC(CC1)NC(=S)N2CCC(CC2)C3=CN=CN3.C(=C\C(=O)O)\C(=O)O
11219061,C[C@@H]1CC[C@H]([C@@H](C1)OC(=O)CCC(=O)O)C(C)C
11228905,CC(=CCC1C(O1)(C)C=C)C
11230115,C[C@H]\1CC(=O)CCCCCCCCCC/C=C1
11240624,C[C@@H](CCCC(C)C)CC=O
11253924,CC(=CCC/C(=C\COC(=O)C1=CC=CC=C1)/C)C
11263670,C(CC(=O)ON)C(C(=O)O)N
11264039,CC(=O)CC[C@@H]1C(=C)CCCC1(C)C
11286488,C[C@H](CC(C)(C)S)O
11286661,CCC(CCC1=CC=CC=C1)O
11287462,CC1(CCC(=O)[C@@H]2[C@@]13CC[C@@H](C3)C2(C)C)C
11298440,C[C@@H](CC=O)C1=CC=CC(=C1)C(C)C
11321438,C1C[C@H](OC1)CCCC2=CC=CC=C2
11323257,C[C@]12CCCC([C@@H]1CCC(=C)[C@@H]2CCC(=C)C=C)(C)C
11332546,CCC(=O)CC(C)(C)S
11332852,CC/C=C\CCC1(CCC(=O)O1)C
11335274,CC(=CCC/C(=C/CC/C(=C/CC[C@](C)(C=C)O)/C)/C)C
11344031,CC(C)CC(CC=C)O
11344071,CC(C)(C)C(=O)OCC=C
11344862,CCCCCC/C=C\CCCCC(=O)C
11357212,C[C@@H]1CC(=O)[C@](C12CC(CC(C2)(C)C)(C)C)(C)O
11367306,CC1=CC2=C(CC(C2)(C)CO)C=C1
11378500,CCC[C@@H]1CCC(=O)O1
11378520,C=CC1=C(CCCC1)C=O
11378760,CCCCCN1C(COC1=O)C
11379273,CC1=CC(=C(C2=C1CCCC2=O)C(C)C)OC
11389922,CC(=O)/C=C/[C@H]1C(=C)CCCC1(C)C
11391149,CC(=O)OC(C1=CC(=C(C=C1)O)OC)OC(=O)C
11392287,CCCCCCCOC1=CC=CC=C1
11423774,C[C@H](CC1=CC=CC=C1)[C@H](C)O
11423795,C[C@@H](CCC=C(C)C)C(=C)C=O
11423867,CCCCCCCC(=S)OC
11424363,C1=CSC(=C1)COCC2=CC=CS2
11434978,CC1=CC=C(O1)/C=C/C=O
11435352,CCCCCC[C@@H]1CCCC(=O)O1
11435490,CC(=O)OCC1=CC[C@@H]2C[C@H]1C2(C)C
11435500,C[C@H]1CC[C@]2(O1)C(=CCCC2(C)C)C
11435769,C[C@H]1CC(=O)[C@](C12CCCCCC2)(C)O
11446328,CCC/C=C\C=C/CO
11447475,CC(C1=CC=CC=C1)C(=O)OC2=CC=CC=C2
11506447,CC(CCCC=C)O
11536111,CC(C)(C)C1=CC(=C(C=C1C=O)OC)C(C)(C)C
11564473,CCC(=O)N1C=CC=C1
11586487,CC1=C[C@H]2C(=C(CCCC2(C)C)C)CC1
11593514,CCCCC[C@@H](CC)OC(=O)C
11608392,C1CCCC/C=C\CCCOC(=O)CCCC1
11615984,CCOC(=O)CNC(=O)[C@@H]1C[C@@H](CC[C@H]1C(C)C)C
11629741,CC(=O)OCCCCCCCS
11658397,CCCC1(C=CC(O1)C)C(C)(C)C
11658402,CCCC1(CCC(O1)C)C(C)(C)C
11658617,CC(=CCC/C(=C/CNC(=O)C1CC1)/C)C
11686063,C1[C@@H]2[C@H]([C@@H]([C@H]([C@H](O2)O[C@H]3[C@@H]([C@H](O[C@@H]([C@@H]3O)OC[C@@H]4[C@H]([C@@H]([C@H]([C@H](O4)O[C@H]5[C@@H]([C@H](O[C@@H]([
11735763,CCOC(=O)[C@@H]1[C@H](CCCC1(C)C)C
11735993,CC(=O)OC(C)(C)[C@H]1CC[C@](O1)(C)C=C
11736563,C[C@H]1CC(=O)[C@]([C@]12C[C@@H](CC(C2)(C)C)C)(C)O
11745625,C/C=C\CCCCCCCC(=O)OC
11770062,C[C@@H]1CC[C@H]([C@H]2[C@]1(CCC(=C2)C)O)C(C)C
11788274,CC/C=C\C=C\C=O
11788324,CNC1=CC=CC=C1NC
11788920,CCCCCCCCCC(=S)OC
11789380,C[C@H](CCC=C(C)C)CC#N
11790917,CCCCCCCCCCCCC(C)C=O
11804976,CCCCC[C@@H]1C=CC(=O)O1
11815386,CC(C)CC(C(=O)C)O
11815467,C[C@@H]1C(=O)C(=C(O1)C)OC
11830590,CC(C)C(=O)OC(C)(C)C1=CC=CC=C1
11851224,C1CCC/C=C/CCCCCCOC(=O)CCC1
11855994,CC1C/C=C\CCCCCCCCC(=O)C1
11862595,C1CCCC[C@H]2COC[C@@H]2/C=C/CCC1
11863509,CCNC(=O)[C@H]1C[C@H](CC[C@@H]1C(C)C)C
11869525,C[C@]12CCCC([C@H]1CC[C@@]([C@@H]2CC[C@](C)(C=C)O)(C)O)(C)C
11870244,CC1([C@H]2CC[C@@]3([C@@H]1C2)CO3)C
11953684,CC[C@@](C)(CCC1=CC=CC=C1)O
11953818,CC1(C2CCC(O1)([C@H](C2)O)C)C
11954184,CCCCC1=C(C(=CC=C1)OC)O
11954258,CCSC1=CC2=C(C=C1)SC3=CC=CC=C3N2CCCN4CCN(CC4)C.C(C(C(=O)O)O)C(=O)O.C(C(C(=O)O)O)C(=O)O
11957621,COC1=C(C=CC(=C1)CCN)O.Cl
11957660,COC1=CC=CC=C1N2CCN(CC2)CC(COC3=CC=CC4=CC=CC=C43)O.Cl.Cl
11959971,C1C2C1C(=O)OC3=CC=CC=C23
11969087,CCCCC[C@H]1[C@H](O1)/C=C/C=O
11969488,CC/C=C/CCC1CCCC(=O)O1
11970251,CC1=C2[C@H](C(=O)[C@@]3([C@H](C[C@@H]4[C@]([C@H]3[C@@H]([C@](C2(C)C)(C[C@@H]1OC(=O)[C@@H]([C@H](C5=CC=CC=C5)NC(=O)OC(C)(C)C)O)O)OC(=O)C6=CC=
11970548,CC(CCC=C(C)C)CC1OCCO1
11970928,CCCCCCCCCC(C)CC#N
11971259,CC1COC(O1)(C)C(C)O
11980942,CC1=C(C2=CC3=NC(=CC4=C(C(=C(N4)C=C5[C@@]6(C(C(=CC=C6C(=N5)C=C1N2)C(=O)OC)C(=O)OC)C)C)CCC(=O)OC)C(=C3C)CCC(=O)O)C=C
11989360,CC(=O)OC1=C(C=C(C=C1)C(OC)OC)OC
11989572,C1CC(OC1)CCO
11996452,C[C@@H]1CC[C@H]2[C@@H]1[C@H]3[C@H](C3(C)C)CC[C@]2(C)O
12003251,CCCCCC(=O)C(C)(C(=O)C)O
12004383,CC(C)C1=C[C@H]([C@@](CC1)(C)C=C)C(=C)C
12009861,CCCC[C@@H](CCOC)S
12022011,CC(C1CCCC(C1)(C)C)OC(C)(C)COC(=O)C2CC2
12035531,CC(=O)CCC1=NC=CN=C1
12066818,CCCCCC[C@H]1COC(=O)CO1
12081703,CC1CCCCCCCCCCC(=O)CC1
12082921,CC1C=CCC(C1C(=O)OC)(C)C
12087397,C1=C(C=C2C3=C1C(=C(C=C3C(=O)N(C2=O)NC(=O)NN)S(=O)(=O)[O-])N)S(=O)(=O)[O-].[K+].[K+]
12095091,CC1=C(C(=O)[C@@H](CC1)C(C)C)O
12104420,CCC[C@H]1C[C@@](CCO1)(C)OC(=O)C
12104426,CC(C)C[C@@H]1C[C@](CCO1)(C)O
12104430,C[C@H]1C[C@@](CO1)(C)C2=CC=CC=C2
12132928,CC[C@H](CO[C@@H]1CCCC[C@H]1C(C)(C)C)O
12143067,C[C@@H](C1=CC=CC=C1)OC(=O)C(C)C
12178130,CCCCCCCC/C=C\CCCCCCCC(=O)OC[C@H](CO)O
12217730,C[C@H](C1=CC=CC=C1)S
12222766,CC/C=C/C[C@H]1CCCC(=O)O1
12231514,CCCCCC[C@@H](C)C=O
12231788,CC(C)CC1=CC2=CC=CC=C2N1
12237817,CCCCC/C=C\C[C@H]1CCC(=O)O1
12237820,CCCCCCCC[C@H]1CCC(=O)O1
12242460,CC[C@@H]1CCCC(=O)O1
12242463,CCCCCC[C@H]1CCCC(=O)O1
12242815,C[C@]12CCC(C1(C)C)C[C@@H]2O
12244492,CCCCCC(C=O)SC
12255414,CC(C)C(C=O)C1=CC=CC=C1
12261677,C=CC(=O)C1=CC=CO1
12263583,CCOC(=O)CCC1=CC=CC=C1O
12282108,COC(=O)CC1=CCCC1
12299879,CC(C)CC(=O)O[C@@H]1[C@H]([C@@H]([C@H](O[C@@H]1O[C@@H]2C[C@H]([C@H]3CC[C@@]45C[C@@H](CC[C@H]4[C@@]3(C2)C)C(=C)[C@@H]5O)C(=O)O)CO)OS(=O)(=O)[O
12300220,C[C@@H](C1=CC=CC=C1)C(OC)OC
12302352,CC1=CC[C@H](C1(C)C)CCO
12304612,C[C@H]1[C@@H]2C[C@@]2(CC1=O)C(C)C
12305858,C/C(=C\CC[C@@H]1[C@]2(CCCC([C@@H]2CC[C@@]1(C)O)(C)C)C)/CC[C@@H]3C(=C)CCCC3(C)C
12306048,CC1=C[C@@H]2[C@@H](CC1)C(=CC[C@H]2C(C)C)C
12309452,CC(=C1CC[C@]([C@H](C1)C(=C)C)(C)C=C)C
12309838,CC1([C@@H]2CC[C@H]1C(=C)C2)C
12314303,C[C@]1(CC[C@@H]2C[C@H]1C2(C)C)O
12314336,CC1=C[C@H]([C@@H](CC1)C(C)C)O
12315259,C/C(=C\CC[C@]1([C@H]2CC[C@H](C2)C1=C)C)/CO
12315454,CCCCC(C1=CCCCC1C(=O)O)O
12315492,C[C@@H](CCC=C(C)C)[C@H]1CCC(=C)C=C1
12330313,CC1=CC=C(C=C1)[C@H](C)C=O
12351478,CC(C)CC1=CNC2=CC=CC=C21
12352606,CC/C=C/C/C=C\CCO
12358778,CC1=CCC(C2C1CCC(=C)C2)C(C)C
12361768,COC(=O)N1C=CC2=CC=CC=C21
12367058,CCCCC(=O)C1CCCC=C1C(=O)O
12376292,CC/C=C(/C)\C=O
12378022,CC1=CC=C(C=C1)/C=C\C=O
12379457,CCC(CC)(CN)O
12383533,CCOC1=CC=CC(=C1O)O
12385644,CCCC/C=C\C=C/CO
12397703,CC1CC(SS1)C
12406038,CCOC(=O)/C(=C\C)/C
12407541,CCCOCCC1=CC=CC=C1
12410118,C1CCCCCCOC(=O)/C=C/CCCCC1
12454957,C=CC(=O)C1=CCCC1
12463483,CCCC=S
12467038,CCC/C=C\C(=O)O
12469687,CC1C=CC(CC1=O)C(=C)C
12473719,CC(C)(CCC1=CC=CC=C1)C(=O)O
12481804,CCCCSSSCCCC
12483667,CC1CCC(=CC1)C(=O)C
12487262,CC1C(C(=O)CO1)O
12487504,CC(C)CC(C1=CC=CC=C1)O
12494543,CCCC[C@@H](CC)C(=O)OCC
12504830,CCCCCC[C@@]1(CCC(=O)O1)C
12510894,CC(=C/C=C\C(=O)C)C
12512251,CCCCCCCCC[C@@H](C)O
12518664,COC1=CC=CC(=C1)CCC(=O)OC
12523933,CCCCCC1=C(CCCC1=O)C
12533611,CCCCCCCCCC/C=C\C=O
12534824,CC(C)C1=CNC2=CC=CC=C21
12535140,C=CCC1CCOC1=O
12537123,CC1CCCC(=C1C)C
12546508,CC(CCN)CC(C)(C)CN.CC(CC(C)(C)CCN)CN
12561290,CC[C@H](C(=O)C)O
12566815,CC/C=C/C[C@@H]1[C@@H](CCC1=O)CC(=O)OC
12571389,CCCCCC(=O)OC/C=C(/C)\CCC=C(C)C
12577069,C[C@H](C=O)C1CCCCC1
12590944,CCCCCCCCOC(=O)C1=CC=CC=C1N
12592004,C[C@H]1CC[C@@H]([C@H](C1)OC)C(C)C
12594036,CC1CC(CCC1O)C(C)(C)C
12601142,C=COCCC1=CC=CC=C1
12613663,CCCCCOC(C)OC
12613957,CCC[C@@H](C)CC=O
12616645,CCC[C@@H](C)OC(=O)C
12619485,CCCCCCC[C@H](C=C)O
12642425,CCCCCCCC/C=C\CO
12648855,CC(=CCC/C(=C/COCC(=O)O)/C)C
12650803,CCC[C@H](CC(=O)OC)OC(=O)C
12651581,CCCCOC(C)OC
12653912,CC(=CCC[C@](C)([C@@H]1CO1)O)C
12658395,COC(=O)[C@@H](CC1=CN=CN1)N.Cl
12678469,CCCCCCC(=O)CCOC(=O)C
12678555,CCCCC/C=C(/C)\C=O
12684603,C[C@@H]1CCO[C@@H](C1)CC(C)C
12691640,CN(C)CCCC(=O)O.Cl
12716108,CCC(CCC1=CC=CC=C1)OC(=O)C
12731072,CCCOC(CC(C)C)OCCC
12738086,CCCCCCCCCC(=O)OC1CC(CCC1C(C)C)C
12762300,CCCCCCCCCCC1=CC=CO1
12762310,CCCCCCCCC1=CCC(=O)O1
12779846,CCCCC[C@@H](CC)OC(=O)CCC
12794028,CCCC/C=C\COC(=O)C
12809178,CCCCCCCCCCC(C(=O)C)C(=O)OCC
12810397,CCCCCC1CC(C(=O)O1)C
12838325,CCCCCCCOC(C)C
12838605,C[C@]12CCCC([C@@H]1CC[C@H]3[C@@H]2CCO3)(C)C
12856838,CN1C(=NN=N1)SCC2=C(N3[C@@H]([C@@](C3=O)(NC(=O)[C@@H](C4=CC=C(C=C4)O)C(=O)[O-])OC)OC2)C(=O)[O-].[Na+].[Na+]
12861015,CCCC(C1=CC=CC=C1)C(=O)OC
12867342,CC[C@H](C)COC(=O)[C@@H](C)CC
12867947,CCCCCCCC1CCCC1O
12867949,C1CCC(C1)C2CCC(C2O)C3CCCC3
12872111,CSCC1=CC=CS1
12886691,CC/C=C(/C)\C(=O)OCC
12889958,CCCCC(CC)CC(=O)OC
12902534,CCCC1=CN(N=C1)C2=CC=CC=C2
12912617,CC1=CC(=CC=C1)C2OCC(O2)CO
12914607,CCCCCC(CCCOC(=O)C)OC(=O)C
12920045,C[C@H]([C@@H](C)S)S
12936019,CC1=CC=C(C=C1)C[C@H](C)C=O
12936743,CCOC(C1=CC=CC=C1)OC
12943526,CC1=C(OC=C1)CS
12950421,CCCCCCCC(CCCCC)C=O
12963317,CCCCC/C=C\CCCCCCCCCCC(=O)OC
12966232,CC12C=CC=CC1(O2)C
12966532,C[C@H]1C[C@@](O[C@H](O1)C)(C)C2=CC=CC=C2
12978217,C/C=C/C(=O)[C@@H]1[C@H](C=CCC1(C)C)C
12980878,CC1=C(C=CO1)SC(C)C(=O)C
12991964,CCCCCCCC1CC1C(=O)O
13010760,CCCCCCCCC1CCCOC1=O
13013009,CCOC(=O)C1=C(C=C(C=C1)C)O
13013010,CCOC(=O)C1=C(C=C(C=C1)OC)O
13018910,CS(C)(CCC(C(=O)O)N)Cl
13026600,CCC(C)C(C(=O)OCC)O
13072565,C[C@@H]1N[C@@H](SC(S1)C)C
13085674,CC1=CCC2C(CCCC2(C1CCO)C)(C)C
13095870,C[C@H]([C@@H](C)S)O
13097902,CCNC1=CC=CC=C1C(=O)OC
13130450,CCCCCCCC1CCC(=O)CC1
13138897,CC[C@H](C)C(=O)O[C@@H]1C[C@@H](CC[C@H]1C(C)C)C
13140453,CCC(COC(=O)C)C(=O)OCC
13179210,CCCCCCCCC(C(=O)OCC)O
13180982,CC(=O)C(O)O
13182665,CCC(C(=O)OCC)S
13183557,CCC(=O)C(C1=CC=CC=C1)O
13199021,CC1CCC(CC1C(=O)OC)C(=C)C
13215578,CCCCCC(=O)OCC(=C)C
13217089,CC/C=C/CC/C=C\CO
13220327,CC1=CC=C(N1)C(=O)C
13227122,CCOC(=O)CC(C)(OCC)OCC
13237362,CCOC(=O)[C@H](CC(C)C)O
13240188,CC1(C[C@H]2[C@H]1CCC3(C(O3)CCC2=C)C)C
13250020,CCOC(=O)C1=CC=CC=C1CO
13256887,CC(C)COC1=NC=CN=C1
13270883,CCOC(=O)CCC(C(=O)OCC)O
13312253,C/C=C(\C)/C(=O)OC1=CC=C(C=C1)C
13344662,C[C@@H]1CC[C@@H]([C@@H](C1)O)C(C)(C)O
13353282,CC(CS)C(C)O
13355879,CCC(C)OC1=CC2=CC=CC=C2C=C1
13406641,CCCCOC(CC(C)C)OCCCC
13456556,CC1=CC(=NC(=N1)[N-]S(=O)(=O)C2=CC=C(C=C2)N)C.[Na+]
13463446,CC[C@H](C)CCCO
13468584,CCC(C(=O)OC)OC(=O)C
13479947,CCCCCCCCC1CCC(=O)CC1
13483073,C1CC=C(C1)CCCCO
13496053,CCOC1=CC=CC2=C1CCCC2
13501357,CCCCCCC(=O)C(=O)CC
13508494,CCCCCCCCCCCC(=O)OCCCCCCC
13524626,CCCC1(OC2=CC=CC=C2O1)CCC
13555721,CC(C)C1(OC2=CC=CC=C2O1)C(C)C
13584103,CC(=CCC/C(=C/COCC(=O)OC)/C)C
13585510,CCOC(=O)C(=CCC(C)CCC=C(C)C)C(=O)OCC
13591064,CCC(=O)CC1=CC=C(C=C1)O
13593286,CCC[C@H](C=C)OC(=O)C
13693412,CC/C=C/CCCCCC(=O)O
13694693,CCCCCC1C(O1)C=O
13716562,CC(C)C(=S)OC
13734170,CC1C=COC1=O
13750367,CC1(C2CCC1(C(C2)OCCO)C)C
13762356,CCOC(C1CCC(=CC1(C)C)C)OCC
13765121,CC(=O)O[C@@H](C1=CC=CC=C1)C(Cl)(Cl)Cl
13794465,CC1=CC(=CC=C1)CNC
13815082,CC(C)(C)OC(=O)CCCCCCCCC(=O)OC(C)(C)C
13864714,CCCCCC(=O)CCO
13868632,CC1(CCOC1=O)C=C
13886585,CCOC(CCOCC1=CC=CC=C1)OCC
13893049,CC(C)C[C@H](C(=O)OC)O
13900554,CCOC(=O)C1C(O1)C2=CC=CO2
13903902,CCC[C@H](C)OC(=O)CCC
13903916,CCCCC[C@H](C)OC(=O)CCC
13918856,C[C@@H]1CC[C@@H]2[C@]13CC[C@@]([C@H](C3)C2(C)C)(C)OC(=O)C
13981867,CC1([C@H]2CCC([C@@H]1C2)CCOCC[N+]3(CCOCC3)CC4=CC(=C(C=C4Br)OC)OC)C.[Br-]
14029261,CCC(CCC=C)C=O
14029650,CCCCCCCCCCCC(C)C=O
14038123,C[C@@]12CCC[C@@](C1O)([C@@H]3[C@H]2CC(C3)(C)C)C
14039914,C1=CC=C(C=C1)CC(=O)OCC(C2=CC=CC=C2)O
14047238,CCC(CC)CC1CCOC1=O
14064911,CC1CCC(C(C1)OCCO)C(C)C
14082356,CC1=CCC2C(CCCC2(C1CC=O)C)(C)C
14109089,CC(C)OC1CC2CCC1(C2(C)C)C
14116469,CCC(C)C(=S)OC
14123044,CC(=O)C(=O)C1=CC(=C(C=C1)O)OC
14177988,C[C@H]1COCC2=CC3=C(C=C12)C([C@H](C3(C)C)C)(C)C
14177991,C[C@@H]1COCC2=CC3=C(C=C12)C([C@@H](C3(C)C)C)(C)C
14177993,CC1COCC2=CC3=C(C=C12)C(CC3(C)C)(C)C
14181799,CCCCOC(=O)C(C)S
14181805,CCC(C(=O)OC)S
14193827,CCC(=O)OCC(C1=CC=CC=C1)O
14195262,CCCC(=O)OCC(C1=CC=CC=C1)O
14205142,CC1CCC(=C)C(C1(C)C)CCC(=O)C
14226017,CCC1=CCCC=C1
14249069,CCC(=O)C(C)(C(=O)OCC)O
14249070,CCCC(=O)C(C)(C(=O)OCC)O
14250398,CCCCCC(=O)CCCCCC(=O)OCC
14262903,CC1=CC2=C(C=CC(=C2C=C1)C(C)C)C
14297102,CCC(C)CCCCC=O
14298599,CC(C)C1=CC=C(C=C1)CC(C)COC(=O)C
14344497,CC1CCC2C(C(=O)OC2C1)C
14363378,CCCCCCCOC(=O)C(C)C1=CC=CC=C1
14367138,CCCCC/C=C\CC/C=C\C=O
14387201,CCCCCCC1(C(O1)C(=O)OCC)C
14420009,CC(C)CCCC(C)CCCC(C)CC=O
14434313,CC(C)(CCC1CCCCC1)O
14489318,CC1CC=C(C(C1(C)C)CCC(=O)C)C
14489321,CC1CCC(=C(C1(C)C)CCC(=O)C)C
14494047,CC(C1=CC=CC=C1)C(=O)OCC2=CC=CC=C2
14564585,CC/C=C\CCOC(=O)[C@H](C)CC
14593931,CCCCCCC(OC(C)C)OC(C)C
14614417,CC(CCC=C(C)C)CC(C)(C)O
14638401,CCC(C1=CC=C(C=C1)OC(=O)C)OC(=O)C
14697674,CC1(CC2C1CCC3(C(C3=O)CCC2=C)C)C
14709002,CCOC(=O)C1=C2C=CC=CN2C3=C1SC(=C3O)C(=O)C
14745448,CCCCCCOC(=O)CCC(=O)C
14790534,CC(=O)C(=O)OCC=C
14818318,CC1(C2CCC1(C(=O)C23CCCC3)C)C
14837639,CC1=CC(=C(S1)C(=O)C)O
14840499,CC(C)C(=O)C=O
14917671,CC(=C(C)CC/C(=C/C=O)/C)C
14919824,CCC1C(=O)CCO1
14931226,CC1(CCCC2C13CCC(C3)C2=O)C
14936436,CCCCCC[C@H]1CCCCC(=O)O1
14952082,CCCCCCCCCCC(C(=O)OC)OC(=O)C
15031854,CC/C=C\CCOCCC#N
15046847,C[C@H]1C(=O)C(=C(O1)C)OC
15074486,CC(C)OC(=O)C(C)(C)C1=CC=CC=C1
15101542,CCCC/C=C\CCCC(=O)O
15141631,CC(C)(C1=CC=CC=C1)OC=O
15143262,CCCCCCOC1=CC=C(C=C1)C
15151630,CCOC(=O)COCCC1=CC=CC=C1
15162770,CC(C)CC(=O)OC(C)CCC1=CC=CC=C1
15186589,CCOC(=O)[C@H](C)C=C=C
15210716,CC(=O)OCCCCS
15219341,CC(C(C)C(C)O)C(C)C(C)(C)C
15225386,COC(=O)CCSCC1=CC=CO1
15251011,CCCCC(=O)O[C@H]1C[C@H](CC[C@@H]1C(C)C)C
15254255,CCCCOC(=O)[C@@H](C)CCC
15273629,CCC(CC=C)C(=O)CC
15279811,C[C@H](CCC1=CC=CC=C1)CCO
15289599,CCOC(=O)C(C)CS
15328358,CCCCCCCOCCC1=CC=CC=C1
15369664,CC1CCC(C(C1)O)C(=O)C
15391997,CC1=CCC(CC1)(C(=C)C)OO
15405344,C=CCCC(=O)C1=CCCC2(C1)CCCC2
15420665,CCCC(=O)SCC=C
15461361,CC/C=C\CCOC(=O)/C(=C/C)/C
15480666,C1CCC2CC(CCC2C1)C=O
15511119,C/C=C/C(=O)/C(=C(\C)/C(C)C)/C
15540144,CCOC(=O)SCC1=CC=CO1
15553243,CCSC(=O)CNC(=O)C
15559490,C[C@@H]1CCC[C@]2([C@]1(CCCC2)O)C
15560252,C[C@H]1CCC(=C(C)C)CC2=C1CC[C@@H]2C
15560276,C[C@@H]1CC[C@@H]2[C@@H](C2(C)C)C3=C(CC[C@H]13)C
15560611,CCCCCCCCCCCCCCCCCC(=O)OC[C@@H](CO)O
15565709,CCN1CCC[C@H]1CNC(=O)C2=C(C=CC(=C2OC)Br)OC.Cl
15580328,CC\1([C@@H]2CC[C@@H](C2)/C1=C\CO)C
15584855,CC(C)C(CC1=CC=CC=C1)OC(=O)C
15595755,C[C@@H](CCCC(=O)C)CCC=C(C)C
15606649,CC(C)CC1=CC=C(C=C1)CCC=O
15607736,CC(C(=O)[O-])S
15609183,CC(C)[C@@H]1CC[C@H]2CC(=O)CC[C@@H]2C1
15640306,C[C@@H]1CCO[C@H](C1)C2=CC=CC=C2
15662052,C1=CC=C(C=C1)CCC(=O)C2=CC=CN2
15663978,CCCCCCCCC[C@@H]1CCCC(=O)O1
15667721,CC(C)CCSSSCCC(C)C
15701285,CCC(C)C(=O)C(=O)CC
15703324,CCC(=O)OCCC1=CCC2CC1C2(C)C
15743318,CCCSSCC1=CC=CO1
15764428,NS
15790652,C1CC2CC1C3C2CC(C3)C=O
15824502,CC/C=C\CCC(=O)OCC
15825562,CCOC(=O)C1C(O1)C2=C(C=C(C=C2)C)C
15825563,CCOC(=O)C1C(O1)C2=C(C=C(C=C2)C(C)C)C(C)C
15825653,CC(C)OC1=C(C=CC(=C1)C=O)O
15897831,C=CCCC(=O)C(=C)C1CCCCC1
15928905,CCCCC=COC
15939567,C[C@H]1CC[C@H]2[C@@]13CC=C([C@@H](C3)C2(C)C)C
15984303,CC1=CCC(C1(C)C)/C=C/C(C)(C)C(C)O
16019974,CCCCCCCCCCC(=O)[O-]
16058296,CC(C)[C@@H](CCC(=O)C)/C=C/C(=C)C
16063533,CC1=CCC(C1(C)C)C(=C)CC(C)CO
16063567,CCC(=O)OCC(C)(C)OC(C)C1CCCC(C1)(C)C
16063805,CCCOC(=O)[C@H](C)OC(C)(C)CC
16070752,CCC(C)C1(COC(OC1)C2CCC(=CC2C)C)C
16081706,CC1=C(C(=O)C(CC1)(C)CC=C(C)C)C
16081707,CC1=CCCC(C1=O)(C)CC2=CC=CC=C2
16081708,CC1CC(C(=O)C(=C1)C)(C)CC=C(C)C
16204499,CSC/C(=C/C1=CC=CC=C1)/C=O
16204529,CC(C)CC(=O)OCCC(C)CCCC(=C)C
16204532,C1CCC(CC1)CC2=NC=CN=C2
16205025,CC1=C2C=CC=CC2=C(O1)C(=O)C
16205250,CCCCCCC(=O)OC(C)(CCC=C(C)C)C=C
16205306,CC(C)CC(CC1=CC=CC=C1)OC(=O)C
16205456,C/C=C(/C)\C(=O)OCCC(C)C=C
16205756,C/C=C/C(=O)OC(C)(C)CC1=CC=CC=C1
16205802,CCCC(=O)OC1=C(OC=CC1=O)CC
16205867,CCCCCCCCCCCCCCCCCC(=O)OC1CC(CCC1C(C)C)C
16205868,CCCC(=O)OC1CC(CC=C1C)C(=C)C
16206001,CCC(=O)OC(C)(C)CCCC(=C)C=C
16211114,CCCCCCCCCCCCCCCCCCCCCCCC(=O)NCCN1C=CC2=CC=CC=C21
16211141,C(C(=O)O)C(CC(=O)O)(CC(=O)O)O.N.[Fe]
16211231,CCCCCCCCCCCCCCCCCCCCCC(=O)NCCN1C=CC2=CC=CC=C21
16211283,COC1=CC2=C(C=CN=C2C=C1)[C@H]([C@@H]3C[C@@H]4CCN3C[C@@H]4C=C)O.O.O.Cl
16211350,CC1=CCC(CC1)C(C)(C)O.CC(=C)C1CCC(CC1)(C)O
16211403,CC1CCC(=O)C1=O.CC1=C(C(=O)CC1)O
16211610,COC1=CC2=C(C=CN=C2C=C1)[C@H]([C@@H]3C[C@@H]4CCN3C[C@@H]4C=C)O.COC1=CC2=C(C=CN=C2C=C1)[C@H]([C@@H]3C[C@@H]4CCN3C[C@@H]4C=C)O.O.O.OS(=O)(=O)O
16211649,CC(=O)OCC(CO)OC(=O)C.CC(=O)OCC(COC(=O)C)O
16211959,C1=CC2=C(C=CN2)C=C1N.Cl
16212702,CCCCCCCCCCCCCCCCC(=O)NCCN1C=CC2=CC=CC=C21
16213731,C[C@@H]1CC[C@@H]2[C@@H](C2(C)C)C3=C(CCC13)C
16217609,CC1(CCC(=O)O1)O
16218550,C[C@H](CCC(=O)C)O
16218600,CCCCCCCCCCCCCCCCCC(=O)OC[C@H]([C@@H]1[C@@H]([C@H](CO1)O)O)O
16218817,CC(C)C12CCC(C1C2)(C)O.O
16219042,C1=CC=C(C=C1)C(=N)N.O.Cl
16219128,C[C@@H]1[C@H](C([C@H](OC1CO)OC)O)O
16219612,C[C@]12C3=CC=CC=C3C[C@H](N1)C4=CC=CC=C24.C(=C\C(=O)O)\C(=O)O
16219735,C1CC1CN2CC[C@]34[C@@H]5C(=O)CC[C@]3([C@H]2CC6=C4C(=C(C=C6)O)O5)O.O.O.Cl
16219921,COC1=CC2=C(C=CN=C2C=C1)[C@@H]([C@H]3C[C@@H]4CCN3C[C@@H]4C=C)O.O.Cl
16220079,CCC(=O)O[C@@H]1CC2CCC1C2(C)C
16220080,CCCCC(=O)O[C@@H]1C[C@@H]2CC[C@]1(C2(C)C)C
16220102,CCC(C)COC(=O)C1=CC=CC=C1O.CC(C)CCOC(=O)C1=CC=CC=C1O
16220103,CCCCCCC(CCO)O.CCCCCCC(CCOC(=O)C)OC(=O)C
16220105,CCC1=NC(=CN=C1)C.CCC1=NC=C(N=C1)C
16220109,CC/C=C\CCOC(=O)/C(=C\C)/C
16220110,CC/C=C\CCOC(=O)/C=C/C
16220111,C[C@@H]1CC[C@@H]2[C@@]13C[C@H](C2(C)C)C(=C(C3)C(=O)C)C
16220118,CC1=C(N(C(=C1)CC(=O)[O-])C)C(=O)C2=CC=C(C=C2)Cl.[Na+]
16667664,C[C@H](C=O)[C@H]1CC[C@@](O1)(C)C=C
16680720,C[C@H](CCC1=CC=CC=C1)CC=O
16684434,CC[Hg]SC1=CC=CC=C1C(=O)[O-].[Na+]
16751504,CCC(=O)/C=C/[C@@H]1C(=CCCC1(C)C)C
16760285,C(CC(O)(P(=O)(O)O)P(=O)(O)[O-])CN.[Na+]
16760467,C([C@H]([C@H]([C@@H]([C@H](C(=O)[O-])O)O)O)O)O.[K+]
17156267,CC1=CC=CC=C1CNC(C)C
17245138,CC1=CC(=C(C=C1)CC(=O)OC)C
17755566,CC1CC[C@H]2C[C@@H]1C2(C)C
17785623,CCCCCCCOCCCC
17804473,CC(CCC1=CC=CC=C1OC)O
17822143,CCCC(=O)CS
17822157,CCCC(=O)CSC
17824126,CC1C2CCC(C2)(C1(C)C)C3(CCCCC3)O
17839535,CC(CCCC(C)CO)CCC=C(C)C
17839537,CC1C2=C(CCCC2(C)C)CCC1(C)C(=O)C
17867063,CC1C2=C(C=CC=C2OC1=O)C
17894801,CCOC1CCC(CC1)C
17940361,CCCCCOC1=NC=CN=C1
17977981,CCCOS(=S)C
18000835,CCCCC1=CN=CO1
18185507,CCC(S)SC(CC)S
18316924,CCCCC(C)C(C)(O)O
18320302,CC(C)CCCC1CCC(=O)CC1
18327837,CCCCC(C)CCC(=O)[O-]
18350017,CCCCCC(C)CCC(=O)[O-]
18356806,CCC(C)(C)C1CCC(C(C1)C)O
18363691,CC(=O)OC(C1=CC=CC=C1)O
18381284,CCCCCCCCCCOC(=O)C(=O)C
18386660,CC(C)(C(=O)[O-])C(=O)OC
18393302,C[C@@H](CCCC(=C)C)CO
18406334,C1CCCOC(=O)OCCC1
18442257,CC(C)CCOC1=NC=CN=C1
18459387,CCCCCCCCCCCCC1(CCCCC1)O
18462454,CC1=CN=C2C=CC=C2N1
18539813,CC1OCCC(S1)(C)C
18539814,CCC1OCCC(S1)(C)C
18598146,CCC1CCC2(CC1)CCC(=O)O2
18676664,CC1CCC(C(C1)OC(=O)CCC(=O)[O-])C(C)C
18677383,CC(C)(C)C1=C(C(=CC(=C1)C=O)[N+](=O)[O-])OC
18696447,CC(C)CCC(=O)OCC=C
18699577,CCC1=C2C=CC(=O)OC2=CC=C1
18705074,CC(C)C1=CC(=CC(=C1)C(=O)C)C(C)C
18728909,CCC(C)C(=O)OCCCCO
18730409,CC1C(OC(C(C1O)O)OC)CO
18757749,CC(C)CCCCOC(=O)C(C)C
18934410,CCCCCCCCCC(O)O
18955245,CC(CO)COC1CC2CCC1(C2(C)C)C
18971127,CC(CS)C(=O)[O-]
18974564,CCC(C)(C)C1CCC(CC1)OCC
19022215,CCCC(=O)OCCCCO
19071321,C1CCCC(CC1)CN.Cl
19612666,CCCCCCCC[NH+](C)C
19693163,CC(C)CCCCCCCCCCOC(/C=C(\C)/CCC=C(C)C)OCCCCCCCCCCC(C)C
19693405,CCCCCCCCCCCCOCCCCCCC
19693420,CCCCCCCCOCCCCCCC
19693430,CCCCCCCCCCCOCCCCCCC
19693442,CCCCCCCCCCOCCCCCCC
19693446,CCCCCCCCCOCCCCCCC
19702290,C1CCCCCOC(=O)CC(=O)OCCCC1
19737259,CCC(CS)C(=O)OCC
19782729,CC(=O)C1=NC=CO1
19792960,CCC1CC2CC1CC2OC
19802217,CC(C)C(C(=O)C)S
19812105,CC1=C(C(=C(C=C1)Cl)O)C
19820742,CCC(C)C(=O)S
19830424,CC1C2CC3CC1C(C(C2)C3=C)OC(=O)C
19838537,C1CCCCCCCC2C(O2)CCCCCC1
19857768,CCCC(=O)OC(C)CC1=CC=CC=C1
19872333,CCCC(=O)OC1=C(OC(C1=O)C)C
19876973,CCCCC1C(O1)C=O
19963983,CCC(OCC(C)C)OCC(C)C
19964035,CCC(OCC)OCC(C)C
19964037,CCC(OC)OCC
19986620,CC1=CC(=C(C(=C1)C(C)C)O)C
19989124,CCCCC(O)S
19993347,CCCCCCC1COCC(=O)O1
19993349,CCCCC1COCC(=O)O1
20033739,C/C=C/1\CC2CC1C(C2)OC(C)C
20055075,CC1=CC[C@@H]2[C@@H]3[C@H]1[C@]2(CC[C@H]3C(C)C)C
20055523,CC(C)[C@@]12CC[C@]([C@@H]1C2)(C)O
20065968,CCCCCC(CC)C(=O)[O-]
20069191,CCCCCCCOC(C)(CCC=C(C)C)C=C
20111969,CC(C)CC(=O)O[C@H]1C[C@H]2CC[C@@]1(C2(C)C)C
20140621,CCCCCCCCCCCCOS(=O)(=O)ON
20158044,CSCC1=CSC=C1
20183924,C/C=C(\C)/C(=O)OC1CCCCC1
20188073,CC1=CC(=CC(=C1C(C)(C)C)C)O
20239946,CC1CC(C=CC1C)C=O
20265471,CC(CC=C)C(=O)[O-]
20268659,CC1C=CC2(O1)C=C(CCC2C(C)C)C
20279352,CCOCC(=O)OCC1=CC=CC=C1
20332432,CC1=C(C(CCC1)(C)C)C(=O)CC(C)SC
20372966,CCCCCC(C(CCCC)S)O
20372968,CCCCCC(=O)C(CCCC)S
20380713,CCCCCCCCC1CCOC1=O
20381861,CSCC/C=C(/CSC)\C=O
20406943,CCOCCOC(C)C(=O)[O-]
20442793,CC1CC(C(O1)C)S
20448800,COCCCCCS
20456556,CC(C(=O)[O-])SC
20473563,CC(C)(C)C(CC/C=C/C=C)O
20514321,CCCCCC1OCCC(S1)CCC
20519097,CCCCC(C(CCC)S)O
20519098,CCCCC(=O)C(CCC)S
20523393,CC(CC=O)C1CCC(CC1)(C)O
20538510,C1CCCCCCOC(=O)OCCCCCC1
20557073,CC1=C(C(=C(C(=C1Cl)C)[N+](=O)[O-])C(C)(C)C)[N+](=O)[O-]
20560352,CCC(=O)C1=NC(=CS1)C
20569373,CC(=CC1(CCCC1)O)C
20729637,CCOCOCCC1=CC=CC=C1
20831169,CCOC1=C(C=C(C=C1)/C=C\C)OC
20831778,CC1=C(C(=CC=C1)C(C)C=O)C
20835074,C/C/1=C/C[C@@H]2[C@H](CC2(C)C)C(=C)CC[C@@H]1OC(=O)C
20836197,CC(/C(=C(/C)\C(=O)C)/C)C(C)(C)C
20836217,C/C=C(\C)/C(=O)OC/C=C(/C)\CCC=C(C)C
20836326,CCCC/C=C\CCOC(=O)CC
20837773,CC(=CC/C=C(/C)\CC=O)C
20838596,CCCCC/C(=C\C1=CC=CC=C1)/COC=O
20838597,CCCCC/C(=C\C1=CC=CC=C1)/COC(=O)CC(C)C
20846226,CC/C=C\CCC1CCCC(=O)O1
20848878,C1[C@@H]([C@H]([C@@H]([C@H]([C@@H]1NC(=O)[C@H](CCN)O)O[C@@H]2[C@@H]([C@H]([C@@H]([C@H](O2)CO)O)N)O)O)O[C@@H]3[C@@H]([C@H]([C@@H]([C@H](O3)CN
20848883,CN(C)CCN1C(=NN=N1)SCC2=C(N3[C@@H]([C@@H](C3=O)NC(=O)CC4=CSC(=N4)N)SC2)C(=O)O.Cl
20849290,CCC1CCC(C1)CCC(=O)O
20975449,CC=CC1=CCC(C=C1)OC
20976953,CCC=CC=C=CC(=O)C
20981461,CCCCCCC=CC=C
20982153,CC=C(C)C(=O)[O-]
21115836,CC(C(=O)OCCC1=CC=CC=C1)O
21116974,C[C@@H]1CC[C@@]2(O1)[C@@](CCCC2(C)C)(C)OC(=O)C
21117767,CC[C@H](C)SC(=O)CC(C)C
21118466,C[C@@H]1CC[C@H]([C@@H](C1)OC(=O)[C@H]2CCC(=O)N2)C(C)C
21118789,C[C@@H](CCC=C(C)C)CCOC(=O)CC(C)C
21120162,C[C@@H]1CC[C@@H]2[C@@]13C[C@H](C2(C)C)[C@]4(C(C3)O4)C
21149427,CC1=CC[C@H](C1(C)C)CCOC(=O)C
21156090,C1C=CC2C1C3CC2C(C3)OCC=O
21158617,C/C=C\CCCCC=O
21159448,CCOC(=O)CC/C=C\CC=C
21159742,CCC/C=C\CCOC(=O)C
21263168,CCCCCCCCCCCC(=O)OCCC(C)CCC=C(C)C
21290463,CC1CCC(CC1)C(C)CC=O
21290465,CC(C)C(C)CCCCCCCCC=O
21290466,C1CCC2CC(CCC2C1)CC=O
21290469,CC(C=C)C1CC(CC=C1)C=O
21290472,CC(CC=O)C(C)C1=CC=CC=C1
21290473,CCC(CCC1C(CCCC1(C)C)C)C=O
21290478,CC(C=C)C1CC(CC=C1)(C)C=O
21304742,CC1=NC(=CS1)CC(C)C
21310069,CC1CC[C@H]([C@@H](C1)O)C(C)(C)O
21397352,CC(CCC(=C(C)C)C)CC=O
21400548,CCC(=O)OCC1=CC=CC(=C1)C
21407712,CC(C)C1=CC(=CC(=C1)C=O)C(C)C
21470922,CCCCCCCCOC(=O)CC(=O)[O-]
21475824,CC(C)CCOC(=O)C1=CC(=C(C=C1)O)OC
21482697,CCCCOC(=O)C(C(C(=O)[O-])O)O
21492476,CCC1=COC(=O)C=C1
21517141,CCCCCCCCCCC(=O)OCCCCCCC
21545434,CCCCSSS
21546135,CC(C1=CC=CO1)SC
21554588,CC1=NC=C2COCC2=N1
21554596,CC1C2=NC(=NC=C2CO1)C
21576247,CC(C)CCCC1CCCCC1=O
21576622,CCC/C=C\C(=O)CC
21577653,CCCOC(C1=CC=CC=C1)C(=O)O
21590956,CC1CCCC[NH2+]1
21596343,CC(=CCC/C(=C\CC/C(=C\C=O)/C)/C)C
21601558,CC1=CC[C@H](CC1)[C@H](C)CC=O
21606187,CC1=CC2C(=C(CO2)C)CC1
21606866,CC/C=C\CCCOC(=O)C
21608333,CC1C(=C(C(=O)O1)OC(=O)C)C
21614604,CCCCC(CC)CCC(=O)[O-]
21630934,C[C@H]1CC[C@H]([C@H](C1)OC(=O)C)C(C)C
21660211,CCC(C)C(=S)OCC
21678646,CC(C)(C)C1=C(C=C(C=C1)OC)OC
21683568,CCCCCCOC1=CC=CC=C1C
21687936,CCCCCCCCCCCCCCC(=O)OCC(C)C
21711032,CCOCC.COC1=C(C=CC(=C1)CC=C)O
21713511,CCCOC(=O)C(CC)C1=CC=CC=C1
21717825,C[C@@H]1CCC[C@@]2([C@]1(CCCC2)O)C
21719909,CC(CN)[NH3+]
21723991,C[C@@H]1CC[C@@H]2[C@@]13C[C@H](C2(C)C)[C@H](C(=O)C3)C
21773712,CC(C)CC1SC(SS1)CC(C)C
21815789,CCCCC1(OC2=CC=CC=C2O1)CCCC
21856063,CC(=C(C)C1CCCCO1)C
21860045,C1=CC(=CC=C1C=O)[O-]
21868199,CCCCOC(=O)CCC(=O)[O-]
21872276,C=CCOC(=O)/C=C/C(=O)[O-]
21885334,C1CCCCOC(=O)OCCC1
21885484,C1CCCCCOC(=O)C(=O)OCCCC1
21894285,CC(C)COC(=O)C1=CC=CC=C1C(=O)[O-]
21902650,CCCCC/C=C/C(=O)[O-]
21904025,CCCCOC(=O)C(=O)[O-]
21909228,CCC12CCC3C(CCCC3(C1CCO2)C)(C)C
21909238,CC(C(C)O)C(=C)C(C)C(C)(C)C
21918450,CCCCC(CC)CCC=O
21923985,COC(=O)C(=O)[O-]
21932488,CCCCC1(CCCCC1)OC(=O)C
21932507,CCCCCCCCCCCCC(=O)[O-]
21940650,CCCCCCCOC1=CC=CC(=C1)C
21940939,CC1=CC=CC=C1SSC
21947120,CCCC/C=C(/CC)\C=O
21951529,CCOCCCC(=O)[O-]
21954307,C1CCCOC(=O)OCC1
22011445,CCCCC(OCCCC)OCCCC
22011447,CCCCCC(OCCCCC)OCCCCC
22011448,CCCCCOC(CCCC)OCCCCC
22011559,C1CCCCCCOC(=O)OCCCCC1
22011560,C1CCCCCOC(=O)OCCCCC1
22027571,C1=CC=C2C(=C1)C(=O)N(S2(=O)=O)N
22034852,C=CCOC(=O)CC1CCCCC1
22034999,CCCCCCOC(=O)/C=C/C=C/C
22035475,COC1=C(C=CC(=C1)COC(=O)C2=CC(=C(C=C2)O)OC)O
22035484,CC(CCC=C(C)C)CCOC(CC1=CC=CC=C1)OC
22035486,C1CCC(CC1)OC(=O)C(=O)[O-]
22035492,CC(C)(CCC1=CC=CC=C1)C(=O)OC
22057022,CCCCOC(=O)CC(=O)[O-]
22063486,CC(C)C1=CC=C(C=C1)CC(C)(C)O
22082179,CCC(C)C(=O)OC1CC2CCC1(C2(C)C)C
22137709,COC1=CC=CC=C1C(=O)OOC
22140701,C1CCC(CC1)CC(=O)[O-]
22150013,CCCC(=O)C(CC)SC
22150015,CCCCCC1=NC=CS1
22169126,CCCCCCCCCCCCCCC(=O)[O-]
22169177,CCCC(=O)OCCCCC(C)C
22169181,CCCCCCCCCCCCCC(=O)OCCCCCCC
22173957,CCCCC(C)C(=O)[O-]
22173963,CCC(C)CC(=O)[O-]
22174055,CCCC(C)C(=O)[O-]
22182802,CCC(C(=O)OC1CC(CCC1C(C)C)C)O
22182954,CC(C)CCCCOC(=O)C
22213645,CCOC(=O)CC(C)SC
22219099,CCC1=CCCC(C12C=CC(O2)C)(C)C
22235151,CC(OCCOC)OCC1=CC=CC=C1
22251515,CCCOC(=O)C(C)S
22253297,CCC(C)C(=O)[O-]
22297788,CCCCCCOC(=O)/C(=C\C)/C
22311498,CCCCCCCCCCOC(=O)/C=C/C
22320909,CC(CCC=C(C)C)CCOC=C
22321042,CCCCCCOC(=O)C(CC)S
22321363,C(=O)C(=O)C(=O)[O-]
22336876,CC(CC1=CC=CC=C1)COC
22462059,CCC(=O)OCC1=CC=C(C=C1)C
22472261,CCCOS(=O)(=S)CCC
22472763,CCCCCC(C)C(=O)[O-]
22476645,CC(C)CC1CCCC(C1)(C)O
22479317,CC1=C(C=CN=C1CS(=O)C2=NC3=CC=CC=C3N2)OCCCOC.[Na+]
22486853,CCCC(C1=CC=C(C=C1)C(C)C)O
22507249,CC(=O)CC1=CC=CN1
22561626,CC1CCC(=C(C)C)C(=O)C1CC=C
22620524,CC1=CC=C(C=C1)CCC(C)O
22627811,C1CCCCCCCCNCCCCCCC1
22726404,CC1=CCCC(C1C/C(=C(\C)/C=O)/C)(C)C
22726415,CCOC(=O)C1C(O1)(C)C=CC2C(=CCCC2(C)C)C
22728845,CC1CCC2=C(C1)OC(=O)C2C
22750490,C1CCCCC(=O)OCCOC(=O)CCCC1
22752913,CC(C)COC(=O)C(C)C1=CC=CC=C1
22757845,CCCCCC(CC)OC=O
22768668,CCCCCCCOCC(C)C
22768675,CC1=C(C=C(C=C1)C(=C)C)OC
22814120,C([C@H]([C@H]([C@@H]([C@H](C=O)O)O)O)O)O.O
22833874,CCC(C)C1C(=O)NC(C(=O)NC(C(=O)NC(C(=O)NC(C(=O)NC(C(=O)NC(C(=O)NC(C(=O)NC(C(=O)NC(C(=O)NCC(=O)NC(C(=O)NC2CSSCC3C(=O)NC(C(=O)NC(C(=O)NC(C(=O)NC
22850716,C[C@@]12CCCC([C@H]1CC[C@]3([C@@H]2CCO3)C)(C)C
22860560,CC1=CC[C@H](C1(C)C)/C=C/C(C)(C)[C@H](C)O
22928293,CCC1(COC(=O)O1)C
22952976,CC(=O)CSSC
22973762,CC(C)CCOC(=O)C(C)C1=CC=CC=C1
22976662,CCOC(C)OC1=CC=C(C=C1)C
23037164,CC(C)C=NCC1=CC=CO1
23039305,CCSC(C)CCO
23070547,CCCCCCCCCCC(=O)OCCCCCC
23179914,CC(=O)CC1=NC=CS1
23190865,CCOCCCCCC(=O)[O-]
23268340,CC1CCC(CC1)C(C)(C)C(=O)OC
23271222,CCCCC(CC)CC(=O)OC=C
23278397,CC(C)C(C(=O)OC)[NH3+]
23278399,CCC(C)C(C(=O)OC)[NH3+]
23341028,CC(C)C1CCC(CC1=O)(C)S
23346215,CCOC(=O)COCCCC1=CC=CC=C1
23377482,CC1C=CC2=NC=CN=C12
23383487,CCCCC1=C(N=C(S1)C)C
23423984,CC1=C(SC=[N+]1CC2=CN=C(N=C2N)C)CCO.[Cl-]
23424256,CCC1CCC(O1)O
23431529,CCCC(CS)O
23452781,CC1=CC(C=C(C1=O)C)(C)C
23497922,CCC(C)C(=O)OCC(C)O
23502647,CC(C)(CCCC1CCC(CC1)C=O)O
23519722,CC(=CCC/C(=C/COC(=O)C1=CC=CO1)/C)C
23616652,CCCC(=O)OCC[C@@H](C)CCC=C(C)C
23616937,CC1CC(C2(C1C2)C(C)C)O
23617539,CCCCC[C@H]1OC[C@@H](O1)C
23617864,CCC(=O)O[C@@H]1C[C@H]2CC[C@@]1(C2(C)C)C
23618097,C[C@@H]1C(=O)C(=C(O1)C)O
23623651,CC(C)CC(=O)O[C@@H]1C[C@@H]2CC[C@]1(C2(C)C)C
23623724,C[C@@H](CCCC(=C)C)CCOC(=O)CC1=CC=CC=C1
23623867,C[C@]12CC[C@H](C1(C)C)C[C@@H]2OC=O
23623868,C[C@@]12CC[C@@H](C1(C)C)C[C@H]2OC=O
23624155,C[C@@H]1CC[C@@]2(O1)[C@](CCCC2(C)C)(C)O
23662354,C(CS(=O)(=O)[O-])S.[Na+]
23662757,C[C@H](CCC(=O)NCCS(=O)(=O)[O-])[C@H]1CC[C@@H]2[C@@]1(CC[C@H]3[C@H]2CC[C@H]4[C@@]3(CC[C@H](C4)O)C)C.[Na+]
23663959,CC1=C(C(=C(C=C1)Cl)NC2=CC=CC=C2C(=O)[O-])Cl.O.[Na+]
23663979,CC1([C@@H](N2[C@H](S1)[C@@H](C2=O)NC(=O)[C@@H](C3=CC=CC=C3)N)C(=O)[O-])C.[Na+]
23664008,C[C@H](CCC(=O)NCCS(=O)(=O)[O-])[C@H]1CC[C@@H]2[C@@]1(CC[C@H]3[C@H]2[C@@H](C[C@H]4[C@@]3(CC[C@H](C4)O)C)O)C.[Na+]
23664011,C[C@H](CCC(=O)NCC(=O)[O-])[C@H]1CC[C@@H]2[C@@]1(CC[C@H]3[C@H]2[C@@H](C[C@H]4[C@@]3(CC[C@H](C4)O)C)O)C.[Na+]
23665591,C1[C@@H]2N(C1=O)[C@H](/C(=C/CO)/O2)C(=O)[O-].[K+]
23666342,C(C(C(=O)[O-])O)(C(=O)O)O.[K+]
23666711,CN1C(=NN=N1)SCC2=C(N3[C@@H]([C@@](C3=O)(NC(=O)CSCC#N)OC)SC2)C(=O)[O-].[Na+]
23666879,CCN1CCN(C(=O)C1=O)C(=O)N[C@H](C2=CC=CC=C2)C(=O)N[C@H]3[C@@H]4N(C3=O)[C@H](C(S4)(C)C)C(=O)[O-].[Na+]
23667299,CC[C@]1(CC[C@@H](O1)[C@@]2(CC[C@@]3(O2)C[C@@H]([C@H]([C@H](O3)[C@@H](C)[C@H]([C@H](C)C(=O)[O-])OC)C)O)C)[C@H]4[C@H](C[C@@H](O4)[C@@H]5[C@H](
23667300,CO[C@@]1([C@@H]2N(C1=O)C(=C(CS2)COC(=O)N)C(=O)[O-])NC(=O)CC3=CC=CS3.[Na+]
23667631,CC1=C(C(=NO1)C2=CC=CC=C2)C(=O)N[C@H]3[C@@H]4N(C3=O)[C@H](C(S4)(C)C)C(=O)[O-].[Na+]
23668193,N(=O)[O-].[Na+]
23668622,C(CC(=O)[O-])C(C(=O)O)N.[Na+]
23668834,CC1([C@@H](N2[C@H](S1)[C@@H](C2=O)NC(=O)CC3=CC=CC=C3)C(=O)[O-])C.[Na+]
23670319,CO/N=C(\C1=CC=CO1)/C(=O)N[C@H]2[C@@H]3N(C2=O)C(=C(CS3)COC(=O)N)C(=O)[O-].[Na+]
23670359,CCCCCN(C)CCC(O)(P(=O)(O)O)P(=O)(O)[O-].[Na+]
23671691,C[C@]12CCC(=O)C=C1C=C[C@@H]3[C@@H]2CC[C@]4([C@H]3CC[C@]4(CCC(=O)[O-])O)C.[K+]
23672566,CC(=O)OCC1=C(N2[C@@H]([C@@H](C2=O)NC(=O)/C(=N/OC)/C3=CSC(=N3)N)SC1)C(=O)[O-].[Na+]
23673663,C(C(=O)C(=O)[O-])S.[Na+]
23673839,CC=CC=CC(=O)[O-].[K+]
23675317,CC(C(=O)N[C@H]1[C@@H]2N(C1=O)[C@H](C(S2)(C)C)C(=O)[O-])OC3=CC=CC=C3.[K+]
23675320,CC1=C(C(=NO1)C2=CC=CC=C2Cl)C(=O)N[C@H]3[C@@H]4N(C3=O)[C@H](C(S4)(C)C)C(=O)[O-].[Na+]
23675321,CC(=O)OCC1=C(N2[C@@H]([C@@H](C2=O)NC(=O)CC3=CC=CS3)SC1)C(=O)[O-].[Na+]
23675322,CC1=NN=C(S1)SCC2=C(N3[C@@H]([C@@H](C3=O)NC(=O)CN4C=NN=N4)SC2)C(=O)[O-].[Na+]
23675324,C[C@H](C1=CC2=C(C=C1)C=C(C=C2)OC)C(=O)[O-].[Na+]
23675786,CC1=C(C(=NO1)C2=C(C=CC=C2Cl)Cl)C(=O)N[C@H]3[C@@H]4N(C3=O)[C@H](C(S4)(C)C)C(=O)[O-].O.[Na+]
23676745,C/C=C/C=C/C(=O)[O-].[K+]
23677829,CC1=CC=C(C=C1)C(=O)C2=CC=C(N2C)CC(=O)[O-].O.O.[Na+]
23679527,CC(C)N1C2=CC=CC=C2C(=C1/C=C/[C@@H](C[C@@H](CC(=O)[O-])O)O)C3=CC=C(C=C3)F.[Na+]
23681233,CCCCCN(CCCCC)C(=O)C(CCC(=O)[O-])NC(=O)C1=CC(=C(C=C1)Cl)Cl.[Na+]
23685176,CC1([C@@H](N2[C@H](S1)[C@@H](C2=O)NC(=O)[C@@H](C3=CC=CC=C3)NC(=O)N4CCNC4=O)C(=O)[O-])C.[Na+]
23687511,C[C@H](CCC(=O)NCCS(=O)(=O)[O-])[C@H]1CC[C@@H]2[C@@]1([C@H](C[C@H]3[C@H]2[C@@H](C[C@H]4[C@@]3(CC[C@H](C4)O)C)O)O)C.O.[Na+]
23687514,CCNC1=C(C=C(C=C1)/C(=C/2\C=CC(=NCC)C(=C2)C)/C3=C(C=C(C=C3)S(=O)(=O)[O-])S(=O)(=O)O)C.[Na+]
23690471,C[C@@H]1[C@@H](CC[C@]2(C1CC[C@]3([C@H]2[C@@H](C[C@@H]\4[C@@]3(C[C@@H](/C4=C(/CCC=C(C)C)\C(=O)[O-])OC(=O)C)C)O)C)C)O.[Na+]
23702150,C[C@H](CCC(=O)NCCS(=O)(=O)[O-])[C@H]1CC[C@@H]2[C@@]1([C@H](C[C@H]3[C@H]2CC[C@H]4[C@@]3(CC[C@H](C4)O)C)O)C.O.[Na+]
23702152,C(CS(=O)(=O)[O-])NC(CO)(CO)CO.[Na+]
23702958,C1[C@@H]2[C@H]([C@H]([C@@H](O2)N3C4=NC=NC(=C4N=C3Br)N)O)OP(=O)(O1)[O-].[Na+]
23704143,CCOC1=C(C2=CC=CC=C2C=C1)C(=O)N[C@H]3[C@@H]4N(C3=O)[C@H](C(S4)(C)C)C(=O)[O-].O.[Na+]
23724817,CCN(CC)CCNC(C1=CC=CC=C1)C(=O)OCCC(C)C.Cl.Cl
23760132,CCC(C)[C@H]1C(=O)N[C@H](C(=O)NC(=C)C(=O)N[C@H](C(=O)N[C@]23CCC(=N[C@H]2C4=CSC(=N4)[C@H]([C@H](OC(=O)C5=NC6=C(C=C[C@H]([C@@H]6O)N1)C(=C5)[C@H
23760137,C1=NC(=NC(=O)N1C2[C@@H]([C@@H]([C@H](O2)CO)O)O)N
23760140,CC(=O)N[C@@H](CC(=O)N[C@H](CCC(=O)O)C(=O)O)C(=O)O
23817954,C[C@@H]1C/C=C/C=C/[C@@H]([C@@H](C[C@@H]([C@@H]([C@H]([C@@H](CC(=O)O1)OC(=O)C)OC)O[C@H]2[C@@H]([C@H]([C@@H]([C@H](O2)C)O[C@H]3C[C@@]([C@H]([C
23958199,CN[C@H]1[C@H](C2[C@H](C[C@H]([C@H](O2)O[C@@H]3[C@H](C[C@H]([C@@H]([C@H]3O)O)N)N)N)OC1O[C@@H]4[C@@H]([C@H]([C@@H]([C@H](O4)CO)N)O)O)O
24041599,CC(=C)[C@H]1[C@@H]2[C@@H]3[C@@]4([C@](C1C(=O)O2)(CC5[C@]4(O5)C(=O)O3)O)C
24253928,CCC(C)(C)C1=CC=C(C=C1)OCC=O
24715027,CCCC(=O)N1CCC2(CC1)NC3=C(C=CC=C3C(=O)N2)C
24721103,C[C@]1(CO[C@H]([C@@H]([C@@H]1NC)O)O[C@@H]2[C@H](C[C@H]([C@@H]([C@@H]2O)OC3C(CC=C(O3)CN)N)N)N)O.OS(=O)(=O)O
24721356,C[C@H]1[C@H]([C@@](C[C@@H](O1)O[C@@H]2[C@H]([C@@H](C(O[C@H]2OC3=C4C=C5C=C3OC6=C(C=C(C=C6)[C@H]([C@H](C(=O)N[C@H](C(=O)N[C@H]5C(=O)N[C@@H]7C8
24755581,CCC(C)(CCCC(C)C=O)OC
24758199,CC1CCC2C13CCC(C(C3)C2(C)C)(C)OC
24775797,C1=CC=C2C(=C1)C3=C(S2)C(=O)N4C=C(C=CC4=N3)F
24785154,CCC[C@H](CC1=CC=CC=C1)O
24832089,CC1=C(C=CO1)SSSSC2=C(OC=C2)C
24847851,CCCCC1COC(=O)CO1
24847856,CC1C(C(C(C(O1)CO)O)OC2C(C(C(C(O2)COC3C(C(C(CO3)O)OC)O)O)OC)O)O
24850347,C[C@H](CCCC(C)C)[C@H]1CCC2[C@@]1(CCC3C2CCC4=C[C@H](CC[C@]34C)NCCCCCCO)C
24856164,C[C@H](CCC(=O)NCC(=O)O)[C@H]1CC[C@@H]2[C@@]1([C@H](C[C@H]3[C@H]2[C@@H](C[C@H]4[C@@]3(CC[C@H](C4)O)C)O)O)C.O
24871267,CCCCNC1=C2C=NN(C2=NC(=C1C(=O)OCC)C)CC.Cl
24884162,C=CCOC(=O)/C=C\C1=CC=CC=C1
24884216,CCCCOC(=O)[C@H](C)OC(=O)CCC
24884263,C1=CC=C(C=C1)/C=C\COC=O
24884265,CC(C)CC(=O)OC/C=C\C1=CC=CC=C1
24884268,C[C@H](CCC=C(C)C)CCOC(=O)C(C)C
24886802,C1CCN2CCN(C[C@H]2C1)C3=C(C=C(C=C3F)C(=O)C4=CC=CC=C4)F
24976875,C/C(=C\CCC(=C)C=C)/CC/C=C(/C)\C=O
24978034,CC(CCCCC(=C)C)O
25021773,C[C@@H](C(=O)NCCO)O
25021842,CC(=CCC[C@@](C)(C=C)OC(=O)C1=CC=CC=C1)C
25021845,CC(=CCC[C@@](C)(C=C)OC=O)C
25021847,CC(C)CC(=O)O[C@@](C)(CCC=C(C)C)C=C
25021984,CC(C)C(=O)O[C@@](C)(CC/C=C(\C)/CCC=C(C)C)C=C
25022092,C/C=C\C=C/C(=O)[O-].[K+]
25022112,CCCCCCCCCCCCCCCCCC(=O)OC[C@H](C)O
25022271,C[C@@H](CCO)CC(C)(C)C
25076627,C=CCC1CC2CCCCC2C(C1)O
25102585,CC1=C(C(=NO1)C2=C(C=CC=C2Cl)F)C(=O)N[C@H]3[C@@H]4N(C3=O)C(C(S4)(C)C)C(=O)[O-].[Na+]
25102587,CCN(CC)CCOC(=O)C1(CCCC1)C2=CC=C(C=C2)[N+](=O)[O-].Cl
25113548,CCC(=O)OCC[C@@H](C)CCCC(=C)C
25113577,CC1=CC[C@H](CC1)C(C)(C)OC=O
25137775,C1CCN(CC1)CCC(C2C[C@H]3C[C@@H]2C=C3)(C4=CC=CC=C4)O.Cl
25201573,C1=C(NC=N1)CC[NH3+]
25203051,CC1=C(C(=C(O1)C)OC)[O-]
25230711,CC1CC2C(C3CC2(C1)CC(C3=C)O)(C)C
25244225,C([C@@H]1C([C@@H](C(C(O1)O)NS(=O)(=O)[O-])O)O[C@H]2C([C@H](C(C(O2)C(=O)[O-])O)O)OS(=O)(=O)[O-])OS(=O)(=O)[O-]
25420362,C[C@H]1CC[C@@]2(C(=CCC[C@]2([C@@H]1OC=O)C)C)C
25922238,C1C[C@@H](OC1)COC(=O)/C=C/C2=CC=CC=C2
26176660,CCC[C@H](CCOC(=O)C)S
26437435,CC(=CCC[C@@](C)(C=C)OC(=O)/C=C/C1=CC=CC=C1)C
27234773,CC1=C[C@@H]2[C@@H](C2(C)C)C[C@H]1C(=O)C
27661502,C[C@H](CS)S
28766146,CC/C=C/C=C\CO
29921502,CC[C@H]1C(=C(C(=O)O1)O)C
29933335,C[C@H]1C(=N[C@H](S1)CC(C)C)C
36689269,C/C=C/C(=O)OC/C=C(/C)\CCC=C(C)C
36690113,CCCC(=O)O[C@](C)(CCC=C(C)C)C=C
36690114,CC(C)C(=O)O[C@](C)(CCC=C(C)C)C=C
36690301,CC[C@@H](C)CC[C@@](C)(CC)O
36690473,CCCCCC[C@@H]1OC[C@@H](O1)C
36690531,CC(=CCC/C(=C/CC[C@](C)(C=C)OC(=O)C)/C)C
36690979,C[C@H](CCCC(=C)C)CCOC(=O)C
36691172,CCC(=O)OC[C@H]1CCCO1
36691376,CC(C)(C1=CC=C(C=C1)OC)C(=O)[O-]
37030015,CC[C@H](C)[C@@H]1N=C([C@@H](S1)C)C
37030033,CC[C@H]1N=C([C@H](S1)C)C
37888384,CCCCC(=O)[C@@H](CCC)SC1=C(OC=C1)C
37888397,C[C@H](CCC=C(C)C)CCOCC=O
38988229,CCCC(=O)[C@H](CC)SC1=C(OC=C1)C
38988368,CC1=CCCC([C@@H]1CCC(=O)C)(C)C
38988527,CCCCC[C@@H](C=C)OC(=O)CCC
38988673,CC/C(=C/CC[C@](C)(C=C)O)/C
38988792,C[C@@H](CCOC(=O)C)CC(C)(C)C
38988819,CC[C@@H](C)COC(=O)C
38988932,C1CC[C@H]2[C@H](C1)CCC(=O)O2
38989038,C[C@H](CCCC(C)(C)O)CC(OC)OC
38989047,C[C@H](CCC=C(C)C)CCOC=O
38989050,C1CCC(CC1)[C@H]2CCCCC2=O
38989281,CCCCCC[C@@H](CCOC(=O)C)O
39235789,CC(C)[C@H](C=O)C1=CC=CC=C1
40152660,CCC[C@@H](C(=O)CCC)O
40418649,C/C=C(\C)/C(=O)OCC[C@H](C)CCC=C(C)C
40425657,CC[C@@H](C)C(=O)N(C)C1=CC=CC=C1
40428229,C[C@H](C=O)C1=CC=C(C=C1)C(C)C
40428507,C[C@H](CCCC(=C)C)CCOC(=O)CC(C)C
40428776,CCCCC[C@H](/C(=C/CC)/C)O
40471254,C[C@@H](CCC[C@H](C)CCC[C@@](C)(C=C)O)CCCC(C)C
40489607,CC(C)(CCCC1=CC[C@H](CC1)C=O)O
40489608,CCCCCC[C@@H](C(=O)C)C(=O)OCC
40523248,CCC[C@H](C)S
40523249,CC[C@@H](CS)S
40565487,CCCCC[C@@H](/C(=C/CC)/C)O
40566389,CCOC(=O)C(=O)OCC[C@@H](C)CCC=C(C)C
40566544,CCO[C@H](C)OCC(C)C
40775266,CCOC(=O)/C=C/C=C\C
42552953,CCC(C)(CC)CCC(C(=O)OC)C(=O)OC
42580086,CC(C)CCOC(=O)C[C@H](C(=O)OCCC(C)C)S
42599902,C[C@@H](C1CCC(CC1)C(C)C)O
42635449,CC(=O)OCCCCCCSC(=O)C
42643218,C1=CC=C(C=C1)CC(C2=CNC3=CC=CC=C32)C4=CNC5=CC=CC=C54
43126912,CCCCCCCCOCC(=O)OCC
44120005,C(CN(CC(=O)[O-])CC(=O)[O-])N(CC(=O)O)CC(=O)O.O.O.[Na+].[Na+]
44134940,C1=CC=C2C(=C1)C(=O)[N-]S2(=O)=O.C1=CC=C2C(=C1)C(=O)[N-]S2(=O)=O.O.[Ca+2]
44135575,CCC(=CC)C(=O)OCC=C(C)CCC=C(C)C
44145443,CC1([C@H]2CC1CC=C2C=O)C
44145813,CC1C2C3CCC(C3)C2C(=C1C)OC
44152305,CC1=CC[C@@H](CC1)C(C)(C)S
44152604,CC/C=C\CCOC(=O)C1CC1
44153588,CCCC(=O)OC1C=CC2C1C3CCC2C3
44153717,CC1COC(O1)C(C)CCC=C(C)C
44154128,C[C@@H]1CC[C@H]2[C@H](C2(C)C)C13COC(OC3)(C)C
44256573,C[C@@H](CC/C=C(\C)/CCC=C(C)C)CC=O
44443281,C/C=C/C=C/C(=O)OCCC(C)C
44630408,CC/C=C\C/C=C/CCO
45073398,CCOC1=CC=CC=C1O[C@H]([C@H]2CNCCO2)C3=CC=CC=C3.CS(=O)(=O)O
45086247,CC(=O)C1=CC[C@@H]2C=CC[C@@H]2C1
45090163,C[C@@]1(CCC=CC1)C(=O)OC
45105106,CC(CCC=C(C)C)NC.CC(CCC=C(C)C)NC.C(C(C(C(=O)O)O)O)(C(C(=O)O)O)O
45105107,CC1(C(N2[C@H](S1)[C@@H](C2=O)NC(=O)COC3=CC=CC=C3)C(=O)O)C.CC1(C(N2[C@H](S1)[C@@H](C2=O)NC(=O)COC3=CC=CC=C3)C(=O)O)C.C1=CC=C(C=C1)CNCCNCC2=CC
45121670,CC(=O)CCC1=NC=CS1
45791021,CC1(CC1(CNC)C2=CC=CC=C2)C
46195362,CCCC1OCCC(S1)C
46779070,CC(C)CCC(=O)SC
46779102,CCCCCC(=O)OCCCSC
46779104,CSCCCOC(=O)CS
46941523,CC(C)CC1NC(SC(S1)CC(C)C)CC(C)C
50986185,C[C@H]1CC[C@@H]([C@@H]2C1=CCC(=C2)C)C(C)C
51063134,COCC1[C@H](C(C(C(O1)OC)OC)OC)O[C@H]2C(C(C(C(O2)COC)OC)OC)OC
51371362,C[C@@H]([C@@H](C1=CC(=CC=C1)O)O)N.[C@@H]([C@H](C(=O)O)O)(C(=O)O)O.[C@@H]([C@H](C(=O)O)O)(C(=O)O)O
51371403,C1CN(CCC1C(=O)C2=CC=C(C=C2)F)CCN3C(=O)C4=CC=CC=C4NC3=O.[C@@H]([C@H](C(=O)O)O)(C(=O)O)O.O
51371405,CN1C(=NCCC1)/C=C/C2=CC(=CC=C2)O.CN1C(=NCCC1)/C=C/C2=CC(=CC=C2)O.C1=CC=C2C(=C(C(=CC2=C1)O)C(=O)O)CC3=C(C(=CC4=CC=CC=C34)O)C(=O)O
51371412,C[N+]1([C@H]2CCC1CC(C2)OC(=O)C(CO)C3=CC=CC=C3)C.[N+](=O)([O-])[O-]
51371415,C1[C@H]([C@@H]([C@H](C([C@H]1N)O[C@@H]2[C@@H]([C@H]([C@@H]([C@H](O2)CN)O)O)N)O[C@H]3[C@@H]([C@@H]([C@H](O3)CO)O)O)O)N.OS(=O)(=O)O
51371427,C1[C@H]([C@@H]([C@H]([C@@H]([C@H]1N)OC2[C@@H]([C@H]([C@@H]([C@H](O2)CO)O)O)N)O[C@H]3[C@@H]([C@@H]([C@H](O3)CO)O[C@@H]4[C@@H]([C@H]([C@@H]([C
51371441,C[C@@]12CCN([C@H]1N(C3=C2C=C(C=C3)O)C)C.C(=C/C(=O)O)\C(=O)O
51380980,C[C@@H](CC=O)CC(C)(C)C
51382060,CCC[C@H](CCOC(=O)C)SC
51385347,CC(=CCC/C(=C/C[C@@H]1CCCC1=O)/C)C
51387026,CCCC(=O)OC[C@@H]1CCCO1
51664163,CCC[C@@H](CC=O)SC
51664730,C[C@H](CC(=O)C)SCC1=CC=CO1
53230316,CC1=CC(=C(O1)C)SC(=O)C2=COC=C2
53374958,CC1=C(C(=NO1)C)CN2C=C(C=N2)N3C(=O)C(N(C3=O)CC4=CC(=CC=C4)O)(C)C
53395088,CCC=C(C)C(=O)[O-]
53395715,C1=COC(=C1)C=CCO
53397162,CC=CC1=CC2=C(C(=C1OC)OC)OCO2
53397165,CC=CC1=CC(=C2C(=C1OC)OCO2)OC
53400675,CC1(CCCO1)S
53400736,CC1CN=C2C=CC=C2N1C
53401195,CCCC=CCCCCC(=O)O
53401860,CCCCCCCCCC=CC(=O)OCC
53411110,CCCCCCCCCC(=O)OOCC
53411112,CCCCCC=CCCC(=O)[O-]
53421444,CCCCC(OCC(C)C)OCC(C)C
53422437,CCCCCOC(CCC)OCC
53422438,CCCOC(C(C)C)OCC
53422473,CCCCCCOC(C)OCCC(C)C
53422863,CC(=CCCC(=CC(C)(C)O)C)C
53422899,CC(C)C=C(C)C(=O)O
53423725,CC=CC=CC(=O)OC(=C)C
53423848,CC1=NC=C(N=C1C)C(=O)C
53424309,CCCCCCCC=C(CCCCCC)C=O
53425122,CCCSSSCC
53425201,CC1CC2C(C2(C)C)CC1=CCC#N
53426133,CC1=C(C(=C(C=C1)C)C=CC(=O)C)C
53426546,CC1C(=O)C(=C(O1)C)C(=O)C
53427914,CCC(C)COC(C)OCC
53428090,CCCCOC(C)OCCC(C)C
53428112,CCOC(C(C)C)OCCC(C)C
53428150,CCCCCOC(C)OCCC(C)C
53428586,CCOC(=O)C(C)C=CC
53428828,CC(=C)CCOC(=O)C(C)(C)C
53430550,CCCC=CC(=O)[O-]
53435896,CCCCCC1COC(=O)CO1
53436656,CCCCCCOC(=O)C=CCCCCC
53437836,CCCCCCCCCOC(=O)CCCCCC
53438915,CCCC=CO
53438990,CC(=CCCC1(C2CC3C1(C3C2)C)C)C=O
53445325,CCCCCC=C(C)O
53471638,CC(C)CC(=O)SCC=C(C)C
53630039,CCOC([O-])[O-]
53649670,CCCCC=COC(=O)C1=CC=CC=C1
53664107,CCOC1=CC=C(C=C1)C=CC
53666773,CCCC=CC(=O)CCC(C)C
53680649,CCCCC=COC(=O)C=CCCC
53683233,CCCC=CCCCCC=O
53686594,CCCCOCCOC(C1=CC=CC=C1)OCCOCCCC
53689298,C1CCCOC(=O)C=CCC1
53698302,CCCCCC(=CC1=CC=CC=C1)C
53711837,CCCCCCCC=COC(=O)C
53713991,CC(=C)[C@@H]1CCC(=C)[C@@H](C1)OC(=O)C
53722795,CC(=C(C)CCC(=CC=O)C)C
53761233,CCCCCC=CCC=CCO
53763665,CCCC=CC=CC=CC=O
53781394,C1=CC=C(C=C1)CC(O)OCC2=CC=CC=C2
53830717,C1=CSC(=C1)C(=O)CCO
53837915,CC=CCSCC=CC
53846067,CCC=CC1=CC=CC=N1
53859205,CCCCCC(=S)OC
53868341,CCCCCCCCCCC(=O)OCCC
53875618,CC(=CCCC(=CCCC(=CC=CC(=O)C)C)C)C
53882032,CCCC=CC(=O)CCC
53888546,CC(CCCC(=C)C)C=COC(=O)C
53903190,CC(C)CCCCC=CC=O
53903872,CC=C(C)CCC(=O)O
53930276,CCCC=CC=CC=CC=C
53933623,CCCCCC=CC=COC(=O)C
53935323,CCC=CCCOCCC=CCC
53943254,CCCCCC(CC1=CC=CC=C1)C=O
53953985,C1=CC=C(C=C1)C=C(C=O)C2=CC=CO2
53955250,CCCCC=CO
53959463,CCCCCCCCCCC(=O)OCCC(C)C
53977245,CCCCCCCCC=COC(=O)C
53983240,COC(=O)CC1CCCC2C1CCCC2
53998171,CC(C)C(=CC1=CC=CC=C1)C=O
54009296,CC=CC(=O)OCC1CCCO1
54034681,CCCCCCC=COC(=O)CC
54038533,CCCCOC(=O)C=CC1=CC=CO1
54048924,CCOC(=O)CCCSC(=O)C
54052443,CCCCCCCCCCCCC(=O)OCC(C)C
54056905,CC1=C(C(CCC1=O)(C)C)C=CC(C)O
54090188,CCCCCCCCCCC=COC(=O)CC
54106013,CCCCCCCCC=COC(=O)CC
54120287,CCCCCCC(=O)C=CC
54127994,C=CC(=O)OCC(C1=CC=CC=C1)O
54134573,CCCCCCCCC=CC=CC=CC=O
54134917,CC[C@H](C)C(=O)OCC(C)C
54142174,CCCCC=COC(=O)CCC
54155447,CCC=CC(=O)OC(C)C
54159794,C1CC2C(C1)C3CC2CC3CC=O
54183651,CCOC(C)CC(C)C
54218326,CCCCCCOC(=O)CCCC1CCCCC1
54238690,CCCCCCCC=CC=CC=CC=O
54239805,CCC=C(C)OC=O
54248186,CC=CC1=CC(=C(C=C1)OC=O)OC
54267077,CCCCCOC(=O)[C@@H](C)CC
54272351,CC1=CC(=O)CCCCCCCCCCCC1
54281757,CC(C)COC(=O)CC(C)SC
54289683,CCCCCCCCC=CC(=O)C
54319236,CC1CCCC(C=C1C=CC(=O)C)(C)C
54329025,CC(C)CC(=O)C=CC=C(C)CCC=C(C)C
54343601,CC=CCCS
54383830,CC1=CC(C(CC1)C(C)C)S
54394520,CC=CCC1=CC=C(C=C1)OC
54395009,CCC1(CSSS1)CC
54449870,CCCCC=COC(=O)C(C)C
54465990,CC(C)CC=CO
54478923,CCCCCCCCCC=COC(=O)C
54511161,CCCCCCC(=O)OCC=CC
54524556,CCOC(=O)CCC(=CC)C
54531251,CCCCCCCCCC=CC(=O)OC
54543211,CCCCCCCCC=CC(=O)OCCC(C)C
54543965,CC1CC=CCCCCCCCCC(=O)C1
54549210,CCCCC[C@@H]1[C@H](CCC1=O)C
54608606,CC1=CC=C(C=C1)S(=O)(=O)/C(=C\N2CC(=O)NC2=S)/C#N
54611954,CC(=CCC/C(=C\COC(=O)CC(=O)C)/C)C
54670067,C([C@@H]([C@@H]1C(=C(C(=O)O1)O)O)O)O
54675810,C([C@H]([C@@H]1C(=C(C(=O)O1)O)O)O)O
54675830,C1=CC(=CC=C1C(=O)O)[O-]
54675850,C1=CC=C(C(=C1)C(=O)O)[O-]
54675858,COC1=C(C=CC(=C1)C(=O)O)[O-]
54676038,C1=CC=C2C(=C1)C(=C(C(=O)O2)CC3=C(C4=CC=CC=C4OC3=O)O)O
54676228,CN1C(=C(C2=CC=CC=C2S1(=O)=O)O)C(=O)NC3=CC=CC=N3
54676537,CC(=O)CC(C1=CC=C(C=C1)[N+](=O)[O-])C2=C(C3=CC=CC=C3OC2=O)O
54676540,C[C@@]1([C@H]2C[C@H]3[C@@H](C(=O)C(=C([C@]3(C(=O)C2=C(C4=C1C=CC=C4O)O)O)O)C(=O)NCNC(CCCCN)C(=O)O)N(C)C)O
54676860,C(C(C1C(=C(C(=O)O1)O)O)O)O
54677470,CC1=CN=C(S1)NC(=O)C2=C(C3=CC=CC=C3S(=O)(=O)N2C)O
54677971,CN1C(=C(C2=C(S1(=O)=O)C=CS2)O)C(=O)NC3=CC=CC=N3
54677972,CC1=CC(=NO1)NC(=O)C2=C(C3=CC=CC=C3S(=O)(=O)N2C)O
54678486,CC(=O)CC(C1=CC=CC=C1)C2=C(C3=CC=CC=C3OC2=O)O
54678490,C[N+](C)(CCOC1=CC=CC=C1)CC2=CC=CC=C2.C1=CC=C2C=C(C(=CC2=C1)C(=O)O)[O-]
54678494,CC1=CC(=C(C(=O)O1)C(=O)C)O
54679076,C([C@@H]([C@@H]1C(=C(C(=O)O1)[O-])O)O)O
54680691,C[C@@]1([C@H]2[C@@H]([C@H]3[C@@H](C(=O)C(=C([C@]3(C(=O)C2=C(C4=C1C=CC=C4O)O)O)O)C(=O)N)N(C)C)O)O.O.O
54682468,C[C@@]1([C@H]2C[C@H]3[C@@H](C(=O)C(=C([C@]3(C(=O)C2=C(C4=C(C=CC(=C41)Cl)O)O)O)O)C(=O)N)N(C)C)O.Cl
54682930,C1=CC=C2C(=C1)C(=CC(=O)O2)O
54682932,CN(C)[C@H]1[C@@H]2[C@H](C3C(=C)C4=C(C=CC(=C4C(=C3C(=O)[C@@]2(C(=C(C1=O)C(=O)N)O)O)O)O)Cl)O.C1=CC(=C(C=C1S(=O)(=O)O)C(=O)O)O
54685047,CN(C)[C@H]1[C@@H]2[C@H]([C@@H]3C(=C)C4=C(C(=CC=C4)O)C(=C3C(=O)[C@@]2(C(=C(C1=O)C(=O)N)O)O)O)O.Cl
54685920,C[C@@H]1[C@H]2[C@@H]([C@H]3[C@@H](C(=O)C(=C([C@]3(C(=O)C2=C(C4=C1C=CC=C4O)O)O)O)C(=O)N)N(C)C)O.Cl
54686763,CN(C)[C@@H]1C2CC3CC4=C(C=CC(=C4C(=C3C(=O)[C@]2(C(=C(C1=O)C(=O)N)O)O)O)O)N(C)C.Cl
54686764,CN(C)[C@H]1[C@@H]2C[C@@H]3[C@@H](C4=C(C=CC(=C4C(=C3C(=O)[C@@]2(C(=C(C1=O)C(=O)N)O)O)O)O)Cl)O.Cl
54691413,COC1=C(C=CC(=C1)/C=C/C(=O)O)[O-]
54704426,C[C@@]1([C@H]2C[C@H]3[C@@H](C(=O)C(=C([C@]3(C(=O)C2=C(C4=C1C=CC=C4O)O)O)O)C(=O)N)N(C)C)O.Cl
54705187,CC1=CC(=C(N1C2=CC=CC=C2)C)/C=C\C3=[N+](C4=C(C=C(C=C4)N(C)C)C=C3)C.CC1=CC(=C(N1C2=CC=CC=C2)C)/C=C\C3=[N+](C4=C(C=C(C=C4)N(C)C)C=C3)C.C1=CC=C2
54706339,C([C@@H](C1C(=C(C(=O)O1)[O-])O)O)O
54710368,COC1=C(C=CC(=C1)C=CC(=O)O)[O-]
54712708,C1=CC(=C(C=C1O)[O-])C(=O)O
54721280,C1=CC(=CC=C1C=CC(=O)O)[O-]
54726514,CC1=C(C=CC2=C1OC(=O)C(=C2O)NC(=O)C3=CC(=C(C=C3)[O-])CC=C(C)C)O[C@H]4[C@@H]([C@@H]([C@H](C(O4)(C)C)OC)OC(=O)N)O.[Na+]
54742567,C([C@H]([C@@H]1C(=C(C(=O)O1)[O-])O)O)O
55253565,CCCCCCCC1C(O1)C=O
55295881,CCCC1=C(SC(=N1)CC)CC
55295883,CCCCCC1=NC(=CS1)C
56597780,CC1=C(C=C(C=C1)C(C)C)OC=O
56618482,COC1=CC=CC=C1CC2CC2
56631748,CC=CC(=O)C1C(=C)CCCC1(C)C
56632788,CC1CCC(=C)C(C1(C)C)C=CC(=O)C
56841839,CC(=O)C1CCCC/C=C\C1
56843050,CCC1C(=NC(S1)CC(C)C)C
56924101,CC(C)C1=CCC(C=C1)CO
56924133,C[C@H]1CC[C@H]2C[C@@H]1SC2(C)C
56929480,C[C@@H]1CC[C@H]([C@@H](C1)OC[C@@H](CO)O)C(C)C
56959606,CC1=C(C(CCC1)(C)C)CC[C@@H](C)O
56969824,CC1CCC(C(C1)C(=O)NCCC2=CC=CC=N2)C(C)C
57034648,CC=CC1=C(C=C(C=C1)O)OC
57066596,CCOC(C(=CC1=CC=CC=C1)C)OCC
57081845,CC1=C(C(CCC1)(C)C)C=CC(=CC(=O)C)C
57090934,CCCC(C)C(=O)OC(C)CCC
57091787,CC(C)CCCC(=CCCC(=CC=O)C)C
57125708,CC1CC(C(C(=C1)C)C=CC(=O)C)(C)C
57129703,CC(C)CCOCCC=O
57134465,CCCC(=O)C=CC1C(=CCCC1(C)C)C
57136959,C1C(OC(C(C1O)O)OC2C(OC(C(C2O)O)OC3C(OC(C(C3O)O)OC4C(OC(C(C4O)O)OC5C(OC(C(C5O)O)OC6C(OC(C(C6O)O)OC7C(OC(C(C7O)O)O)CO)CO)CO)CO)CO)CO)CO
57225495,CC=CCC(C)CC(C)(C)C
57250522,CCC1=C(SC(=N1)C)CC
57268278,CC1=C(C(C(CC1)(C)C)C=CC(=O)C)C
57269590,CCC=CCCOC(CC=CCC)OCCC=CCC
57320331,CCCC1=NN(C=C1)C2=CC=CC=C2
57339948,C1=CC(=C(C=C1C2=C(C(=O)C3=C(C=C(C=C3O2)O)O)OC4C(C(C(OC4O)CO)O)O)O)O
57347853,CC(C)CCOC(C(C)C)OCCC(C)C
57347944,CC(C)CCOC(CC(C)C)OCCC(C)C
57349573,CC(=CC(=O)C=C1COC1=O)C
57350395,CCCCC(CC=O)SC
57353225,CCCCCCCCCC(=O)OCCC(C)CCC=C(C)C
57355543,CCCCCCOC(CCCCC)OCCC(C)C
57358319,CC[C@@](C)(CCC=C(C)C)O
57358374,CC1C(OC(O1)C2=CC(=C(C=C2)O)OC)C
57359664,CCCCCCC=CC(=O)OCC=C
57360027,CCCCCCCCCCOC(=O)C=CC1=CC=CC=C1
57370186,CCCCCC(=S)OCC=C
57373560,CC1C(CCO1)OC(=S)C
57375717,C[C@H](C(=O)OCCC(C)CCC=C(C)C)O
57376459,CCCCC[C@@H]1OC[C@@H](O1)C
57376796,CCCCC(CCC)OC(=O)CC(=O)C
57429407,CC(C)(C)C1=CC=CC(=C1)CCC=O
57458171,CCCCCCCOC(=O)CCC(C)C
57483300,CCCC1CC(CCO1)(C)OC(=O)C
57495095,CCC(CC)C(=O)N(C)C1=CC=CC(=C1)C
57500604,CCCCOC(=O)CC(CC(=O)[O-])(C(=O)[O-])O
57500615,CCC(=O)OC/C=C\C1=CC=CC=C1
57501028,C/C=C(/CSC)\C=O
57789699,CC[C@H](C)C(=O)SC
57823843,C[C@@H](CC1=CC=CC=C1)[15NH2]
57823844,C[C@H](CC1=CC=CC=C1)[15NH2]
57823857,CC(=O)[C@@]1(C[C@]2([C@](O1)(O[C@](O2)(C)C(=O)C)C)O)C
57895829,CC[C@H](C)OCC
58003828,C[C@@]1(CCC(=O)O1)C=C
58004815,C[C@@H]1CC[C@H]([C@H](C1)NC(=O)C2CC2)C(C)C
58105461,CCCCCCCCCCOC(=O)CCC(C)C
58165301,CCC1N=C(CS1)C
58960730,CCC(CC)CC(=O)OC
59074148,CC1=C(C(=C(O1)C)[O-])O
59110861,CCCC(=O)CCS
59314058,C/C=C\CCC1CCCC(=O)O1
59440837,CC/C(=C\CC/C(=C\C#N)/C)/C
59502399,CC(C)CCCC(=O)OCC(C)C
59609037,CC1=C(C=CO1)[S-]
59701732,C(C(=O)[O-])C(CC(=O)[O-])(C(=O)[O-])O.[Na+].[Na+].[Na+]
59744161,CCOC(=O)C(C)CSC
59870763,CC/C=C\CCOCC(=C)C
59902714,C[C@@H]1C=C2CCCC([C@H]2C[C@@]1(C)C(=O)C)(C)C
59902719,C[C@@H]1CC2=CCCC([C@H]2C[C@@]1(C)C(=O)C)(C)C
59908665,C[C@H](CC(=C)C)OC(=O)C(C)C
59912546,CCCCCCCCOC(=O)CCC(C)C
60150197,CC/C=C\CCOC(=O)C=CC1=CC=CC=C1
60153698,CCCCCCC[C@@H]1CCCO1
62692338,CCCCCCC(=O)CSC
63272833,CC(CC1=CC=C(C=C1)OC)S
63411783,CCCCCCCCC(=O)C1=CC=C(C=C1)C
63629802,CCOC(CCOCCC(C)C)OCC
65147207,CCCCCCCCCC(C)(C1=CC=CC=C1)O
65916407,CCCCCCCC1(C(O1)C(=O)OCC)C
65916422,CCOC(=O)C1C(O1)(C)C2=CC=C(C=C2)OC
66026407,CCCCCCCC1(CC1)C(=O)O
66439401,CCC(C1=CC=C(C=C1)OC)C(=O)C
66619029,CCCCCOC(=O)CC1CCCCC1
66649541,CCC=C(C)C1=C(OC=C1)C
66731260,C[C@@H]1CC[C@@H]2[C@@]13C[C@H](C2(C)C)C4(C(C3)OC(O4)(C)C)C
66763229,CCCCCCC[C@H]1C[C@H](OC1=O)C
66808773,CCCCCCCC=C1CCCC1=O
66824687,CC(C)C1=CCC(C=C1)COC(=O)C
66824966,C/C=C(\C)/C(=O)OCC=CC1=CC=CC=C1
66924057,CCCCCCCC1CCC(CC1)O
66930827,CC(=C)C(=O)C(C)(C)C1=CC=CC=C1
67120007,CCCCCCCCCCCCCCCC(=O)OC1CC(CCC1C(C)C)C
67253117,CCCCCCCCCCCCCC(=O)OCC=CC1=CC=CC=C1
67253664,CCCCCCCC(=O)OC1CC(CCC1C(C)C)C
67302335,C=CCC1=CC=C2C(C1)OCO2
67351117,CCCCCOC(=O)C(C)C1=CC=CC=C1
67480918,CC/C=C\CC(C)OC(=O)C1=CC=CC=C1O
67531795,CC(=O)OC(C=CC1=CC=CC=C1)OC
67546071,CC1(C=C(C=CC1O)CC=C)OC
67873455,CCCCC1(C(=C(C(=O)O1)C)C)O
67890804,CC(C)C1(CCCCC1)OC(=O)C
67973173,COC(=O)C1CC2CC1C3C2C=CC3
68031543,CC1=C(OC(=N1)C)CC(C)C
68074566,CC1OCCCCCO1
68381246,C[C@H](CO)C1CCCCC1
68449596,CC(=CC1=CC=CC=C1)C(OC)OC
68575400,C=CCOC(CC1=CC=CC=C1)OCC=C
68575757,CCCCCOC(CC1=CC=CC=C1)OCCCCC
68668897,CC(=CCC/C(=C/COC(=O)C1=CC=CC=C1O)/C)C
68964423,CCC1=C(C(C(CC1=O)C)(C)C)C
68968644,CC(C)CCOC(=O)CCCC1=CC=CO1
68968648,CC(OC)OC(C)OCC1=CC=CC=C1
68985354,CC(=CCC/C(=C/COC(=O)C=CC1=CC=CC=C1)/C)C
69342666,CCC(CC)COC(=O)COC1=CC=CC=C1
70017950,CCOC1=C(C=CC(=C1)C=CC)OC
70100017,CC1=CC[C@H](C1(C)C)C/C=C(\C)/C(=O)C
70118961,CC(C)C[C@H](CC1=CC=CC=C1)O
70129520,C1CCCCCCC(=O)COCCCCCC1
70372661,CCOC(=O)CC1CCC2CCCCC2C1
70377254,C=CC1=CC2=C(C=C1)OC(=O)O2
70418333,CCCCCC(OCC(C)C)OCC(C)C
70430217,CC1=CC[C@H](C1(C)C)/C=C/[C@H](C)[C@@H](C)O
70515798,CC1([C@@H](N2[C@H](S1)[C@@H](C2=O)NC(=O)C(C3=CSC=C3)C(=O)O)C(=O)[O-])C.[Na+]
71138741,CCOC1=C(C=CC(=C1)[C@H]2OC[C@@H](O2)C)O
71299680,C1=CC\2C(=CN=N/C2=N/N)C=C1.Cl
71321980,CC(C)CCC1CCC(=O)O1
71326916,CC=CC(C)(CCC=C(C)C)O
71332160,CC1=C(C(=C(C(=C1[N+](=O)[O-])C(C)(C)C)[N+](=O)[O-])C)C=O
71334591,CC(C)(C)C1=C(C=C(C(=C1Br)[N+](=O)[O-])OC)Br
71336211,CCC=CCC=CCC=CCCCCCCC=O
71336630,CCCCCCCC(=NO)C
71347276,CCCCC[C@@H]1CCO[C@@H](O1)C
71349943,CCC(C)C(=O)OCC(CC=C(C)C)C(=C)C
71349956,CCCCCC=CO
71352037,C[C@@H]1CO[C@H](O1)CC(C)C
71355598,CCCCC=CC(=O)C(C)C
71355600,CC1CCC2C(C1)C(CCC2(C)O)C(C)C
71356437,COC(=O)CC(CC(=O)[O-])(C(=O)[O-])O
71356702,CC(C)(CCCC(=C)C=C)OC
71364274,CCCCCCCCCCCC(=O)OC(C)CCC
71365524,CC1=C(C(CCC1)(C)C)CC(=O)C
71366249,CCCCC=CC=CO
71391764,CCCCOC(=O)C(CC)C(=O)[O-]
71391970,CC(=O)C=CC1(CCC=CC1)C
71396131,CCCC1CC=C(C(S1)CCC)C=O
71397942,CCCCCCCC=CC=CO
71402199,CC[C@H](C)C(=O)OC(C)C
71404439,CCCCC[C@H]1[C@@H](CCC1=O)CC(=O)C
71406239,CCOC(C)C1=NC=CN=C1
71406836,CCCCCCC(C)OC(=O)C(C)C
71407321,CCCCCCC=CCC(=O)OCC
71409423,CCCCOOC(=O)C1=CC=CC=C1O
71430965,CCCC(=CCCC(=CC=O)C)C
71434979,CCOC(=O)C=C(CC(=O)[O-])C(=O)[O-]
71438214,CC(C)C(=O)SCC=C(C)C
71442458,CCCCCCCC1C(CCC1=O)C
71445559,CCCCCC=CC=CO
71553170,CC1=C(C(CCC1)(C)C)CC[C@H](C)O
71571511,CC1[C@H]([C@H]2C(C(O1)CO2)OC3[C@@H]([C@H]([C@H]([C@H](O3)CO)O)OC)O)O
71578412,CCOC(=O)C/C(=C\C(=O)O)/C(=O)O
71586808,C[C@@H]1CC(=O)C=C2[C@]1(C[C@@H](C=C2)C(=C)C)C
71586903,CC(=C)C(CC(=O)O)CC(=O)O
71586960,CCCCC/C=C\CCOC(=O)C
71587038,C[C@@H]1CC(=O)C[C@H]2[C@]1(C[C@@H](CC2)C(=C)C)C
71587112,CC(C)[C@@H]1CC[C@](CC1=O)(C)S
71587144,CCCCCCCCCC(=O)OCC1=CC=CO1
71587277,C[C@@H]1CCC2=C(C(=O)OC2=C1)C
71587372,CC(C(=O)OCC1CCCO1)S
71587376,CCC(C)/C=C(/CSC)\C=O
71587448,CC1COC(O1)C2=CCC(CC2)C(=C)C
71587638,CC/C=C\C/C=C/CCOC(=O)C
71587756,C[C@@H](C=O)[C@H]1CC[C@](O1)(C)C=C
71587781,CC(=CCC/C(=C\C1OCC(O1)CO)/C)C
71587790,CCCC(=O)OCC[C@@H](C)CCCC(=C)C
71587815,CC(C)CCCOC(=O)CC(C)C
71587866,CC1=C(C=CO1)SC(C)CC=O
71587887,CC1=CCCC([C@H]1/C=C(\C)/[C@@H](C)OC(=O)C)(C)C
71601137,C[C@@H](CCC=C(C)C)CC#N
72715318,CC(C)C1=CC[C@@](CC1)(C)O
72770338,CC1=CCCC(C1C=CC=O)(C)C
73045098,CC1CC(=O)CC2C1(CC(CC2)C(C)C)C
73164511,CC(=CC(=O)C=CC1=CC=CC=C1)C
73197250,CC=CC=CCC(=O)OC(C)C
73334089,CC[C@@H](CC1=CC=CC=C1)C(=O)OCC
73416127,C[C@@H](COC(=O)C1=CC=CC=C1)OC(=O)C2=CC=CC=C2
73416199,C[C@H]1CC[C@H]([C@]2(C1)OC[C@@H](O2)CO)C(C)C
73440813,C[C@@]1(C(=O)N2[C@H](C(=O)N3CCC[C@H]3[C@@]2(O1)O)CC4=CC=CC=C4)NC(=O)[C@@H]5C[C@H]6[C@@H](CC7=CNC8=CC=CC6=C78)N(C5)C.C[C@@]1(C(=O)N2[C@H](C(=
73440814,CC(=O)OCC(=O)[C@]1(CC[C@@H]2[C@@]1(C[C@@H](C3([C@H]2CCC4=CC(=O)CC[C@@]43C)F)O)C)O
73440815,C[C@H]([C@H]1C(=O)NCC[C@H](C(=O)N[C@H](C(=O)N[C@@H](C(=O)NC[C@H](C(=O)N[C@H](C(=O)N[C@H](C(=O)N1)CCN)CCN)C(C)C)CC(C)C)CCN)NC(=O)[C@@H](CCN)N
73440817,CC[C@@H]1[C@H](/C=C(/C=C/C(=O)[C@@H](C[C@@H]([C@@H]([C@H]([C@@H](CC(=O)O1)O)C)O[C@H]2[C@@H]([C@H]([C@@H]([C@H](O2)C)O[C@H]3CC([C@H]([C@@H](O
73440818,CCCC(=O)NC1=C2C(=NC=N1)N(C=N2)[C@H]3[C@@H]([C@@H]4COP(=O)(O[C@H]4O3)[O-])OC(=O)CCC.[Na+]
73555259,CCCCCCCC=CC(=O)OCCCC
73557199,C[C@H]1CC[C@@H]2[C@@H](C2(C)C)C13COC(OC3)(C)C
73557381,CC1CCC(C(=C1)C=O)C
73557527,CC(=CCCC1(C2CCC(C2)C1=C)C)COC(=O)CC3=CC=CC=C3
73604801,CCCCC=COC(=O)C=CC1=CC=CC=C1
73677745,CCCCCCC=CC=CO
73811382,CCC=C(C)SC
73829420,CC=C(C)CCC(=O)OC
73997463,CCCCCC(=C(C)O)C
73997464,CCCCCCC(=C(C)O)C
74689675,C1CCC2CC(CCC2C1)C(=O)[O-]
74934545,CCCCOC1=C(C=C(C=C1)C=CC)OC
74960074,CC1CC(=O)C=C2C1(CC(CC2)C(C)C)C
75219341,CCOCOCC=CC1=CC=CC=C1
75584678,CC=C(C(=O)C)O
75987722,CC(=CCCC(=CCCC(C)(C1CO1)O)C)C
76551229,CC(C)CC=COC(=O)C
76666251,CCC=CCCC(=O)OCC(C)C
76955995,C[C@H](CCC=C(C)C)CCOC(=O)C1=CC=CC=C1N
76956199,CC1([C@H]2CC=C([C@@H]1C2)COC=O)C
76956240,CCC1=C(C(=O)[C@H](O1)C)O
76956299,CCCCCCCC[C@H]1OC[C@H](O1)C
76956367,C[C@@H](/C(=C(\C)/C(=O)C)/C)C(C)(C)C
76956891,C[C@H]1C(C2=C(C1(C)C)C(=O)CCC2)(C)C
76956948,C=CC[C@@H](C=O)C1=CC=CC=C1
76957183,CC[C@@H]([C@H](C)C=O)S
76957285,CC1=C(C=CO1)S[C@H](C(C)C)C(=O)CC(C)C
76957323,CCCC[C@@H]1CCCCC(=O)O1
76957514,CCCCC[C@@H](CCCC(=O)OC[C@@H](CO)O)O
76957548,CCOC(=O)[C@H]1[C@](O1)(C)C2=CC=C(C=C2)C
76957617,C[C@H](CCOC(=O)C)S
76957913,CC[C@@](C)(C(=O)OCC)O
76958012,CCCCCCC[C@H]1OC[C@@H](O1)C
76958042,CC[C@H]1CC[C@@H](O1)CC
76958121,C[C@H]1SCCSS1
76958281,C[C@@H]1C(=O)C2=CC=CC=C2C1(C)C
76958332,CC1=CC[C@H](CC1)C(C)(C)OC(=O)C(C)C
76958382,CC[C@]1(CC(=O)C(=C([C@@H]1C)C)C)C
76958476,CC1=CC[C@H](CC1)[C@@H](C)C=O
76958571,CC1=CCCC([C@@H]1/C=C/[C@H](C)O)(C)C
76958607,C[C@H]1C[C@H](C=C([C@H]2[C@H]1CC(=C(C)C)C2)C)O
76959240,CC[C@]1([C@@]2(CC[C@@H](C2)C1(C)C)C)O
76959435,C[C@H]1[C@]2(CCO1)S[C@H]3CCO[C@]3(S2)C
76959550,CCCCCCCCC[C@H]1OC[C@H](O1)C
76959815,CCCC(=O)OC(C)(C)[C@H]1CCC(=CC1)C
76959985,CCCCCCCCOC(=O)[C@H](C)CC
76960147,CCCCCC[C@H]1C[C@H](CO1)OC(=O)C
76960174,C/C=C/CC[C@H]1CCCC(=O)O1
76960408,CCCCCCOC(=O)[C@H](C)CC
76960479,CCC/C=C/COC(=O)[C@H](C)CC
76960723,CO[C@@H]1CCC2=CC=CC=C12
76960825,C[C@H]([C@@H](C)S[C@@H](C)[C@H](C)S)O
76960994,C1[C@H](O[C@H](O1)CC2=CC=CC=C2)CO
76961377,CCC[C@H](CCOC(=O)CCC)S
76961398,C[C@@H](CCCC(C)(C)OC)[C@H](C)O
76961470,CCOC(=O)C[C@@H](C)SC
76961479,CCCCC[C@@H](C)S
76961544,CC1=C(C(CCC1)(C)C)/C=C/[C@@H](C)OC(=O)C
76961796,CCOC1=C(O[C@@H](C1=O)C)C
76961889,CCCC(=O)O[C@@H](C)C(=O)C
76962207,CCOC(=O)[C@H](C)/C=C/C
76962245,C[C@H]1CO[C@](O1)(C)CCC=C(C)C
76962314,CCCC[C@H](CCOC(=O)C)S
76962501,C[C@H]1C[C@@H](C=C([C@@H]2[C@@H]1CC(=C(C)C)C2)C)OC(=O)C
76962576,CCCCCC(=O)[C@H](C)C(=O)C
76962603,CCCCCC(=O)OCC[C@@H](CCC)S
76962666,C[C@H]1CO[C@H](O1)[C@H](C)CCC=C(C)C
76962860,C[C@H]1CO[C@@H](O1)[C@@H](C)C2=CC=CC=C2
76962980,CCCCC[C@H](CO)C(=O)C
76962992,CC1=CC[C@](CC1)(C)C(=O)C
76963067,C[C@@H](C1=CC=CC=C1)OC=O
76963250,C/C=C(/C)\[C@@H]1CCC(O1)(C)C
76963629,CCOC(C[C@H](C)CCCC(C)(C)O)OCC
76963637,C[C@]1(CC[C@@H]2C[C@H]1C2(C)C)S
76963737,CC[C@@H](C)C(=O)OCCC1=CC=CC=C1
76963791,CC1=CC[C@H](CC1)C(C)(C)OC(=O)CC(C)C
76963887,CCCC[C@H]1OC[C@H](O1)C
76963946,CCCCCCC1O[C@H]([C@@H](O1)C)C
76964348,CC(C)C1=CC[C@H](CC1)C(=O)O
76964364,C[C@H]1CO[C@H](O1)C
76964414,CC1=CC[C@H](CC1)[C@H](C)CCO
76964879,CCCC[C@@H](CO)C(=O)C
76964995,CC/C=C/C[C@@H]1CCCC1=O
76965089,CCCCCC(=O)O[C@@](C)(CCC=C(C)C)C=C
76965307,CCCCCCCCCC[C@@H]1OC[C@H](O1)C
76965535,CCCC(=O)[C@H](CC)CC1=CC=CC=C1
76965618,C/C=C/[C@H](C)C(=O)O
76965688,CCC(=O)OC(C)(C)[C@H]1CCC(=CC1)C
76965737,CCO[C@@H](C)OC(=O)C
76965772,CCCCCCC[C@H](CCCC(=O)OC[C@H](CO)O)O
76965875,CC[C@]1([C@H](C(=CC(=O)[C@H]1C)C)C)C
76965973,C[C@H]1CC=C(C[C@@H]1C=O)C
76966090,CC[C@H](C)C(=O)OC/C=C(\C)/CCC=C(C)C
76966125,C[C@@H]1C=C(C[C@@H]([C@H]1C)C=O)C
76966183,CC[C@@H](C)COC(=O)C=C(C)C
76966446,C[C@H](CCC=C(C)C)CCOC(=O)CC1=CC=CC=C1
76966460,CCCCCCOC(=O)[C@H](C)/C=C/C
76966531,CC[C@@H](C)COC(=O)CC(C)C
76966828,CCCC[C@]1(CCC(=O)OC1)CC
76966902,CCCCO[C@H](C)OCCC1=CC=CC=C1
76967213,C[C@]1(CCCC(O1)(C)C)C=C
76967296,CCS[C@H](C)CCO
76967500,CCCC[C@H](CC)CS
76967529,CCCCCC[C@H]1[C@@H](CC(=O)O1)C
76967581,CC/C=C\CCOC(=O)[C@H](C)O
76967590,CCCCC/C=C/C[C@@H]1CCCC1=O
76967890,CCCCCC[C@@H]1OC[C@@H](O1)CO
76967957,CCCCCC[C@@H](CC)OC(=O)C
76967965,C[C@H]1N=C(CO1)C
76968093,CCO[C@H](C)OCC(CO[C@@H](C)OCC)O[C@H](C)OCC
76968126,C[C@H](CCS)S
76968269,C[C@@H](CCCC(=O)OC)OC(=O)C
76969049,C[C@@H]1CC2=C(CCCC2(C)C)C[C@]1(C)C(=O)C
76969199,CC(=CCC[C@](C)(C=C)OC(=O)C1=CC=CC=C1N)C
76969277,CC1=CC[C@H](CC1)[C@H](C)COC(=O)C
76969569,CC1=CC=C2[C@@](O1)(CCCC2(C)C)C
76969642,CC1=C(C=CO1)S[C@H](C)C(=O)C
76970169,CCCCC[C@](C)(CC(C)C)O
76970451,CCCCCC[C@@H]1[C@H](CCC1=O)C(=O)OC
76970830,CC1=CC[C@H](CC1)C(C)(C)OC(=O)C2=CC=CC=C2N
76971205,C[C@@H](OCCOC)OCC1=CC=CC=C1
76971226,CCO[C@H](C)OCCC1=CC=CC=C1
76971301,CC[C@@H](C)C(=O)OCCC(C)C
76971539,CC1=CC2=CC(=O)CC[C@@H]2CC1
76971572,CCO[C@H](C)OC[C@@H](C)O[C@@H](C)OCC
76971593,CC(=CCC[C@@](C)(C=C)OC(=O)CC1=CC=CC=C1)C
76971814,CCCCCCCC(=O)O[C@](C)(CCC=C(C)C)C=C
76972056,CCCO[C@H](C)OCCC1=CC=CC=C1
76972635,C[C@@H]1N[C@@H](S[C@H](S1)C)C(C)C
77134639,CC(CC/C=C(/C)\CO)CCO
77196614,COC1=C(C=CC(=C1)CC=C)OCC=CC2=CC=CC=C2
78067165,CCC(C(=O)OCC)OC(=O)C
78093980,CCCC=C1C2=C(CCCC2)C(=O)O1
78384351,CC1=C(C(CCC1)(C)C)C=COC(=O)C
78409648,CC(=CC(C=C(C)C=C)O)C
78410806,CC1CCC2C(C2(C)C)C3C1CCC3=C
79001636,CC(C)C(=CC1=CC=CO1)C=O
79014775,CCC(=CC1=CC=C(C=C1)C(C)C)C=O
79017038,CC(C)C1=CC=C(C=C1)C=C(C=O)C(C)C
80558711,CCCCCC1(C(O1)C(=O)OCC)C
82111910,COC1=C(C=CC(=C1)C(=O)CC=C)O
82502382,CC(CCCN)S
83043387,CCCC(CO)C(=O)OCC
83157785,CC1CCC(=O)C(C1)CCCC(C)C
85377469,CC(=C)C=COC(=O)C1=CC=CC=C1
85423699,CCOC(=S)C=CC
85423807,CCCCC(C)OC(=O)C1=CC=CO1
85431481,CCCCC=COC(=O)C1=CC=C(C=C1)OC
85438801,CCCC=C(CC1=CC=CC=C1)C=O
85445514,CCCCCCCC=CO
85520482,CC(CC1=CC=CC=C1)C(OC)OC
85537918,CC1CCCCCC(=O)C1(C)C
85547072,CC(=CC=C1C2CCC(C2)C1(C)C)C=O
85618518,C1=CC=C(C=C1)CCOC(=O)C(=O)[O-]
85644846,CCCCCCC(C=O)S
85686435,CCCCCC=CC(=O)OCCC
85721214,CCCCCC=CCC1=CCC(=O)O1
85828368,CC(C)OC(=O)CCCCC(=O)[O-]
86017396,CC1=NC=C(N=C1C)C=C
86104667,CC(=C)C(CCC(=C)C=C)CO
86111447,C1=CC=C(C=C1)CCOC(=O)CS
86125677,CC(C)CCCC(C)CCCC(=CC=O)C
86130267,CC(=CCCC(C)(C)C(=O)O)C
86144922,CCOC1=C(C=C(C=C1[N+](=O)[O-])C=O)C(C)(C)C
86194442,CCCCCCC(C(=O)OCC)OC(=O)C
86250565,CCCC(C)OC(=O)C(C)O
86258175,CC(=O)COC(=O)CCC(=O)OCC(=O)C
86258204,CCCCC(=S)OCC
86278356,CC(C)CCOC(CC(C)C)OCC(C)C
86280216,CC(C)C1=C(C=CC=N1)C(=O)C
86295124,CCC(C)(C)[C@H]1CCCC[C@H]1OC(=O)C
86308555,CC[C@H](C=O)C1=CC=C(O1)C
86308718,C[C@H](C(C)C)C(C)(C)O
86308723,C[C@H](CCCC(C)C)CCOC(=O)C
86308768,C[C@@H](CC=O)C1=CC=C(C=C1)C(C)C
86308818,CCCCC[C@H]1COCC[C@@H]1OC(=O)C
86309304,CCCC[C@@H](C#N)C1=CC=CC=C1
86310523,C[C@@H](CCC=C(C)C)CCOC(=O)/C=C/C1=CC=CC=C1
86310525,C[C@@H]1CO[C@@H](O1)C2=CC(=C(C=C2)O)OC
86595084,CCCCOC(=O)/C=C\C(=O)[O-]
86723329,CCC(C)C(=O)CC(C)S
86745536,CCCCCCCCC(=NCC1=CC(=C(C=C1)O)OC)[O-]
87101585,CC(=O)C(C(CO)O)OC(=O)C
87129548,CCCC(CCOC)SC(=O)OCC
87161617,CCC/C=C/C=C\C=O
87268709,CC(C)CCC(=CC1=CC=CC=C1)C=O
87325162,C(CN(CC(=O)ON)CC(=O)ON)N(CC(=O)O)CC(=O)O
87734154,CCOC(=S)C(=C)C
87786474,CS1=CNCC1
87985826,CCCCOC(=S)C(=C)C
87986756,CC1=CC(C(CC1)C(C)C)C=O
88090815,CCO/C(=C\C)/C(=O)OCC
88168807,CC(C)CCCOC(=O)CCC(C)C
88274396,C[C@@H](CC1=CC=C(C=C1)OC)C=O
88326924,CCCC(O)SCC
88358979,CCCCCCCC/C=C/CCCCCCCCC(=O)C
88572921,CCCC(=O)OC(CC)COC(=O)C
88706933,CCC(C(=O)C)C(=S)OCC
89306999,CC1([C@H]2CC=C([C@@H]1C2)CCC=O)C
89357606,CCC(C)C(=O)/C=C\C
89422232,CC1CCC(C(C1)OC(=O)CC(=O)C)C(=C)C
89581943,CCCCCOC(=O)C1C(O1)C
89588312,CC1=CCCC(C1C=CC(=O)C=O)(C)C
89610154,CCCCCC1=CSC(=N1)C
89637891,CC1C(=O)CC2=CC=CC=C2C1(C)C
89886495,C1=COC(=C1)CC2=C(OC=C2)CC3=CC=CO3
89926714,CCOC(=O)C(C)(C)CCC1=CC=CC=C1
90046146,CC1CCCCCCCCCCCC(=O)OC1
90190558,CCOC(=O)CCCCCC/C=C/C
90438064,C/C=C\CC/C=C\C=O
90478933,CC[C@@H]1CC(=C(C1=O)O)C
90760479,CCCCCCCCCC=COC=O
90949566,CC1CCC(C(C1)OC(=O)C(C)C)C(=C)C
90955082,CC(=CCCC(=CCOC(=O)COC)C)C
91182135,CCCC=C1C2CC=CC=C2C(=O)O1
91223279,CCOC(COCC=C(C)CCC=C(C)C)OCC
91300039,CCCCCC=COC(=O)CC(C)C
91352788,C(C(=O)ON)C(CC(=O)ON)(C(=O)ON)O
91617996,C[C@H]1[C@@H](OC(O1)CC2=CC=CC=C2)C
91750033,C[C@@H]1CC[C@@H]2[C@@]13CC=C(C(C3)C2(C)C)C
91753512,CCCC(CS)OC(=O)C
91799731,CC1=CC[C@H](CC1)C(C)(C)OC
91799736,C[C@@H](CCC[C@H](C)C=O)CCC=C(C)C
91884802,CCCC(=O)O[C@@H]1C[C@H]2CC[C@@]1(C2(C)C)C
92030006,CC1C(C2CCC3CC(OC3C2C1(C)C)(C)C)(C)C
92036169,CCCCCCCCCCCC(=O)CC(=O)OCC(CO)O
92043494,C[C@H](CCC(=O)NCCS(=O)(=O)[O-])[C@H]1CC[C@@H]2[C@@]1(CC[C@H]3[C@H]2CC[C@H]4[C@@]3(CC[C@H](C4)OS(=O)(=O)[O-])C)C.[Na+].[Na+]
92043553,C/C=C\CC1=C(CCC1)C
92152755,C[C@@H]1CC(O[C@H](O1)CC2=CC=CC=C2)(C)C
92154783,CCO[C@@H](C)OC1=CC=CC=C1
92157857,C[C@H]1CCO[C@H](O1)C2=CC(=C(C=C2)O)OC
92163227,CC1=CC[C@H](C1(C)C)CC#N
92164681,C[C@H]1CC(CC(=O)O1)(C)C
92168245,CCOCC[C@@H](C)CCC=C(C)C
92168497,CC1=CC[C@H](CC1)C(=C)COC(=O)C
92168498,CC(=C)[C@@H]1CCC(=CC1)COC(=O)C
92168501,CC1=CC[C@@H](CC1)C(C)(C)OC(=O)/C=C/C2=CC=CC=C2
92168506,C[C@H](CCCC(=C)C)CCOC=O
92168507,C[C@H](CCCC(=C)C)CCOC(=O)C(C)C
92170266,CCO[C@H](C)OC
92170671,CC/C(=C/CC[C@@](C)(C=C)OC(=O)C)/C
92171064,CCCCC[C@@H](/C=C/C1=CC=CC=C1)OC(=O)C
92173578,C[C@H](CCC=C(C)C)CCO[C@H](C)OC
92173751,CC(=O)[C@H]1[C@H]2CC[C@H](C2)C1(C)C
92174285,CC/C=C/CC[C@H]1CCCC(=O)O1
92174289,CC[C@@](C)(CC/C=C(\C)/CC/C=C(\C)/CCC=C(C)C)O
92174290,CC1=C(C(CCC1)(C)C)/C=C(\C)/[C@@H](C)O
92176625,CC(=O)O[C@H]1C[C@H]2C[C@@H]1[C@H]3[C@@H]2C=CC3
92176692,C[C@H]1CCC2=NC(=CN=C12)C
92178626,CC[C@@](C)(CCC1=CC=CC=C1)OC(=O)C
92178632,CC(=O)O[C@H]1C[C@H]2C[C@@H]1[C@H]3[C@@H]2CCC3
92178640,C[C@@H]([C@@H]1CCCC(C1)(C)C)OC(=O)C
92178641,CCCC(=O)OC/C(=C/CC[C@]1(C2C[C@H]3C1([C@H]3C2)C)C)/C
92178644,CCCCCC[C@H](CO)C(=O)C
92178793,CCCCC[C@]1(CCC(C1=O)(C)C)C
92178795,CCOC(=O)C[C@H](C)CC(C)(C)C
92178827,CCC1=CCCC([C@@H]1C(=O)OCC)(C)C
92178867,CC(C)[C@@H]1C(COC(O1)(C)C)(C)C
92178910,CC(=O)O[C@H]1CC[C@@H]2CCCC[C@H]2C1
92179127,CC(=CC[C@H]1CCCC1=O)C
92179396,CC[C@@](C)(/C=C/C=C(C)C)O
92199574,C[C@H]1CC(=C[C@H]([C@@H]1CO)C)C
92254777,C/C(=C/C[C@@H]1C(O1)(C)C)/C=C
92254821,C/C=C/C(=O)O[C@@H](C)C1CCCCC1
92254822,C/C=C/C(=O)O[C@@H](C)CC(C)C
92254826,C/C=C/C(=O)O[C@H]1CCC[C@@H]1C2CCCC2
92255288,CC[C@@H](C)C1=CC2=C(C=C1)N=CC=C2
92256247,CC(=CCCC1=CCC[C@@H](C1)C#N)C
92256256,CC(=CCCC1=CCC[C@](C1)(C)C=O)C
92256258,CC(=CCCC1=CC[C@@H](CC1)COC(=O)C)C
92256262,CC(=CCCC1=CC[C@H](CC1)C=O)C
92256353,CC(=O)CC[C@H]1C(=C)CCCC1(C)C
92256627,CC(=O)[C@@H]1CCCC(C1)(C)C
92261383,CC(C)(CCCC1=CC[C@H](CC1)C=NC2=CC=CC=C2C(=O)OC)O
92261454,C[C@H](C/C=C(\C)/C(C)C)C=O
92261466,CC(C)C(=O)OCC1=CC[C@@H]2C[C@H]1C2(C)C
92261991,CC(C)CCCC1=CC[C@](CC1)(C)C=O
92264482,CC/C=C/CC[C@]1(CCC(=O)O1)C
92264542,C[C@@]12CC[C@]3(CCCC([C@@H]3C1)(C)C)OC2=O
92266973,CCCCC(=O)OC(C)(C)[C@H]1CCC(=CC1)C
92267049,CCCCCC[C@H]1CCOC1=O
92267748,C[C@@H]1C=C(CC[C@H]1CO)C
92272299,CCCO[C@@H](C)OCC
92278424,C[C@H](CCC[C@H](C)O)CC(C)C
92278477,C[C@H](CC1=CC=C(C=C1)CC(C)C)C=O
92278804,C[C@@H](CC1=CC=C(C=C1)C(C)C)C=NC2=CC=CC=C2C(=O)OC
92278842,CC/C=C/CCO[C@H](C)OCC
92278847,CC/C=C/[C@](CC)(CC=C(C)C)CO
92278860,CC1(CCC(=C2[C@@]13CC[C@@H](C3)C2(C)C)CO)C
92278863,C[C@]1(CC[C@@H]2C(=CCCC2(C)C)C1)O
92278870,CC1(CCCC2=C1C[C@@H](CC2)C#N)C
92278871,CC1(CCCC2=C1C[C@@H](CC2)C=O)C
92278914,C[C@]1(CC([C@H]2C1=CCCC2)(C)C)C=O
92279386,CC1=CCCC([C@@H]1C/C=C(\C)/C=O)(C)C
92279394,CC1=CCCC([C@@H]1[C@H](C)CCC=O)(C)C
92279422,CC1=CCO[C@H](C1)C2=CC=CC=C2
92279485,CC1=CC[C@H](C1(C)C)CC[C@H](C)[C@@H](C)O
92279586,CC1OCC2(C[C@@H]3CC[C@H]2C3)CO1
92279626,CCC(=O)/C(=C/[C@H]1[C@@H](CC=CC1(C)C)C)/C
92281205,CCC(=O)[C@H](C)CC=C(C)C
92281239,CCC/C=C/C[C@H]1CCCC1=O
92281240,CCC/C=C/C[C@H]1CCC[C@@H]1O
92281246,CCC1([C@@]2(CCC[C@]1(CC2)C)C)O
92281285,CCCCC(=O)O[C@@](C)(CCC=C(C)C)C=C
92281301,CCCCCC(=O)OCC[C@@H](C)CCC=C(C)C
92281334,CCCCCCO[C@H](C)OC
92281335,CCCCCCO[C@H](C)OCC
92281628,CCCC[C@@H]1C=C(C[C@H](O1)C)C
92281637,CCCC[C@@H]1O[C@H](CC(O1)(C)C)C
92281667,CCCC[C@H](CC)C1OCCO1
92281744,CCCC[C@H]1COC2(O1)CCCC2
92282194,CCC[C@@H](C)C1OCC(CO1)(C)CCC
92282455,CCC[C@H](C)COC(=O)[C@@H](C)CCC
92282909,CCOC(=O)O[C@H]1CCCC[C@H]1C(C)(C)C
92282933,CCOC(=O)[C@@H]1C(=C(CCC1(C)C)C)C
92282935,CCOC(=O)[C@@H]1C(=CC=CC1(C)C)C
92282980,CCOC(=O)[C@H]1C(=C)C=CCC1(C)C
92283028,CCOCC[C@@H](C)CCCC(C)C
92283058,CCO[C@@H](C)O[C@](C)(CCCC(C)C)C=C
92283059,CCO[C@@H](C)OC1=C(C=C(C=C1)/C=C/C)OC
92283092,CCO[C@H](C)O[C@](C)(CCC=C(C)C)C=C
92283101,CCO[C@]1(CC[C@H]2C(=C)[C@@H]1CCC2(C)C)C
92284542,CC[C@H](/C=C/C1=C(CCCC1(C)C)C)O
92284567,CC[C@H](C)CCCC(C)(C)OC(=O)C
92284582,CC[C@H](C)COCC(=O)OCC=C
92284602,CC[C@H](C)SC(=O)C=C(C)C
92287110,C[C@@H](C/C=C(\C)/CCCC(=C)C)C=O
92287134,C[C@@H](CC(C)(C)C)[C@H](C)C=O
92287146,C[C@@H](CC/C=C(/C)\CCC=C(C)C)C=O
92287147,C[C@@H](CC/C=C(/C)\CCC=C(C)C)CO
92287152,C[C@@H](CC/C=C(\C)/CCC=O)C=C
92287206,C[C@@H](CCCC(C)(C)OC=O)C=C
92287229,C[C@@H](CCOC=O)CC(C)(C)C
92287321,C[C@@H]([C@@H]1CCCC(C1)(C)C)OC=O
92287506,C[C@@H]1C=C(CC[C@@H]1C=NC2=CC=CC=C2C(=O)OC)C
92287512,C[C@@H]1C=C(CC[C@H]1C(=O)C(C)(C)C)C
92287514,C[C@@H]1C=C(CC[C@H]1COC(=O)C)C
92287519,C[C@@H]1C=C(C[C@H]([C@@H]1C)C(=O)C)C
92287583,C[C@@H]1CCCC([C@H]1CC[C@@H](C)O)(C)C
92287584,C[C@@H]1CCCC([C@H]1CC[C@@H](C)OC(=O)C)(C)C
92287631,C[C@@H]1CC[C@@H]2[C@@](O2)(CC[C@@H]3[C@@H]1CC3(C)C)C
92287690,C[C@@H]1C[C@@H](CC(=C1)C)COC(=O)C
92287773,C[C@@]1(CCOC2(C1)CCCCC2)O
92287787,C[C@]12CCC[C@](C1=NO)(CC2)C
92287865,C[C@H](CC(C)(C)C1=CC=CC=C1)OC(=O)C
92287892,C[C@H](CCC=C(C)C)CC=NC1=CC=CC=C1C(=O)OC
92287914,C[C@H](CCCC(C)(C)OC(=O)C)C=C
92287915,C[C@H](CCCC(C)(C)OC)C=O
92288028,C[C@H]([C@@H]1[C@@H]2CC[C@@H](C2)C1(C)C)O
92288702,C[C@H]1C[C@H](CC(=C1)C)C#N
92331709,CCCCCCCCCCCC(=O)OCCOC[C@@H]([C@H]1[C@H]([C@@H](CO1)OCCO)OCCO)OCCO
92337821,C/C=C\C(=O)OCC=C
92477812,CCC(=O)OC/C=C/C=C\C
92854869,CCCCC/C=C\C=C/C(=O)OCC
92855349,C[C@H]1CC[C@@H]([C@H](C1)OC=O)C(=C)C
92855689,C/C=C\C=C/COC(=O)C
92859594,CCCCCCOC(=O)[C@H](C)O
92859778,CCC1=C(C(=O)C[C@@H]1C)O
92950558,C[C@H](C=O)S
92950931,C[C@@H](OCCC(C)C)OCC(C)C
92954609,C[C@@H]1CO[C@](O1)(C)C2=CC3=C(C=C2)C(CCC3(C)C)(C)C
92954616,C[C@H]1C=CCC[C@@]1(C)C=O
92954638,CC1(CCC=C2[C@@H]1CC[C@H](C2)C=O)C
92973649,C[C@@H]1CC[C@@H]2[C@@]13C[C@H](C2(C)C)C(=C)[C@@H](C3)O
92973753,CC1=CCCC([C@H]1/C=C\C(=O)CC(C)C)(C)C
92973766,C/C/1=C/CC/C(=C\CC=C([C@@H](CC1)C(=O)C)C)/C
92973854,C[C@@]12[C@@H](O1)CC/C=C\CC/C=C\CC2(C)C
92981928,C[C@H]([C@H](C)[C@@H](C)O)[C@@H](C)C(C)(C)C
93026895,CC[C@H](C)C1(COC(OC1)[C@H]2CCC(=C[C@@H]2C)C)C
93288927,C[C@@H]1[C@@H]2C[C@H](C1(C)C)C[C@H]2[C@@H]3CCC[C@@H](C3)O
93481777,CCC(=O)/C=C/[C@@H]1[C@@H](C=CCC1(C)C)C
93482087,CC[C@@H](C)CCOC(=O)CC(C)C
93484811,CC/C=C/CCO[C@H](CC)OC
93484812,CC/C=C\CCO[C@@H](CC)OC
93484929,C/C(=C\CC[C@]1([C@@H]2CC[C@@H](C2)C1=C)C)/COC(=O)CC3=CC=CC=C3
94936725,C/C/1=C/CC(/C=C/C/C(=C\CC1)/C)(C)C
95479452,C[C@@H]1CC[C@@H]2[C@H](C2(C)C)C3=C(CC[C@H]13)C
95858596,CCCCCCCC[C@@H](C)C#N
97050297,C[C@@](CC1=CC=CC=C1)(C=C)C#N
97298928,CCCCCCCCC[C@@H](C)C(OC)OC
98051343,C[C@@]12CCC[C@](C1)([C@@H]3CC([C@H]3CC2)(C)C)O
98057285,CC[C@@H](C)C/C(=N/O)/CC
98073607,CCCC[C@H]1COC[C@@H]([C@H]1OC(=O)C)C
98091423,CCCCCC/C=C/C=C\C=O
98091799,CCCCCCC/C=C/C=C\C=O
98239984,C/C=C/C(=O)[C@@H]1CCC(C=C1C)(C)C
98572563,CCCCCCCCC[C@@H](C)CC#N
100342016,C[C@@H]1[C@H]2CC3=CC=CC=C3[C@H]2O[C@H](O1)C
100954827,CC(=O)O[C@H]1C[C@@H]2CC[C@]1(OC2(C)C)C
101283924,CCOC1=CC=C(C=C1)N=CC2=CC(=C(C=C2)OC(=O)OCC)OC
101292526,CC(CCCOC(=O)C)C1=CC=CC=C1
101297869,CCCCC(=O)OCCC1CCCCC1
101306697,C[C@@H]1CC[C@H]([C@]12CCC(=CC2)C)C(C)(C)O
101532587,C[C@H]1CC[C@@]2(O1)[C@@](CCCC2(C)C)(C)OC(=O)C
101588415,CCCCCOC(C)OCCCC
101599349,CCCCCC(OCC)OCCC(C)C
101635002,CCC(C)CC(=O)OCCC(C)C
101653893,CC(C)CC(=O)OCCC1CCCCC1
101661608,CCOC(=O)[C@@H](C)C1CCCCC1
101668100,CCCCCCC=NC1=CC=CC=C1C(=O)OC
101786125,C[C@@]12CC[C@@H](C1(C)C)C[C@@H]2OC(=O)C3=CC=CC=C3O
101821981,CCCCCCCCC(C(=O)OCC)OC(=O)C
101834900,CCCCCCOC(CCCCC)OCC
101834902,CCCCCCOC(C)OCC1=CC=CC=C1
101834904,CCCCCCOC(CCCC)OCCCCCC
101950342,CCCCOC(CC(C)CCCC(C)(C)O)OCCCC
102015349,CCOC(=O)C1CC(CC=C1C)C(=C)C
102058649,CC(C)C1CCC(CC1)CC(C)C(C)O
102247706,CCCCCCCOC/C=C(\C)/CCC=C(C)C
102258454,CCC[C@@H]1[C@H]2C[C@@H]([C@H]1C=O)C=C2
102283665,CCCCCCCCCC(=O)OCCCC1=CC=CC=C1
103439702,CCC1(CCC(=O)O1)CC2=CC=CC=C2
116931250,CCC(CCC(C)C)C(=O)OC
117283293,CCC(C)(C)C1=CC=C(C=C1)CCO
118072769,CC(C)(CO)C1CCCC=C1
118437152,CC(C)C1CCC(S1)(C)CCOC(=O)C
118655907,CC1=NC=C(N=C1C)OC
118796989,C[C@@H]1[C@H]([C@@H]([C@@H]([C@@H](O1)OC2CC(C(C(CC(=O)CC(C(CCC(CC(CC(CC(=O)OC(C(C(C(/C=C/C=C/CC/C=C/C=C/C=C/C=C2)C)O)C)C)O)O)O)O)O)O)C(=O)O
118855431,C[C@H]([C@@H]1C(=O)N2[C@]1([C@](C(=C2C(=O)OCC3=CC=C(C=C3)[N+](=O)[O-])OC4=CC=CC=C4)(C)OC5=CC=CC=C5)OP(=O)(O)O)O
119081310,C[C@@H]1CC[C@@H]([C@H](C1)C(C)(C)C)O
119096297,CC1(CSSC1=O)C
121008794,CCOC(=O)C(C)(C)CCC=C(C)C
121219929,CCOCOCC1=CC=C(C=C1)OC
121489643,C[C@H]1CCCC([C@@H]1C[C@H](C)[C@@H](C)O)(C)C
121513943,CCC=CC(C)(CCC=C(C)C)O
121513947,CCC(=CCC/C(=C/CO)/C)C
121596001,C/C(=C\CCC1(C2CCC(C2)C1=C)C)/COC(=O)CC3=CC=CC=C3
122177152,C([C@@H]1[C@@H]2[C@@H]([C@H]([C@H](O1)O[C@@H]3[C@H](O[C@@H]([C@@H]([C@H]3O)O)O[C@@H]4[C@H](O[C@@H]([C@@H]([C@H]4O)O)O[C@@H]5[C@H](O[C@@H]([
122423558,CC(C)C(=S)OCC=C(C)C
122461027,CCC(CC(C=O)O)O
122683344,CCCCCC(=O)CCS
122715604,CCC(C)(C=O)SC1=CC=CO1
123385408,CCCCCCCC=CC(=O)OCC(C)C
123504982,CCCC=C(CC)C(=O)CC
123733313,CCC=CCCCC(=O)OC(C)C
124155846,CC1CC(C(O1)C)SC(=O)C
124155855,CC(C(=O)OSC)OC(=O)C
124302032,CC1=C[C@@H]2C[C@@H]([C@H]1C[C@H]2C(C)C)C=O
124306213,CC1=CCCC([C@@H]1/C=C\[C@@]2([C@@H](O2)C(=O)OC)C)(C)C
124389675,CC[C@@H](C)[C@@H]1CCCC[C@]1(C=C)OC(=O)C
124584273,C[C@@H]1CC[C@H]2[C@]13CC[C@@]([C@H](C3)C2(C)C)(C)OC=O
124824634,CCCCCCCCCCCCCCCCCC(=O)OC[C@@H]([C@H]1[C@@H]([C@H](CO1)O)O)O
124918638,CCCCCCCC/C=C/CCCCCCCC(=O)OCCOC[C@@H]([C@H]1[C@@H](C[C@H](O1)OCCO)OCCO)OCCO
126479938,CC(=COC1[C@@H](C2([C@@H](C[C@@]3(C(=CCC4C3(CCC5C4(CCC([C@]5(C)CO)OC6[C@@H]([C@H]([C@@H]([C@H](O6)C(=O)O)O[C@H]7[C@@H]([C@H]([C@@H]([C@H](O7
126696534,COC(=S)CCC1=CC=CO1
129279387,CC(C)OC(=O)C(C)(C)CC1=CC=CC=C1
129360206,C[C@@H](CCCC(C)C)CC#N
129650432,CCC=CCSSSSCC=CCC
129661573,CC(=CCC/C(=C/CC=CC(C)(CCC=C(C)C)O)/C)C
129700005,CC(=CC=CC1=CC=CC=C1)O
129700071,CC=CC1=C(C(=C(C=C1)O)OC)OC
129701832,CC(CC/C=C(/C)\CCC1=CC=CC=C1)CCO
129701911,CCCCCCOC1=C(C=C(C=C1)C=CC)OC
129702099,CC1C(O1)(C2=CC=CC=C2)C(=O)OC
129717465,CCCCCC=CC=CC=CO
129730688,CCC(CC)/C(=C\CCC(C)CCO)/C
129806554,CC1=CC(=C(CC1)C(C)C)OC(=O)C
129821760,CCCCCC(=O)OC=CC(=C)C
129847813,CC1=CC(=C(CC1)C(C)C)C=O
129864017,CC(CCC=C(C)C)CC(O)OC(=O)C
130024617,CC1=CC(=C(C(C1)(C)C)C=O)C
130027255,CC1CCC(=O)C1CCC(C)C
130124966,CC(=CC(=CCCO)C)C
130125220,CC(C=C)C1CC(CC=C1)CO
130622558,CC1=CC[C@H](C1(C)C)C(=O)C
131634436,CCC(=O)/C(=C/[C@H]1C(=CCCC1(C)C)C)/C
131751246,CC(C)/C=C/1\C2CC=CC=C2C(=O)O1
131751266,CCC1C(N=C(S1)C(C)CC)C
131751267,CCC1C(N=C(S1)CC(C)C)C
132276177,CCCCCCCCCCCC1CCOC1=O
132532489,COC1=CC=CC(=C1[O-])CC(CS(=O)(=O)O)OC2=C(C=C(C=C2)CCCS(=O)(=O)[O-])OC
134491069,CC(C)C1=CC(=C(C(=C1)OC)O)O
135014759,C1=COC(=C1)[O-]
135398513,C1=NC2=C(N1COCCO)N=C(NC2=O)N
135398631,C1=NC2=C(N1[C@H]3[C@@H]([C@@H]([C@H](O3)COP(=O)(O)O)O)O)N=C(NC2=O)N
135398640,C1=NC2=C(C(=O)N1)N=CN2[C@H]3[C@@H]([C@@H]([C@H](O3)COP(=O)(O)O)O)O
135398658,C1=CC(=CC=C1C(=O)N[C@@H](CCC(=O)O)C(=O)O)NCC2=CN=C3C(=N2)C(=O)NC(=N3)N
135398737,CN1CCN(CC1)C2=NC3=C(C=CC(=C3)Cl)NC4=CC=CC=C42
135398739,C1C[C@@H](O[C@@H]1CO)N2C=NC3=C2N=CNC3=O
135398740,C1=NC2=C(N1COC(CO)CO)N=C(NC2=O)N
135398741,CC(C)[C@@H](C(=O)OCCOCN1C=NC2=C1N=C(NC2=O)N)N.Cl
135398744,CCCC1=NN(C2=C1N=C(NC2=O)C3=C(C=CC(=C3)S(=O)(=O)N4CCN(CC4)C)OCC)C
135398745,CC1=CC2=C(S1)NC3=CC=CC=C3N=C2N4CCN(CC4)C
135398748,C1=NC2=C(N1CCC(CO)CO)N=C(NC2=O)N
135399235,CCCOC1=CC=CC=C1C2=NC3=NNN=C3C(=O)N2
135400189,CCCC1=NC(=C2N1N=C(NC2=O)C3=C(C=CC(=C3)S(=O)(=O)N4CCN(CC4)CC)OCC)C
135401907,C1=NNC2=C1C(=O)NC=N2
135403646,C12=NNN=C1N=C(NC2=O)N
135403647,C1C(N(C2=C(N1)N=C(NC2=O)N)C=O)CNC3=CC=C(C=C3)C(=O)N[C@@H](CCC(=O)[O-])C(=O)[O-].[Ca+2]
135413496,C1=CC(=CC=C1C(=O)NCCC(=O)[O-])N=NC2=CC(=C(C=C2)[O-])C(=O)O.[Na+].[Na+]
135413536,C[C@H](C1=CC(=CC(=C1)C(F)(F)F)C(F)(F)F)O[C@@H]2[C@@H](N(CCO2)CC3=NNC(=O)N3)C4=CC=C(C=C4)F
135445693,CC(=O)O.C1=CC=C2C(=C1)C(=CC3=C2N=C4C=CC(=N)C=C4O3)N
135549317,CCC(C)N1CCC2(CC1)NC3=C4C5=C(C(=NC(=O)/C(=C/C=C/[C@@H]([C@@H]([C@H]([C@H]([C@H]([C@@H]([C@@H]([C@H](/C=C/O[C@@]6(C(=O)C4=C(O6)C(=C5O)C)C)OC)
135550179,C[C@H]1/C=C/C=C(\C(=O)NC2=C(C(=C3C(=C2O)C(=C(C4=C3C(=O)[C@](O4)(O/C=C/[C@@H]([C@H]([C@H]([C@@H]([C@@H]([C@@H]([C@H]1O)C)O)C)OC(=O)C)C)OC)C)
135659016,C[C@H]1/C=C/C=C(\C(=O)NC2=C(C(=C3C(=C2O)C(=C(C4=C3C(=O)[C@](O4)(O/C=C/[C@@H]([C@H]([C@H]([C@@H]([C@@H]([C@@H]([C@H]1O)C)O)C)OC(=O)C)C)OC)C)
135742423,COC1=CC(=CC(=C1O)OC)/C=N\N=C/C2=CC(=C(C(=C2)OC)O)OC
135747268,C[N+]1=CC=CC=C1/C=N\O.[Cl-]
136662877,COC(=O)N/N=C\C1=[N+](C2=CC=CC=C2[N+](=C1)[O-])[O-]
137319709,C1=CC(=C(C(=C1)Cl)CC(=O)NC(=N)N)Cl.Cl
137319714,C1(=C(N=C(C(=N1)Cl)N)N)C(=O)NC(=N)N.O.O.Cl
137481702,CCCCCCCOC1=C(C=C(C=C1)CC=C)OC
