smiles,cramer,ames_alert,ames_sa,gradient
CCCCCCCCCCCCCCCOC(C)=O,I,0,,none
C/C=C/C(=O)OC(C)C,I,0,,none
CC=CC(=O)OC(C)C,I,0,,none
CSc1nc(NC(C)C)nc(NC(C)C)n1,III,0,,III
C=CCC1=CC(C)(OC)C(O)C=C1,III,0,,none
CC1(C)COC(C)(c2ccccc2)OC1,III,0,,none
CCCC(=O)C=CC1C(C)=CCCC1(C)C,II,1,SA10_Ames,none
CCCCCCCCC1CO1,III,1,SA7_Ames,none
CCCCCCCCC=CC=CC=CC=CC=O,II,1,SA10_Ames,none
CCC(=O)OCC(C)O,I,0,,none
CCC1NC(CC)SC(CC)S1,II,0,,III
O=c1nc[nH]c2c1ncn2[C@@H]1O[C@H](COP(=O)([O-])[O-])[C@@H](O)[C@H]1O.[Na+].[Na+],III,0,,III
CC(C)C1C=CC(=O)CC1,II,1,SA10_Ames,none
CN1C(=O)CN=C(c2ccccc2)c2cc(Cl)ccc21,III,0,,III
C/C=C/SSCCC,III,0,,none
CC=CSSCCC,III,0,,none
CC(=O)OCC1CCCO1,II,0,,none
CCNc1ccc(C)cc1,III,1,SA28bis_Ames,III
CCOP(=O)(CC)OCC,III,1,SA2_Ames,none
CCC/C=C/CCOC(C)=O,I,0,,none
CCC/C=C\CCOC(C)=O,I,0,,none
CCOC(=O)/C(C)=C/C(C)C,I,0,,none
C=CCOC(=S)CCCCC,III,0,,none
COc1ccccc1OC,I,0,,none
CC(C)CCCCCCCCCCCCCCCOC(=O)CCCCCCCCCCCCCCC(C)C,I,0,,none
Cc1ccc(CCC=O)cc1,I,1,SA11_Ames,none
CCCCCc1ccncc1,III,0,,none
CC(C)CC1CCCC(C)(O)C1.CC(C)CC1CCCC(C)(O)C1,I,0,,none
CC=CC=CCC(=O)OC(C)C,I,0,,none
CCCCCCCC1CCOC1=O,I,0,,none
O=C1CCCC=CCCCCCCCCCC1,II,0,,none
O=C1CCC/C=C\CCCCCCCCCC1,II,0,,none
CCc1ccccc1S,III,0,,none
O=C1O[C@H]([C@@H](O)CO)C(O)=C1OP(=O)(O)O.[Na].[Na].[Na],III,0,,none
F[Si](F)(F)F,III,0,,III
CCCCSSC,III,0,,none
CCCCCCCC=CC(=O)OC(CCCCCCCC)C(=O)O,I,0,,none
CCCC(C)C(=O)OCCC(C)C,I,0,,none
CCCCCC(O)O,I,0,,none
CCCC(O)CC(=O)OC,I,0,,none
COC(=O)/C=C(\C)CCC=C(C)C,I,0,,none
COC(=O)/C=C(/C)CCC=C(C)C,I,0,,none
CCCC/C=C/COC(=O)CC(C)C,I,0,,none
N#CCCc1ccccc1,III,0,,none
CO[C@@H]1[C@@H](OC2OC(C)C(OC3CC(C)(O)C(O)C(C)O3)C(N(C)C)C2O)[C@@H](CC=O)C[C@@H](C)[C@@H](OC2CCC(N(C)C)C(C)O2)/C=C/C=C/C[C@@H](C)OC(=O)C[C@H]1O,III,1,SA11_Ames,II
CCCCCCCCCCCCCCC(=O)OCC(C)C,I,0,,none
CC1=CCCC(C)(C)C1C(C)CCC=O,I,1,SA11_Ames,none
C/C=C(\C)C=O,II,1,SA10_Ames,none
C/C=C(/C)C=O,II,1,SA10_Ames,none
CC=C(C)C=O,II,1,SA10_Ames,none
O=C([O-])CN(CCN(CC(=O)[O-])CC(=O)[O-])CC(=O)[O-].[Ca+2].[Ca+2],III,0,,II
O=C1Cc2ccccc2O1,I,0,,none
O=Cc1cc2ccccc2o1,II,1,SA11_Ames,none
CC(C)COCc1ccccc1,III,0,,none
C=C(C)[C@@H]1CC[C@H](C)C2=C(C1)[C@@H](C)CC2,I,0,,none
C=C(C)C1CCC(C)C2=C(C1)C(C)CC2,I,0,,none
O=C1Nc2ccc(Cl)cc2C(c2ccccc2)=NC1O,III,0,,III
CCCCCC/C=C/C(=O)O,I,0,,none
CCCCCC/C=C\C(=O)O,I,0,,none
CCCCCCC=CC(=O)O,I,0,,none
CCCCC(=O)OCC(C)C,I,0,,none
CCCCc1ccccn1,II,0,,none
CCCCCCCCC1CCOC1=O,I,0,,none
COC(=O)c1ccccc1NC(O)CC(C)c1ccccc1,III,0,,III
CCCCCCCC1(C)OCC(C)O1,I,0,,none
CCC(=O)c1ccc[nH]1,II,0,,none
CCC(C)(O)CCc1ccccc1,I,0,,none
O=C(O)CO,I,0,,none
C=C(C)C1CCC(C)=C(C=O)C1,II,1,SA10_Ames,none
CCC(CO)NCCNC(CC)CO,III,0,,III
CC[C@@H](CO)NCCN[C@@H](CC)CO,III,0,,III
CCc1nc(C)c(CC)s1,II,0,,none
CC(C)C1CC=C(C=O)CC1,II,1,SA10_Ames,none
CC1=CC(C)C(C)C(C=O)C1.CC1=CC(C)C(C=O)C(C)C1,I,1,SA11_Ames,none
CCCC(C)C,I,0,,none
Cc1ccc(C)c2c1CC[C@@H](C(C)(C)O)C2,II,0,,none
CCCCCCCCC(=O)OCCc1ccccc1,I,0,,none
CNc1ccccc1,III,1,SA28bis_Ames,III
CCCCCCC(=O)OCCC(C)C,I,0,,none
C=CCCCCCCCC,I,0,,none
CC(C)C(O)Cc1ccccc1,I,0,,none
FC(F)C(F)(Cl)Cl,III,0,,I
COc1cc(/C=C/C(C)=O)ccc1O,II,0,,none
COc1cc(C=CC(C)=O)ccc1O,II,0,,none
CCOC(=O)CCCCCCCCCCC(=O)OCC,I,0,,none
FC(F)(F)Cl,III,0,,I
c1ccc2sc(SSc3nc4ccccc4s3)nc2c1,III,0,,none
CCc1cccc(CC)c1,I,0,,none
CCCCOc1ccc(C)cc1,III,0,,none
CC(C)CCCC(C)CCOC=O,I,0,,none
CCCCCCCCCCCCOCCCCCCC,III,0,,none
C=C(C)C=COC(=O)CCC,III,1,SA24_Ames,none
BrCc1ccccc1,III,1,SA8_Ames,III
Cc1ccc(CS)cc1,III,0,,none
CCCC(=O)CC(=O)OCC(O)CO,I,0,,none
CCC(C)OC(=O)c1ccco1,II,0,,none
CC/C=C/C(=O)OCC,I,0,,none
CCC1NC(=O)c2cc(S(N)(=O)=O)c(Cl)cc2N1,III,0,,III
CCCCCCCCCCC1CCC(=O)O1,I,0,,none
CCCCCCCCC1OCC(C)O1,I,0,,none
CC[C@H](C)[C@@H](N)C(=O)O,I,0,,III
CC[C@@H](C)[C@@H](N)C(=O)O,I,0,,III
CCC(C)C(N)C(=O)O,I,0,,III
CC[C@H](C)[C@H](N)C(=O)O,I,0,,III
CC1OCC=C1SC1(S)CCOC1C,III,0,,none
CN(c1c([N+](=O)[O-])cc([N+](=O)[O-])cc1[N+](=O)[O-])[N+](=O)[O-],III,1,SA27_Ames,II
CCNC1CCCCC1,III,0,,III
CCCCCCC(=O)Oc1ccc(C)cc1,I,0,,none
O=C1CCCCCCCCCC/C=C/CCO1,I,0,,none
O=C1CCCCCCCCCC/C=C\CCO1,I,0,,none
O=C1CCCCCCCCCCC=CCCO1,I,0,,none
COC(=O)C1OC1(C)c1ccccc1,III,1,SA7_Ames,none
C=CC=CCC,I,0,,none
CCCCCCOC(=O)C(C)CCC,I,0,,none
CCCCCCCCSC,I,0,,none
CN(C)Cc1cc(CN(C)C)c(O)c(CN(C)C)c1,III,0,,II
CC(=O)/C=C/c1c(C)ccc(C)c1C,II,0,,none
CC(=O)/C=C\c1c(C)ccc(C)c1C,II,0,,none
C1COC1,II,0,,none
CCCCOC(=S)C(C)C,III,0,,none
CC(=O)C1CCC(=O)O1,I,0,,none
CCCC(=NO)C(C)C,III,0,,none
CCCCCCCCCCCCCCCC=CC=O,II,1,SA10_Ames,none
C=C(C)COC(=O)CCC,I,0,,none
COC(=O)c1sccc1S(=O)(=O)NC(=O)Nc1nc(C)nc(OC)n1,III,0,,none
O=C(Cl)Oc1ccccc1,III,1,SA1_Ames,III
COCc1ccc(O)cc1,III,0,,none
C[C@@H]1CC[C@H]2C(C)(C)[C@H]3C[C@@]12CC[C@@]3(C)OC=O,I,0,,none
CC(=O)OCC1=CC[C@@]23C[C@@H]1C(C)(C)[C@@H]2CC[C@H]3C,I,0,,none
CCC=CCC(OC)OC,I,0,,none
CC/C=C\CC(OC)OC,I,0,,none
OCCC1CCCc2ccccc21,II,0,,none
CCC(=O)SC,III,0,,none
CC(=O)C=O,I,1,SA11_Ames,none
COP(=S)(OC)SCC(=O)N(C)C=O,III,0,,II
Cc1nc2c(nc1C)CCC2,III,0,,none
CCOC1=C(C)OC(C)C1=O,II,1,SA10_Ames,none
C1CSSSS1,I,0,,none
CCCCCCC(C)CC=O,I,1,SA11_Ames,none
COc1ccc(C2CC(=O)c3c(O)cc(O)cc3O2)cc1O,II,0,,none
CCOC(=O)C(O)(c1ccccc1)c1ccccc1,III,0,,none
CCC=CCCOC(=O)CC(C)C,I,0,,none
CC/C=C\CCOC(=O)CC(C)C,I,0,,none
CC1=CCCC(C)(C)C1/C=C\C(C)C=O,I,1,SA11_Ames,none
CCCCCCCCCCCCCC(=O)OCCC(C)C,I,0,,none
CCCCCCCCCCCCCCCCCCCCC(C)C,I,0,,none
CCCCC/C=C/C(=O)OCC,I,0,,none
CCCCC/C=C\C(=O)OCC,I,0,,none
CCCCCC=CC(=O)OCC,I,0,,none
CCCCCCCCC[C@H](O)CC(=O)CCc1ccc(O)c(OC)c1,II,0,,none
CC1=NC(C)SC1C,II,0,,none
C[N+](C)(C)CCOC(N)=O.[Cl-],III,1,SA16_Ames,III
FC(F)(Cl)C(F)(Cl)Cl,III,0,,I
O=C(Nc1ccc2c(c1)C(O)OC21c2ccc(O)cc2Oc2cc(O)ccc21)c1c(F)c(F)c(F)c(F)c1F,III,1,SA18_Ames,III
CC(=O)c1ccccn1,II,0,,none
CC1CCCS1,II,0,,none
O=P([O-])(O)O.[Na+],III,0,,none
C=C/C=C/C=C\CCC(=O)CC,III,0,,none
CCCCCCCCCCCC(OC)OC,I,0,,none
CC1(C)[C@@H]2CC[C@](C)(C2)[C@@]1(C)O,I,0,,none
CC12CCC(C1)C(C)(C)C2(C)O,I,0,,none
CCCCCC=COC(=O)CC(C)C,III,1,SA24_Ames,none
CN1C(=O)CC(C)(c2ccccc2)C1=O,II,0,,II
CC1OC1(C)C=CC1OC1(C)C,III,1,SA7_Ames,none
CC(C)=C1CCC2(C)OC2C1=O,III,1,SA10_Ames;SA7_Ames,none
Nc1ccccc1Cl,III,1,SA28_Ames,III
CCCCCC(=O)SC,III,0,,none
CC(=O)CCc1ccccc1,I,0,,none
C=C(CCCCCCC)C(C)O,II,0,,none
CC(=O)OC1CCCCC1C,I,0,,none
CCCCCCCCCCOC(=O)Cc1ccccc1,I,0,,none
C=CCCCCCCCC=O,I,1,SA11_Ames,none
COc1ccc2c(c1OC)C(=O)O[C@@H]2[C@H]1c2c(cc3c(c2OC)OCO3)CCN1C,III,0,,II
COc1ccc2c(c1OC)C(=O)O[C@H]2[C@H]1c2c(cc3c(c2OC)OCO3)CCN1C,III,0,,II
COc1ccc2c(c1OC)C(=O)OC2C1c2c(cc3c(c2OC)OCO3)CCN1C,III,0,,II
COc1cc(COC(=O)c2ccc(O)c(OC)c2)ccc1O,I,0,,none
CCC/C=C(\C)C(=O)O,I,0,,none
COC(C)=[Cr],III,0,,none
CCOC(=O)CCCSC(C)=O,I,0,,none
CCC1(O)C2(C)CCCC1(C)CC2,I,0,,none
C=C[C@H]1CN2CC[C@H]1C[C@H]2[C@H](O)c1ccnc2ccc(OC)cc12.O=S(=O)(O)O,III,0,,II
C=CC1CN2CCC1CC2C(O)c1ccnc2ccc(OC)cc12.O=S(=O)(O)O,III,0,,II
CC(CCCC(C)(C)O)CC1OCC(C)O1,I,0,,none
Clc1ccc(-c2cccc(Cl)c2Cl)c(Cl)c1,III,0,,III
Cc1cnc2ccccc2n1,III,0,,none
C[C@@H]1CCCCCCCCCCCCC(=O)C1,II,0,,none
CC1CCCCCCCCCCCCC(=O)C1,II,0,,none
CCCCCC(C#N)=C1CCC(C)CC1,III,0,,none
C=CC(C)(CCC=C(C)C)OC(=O)CCCCC,I,0,,none
COC(=O)CCCCCCCCC(=O)OC,I,0,,none
CCCC(=O)OC1CC2(C)CC[C@@H]1C2(C)C,I,0,,none
O=C=Nc1ccc(N=C=O)cc1,III,1,SA15_Ames;SA28_Ames;ar-N=CH2,none
CCCCCCCC(=O)Oc1ccc(C)cc1,I,0,,none
CCCCCCCC/C=C\CCCCCCCCO,I,0,,none
CCCCCCCC/C=C/CCCCCCCCO,I,0,,none
CC1COC(C)(C)O1,I,0,,none
C[C@H]1COC(C)(C)O1,I,0,,none
CCCCC=COC(=O)c1ccccc1,III,1,SA24_Ames,none
COc1ccc(OC)c(C(C)(C)C)c1,I,0,,none
CCCSSCCC,III,0,,none
CCCCCCC1(C)CCC(=O)O1,I,0,,none
CC1=CC(C)C(C(=O)C(C)(C)C)CC1,I,0,,none
Nc1ccc(C(=O)O)cc1,III,1,SA28_Ames,III
CCOC(OCC)C(C)c1ccccc1,I,0,,none
S=C([S-])NCCNC(=S)[S-].[Zn+2],III,0,,III
O=COCCCc1ccccc1,I,0,,none
[O-][n+]1c2c(c(-c3ccncc3)c3c1CCCC3)CCCC2,III,1,SA26_Ames,none
CC(C)C=O,I,1,SA11_Ames,none
CCCCCCCCCC=CCOC(C)=O,I,0,,none
CCCCCCCCC/C=C/COC(C)=O,I,0,,none
CC1(C)CCC(COC=O)C23C4CC(CC412)C3(C)C,II,0,,none
CCCCCO,I,0,,none
CCCCCCC(OCCCC)OCCCC,I,0,,none
CCCC/C=C\CCCCCCCCCC=O,I,1,SA11_Ames,none
Cc1ccccc1-c1nc2ccccc2s1,III,0,,none
CC(=O)SC(C)(C)[C@@H]1CC[C@@H](C)CC1=O,III,0,,none
CC(=O)SC(C)(C)C1CCC(C)CC1=O,III,0,,none
CC/C=C/CC/C=C/CO,I,0,,none
CC/C=C\CC/C=C/CO,I,0,,none
CCC=CCCC=CCO,I,0,,none
Cc1ccc(OC(=O)c2ccccc2O)cc1,I,0,,none
CC(=O)Oc1ccccc1C,I,0,,none
CC1CC(C)(C)CC(=O)O1,I,0,,none
CCCCCC1=C(C)CCCC1=O,II,1,SA10_Ames,none
CCOC(=O)/C=C(\CC(=O)O)C(=O)O,III,0,,none
CCOC(=O)C=C(CC(=O)[O-])C(=O)[O-],III,0,,none
C=CC(=O)OCCCCCCCC,I,0,,none
CC/C=C\CCOC(=O)C#CCCCCC,III,0,,none
CCCC(=O)OC(C)Cc1ccccc1,I,0,,none
CC(C)COc1ccc(C(=O)CCc2ccccn2)c(O)c1,III,0,,none
O=C1OCCCCCCO1,III,0,,none
CCc1ccc(OC(C)=O)cc1,I,0,,none
CC(=O)OCC1CCC(C)(C)C23CC4CC2C13C4(C)C,II,0,,none
O=c1oc(=O)c2cc3c(=O)oc(=O)c3cc12,III,1,SA19_Ames,III
O=CCCOCc1ccccc1,III,1,SA11_Ames,none
Oc1ccc(Cl)cc1Sc1cc(Cl)ccc1O,III,0,,III
CCC(C)CCCCC=O,I,1,SA11_Ames,none
CC(=O)C(C)Sc1ccoc1C,II,0,,none
CCCCCCOC(C)=O,I,0,,none
CC(N)CN,I,0,,III
C=C(C)C(=O)OCc1ccccc1,I,0,,none
CCCCCOCCCCC,III,0,,none
Cc1c(O)ccc(C=O)c1O,I,1,SA11_Ames,none
CC(=O)C(C)CC1CCC(C(C)C)CC1,I,0,,none
CCC(CC)CC,I,0,,none
O=P([O-])([O-])OCC(O)CO.O=P([O-])([O-])OCC(O)CO.O=P([O-])([O-])OCC(O)CO.[Fe+3].[Fe+3],III,0,,none
C/C=C/c1ccc(OCC)c(OC)c1,I,0,,none
CC=Cc1ccc(OCC)c(OC)c1,I,0,,none
C=C(C)C1CCC(C=O)CC1,I,1,SA11_Ames,none
CC(=O)OC/C(=C\CC(C)C)C(C)C,I,0,,none
CC(=O)OCC(=CCC(C)C)C(C)C,I,0,,none
CC[C@]1(O)CC[C@H]2[C@@H]3CCC4=CCCC[C@@H]4[C@H]3CC[C@@]21C,III,0,,none
CC(O)CO.CCC(=O)O.CCC(=O)O,I,0,,none
C=CC(C)(CCC=C(C)C)OC(=O)CCCCCC,I,0,,none
C=CCOC(=S)C(C)C,III,0,,none
C=CC(O)C/C=C/CC,II,0,,none
C=CC(O)CC=CCC,II,0,,none
C=CC(O)C/C=C\CC,II,0,,none
CC(C)(C)c1cccc(CCC=O)c1,I,1,SA11_Ames,none
Cc1cc(=O)[nH]c2ccccc12,II,0,,none
CCCCCCOCC(O)OC(C)COCC(C)O,III,0,,none
CC/C=C/CCOC(=O)CCCCCCCCC,I,0,,none
CC/C=C\CCOC(=O)CCCCCCCCC,I,0,,none
CCSC(C)=O,III,0,,none
CCCCCCCCC(C(C)=O)C(=O)OCC,I,0,,none
CCOc1cccc2ccccc12,III,0,,none
CC/C=C\CCOC(=O)C1CC1,I,0,,none
CCC=CCCOC(=O)C1CC1,I,0,,none
Cc1ccccc1N1C(=O)c2cc(S(N)(=O)=O)c(Cl)cc2NC1C,III,0,,III
c1ccc(CCCc2ccncc2)cc1,II,0,,none
CN=C(NC#N)NCCSCc1nc[nH]c1C,III,0,,III
CCC(O)CC,I,0,,none
CC1(C)CCCC2=C1CC(C=O)CC2,I,1,SA11_Ames,none
O=C1CC2CCCCC2O1,I,0,,none
CCc1occc(=O)c1OC(=O)C(C)C,II,0,,none
CCCCCCC=CCC(=O)OCC,I,0,,none
CCOC(OCC)C1CCCCC1,I,0,,none
Cc1sccc1S,III,0,,none
CC(C)CCOCCC(C)C,III,0,,none
CCC=C(C)OC=O,I,0,,none
CCCCCCCCCCCCCCCC(=O)Cl,III,1,SA1_Ames,III
CCC1CC(C)=C(O)C1=O,II,1,SA10_Ames,none
C/C=C/C(=O)C(C)CC,II,1,SA10_Ames,none
C/C=C/C(=O)[C@@H](C)CC,II,1,SA10_Ames,none
C/C=C/C(=O)[C@H](C)CC,II,1,SA10_Ames,none
CC=CC(=O)C(C)CC,II,1,SA10_Ames,none
CCCc1nc(C)cnc1C,II,0,,none
CC/C=C\CC/C=C/C(=O)NCC,I,1,SA10_Ames,none
CCCCCCCCC(=O)OCCCCCCC,I,0,,none
Cc1c2ccccc2c(C)c2c1ccc1ccccc12,III,1,SA18_Ames,none
CC(C)CC(=O)CO,I,0,,none
CCCCCC(=O)OC/C=C(\C)CCC=C(C)C,I,0,,none
CCCCCC(=O)OC/C=C(/C)CCC=C(C)C,I,0,,none
CCCCC(O)C1=CCCCC1C(=O)O,I,0,,none
CC(=O)OC1(C(C)C)CCCCC1,I,0,,none
COCC(C)O,I,0,,none
OCCC(O)CO,I,0,,none
CC=Cc1ccc(OCCCCCC)c(OC)c1,II,0,,none
CCCCCCCC(=O)OCCc1ccccc1,I,0,,none
O=C(CCO)OCCc1ccccc1,I,0,,none
CCCC/C=C/CO,I,0,,none
COc1cccc(O)c1,I,0,,none
COC=CCc1ccc(CC(C)C)cc1,III,1,SA24_Ames;SA38_Ames,none
CC1=CC(=O)C(C)O1,II,1,SA10_Ames,none
CC(C)=CCO,I,0,,none
Cc1cc(C)nc(NS(=O)(=O)c2ccc(N)cc2)n1,III,1,SA28_Ames,III
CNC[C@H](O)c1ccc(O)c(O)c1.Cl,III,0,,III
[Be],III,0,,none
CCCCCCCCCCN(C)CCCCCCCCCC,I,0,,II
N#CBr,III,0,,III
CCOC(COCC=C(C)CCC=C(C)C)OCC,III,0,,none
O=c1ccc2ccc(O)c(O)c2o1,III,1,SA30_Ames,none
Nc1ccc(Nc2ccccc2)cc1,III,1,SA28_Ames,III
NCCCCNCCCN,III,0,,III
CNC=O,III,0,,none
[Sn],III,0,,none
CCCCCCCCCC(=O)OCc1ccco1,II,0,,none
O=C([O-])O.[NH4+],III,0,,none
CCCCCCCCS(=O)C(C)Cc1ccc2c(c1)OCO2,III,0,,none
CCC,I,0,,none
C=CCOCC=C,III,0,,none
CC[C@@H](CO)NCCN[C@@H](CC)CO.Cl.Cl,III,0,,III
CCOCCC(C)CCC=C(C)C,I,0,,none
CCC(C)c1ccc2ncccc2c1,II,0,,none
OCC1COC(c2ccccc2)O1,I,0,,none
O=C1OC(=O)c2c(Cl)c(Cl)c(Cl)c(Cl)c21,III,0,,III
Cc1cc(C)cc(C)c1,I,0,,none
CC(=O)OC[C@H]1O[C@@H]([S-])[C@H](OC(C)=O)[C@@H](OC(C)=O)[C@H]1OC(C)=O.CCP(CC)CC.[Au+],III,0,,none
CCCSC(O)(CS)CCC,III,0,,none
CC1CCOC2(CCCCC2)O1,I,0,,none
CCN(CC)C(=S)SSC(=S)N(CC)CC,III,0,,II
CCCCCCCCOC=O,I,0,,none
CN1CCCC1,II,0,,II
CCCC(O)CCO,I,0,,none
COC/C=C(\C)CCC=C(C)C,I,0,,none
COCC=C(C)CCC=C(C)C,I,0,,none
CCOC(=O)OC1=C(C)OC(C)C1=O,II,1,SA10_Ames,none
CC1=CCC2C(C1)C1CC2C2(C1)OC2C,III,1,SA7_Ames,none
CC1(C)SC2C(NC(=O)C(N)c3ccccc3)C(=O)N2C1C(=O)O,III,0,,III
O=C1OCCCCCCCCCCOC1=O,I,0,,none
CC(C)COC=O,I,0,,none
CCCCOC(=O)c1ccccc1C(=O)OCC(CC)CCCC,I,0,,none
O=Cc1ccc(Cl)cc1,III,1,SA11_Ames,III
CCC(C)(C#N)N=NC(C)(C#N)CC,III,1,SA14_Ames,none
NO,III,0,,III
Nc1cc(Cl)ccc1Cl,III,1,SA28_Ames,III
CC(C)=CCC/C(C)=C/COC(=O)c1ccccc1O,I,0,,none
CC(C)CCc1ccc2c(c1)OCC(=O)CO2,II,0,,none
CCCC/C=C/COC(C)=O,I,0,,none
CC/C=C\CC(C)OC(=O)c1ccccc1O,I,0,,none
CCC=CCC(C)OC(=O)c1ccccc1O,I,0,,none
COC(=O)C1CC2CC1C1CC=CC21,I,0,,none
CC(=O)OC1CCCCCCCCCCC1,I,0,,none
c1ccc2cnccc2c1,III,0,,none
c1ccc(C2CO2)cc1,III,1,SA7_Ames,none
CCCCC/C(=C/c1ccccc1)COC=O,II,0,,none
CCCCC/C=C/CCC(=O)OCC,I,0,,none
CCCCC/C=C\CCC(=O)OCC,I,0,,none
CC(=O)OCCC1=CC[C@H]2C[C@@H]1C2(C)C,I,0,,none
CC(=O)OCCC1=CCC2CC1C2(C)C,I,0,,none
O=C([O-])CN(CCN(CC(=O)[O-])CC(=O)[O-])CC(=O)[O-].[Mg+2].[Na+].[Na+],III,0,,II
CCC1(C2CCCCC2)C(=O)NC(=O)NC1=O,III,0,,none
C=CCCCCCCCCCOCCC#N,III,0,,none
COC(=O)[C@@H]1CCC[C@H](C)C1,I,0,,none
CCCC=CC(=O)CCC(C)C,III,1,SA10_Ames,none
COc1ccc(/C=C/C=O)cc1,II,0,,none
COc1ccc(C=CC=O)cc1,II,0,,none
[Ca+2].[OH-].[OH-],III,0,,none
CC(C)[C@H](O)C(C)(C)C,I,0,,none
CCCCCCCCCCCCCC(=O)OC(C)C,I,0,,none
CC1=CC(C=O)=C(C(C)C)CC1,II,1,SA10_Ames,none
CC(C)[C@H](NC(=O)[C@H](CO)NC(=O)[C@@H](NC(=O)[C@H](CCC(N)=O)NC(=O)[C@H](C)N)[C@@H](C)O)C(=O)O,I,0,,III
C=CCOC(=O)CC(C)=O,III,0,,none
CCOCc1ccccc1,III,0,,none
CC1=CC(=O)CC(C)(C)C12CCC(C)O2,II,1,SA10_Ames,none
CCCCCCCCCC(=O)OCC(C)C,I,0,,none
C=CCC1(C(C)CCC)C(=O)[N-]C(=O)NC1=O.[Na+],III,0,,none
Cl[Sn]Cl,III,0,,III
CC1CC1C(=O)O,I,0,,none
C[C@@H](O)[C@H](N)C(=O)O,I,0,,III
CC(O)C(N)C(=O)O,I,0,,III
O.O.O=C1[N-]S(=O)(=O)c2ccccc21.[Na+],III,0,,none
CCCCCC(CC(=O)OCC)OC(C)=O,I,0,,none
CCC12CCC3C(C)(C)CCCC3(C)C1COC2,III,0,,none
CCCCCC1COC(=O)CO1,III,0,,none
O=C([O-])[O-].[Ba+2],III,0,,none
CC1=CC(=O)CC(C)(C)C1=O,II,1,SA10_Ames,none
CCOC(=O)CCCO,I,0,,none
CCCCC/C=C\CO,I,0,,none
CCCCCC=CCO,I,0,,none
CCCCC/C=C/CO,I,0,,none
NC(N)=O.O=[N+]([O-])O,III,0,,II
CCCC(CS)OC(C)=O,I,0,,none
CCCCOC(=O)CC(C)C,I,0,,none
C[C@H]1CC[C@H]2[C@@H]1C1C(CC[C@@]2(C)O)C1(C)C,I,0,,none
C[C@@H]1CC[C@H]2[C@@H]1[C@H]1[C@@H](CC[C@]2(C)O)C1(C)C,I,0,,none
C[C@@H]1CC[C@H]2[C@@H]1C1[C@@H](CC[C@]2(C)O)C1(C)C,I,0,,none
C[C@@H]1CC[C@@H]2[C@@H]1[C@H]1[C@@H](CC[C@@]2(C)O)C1(C)C,I,0,,none
CC1CCC2C1C1C(CCC2(C)O)C1(C)C,I,0,,none
C[C@H]1CCC2C1C1C(CC[C@@]2(C)O)C1(C)C,I,0,,none
CCOC(=O)/C(=C/c1ccccc1)C(C)=O,II,0,,none
CCOC(=O)C(=Cc1ccccc1)C(C)=O,II,0,,none
CCOC(=O)/C(=C\c1ccccc1)C(C)=O,II,0,,none
CCCOC(=O)C(C)C,I,0,,none
CCCCCC(O)(O)CC,I,0,,none
C=C(C)[C@H]1CC[C@@H](C)C(=O)C1,I,0,,none
C=C(C)[C@@H]1CC[C@H](C)C(=O)C1,I,0,,none
C=C(C)[C@H]1CC[C@H](C)C(=O)C1,I,0,,none
C=C(C)[C@@H]1CC[C@@H](C)C(=O)C1,I,0,,none
C=C(C)C1CCC(C)C(=O)C1,I,0,,none
CC(=O)OC(C)/C=C(\C)CCC=C(C)C,I,0,,none
CC(=O)OC(C)C=C(C)CCC=C(C)C,I,0,,none
O=C1C=CC(=O)C=C1,II,1,SA12_Ames,none
COc1cc(O)cc(OC)c1C(C)=O,I,0,,none
FC(F)(Br)Br,III,0,,III
CC(O)COCC(C)O,III,0,,none
CC(C(=O)CCC(=O)O)C(O)CCCCC=O,III,1,SA11_Ames,none
O=Cc1ccoc1,II,1,SA11_Ames,none
CCCCCC[C@@H](O)C/C=C\CCCCCCCC(=O)OCC,I,0,,none
COc1cc(C(C)C)cc(O)c1O,I,0,,none
CCCC(=O)C(CC)C(=O)OCC,I,0,,none
COC(=O)C(C)Oc1ccc(Oc2ccc(Cl)cc2Cl)cc1,III,0,,III
CCCCC1(CC)CCC(=O)OC1,I,0,,none
CCCCCCCCCCCC(=O)N(C)CC(=O)O,I,0,,II
CC1(C)CC(=O)CC(=O)C1,I,0,,none
CCC/C=C/CCCCC(=O)OC(CCCC)CCCCC(=O)O,I,0,,none
CCCC(=O)C(=O)CCC(=O)CC(C)=O,III,0,,none
O=[N+]([O-])c1ccc(-c2ccccc2)cc1,III,1,SA27_Ames,II
CCC(C)(C)c1ccc(CCO)cc1,I,0,,none
O=C1CCCCCCCCCCCC(=O)OCO1,III,0,,none
CCC(=O)OC1C=CC2C3CCC(C3)C12,I,0,,none
Cc1nc(C)c(C)s1,II,0,,none
FC(F)(F)C(F)(Cl)Cl,III,0,,I
CC(C)C(=O)C(=O)C(C)C,III,0,,none
C=CC(=O)OC,I,0,,none
COC(=O)c1ccccc1S,III,0,,none
C=CC(C)(CCC=C(C)C)OC,I,0,,none
ClCc1ccccc1Cl,III,1,SA8_Ames,III
C/C=C/C=C/C=O,II,1,SA10_Ames,none
CC=CC=CC=O,II,1,SA10_Ames,none
O=S(=O)([O-])[O-].[Fe+2],III,0,,none
O=C(CS)OCCc1ccccc1,I,0,,none
C=C(C)[C@@H]1CC=C(C)[C@H](O)C1,I,0,,none
C=C(C)C1CC=C(C)C(O)C1,I,0,,none
C=C(C)[C@H]1CC=C(C)[C@H](O)C1,I,0,,none
C=C(C)[C@@H]1CC=C(C)[C@@H](O)C1,I,0,,none
CN,I,0,,III
CC(C)C(O)C(C)C,I,0,,none
CCC=S=O,III,0,,none
CCCCCCCCCCCC(C)C=O,I,1,SA11_Ames,none
C=CC1CC=CCC1,I,0,,none
CC(C)=CC/C=C(\C)CCOC(=O)CC(C)C,I,0,,none
CC(C)=CCC=C(C)CCOC(=O)CC(C)C,I,0,,none
CCCCCCC(OC)OC,I,0,,none
CCCCCCCO,I,0,,none
CC(=O)OC1(C)CCC(C(C)(C)OC(C)=O)CC1,I,0,,none
CCCCC(C)C(C)(C)OC(=O)CC(C)C,I,0,,none
CC(C)Cc1ccccn1,II,0,,none
CC/C(C)=C/CC/C(C)=C/C=O,II,1,SA10_Ames,none
CCC(C)=CCCC(C)=CC=O,II,1,SA10_Ames,none
CN(C)CCCN1c2ccccc2CCc2ccccc21,III,0,,II
CCOC(=O)C(C)OC(C)=O,I,0,,none
CCCCCCCCCCOC=O,I,0,,none
CCOc1ccc(C=O)cc1O,I,1,SA11_Ames,none
CCCC/C=C/CC(=O)OCC,I,0,,none
CCCCC=CCC(=O)OCC,I,0,,none
CCCC(=O)C(CC)C(=O)OC,I,0,,none
CCCCCCCCOC(=O)C(C)CC,I,0,,none
CC/C=C\CCOC(=O)c1ccccc1,I,0,,none
CCC=CCCOC(=O)c1ccccc1,I,0,,none
Nc1nc2c(ncn2[C@@H]2O[C@H](COP(=O)([O-])[O-])[C@@H](O)[C@H]2O)c(=O)[nH]1.[K+].[K+],III,1,SA28_Ames,III
FC(F)(F)C(Cl)Br,III,1,SA8_Ames,I
CCOCCOC(C)C(=O)[O-].[K+],III,0,,none
C=C[C@@]1(C)CC[C@@H](O)C(C)(C)O1,II,0,,none
C=CC1(C)CCC(O)C(C)(C)O1,II,0,,none
C=C[C@]1(C)CC[C@H](O)C(C)(C)O1,II,0,,none
C=C(COC(C)=O)C1CC=C(C)CC1,I,0,,none
COc1cc(C(=O)C(C)=O)ccc1O,III,0,,none
CC(O)C(C)CS,I,0,,none
CCC/C=C\CC(=O)O,I,0,,none
CCC/C=C/CC(=O)O,I,0,,none
CCCC=CCC(=O)O,I,0,,none
COC(C=Cc1ccccc1)OC(C)=O,III,0,,none
CCC(=O)[O-].CCC(=O)[O-].[Ca+2],I,0,,none
O=CO,I,0,,none
C=CCC(C)C(=O)OCC,I,0,,none
C=CC[C@H](C)C(=O)OCC,I,0,,none
CC(C)(O)c1ccccc1,I,0,,none
CCCC(=O)CC(=O)[O-],III,0,,none
CCCO,I,0,,none
CC(C)CS,III,0,,none
Nc1ccc(N=Nc2cccc(N=Nc3ccc(N)cc3N)c2)c(N)c1,III,1,SA28_Ames;SA29_Ames;aN=Na,III
C=C1[C@H]2CCC(=O)[C@@]23CC[C@H](C3)C1(C)C,I,0,,none
C=C1C2CCC(=O)C23CCC(C3)C1(C)C,I,0,,none
C=C1C2CCC(=O)[C@@]23CC[C@H](C3)C1(C)C,I,0,,none
O=C(O)CCCCCCCC(=O)O,I,0,,none
CCCCCCCCCCCCCCC(C)CCCCCCCCCC(C)CCCCCCCCCCCC,I,0,,none
[Cd],III,0,,none
CCC(CC)CC(=O)OC,I,0,,none
CC1C2CCC1(C)C(=O)C2,I,0,,none
CCOP(OCC)OCC,III,0,,none
CC(C)=CCCC(C)CC(OCCc1ccccc1)OCCc1ccccc1,I,0,,none
C=CC(C)CCCC(C)(C)OC(C)=O,I,0,,none
CC(C)CC(N=C(O)C(CCC(=O)O)N=C(O)C(CC(=O)O)N=C(O)C(CCC(=O)O)N=C(O)C(N=C(O)C(CCC(=N)O)N=C(O)C(CCC(=N)O)N=C(O)C(CCC(=N)O)N=C(O)C(CCC(=O)O)N=C(O)C(CCC(=O)O)N=C(O)C(COP(=O)(O)O)N=C(O)C(CCC(=N)O)N=C(O)C(N)Cc1ccccc1)C(C)O)C(O)=NC(CCC(=N)O)C(O)=NC(CC(=O)O)C(O)=NC(CCCCN)C(=O)O,III,0,,III
CCCOCCc1ccccc1,III,0,,none
CC(=O)OCCCC1CCCCC1,I,0,,none
CCCCCCCCCCCCCCCC(=O)OCCC,I,0,,none
COC(=O)CC(=O)OC,I,0,,none
CCOc1ccc(C=O)cc1OC,I,1,SA11_Ames,none
CCCCCCSC#N,III,0,,none
C=CCOCC=C.COc1ccccc1O,III,0,,none
CC12CCC(CC1)C2(C)C,I,0,,none
COC(=O)c1ccccc1N=CCC(C)CCCC(C)(C)O,III,0,,none
CCCCCCCCN[C@H](C)[C@@H](O)c1ccc(SC(C)C)cc1,II,0,,III
O=[N+]([O-])c1ccccc1Cl,III,1,SA27_Ames,III
O=P([O-])([O-])F.[Na+].[Na+],III,0,,III
CCCCC=COC(=O)C=CCCCCC,III,1,SA24_Ames,none
Cc1cc(C)c(C)c(C)c1,I,0,,none
FC(F)=C(F)F,III,0,,III
CC1=CCCC(C)(C)C1/C=C/C(=O)C(C)C,II,1,SA10_Ames,none
CC(C)C(C)S,III,0,,none
CC(C)[C@H](C)S,III,0,,none
N.N.O=S(=O)(O)O,III,0,,II
CCCCCCOC(CCCCC)OCCC(C)C,I,0,,none
COc1ccc(C(Cl)=C(c2ccc(OC)cc2)c2ccc(OC)cc2)cc1,III,0,,III
C#C[C@]1(O)CC[C@H]2[C@@H]3CCc4cc(O)ccc4[C@H]3CC[C@@]21C,II,0,,none
CC1(C)CCCC2C(=O)C3CCC21C3,I,0,,none
CCN(CC)CCO,I,0,,II
O=CCC1CC2CC1C1CCCC21,I,1,SA11_Ames,none
CC(=O)OC1=C(C(C)C)CCC(C)=C1,I,0,,none
CCCCCCC#CC(=O)OCC,III,0,,none
CCCCC1(OC(C)=O)CCCCC1,I,0,,none
CC1=CC(=O)C23C[C@@H]1C(C)(C)[C@@H]2CC[C@H]3C,II,1,SA10_Ames,none
CC1=CC(=O)[C@@]23C[C@@H]1C(C)(C)[C@@H]2CC[C@H]3C,II,1,SA10_Ames,none
COc1c2ccoc2cc2oc(=O)ccc12,III,1,SA19_Ames;SA30_Ames,none
CCCCCCCCCCCCC=O,I,1,SA11_Ames,none
CC12CCCC(OC=O)(C1)C1CC(C)(C)C1CC2,I,0,,none
CCCCCCCCCCCCCC,I,0,,none
Cc1c(C#N)c(C)c([N+](=O)[O-])c(C(C)(C)C)c1[N+](=O)[O-],III,0,,II
CCCC=CC(=O)OC=CCCCC,III,1,SA24_Ames,none
C1OCOCO1,III,0,,none
CCCCCOC(=O)c1ccco1,II,0,,none
COc1cc(C=O)ccc1OC(=O)C(C)C,I,1,SA11_Ames,none
CC(=O)/C=C/C1=C(C)CCC(C)C1(C)C,II,1,SA10_Ames,none
CC(=O)C=CC1=C(C)CCC(C)C1(C)C,II,1,SA10_Ames,none
CC12CC(CC1=O)C(C)(C)C2,I,0,,none
CC1C=CC(=O)O1,I,0,,none
CC(C)(C)c1cc(O)ccc1O,I,0,,none
O=c1ccc(=O)[nH][nH]1,II,0,,none
CCN1CCCC1CNC(=O)c1cc(S(N)(=O)=O)ccc1OC,III,0,,III
C/C=C\C(=O)C1=C(C)CCCC1(C)C,II,1,SA10_Ames,none
C/C=C/C(=O)C1=C(C)CCCC1(C)C,II,1,SA10_Ames,none
CC=CC(=O)C1=C(C)CCCC1(C)C,II,1,SA10_Ames,none
O=C1CCCC1,I,0,,none
CCc1ccccc1NC(=O)C/C(C)=N\NC(C)=O,III,1,SA13_Ames,none
CCCCCC(=O)C(C)C(C)=O,I,0,,none
O=P(O)(O)OC[C@@H]1OC(O)(CO)[C@H](O)[C@@H]1O,III,0,,none
C=CCc1ccc(O[C@@H]2O[C@H](CO)[C@@H](O)[C@H](O)[C@H]2O)cc1,I,1,SA38_Ames,none
CCCCCCCCCC(=O)OCCCCC,I,0,,none
CCCCCCCOC(=O)CC,I,0,,none
COc1ccc(N)cc1,III,1,SA28_Ames,III
CCC/C=C\CCCCC=O,I,1,SA11_Ames,none
CCC/C=C/CCCCC=O,I,1,SA11_Ames,none
CCCC=CCCCCC=O,I,1,SA11_Ames,none
C=CCBr,III,1,SA8_Ames,III
CCOCc1ccco1,II,0,,none
NCCc1ccccc1,III,0,,III
O=P(Cl)(Oc1ccccc1)Oc1ccccc1,III,0,,III
C=CCSSSSC,III,0,,none
CCc1ccc(CC(=O)OC)cc1,I,0,,none
COC(=O)C(C)C,I,0,,none
COc1ccccc1OC(C)=O,I,0,,none
CCCCOC(=O)c1ccccc1C(=O)OC1CCCCC1,I,0,,none
Cc1cc2ccccc2[nH]1,III,0,,none
O=C(NN=Cc1ccccc1Cl)c1ccncc1,III,1,SA13_Ames,III
CC(F)(F)Cl,III,0,,I
CC(C)CCOCCc1ccccc1,III,0,,none
CCC(C)N,I,0,,III
C=CC(=O)C/C(=C\CCSCC)c1ccccc1,II,1,SA10_Ames,none
CCCCCCCc1ccco1,III,0,,none
OCc1ccc2c(c1)OCO2,III,0,,none
CCCCC(C)C=O,I,1,SA11_Ames,none
CCOCCC(=O)OCC,I,0,,none
CCCCCC(=O)OC/C=C/c1ccccc1,I,0,,none
CCCCCC(=O)OCC=Cc1ccccc1,I,0,,none
CC(=O)O.CC(=O)[O-].[Na+],I,0,,none
O=S([O-])[O-].[K+].[K+],III,0,,none
C=C1CCCC(C)(C)C1CCC(C)=CCCC1C(C)(O)CCC2C(C)(C)CCCC21C,I,0,,none
C=C1CCCC(C)(C)[C@@H]1CC/C(C)=C/CCC1[C@@]2(C)CCCC(C)(C)C2CC[C@@]1(C)O,I,0,,none
[O-]B([O-])[O-].[O-]B([O-])[O-].[Zn+2].[Zn+2].[Zn+2],III,0,,none
N[C@@H](CCC(=O)[O-])C(=O)[O-].O.[Na+].[Na+],III,0,,III
Cc1cc2c(c3c1C(=O)CC3C)C(C)(C)CC2(C)C,II,0,,none
CC(=O)C1(C)CC=C(C)CC1,I,0,,none
CC1=CCCC(C)(Cc2ccccc2)C1=O,II,1,SA10_Ames,none
ClC1=C(Cl)C2(Cl)C3C(Cl)C(Cl)CC3C1(Cl)C2(Cl)Cl,III,0,,III
CCCCC/C=C\C/C=C\C=C\C=O,II,1,SA10_Ames,none
Nc1c(Cl)cc([N+](=O)[O-])cc1Cl,III,1,SA27_Ames,III
O=C(NN=Cc1c(O)ccc2ccccc12)c1cc2ccccc2cn1,III,1,SA13_Ames,none
O=C(O)C[C@H](O)C(=O)O,I,0,,none
O=C(O)CC(O)C(=O)O,I,0,,none
O=C(CO)[C@@H](O)[C@H](O)[C@H](O)CO,I,0,,none
C/C=C\c1ccc(O)c(OC)c1,I,0,,none
C/C=C/c1ccc(O)c(OC)c1,I,0,,none
CC=Cc1ccc(O)c(OC)c1,I,0,,none
CC(=O)OC1CC2CC1C1C=CCC21,I,0,,none
CCCCCCCCCCCCCCCCCCCCCCCCCCC,I,0,,none
CC(C)CCCCCCCCCCCCCCC(=O)OCC(C)O,I,0,,none
O=CC=CC1CC=CCC1,II,1,SA10_Ames,none
CCOC(=O)C(C)(C)S,I,0,,none
CC([O-])CO.CCCCCCCCCC(=O)CC(=O)O,III,0,,none
C=C(C)CCCC(C)OC(C)=O,I,0,,none
CC(C)CC(=O)C(=O)O,I,0,,none
CC(=O)OCC1=CC[C@@H]2C[C@H]1C2(C)C,I,0,,none
CC(=O)OCC1=CCC2CC1C2(C)C,I,0,,none
Cc1ncsc1CCO,II,0,,none
C=C(C)C(=S)OCC,III,0,,none
C#CCO.CCC(=O)CCC1C(C)=CCCC1(C)C,III,0,,none
CCCCOCCOC(OCCOCCCC)c1ccccc1,I,0,,none
CC1CCC2C(C)COC(=O)C2C1,I,0,,none
CCCCCCCCC,I,0,,none
CC(=O)OCc1ccccc1C,I,0,,none
CC(N)CO,I,0,,III
CCCCCN1C(=O)OCC1C,III,1,SA16_Ames,II
C=CCCCCCCCC(=O)OCC,I,0,,none
CC1CCOC(Cc2ccccc2)O1,I,0,,none
CC=C(C)C,I,0,,none
CCCC(C)C(O)CC,I,0,,none
C=C(C)C1CCC(C)CC1OC(=O)C(C)C,I,0,,none
[Tl],III,0,,none
Cc1cccc(C(C)(C)C)c1O,I,0,,none
CCC(=O)OC1CC2CC1C1CC=CC21,I,0,,none
CCOC(=O)c1ccc(N)cc1,III,1,SA28_Ames,III
CC(C)[C@@H]1CC[C@@H](C)C[C@H]1OC(=O)CCC(=O)O,I,0,,none
CC1CCC(C(C)C)C(OC(=O)CCC(=O)O)C1,I,0,,none
O=C(O)CS.O=C(O)CS.OCCO,I,0,,none
CCC(=O)OC(C)(C)Cc1ccccc1,I,0,,none
CC1(C)C2CC=C(CC=O)C1C2,I,1,SA11_Ames,none
CC12C=CC=CC1(C)O2,III,1,SA7_Ames,none
O=C1OC([C@@H](O)CO)C(O)=C1[O-].O=C1OC([C@@H](O)CO)C(O)=C1[O-].[Ca+2],III,0,,none
O=C1O[C@H]([C@@H](O)CO)C([O-])=C1O.O=C1O[C@H]([C@@H](O)CO)C([O-])=C1O.[Ca+2],III,0,,none
CC/C=C\CCOC(=O)OC,I,0,,none
CC/C=C/CCOC(=O)OC,I,0,,none
CCC=CCCOC(=O)OC,I,0,,none
CC(=O)c1sc(C)nc1C,II,0,,none
[SiH4],III,0,,none
CC(C)N1CCN(c2ccc(OC[C@H]3CO[C@](Cn4cncn4)(c4ccc(Cl)cc4Cl)O3)cc2)CC1,III,0,,III
CCOC(C)/C=C/C1=C(C)CCCC1(C)C,III,0,,none
CC1C(S)CC2CC1C2(C)C,III,0,,none
CCCCCCCCCc1ccc(OCCOCCO)cc1,II,0,,none
COc1ccc2cc(CCC(C)=O)ccc2c1,III,0,,none
CC(C)(C)CC1=CC=CC1,I,0,,none
O=C1C=CCCCCCCO1,I,0,,none
CC(C)CCN,I,0,,III
CC(=O)c1ccc2c(c1)OCO2,III,0,,none
CCCCCOC(Cc1ccccc1)OCCCCC,I,0,,none
Cc1cc(C)c(N)cc1C,III,1,SA28_Ames,III
CN(C)C(=O)Nc1ccc(Cl)cc1,III,0,,III
CCCCCCN,I,0,,III
CC(=O)C=C(C)C=CC1=C(C)CCCC1(C)C,II,1,SA10_Ames,none
CC1=C2CC(C=O)C(C1)C(C(C)C)C2,III,1,SA11_Ames,none
COc1ccc(/C=C(/C)C=O)cc1,II,0,,none
CC([O-])CO.CCCCCCCC(=O)CC(=O)O,III,0,,none
CCCCCCCCCCCC[Si](Cl)(Cl)Cl,III,0,,III
O=P([O-])([O-])O.[Na+].[Na+],III,0,,none
ClC(Cl)C(Cl)(Cl)Cl,III,1,SA8_Ames,III
O=C1OCCCCCCCCCCO1,III,0,,none
CC=CCOC(=O)C(C)CCC,I,0,,none
C=CCc1cc(OC)c2c(c1)OCO2,III,1,SA38_Ames,none
CC/C=C\CCC(OCC)OCC,I,0,,none
CCC=CCCC(OCC)OCC,I,0,,none
CC/C(C=O)=C\c1ccccc1,II,0,,none
CC/C(C=O)=C/c1ccccc1,II,0,,none
CCC(C=O)=Cc1ccccc1,II,0,,none
NS(=O)(=O)c1cc2c(cc1Cl)NC(C1CC3C=CC1C3)NS2(=O)=O,III,0,,III
CC(CCO)CC(C)(C)C,I,0,,none
CCc1nc(C)cnc1C.CCc1ncc(C)nc1C,III,0,,none
CCC(C)C(C)C=O,I,1,SA11_Ames,none
CC(C)=CCCC(C)=CC=O.COC(=O)c1ccccc1N,III,1,SA10_Ames;SA28_Ames,III
CC1CC=CCC1C=O,I,1,SA11_Ames,none
C=C1CCC[C@]2(C)CC[C@@H](C(C)(C)O)CC12,I,0,,none
C=C1CCC[C@]2(C)CC[C@@H](C(C)(C)O)C[C@@H]12,I,0,,none
C[C@@H](C=O)Cc1ccc2c(c1)OCO2,III,1,SA11_Ames,none
C[C@H](C=O)Cc1ccc2c(c1)OCO2,III,1,SA11_Ames,none
CC(C=O)Cc1ccc2c(c1)OCO2,III,1,SA11_Ames,none
FC(F)(F)C(Cl)(Cl)Cl,III,0,,I
Cc1ccc(OP(=O)(Oc2ccc(C)cc2)Oc2ccc(C)cc2)cc1,III,0,,none
CCO[Si](OCC)(OCC)OCC,III,0,,none
COc1ccc(O)c2ccccc12,III,0,,none
c1ccc(COc2ccccc2)cc1,III,0,,none
CNC(=O)Oc1cccc2sccc12,III,0,,none
C/C(=C\CO)CCCC(C)CCCC(C)CCCC(C)C,I,0,,none
C/C(=C\CO)CCC[C@H](C)CCC[C@H](C)CCCC(C)C,I,0,,none
CC(=CCO)CCC[C@H](C)CCC[C@H](C)CCCC(C)C,I,0,,none
CC(=CCO)CCCC(C)CCCC(C)CCCC(C)C,I,0,,none
CCC(C)=NNc1ccccc1,III,1,SA13_Ames,III
C=C(C)C1CC=C(C)C(OC=O)C1,I,0,,none
C[C@]12C=CC(=O)C=C1CC[C@@H]1[C@@H]2CC[C@]2(C)OC(=O)CC[C@@H]12,II,1,SA10_Ames,none
CC12CCC3C(CCC4=CC(=O)C=CC43C)C1CCC(=O)O2,II,1,SA10_Ames,none
FS(F)(F)(F)(F)S(F)(F)(F)(F)F,III,0,,III
CC(C)=CCC/C(C)=C/C(C)(C)O,I,0,,none
CC(C)=CCCC(C)=CC(C)(C)O,I,0,,none
CCCCCCOCCCCCC,III,0,,none
CC#C/C=C/Cc1ccccc1,II,1,SA38_Ames,none
CC1(C)S[C@@H]2[C@H](NC(=O)COc3ccccc3)C(=O)N2[C@H]1C(=O)O,III,0,,II
C=CCc1cc(OC)c(OC)c(OC)c1,I,1,SA38_Ames,none
Cc1cc(C)c(O)c(C)c1,I,0,,none
CCOC(=O)C1OC1c1ccc(C(C)C)cc1C(C)C,III,1,SA7_Ames,none
C=C(F)F,III,0,,III
CC(=O)[C@H](C)C(=O)C(C)C,III,0,,none
CN1CC[C@]23c4c5ccc(O)c4O[C@H]2[C@@H](O)C=C[C@H]3[C@H]1C5,III,0,,II
CC(=O)/C(C)=C/c1ccccc1,II,0,,none
CC(=O)/C(C)=C\c1ccccc1,II,0,,none
CC(=O)C(C)=Cc1ccccc1,II,0,,none
O=C(OCC=Cc1ccccc1)c1ccccc1O,I,0,,none
CC1=CC[C@@H]2[C@H](C1)C2(C)C,I,0,,none
CC1=CCC2[C@H](C1)C2(C)C,I,0,,none
CC1=CCC2C(C1)C2(C)C,I,0,,none
CC(C)CCCOC(=O)CCC(C)C,I,0,,none
C=C[C@@]1(C)CCC(=C(C)C)C[C@@H]1C(=C)C,I,0,,none
C=C[C@]1(C)CCC(=C(C)C)C[C@H]1C(=C)C,I,0,,none
COC(Cc1ccc(C)cc1)OC,I,0,,none
CC1COC(Cn2cncn2)(c2ccc(Oc3ccc(Cl)cc3)cc2Cl)O1,III,0,,III
CCCCCCC=COC(C)=O,III,1,SA24_Ames,none
CCNc1ccccc1C(=O)OC,III,1,SA28bis_Ames,III
Cc1c(Br)c2ccc(F)cc2n1S(=O)(=O)c1ncn(S(=O)(=O)N(C)C)n1,III,0,,III
CCCCCCC(C(C)=O)C(=O)OCC,I,0,,none
C=C[C@]1(C)CC[C@H](C(C)(C)O)O1,II,0,,none
C=C[C@@]1(C)CC[C@H](C(C)(C)O)O1,II,0,,none
C=CC1(C)CCC(C(C)(C)O)O1,II,0,,none
C=C[C@]1(C)CC[C@@H](C(C)(C)O)O1,II,0,,none
O=COCCOc1ccccc1,II,0,,none
CCCCCCCC(OCC)OCC,I,0,,none
ClCC1CO1,III,1,SA7_Ames;SA8_Ames,III
CC(C)OC(=O)CCCCC(=O)[O-],III,0,,none
[Ca+2].[O-2],III,0,,none
C[C@@H]1C[C@H](O)CC(C)(C)C1,I,0,,none
CC1CC(O)CC(C)(C)C1,I,0,,none
NNC(N)=S,III,1,SA13_Ames,III
CCCCCC/C=C/C=O,II,1,SA10_Ames,none
CCCCCC/C=C\C=O,II,1,SA10_Ames,none
CCCCCCC=CC=O,II,1,SA10_Ames,none
CCCCCC(=O)OC1CCC(C(C)(C)C)CC1,I,0,,none
CCC1(C)OCC(C)(C)C(C(C)C)O1,I,0,,none
Cc1ccccn1,III,0,,none
CC(C)=CCCC(C)=CC=CC=O,II,1,SA10_Ames,none
CCOC(=O)C1OC1(C)C=CC1C(C)=CCCC1(C)C,III,1,SA7_Ames,none
CC=CC(C)C(=O)OCCCCCC,I,0,,none
C/C=C/C(C)C(=O)OCCCCCC,I,0,,none
CC(C)c1ccccc1[N+](=O)[O-],III,1,SA27_Ames,II
O=C1Oc2ccccc2C2CC12,II,0,,none
ON=Cc1ccc(Cc2ccccc2)o1,III,0,,none
C[N+]1(C)[C@@H]2CC(OC(=O)[C@H](CO)c3ccccc3)C[C@H]1[C@@H]1O[C@@H]12.O=[N+]([O-])[O-],III,1,SA7_Ames,II
Cc1ccsc1C=O,III,1,SA11_Ames,none
C1=CC=C2CC(=C1)C=CC=N2,III,0,,none
CCC(C=O)=Cc1ccc(C(C)C)cc1,II,0,,none
Oc1c(Br)cc(Br)cc1Br,III,0,,III
CC(=O)Oc1ccccc1C(=O)O,I,0,,none
OCC1CCCO1,II,0,,none
CC(c1ccccc1)c1ccccc1,III,0,,none
CC[C@H](C)O,I,0,,none
CC[C@@H](C)O,I,0,,none
CCC(C)O,I,0,,none
c1coc(Cn2cccc2)c1,III,0,,none
CC(C)CCCC(C)CCCC(C)CC=O,I,1,SA11_Ames,none
CCOc1cc(C=O)ccc1OC(=O)C(C)C,I,1,SA11_Ames,none
NCCCC(=O)O,I,0,,III
Cc1ccccc1C=O,I,1,SA11_Ames,none
N#CCCCCC#N,III,0,,none
O=[N+]([O-])c1ccc(O)cc1,III,1,SA27_Ames,II
C=CC(C)(CCC=C(C)C)OC(=O)c1ccccc1,I,0,,none
CC=Cc1ccc(Oc2ccccc2)c(OC)c1,III,0,,none
CCCCOC(=O)CC,I,0,,none
O=C(O)C(=O)Cc1ccccc1,I,0,,none
N#CCCCCCCC#N,III,0,,none
Cc1cccc(F)c1,III,0,,III
CC/C=C\CO,I,0,,none
CC/C=C/CO,I,0,,none
CCC=CCO,I,0,,none
CC/C=C\CC/C=C/C(=O)NC1CC1,III,1,SA10_Ames,none
CCCc1cccs1,III,0,,none
CCC(=O)C(O)c1ccccc1,I,0,,none
CN=C1CN(O)C(c2ccccc2)=c2cc(Cl)ccc2=N1,III,0,,III
CCCCCCCCCN1CCCCC1,II,0,,II
C1=COCCC1,II,0,,none
CC(=O)CCc1ccc(C)cc1,I,0,,none
COC(=O)COc1ccc(C)cc1,III,0,,none
CCC=CCCCC1CCCC(=O)O1,I,0,,none
CC(=O)CCl,III,1,SA8_Ames,III
CCOP(=S)(OCC)SCSCC,III,0,,none
CSCSC(=O)C(C)C,I,0,,none
CCC(C)(C)C1CCC(O)C(C)C1,I,0,,none
CCCCCCC(S)C=O,I,1,SA11_Ames,none
CC(O)=CC=Cc1ccccc1,I,0,,none
CCCCCC(=O)OCCc1ccccc1,I,0,,none
CC(=O)c1ccc(Cl)cc1,III,0,,III
CCCC(O)CCC1C(C)CCCC1(C)C,I,0,,none
C1CNCCN1.O=C(O)CCCCC(=O)O,II,0,,III
CCCC(=O)C(O)CCC,I,0,,none
Cl.NCCCC[C@H](N)C(=O)O,III,0,,III
OCc1ccc(O)cc1,I,0,,none
O=C([O-])O,III,0,,none
O=C(O)O,III,0,,none
CCc1nc(C)c(C)s1,II,0,,none
C=C[C@H](O)CCC,II,0,,none
C=CC(O)CCC,II,0,,none
C=C[C@@H](O)CCC,II,0,,none
CC(=O)C(=O)c1ccccc1,III,0,,none
Cc1ccoc1CC1OC1(C)C,III,1,SA7_Ames,none
C[C@H](c1ccccc1)N(C)C,III,0,,II
CC(O)C1CCCC(C)(C)C1,I,0,,none
COC(=O)c1ccc(O)c(OC)c1,I,0,,none
CC1=CC(=O)CC(C)C2CC(=C(C)C)CC12,II,1,SA10_Ames,none
CC(C)CCCCCO,I,0,,none
COC(=O)C1CC2CCC1C2,I,0,,none
O=C([O-])[O-].[K+].[K+],III,0,,none
CC(=O)/C=C/c1ccccc1,II,0,,none
CC(=O)C=Cc1ccccc1,II,0,,none
CC(=O)c1cc(C(C)C)ccn1,III,0,,none
CCCC1(C(C)(C)C)C=CC(C)O1,II,0,,none
CC(C)OC(=O)OOC(=O)OC(C)C,III,0,,none
N.O=C(O)CC(O)(CC(=O)O)C(=O)O,III,0,,II
CCCCCCCCCCCCCCCCCCCCCC[N+](C)(C)Cc1ccccc1.[Cl-],III,0,,III
CC(C)OC(=O)C(C)(C)Cc1ccccc1,I,0,,none
Cl.O=[Bi],III,0,,III
CCCCCCC(C)OC(=O)C(C)C,I,0,,none
CCC(C)Oc1ccc2ccccc2c1,III,0,,none
CC1C2CC(CC2C2CCCC(O)C2)C1(C)C,I,0,,none
CC(=O)OCC(C)=Cc1ccccc1,I,0,,none
CCOC(C)(OCC)c1ccccc1,I,0,,none
Cc1cc(C)nc(C)c1,III,0,,none
C=C/C=C(\C)CC(C)(O)C=C,I,0,,none
CC(=O)OC(C)CC/C=C(\C)CCC=C(C)C,I,0,,none
CC(=O)OC(C)CC/C=C(/C)CCC=C(C)C,I,0,,none
CC(=O)OC(C)CCC=C(C)CCC=C(C)C,I,0,,none
COc1ncc(C)nc1C,II,0,,none
C=CCCCCCCCCC(=O)OCCc1ccccc1,I,0,,none
CCC(=O)c1ccc(C)o1,II,0,,none
C/C=C/C=C\CC/C=C/C(=O)NCC(C)C,I,1,SA10_Ames,none
CC(C)=CCCC(C)(O)C1CO1,III,1,SA7_Ames,none
CCCCCCCCCCCCCCCCO,I,0,,none
CCC(=O)OC/C=C(\C)CCC=C(C)C,I,0,,none
CCC(=O)OCC=C(C)CCC=C(C)C,I,0,,none
CCC(=O)OC/C=C(/C)CCC=C(C)C,I,0,,none
CC=CC=C1C(C)=CCCC1(C)C,I,0,,none
C=C(C)CO,I,0,,none
OC(C(F)(F)F)C(F)(F)F,III,0,,I
CCCCCCCCC(=O)OCC,I,0,,none
CCC/C=C/COC(=O)Cc1ccccc1,I,0,,none
CC[C@@H](C)C=O,I,1,SA11_Ames,none
CCC(C)C=O,I,1,SA11_Ames,none
CC[C@H](C)C=O,I,1,SA11_Ames,none
CCCCC=CC1OC(=O)CC1C,I,0,,none
CC[Si](Cl)(Cl)CC,III,0,,III
CC(=O)OCCCC(C)C,I,0,,none
CCOC(=O)C1CC=CCC1,I,0,,none
O=C(OCCCOCCCOC(=O)c1ccccc1)c1ccccc1,III,0,,none
C=CC(C)(CCC=C(C)C)OC(=O)CCCC,I,0,,none
ClC1=C(Cl)C2(Cl)CC1(Cl)C1CCCCC12,III,0,,III
CCCCC(C)C(C)(O)O,I,0,,none
CCOC(=O)C(C)C(C)O,I,0,,none
C=CCl,III,1,SA4_Ames,III
CC(C)CC(C)C,I,0,,none
[H-].[Na+],III,0,,none
CC(=O)Nc1nnc(S(N)(=O)=O)s1,III,1,SA28ter_Ames,III
COC(C)(C)C,I,0,,none
CC(OC(C)(C)COC(=O)C1CC1)C1CCCC(C)(C)C1,III,0,,none
CCCCCCCC(OC)OC,I,0,,none
COC(=O)Cc1ccc(C)cc1C,I,0,,none
CC(=O)O.CC(=O)O.OCCO,I,0,,none
Cc1ccsc1C,III,0,,none
CC(C)CCC1CCC(=O)O1,I,0,,none
O=P([O-])([O-])OP(=O)([O-])[O-].O=P([O-])([O-])OP(=O)([O-])[O-].O=P([O-])([O-])OP(=O)([O-])[O-].[Fe+3].[Fe+3].[Fe+3].[Fe+3],III,0,,none
C=CCOC(=O)Cl,III,1,SA1_Ames,III
C[C@@H](NC1C(C)(C)SC1(C)C)C(=O)NC(=O)[C@@H](N)CC(=O)O.C[C@@H](NC1C(C)(C)SC1(C)C)C(=O)NC(=O)[C@@H](N)CC(=O)O.O.O.O.O.O,II,0,,III
CC(C)=CCCC(C)[C@H]1CC[C@@]2(C)C3=C(CC[C@]12C)[C@@]1(C)CC[C@H](O)C(C)(C)[C@@H]1CC3,III,0,,none
ClC(Cl)c1ccccc1,III,1,SA8_Ames,III
CC1(O)CCCC1,I,0,,none
CSCCC(=O)O,I,0,,none
CC1SCCS1,II,0,,none
CCCCCC(C)=O,I,0,,none
CC(C)=C1C/C=C(\C)CC/C=C(\C)CC1=O,III,1,SA10_Ames,none
Cc1cnccn1,III,0,,none
CN(C)c1nc(=O)n(C2CCCCC2)c(=O)n1C,III,1,SA28bis_Ames,II
CCc1ccc(OC)c(O)c1,I,0,,none
O=C([O-])c1ccccn1.O=C([O-])c1ccccn1.O=C([O-])c1ccccn1.[Cr+3],III,0,,none
O=[O+][O-],III,0,,none
CC(C)=CCOC(=O)C=C(C)C,I,0,,none
O=P([O-])([O-])OC(CCO)CCO.O=P([O-])([O-])OCC(O)CO.[Fe+2].[Fe+2],III,0,,none
CCCCCCCCCCCCCCCCCCCC,I,0,,none
c1coc(CSSCc2ccco2)c1,III,0,,none
CCOCC.OC1CCCc2ccccc21,II,0,,none
CCC(C)CCCC(C)C=O,I,1,SA11_Ames,none
CCOc1cc(C=O)ccc1O,I,1,SA11_Ames,none
CCOC(CC)OC,I,0,,none
C/C=C/C=C1\C(C)=CC(=O)CC1(C)C,II,1,SA10_Ames,none
CC=CC=C1C(C)=CC(=O)CC1(C)C,II,1,SA10_Ames,none
CC(C)(N)CO,I,0,,III
CC/C(CC(C)CC)=N/O,III,0,,none
CCC(CC(C)CC)=NO,III,0,,none
c1ccc2c(c1)OCCCO2,II,0,,none
C/C=C/CC/C=C/C=O,II,1,SA10_Ames,none
CCCCCCOCc1ccccc1,II,0,,none
CCC(=O)CCC(C)C,III,0,,none
Cc1ccc(O)cc1.c1ccc(Oc2ccccc2)cc1,III,0,,none
C=C(C)[C@@H]1CC[C@]2(C)O[C@@H]2C1,III,1,SA7_Ames,none
C=C(C)[C@H]1CCC2(C)OC2C1,III,1,SA7_Ames,none
C=C(C)[C@@H]1CC[C@@]2(C)O[C@H]2C1,III,1,SA7_Ames,none
C=C(C)[C@H]1CC[C@@]2(C)O[C@H]2C1,III,1,SA7_Ames,none
C=C(C)[C@@H]1CC[C@@]2(C)OC2C1,III,1,SA7_Ames,none
C=C(C)C1CCC2(C)OC2C1,III,1,SA7_Ames,none
C=C(C)[C@@H]1CCC2(C)OC2C1,III,1,SA7_Ames,none
CCCCCCCCC(=O)OCC(CC)CCCC,I,0,,none
C=C=O,III,0,,none
CCCCCCCCCCCS,III,0,,none
C=C(C)C1CCC(=C)C(OC(C)=O)C1,II,0,,none
CC1(C)CCCC2(O)C(C)(C)C3CCC12C3,I,0,,none
CC(C)(C)C1CCC(O)CC1,I,0,,none
COC(=O)/C=C/c1ccccc1,I,0,,none
COC(=O)C=Cc1ccccc1,I,0,,none
CCCCCCCC=CC(C)=O,II,1,SA10_Ames,none
C1CCCCC1.NS(=O)(=O)O,III,0,,III
COc1ccc2cc([C@H](C)C(=O)[O-])ccc2c1.[Na+],III,0,,none
O=C([O-])[O-].[Na+].[Na+],III,0,,none
COc1cc(/C=C/C=O)cc(OC)c1O,II,0,,none
CC1COC(c2ccccc2)O1,I,0,,none
CC(=O)Oc1ccc(C)cc1,I,0,,none
CCCCCCCCc1ccccc1,II,0,,none
CCCCOc1ccc2ccccc2c1,III,0,,none
C=C[C@](C)(O)CCC=C(C)C,I,0,,none
C=C[C@@](C)(O)CCC=C(C)C,I,0,,none
C=CC(C)(O)CCC=C(C)C,I,0,,none
CP(Cl)Cl,III,0,,III
CC(C)Cn1cccc1,III,0,,none
CCOC(CC(C)C)OCC(C)C,I,0,,none
CC=CC1=CCC(OC)C=C1,III,0,,none
CCC1CCC2C3CCC4CC(O)CCC4(C)C3CCC12C,III,0,,none
CCC(C)c1ccc(OC(C)=O)cc1,I,0,,none
C=CC(C)(O)CC[C@H]1C(=C)CC[C@H]2C(C)(C)CCC[C@]12C,I,0,,none
CCCCCC#CC(=O)OCCCCCCCC,III,0,,none
O=c1[nH]c(=O)n(Cl)c(=O)n1Cl,III,0,,III
OC1CCCCO1,I,0,,none
Clc1cc(Cl)c(Cl)c(Cl)c1Cl,III,0,,III
CCCCCCCCOC(=O)CC,I,0,,none
C=C(C)C(=O)O,I,0,,none
CCSSCC,III,0,,none
COC(=S)CCc1ccco1,III,0,,none
CCCCC[C@@H](C)O,I,0,,none
CCCCCC(C)O,I,0,,none
CCCCC[C@H](C)O,I,0,,none
CCC(C)C(=O)OC1CC2CCC1(C)C2(C)C,I,0,,none
CCC(C)COC(=O)C=C(C)C,I,0,,none
CCCCCCCC1CC1C(=O)O,III,0,,none
CCOC(COc1ccc(C(C)(C)CC)cc1)OCC,III,0,,none
CC1=C(O)C(=O)CC1,II,1,SA10_Ames,none
CO[C@@H](C(=O)[C@H](O)[C@H](C)O)[C@H]1Cc2cc3cc(O[C@H]4C[C@H](O[C@H]5C[C@H](O)[C@@H](O)[C@H](C)O5)[C@@H](O)[C@H](C)O4)c(C)c(O)c3c(O)c2C(=O)[C@@H]1O[C@@H]1C[C@H](O[C@@H]2C[C@H](O[C@@H]3C[C@@](C)(O)[C@H](O)[C@H](C)O3)[C@@H](O)[C@H](C)O2)[C@@H](O)[C@H](C)O1,III,0,,none
C=CCCC#N,III,0,,none
CC1CCC(C(C)C)CC1,I,0,,none
Cc1cc(O)ccc1Cl,III,0,,III
CCCCCOC(=O)CCC,I,0,,none
CC(C)CC1CCC(=O)O1,I,0,,none
CCCCCCCC(=O)OCC(C)C,I,0,,none
CC(C)(Cc1ccccc1)OC=O,I,0,,none
C=CCCC(=O)C1=CC2(CCCC2)CCC1,II,1,SA10_Ames,none
C=CC(=O)OCC(C)C,I,0,,none
CCCC(C)OC(=O)C(C)CCC,I,0,,none
ClCC(Cl)CCl,III,1,SA8_Ames,III
OCC1CC2C3CCC(C3)C2C1CO,III,0,,none
COc1ccc2c(c1)c(CC(=O)O)c(C)n2C(=O)c1ccc(Cl)cc1,III,0,,III
CC(=O)C1=CCC(=C(C)C)C1,II,1,SA10_Ames,none
CCCCCC(CO)Cc1ccccc1,II,0,,none
CCCCCC1OCC(C)(C)CO1,III,0,,none
CCOC(=O)CC(=O)OCc1ccccc1,I,0,,none
COc1cc([C@H](O)C(=O)O)ccc1O,I,0,,none
COc1cc(C(O)C(=O)O)ccc1O,I,0,,none
CCCC(=O)C(CC)Cc1ccccc1,II,0,,none
CCc1nccs1,II,0,,none
O=C1CCCCCC1,I,0,,none
CCCC(C)CCC,I,0,,none
CC1=CC(=O)CC1,II,1,SA10_Ames,none
CC(=O)OCCCC(C)c1ccccc1,I,0,,none
C=CC(CCCCC)OO,III,1,SA61_Ames,none
C/C=C/C=C/C(=O)[O-].[K+],I,0,,none
CC=CC=CC(=O)[O-].[K+],I,0,,none
CCCCCCCCOC(=O)C(C)(C)C,I,0,,none
COc1ccc(C)cc1,I,0,,none
CC(C)Oc1cc(-n2nc(C(C)(C)C)oc2=O)c(Cl)cc1Cl,III,0,,III
CC1=CCCC(C)(C)C1,I,0,,none
CC1C(=O)CC23CC1C(C)(C)C2CCC3C,I,0,,none
C=CCC(C=CCCC)OC(C)=O,I,0,,none
CCCCCCCCCCCC(OCC)OCC,I,0,,none
CC1=CCC(C=O)C(C)C1,I,1,SA11_Ames,none
CCc1ccc(O)c(OC)c1,I,0,,none
CCc1cnc(C)c(C)n1,III,0,,none
CC(=O)CCSCCC(C)=O,I,0,,none
CC1=NC(C)C(C)S1,II,0,,none
CC1COC(C)(c2ccccc2)O1,I,0,,none
O=CCc1cccc2c1CCCC2,II,1,SA11_Ames,none
C=CC[C@H]1S[C@H](C(C)C)COC1=O,I,0,,none
CC(C)=C(C)CC/C(C)=C/C=O,II,1,SA10_Ames,none
CC(=CC=O)CCC(C)=C(C)C,II,1,SA10_Ames,none
COc1cc(C2OC(C)CC(C)(C)O2)ccc1O,I,0,,none
O=C1O[C@H]([C@H](O)CO)C(O)=C1O,III,0,,none
O=C1O[C@H]([C@@H](O)CO)C(O)=C1[O-],III,0,,none
O=C1O[C@H]([C@@H](O)CO)C(O)=C1O,III,0,,none
O=C1OC(C(O)CO)C(O)=C1O,III,0,,none
Cc1ccc(CC=O)cc1,I,1,SA11_Ames,none
CCSC(C)SCC,I,0,,none
CCCCC/C=C/C(=O)OC,I,0,,none
CCCCCC=CC(=O)OC,I,0,,none
CC(C)C1CCC(CC(C)C(C)O)CC1,I,0,,none
C[C@](N)(Cc1ccc(O)c(O)c1)C(=O)O,III,0,,III
C[C@@](N)(Cc1ccc(O)c(O)c1)C(=O)O,III,0,,III
CC(N)(Cc1ccc(O)c(O)c1)C(=O)O,III,0,,III
COP(=S)(OC)SCn1nnc2ccccc2c1=O,III,0,,II
CCCCCCOC(=O)OCC,I,0,,none
NCCN1CCCCC1,III,0,,III
CCCCCCCCCCOCCCCCCC,III,0,,none
CCCCCCCCCCCCCC(C)=O,I,0,,none
CCOC(=O)CCS,I,0,,none
C=CC=C(C)C,I,0,,none
CCCCCCCCCCCC1CCOC1=O,I,0,,none
CCCC(C)OC(=O)C(C)O,I,0,,none
CCCCCCCC(=O)CC(=O)[O-].OCC(O)CO,III,0,,none
CCOC(=O)c1ccccc1N=Cc1ccc(C(C)(C)C)cc1,III,0,,none
Cc1ccccc1C(=O)c1ccccc1,III,0,,none
CN1CCN(C(c2ccccc2)c2ccccc2)CC1.Cl.Cl,III,0,,III
N[C@@H](CC(=O)O)C(=O)O,I,0,,III
NC(CC(=O)O)C(=O)O,I,0,,III
N[C@H](CC(=O)O)C(=O)O,I,0,,III
CC(C)c1ccc(C(=O)O)cc1,I,0,,none
CC(=O)OCc1ccco1,II,0,,none
CCCCCCCCCCCOC(C)=O,I,0,,none
CC(=O)c1cccc(N)c1,III,1,SA28_Ames,III
CCCCCCCCCCCCCCCCCC(=O)O.OCC(O)CO,III,0,,none
CCCCCCCCCCCCC1CCOC1=O,I,0,,none
CC(O)C(=O)NCCOP(=O)(O)O,III,0,,none
CC1=CC[C@@H](C(C)(C)OC(=O)/C=C/c2ccccc2)CC1,I,0,,none
CC1=CCC(C(C)(C)OC(=O)/C=C/c2ccccc2)CC1,I,0,,none
Cc1ccc(OC2CCCCO2)cc1,I,0,,none
CC(=O)O/C=C(\C)c1ccccc1,I,0,,none
CC(=O)O/C=C(/C)c1ccccc1,I,0,,none
CCCC1C=CC(=O)O1,I,0,,none
CCCCCCCCCCCCCCC(C)CCCCCCCCCCCCCC,I,0,,none
CC(C)=CCCC(C)=CCCC(C)(O)C1CO1,III,1,SA7_Ames,none
CC[C@H](C)[C@H](N)C1=N[C@H](C(=O)N[C@@H](CC(C)C)C(=O)N[C@H](CCC(=O)O)C(=O)N[C@H](C(=O)N[C@H]2CCCCNC(=O)[C@H](CC(N)=O)NC(=O)[C@@H](CC(=O)O)NC(=O)[C@H](Cc3cnc[nH]3)NC(=O)[C@@H](Cc3ccccc3)NC(=O)[C@H]([C@@H](C)CC)NC(=O)[C@@H](CCCN)NC2=O)[C@@H](C)CC)CS1,III,0,,III
CCCCCCCCCCCCOS(=O)(=O)O.OCCNCCO.OCCO,III,0,,III
C=CC=CCCCCC,I,0,,none
CCc1ccc(C=O)s1,III,1,SA11_Ames,none
CCOC(=O)C1OC1c1ccco1,III,1,SA7_Ames,none
CCC/C=C/COC(=O)C(C)O,I,0,,none
CSSCc1ccco1,III,0,,none
CSCCC=O,I,1,SA11_Ames,none
OCCCC1CCCCC1,I,0,,none
CCCCCCCCCCCC(=O)OCCCCCC,I,0,,none
CC(C)C(Br)C(=O)NC(N)=O,III,1,SA8_Ames,III
CC(O)CO.CCCCCCCCCCCCCCCCCC(=O)O,I,0,,none
CCOCCOC(=O)/C=C/c1ccc(OC)cc1,I,0,,none
O=C1CCCCC/C=C\CCCCCCCC1,II,0,,none
O=C1CCCCCC=CCCCCCCCC1,II,0,,none
CC(=O)N1C=CCC1,II,0,,II
CCCOCCC.Cc1ccc(O)cc1,III,0,,none
SC1CCCCC1,III,0,,none
CCC(=O)OC(C)(C)C1CC=C(C)CC1,I,0,,none
CCCCCCCC/C=C/C=C/C=O,II,1,SA10_Ames,none
CCCCCCCCC=CC=CC=O,II,1,SA10_Ames,none
CCCS(=O)OC,III,0,,none
CC(C)C1CCC(C)(O)CC1,I,0,,none
CC/C=C/C/C=C/CCOC(C)=O,I,0,,none
CC/C=C\C/C=C/CCOC(C)=O,I,0,,none
CCC=CCC=CCCOC(C)=O,I,0,,none
CC/C=C\C/C=C\CCOC(C)=O,I,0,,none
CCCCCCCCOC(=O)CCCCC,I,0,,none
CCCc1nccs1,II,0,,none
CCCCCC1OC(C)C(C)O1,III,0,,none
CC(C)Cc1nccs1,II,0,,none
O=P1(N(CCCl)CCCl)NCCCO1,III,1,SA5_Ames,III
O=Cc1ccccc1[N+](=O)[O-],III,1,SA11_Ames;SA27_Ames,II
COc1ccc2cc(C(C)C(=O)O)ccc2c1,III,0,,none
COc1ccc2cc([C@H](C)C(=O)O)ccc2c1,III,0,,none
C=CC(=O)CC(C)C,II,1,SA10_Ames,none
Cl.N[C@@H](Cc1cnc[nH]1)C(=O)O.O,III,0,,III
CSCCCOC(=O)CS,I,0,,none
COCCOC(C)OCc1ccccc1,I,0,,none
CCCc1nc(CC)sc1CC,II,0,,none
c1ccc2c(CC3=NCCN3)cccc2c1,III,0,,III
CC1CCC2C(C1=O)C2(C)C,I,0,,none
COC(=O)C(C)(C)C,I,0,,none
CC1=C(/C=C/C(C)O)C(C)(C)CCC1,I,0,,none
CC1=C(C=CC(C)O)C(C)(C)CCC1,I,0,,none
O=Cc1cccs1,III,1,SA11_Ames,none
CCCCCCCCCC(C)C(OCC)OCC,I,0,,none
CCCCNC(N)=O,III,0,,II
CCCCCCCCCCCCCCCCOP(=O)([O-])[O-].[K+].[K+],III,0,,none
CCCCCCOC(C)OC,I,0,,none
FC(F)(F)C(F)(F)C(Cl)Cl,III,1,SA8_Ames,I
O=S(=O)([O-])CI.[Na+],I,1,SA8_Ames,none
ClBr,III,0,,III
O=C([O-])C(=O)CS.[Na+],I,0,,none
CC1=C[C@H]2[C@H](C(C)C)CC[C@@H](C)[C@]2(O)CC1,I,0,,none
CC1=CC2C(C(C)C)CCC(C)C2(O)CC1,I,0,,none
CC(C=O)C(C)CC(C)(C)C,I,1,SA11_Ames,none
N[C@@H](Cc1ccccc1)C(=O)O,III,0,,III
NC(Cc1ccccc1)C(=O)O,I,0,,III
COc1ccc(C(C)(C)C)c(OC)c1,I,0,,none
COC(=O)c1ccccc1N=CC1CC=C(CCC=C(C)C)CC1,III,0,,none
C[C@@H]1CCC2=C1N=CCN2,II,0,,III
CC(C)(CC=O)c1ccccc1,I,1,SA11_Ames,none
CC1CCC2(CCC(=O)O2)CC1,I,0,,none
CC(C#N)CO,III,0,,none
C=CCSSSSSCC=C,III,0,,none
O=C(N=C=S)c1ccccc1,III,1,SA15_Ames,none
Br,III,0,,III
CC(=O)OC(C)CC(C)C,I,0,,none
Cc1scnc1CCOC=O,II,0,,none
C=C(C)CCO,I,0,,none
CCOc1ccc(NC(C)=O)cc1,III,1,SA28ter_Ames,none
COC(=O)C(=O)[O-],III,0,,none
CCCc1ccco1,II,0,,none
O=[Mg],III,0,,none
O=S([O-])S(=O)[O-].[Ca+2],III,0,,none
Cc1csc(C)c1,III,0,,none
CCCCCC/C=C/CC(=O)O,I,0,,none
CCCCCC/C=C\CC(=O)O,I,0,,none
CC(=O)OC1CCC(C)CC1C(C)(C)C,I,0,,none
C=C(C)C1CC=CCC1,I,0,,none
C=CC(=O)OCCCC,I,0,,none
CCOC(=O)C1C(CC)=CCCC1(C)C,I,0,,none
CSCCOC(C)=O,I,0,,none
CCCCCCCCCCC=CO,III,0,,none
Cc1cccc2nccnc12,III,0,,none
COCCc1ccccc1,III,0,,none
CCOC(=O)CCCCCCCC(=O)OCC,I,0,,none
CC(C)=CCC/C(C)=C/C(=O)/C=C/C(C)=C/C=C/C(C)=C/C=C/C=C(C)/C=C/C=C(C)/C=C/C1=C(C)CC(O)CC1(C)C.CC1=C(/C=C/C(C)=C/C=C/C(C)=C/C=C/C=C(C)/C=C/C=C(C)/C=C/C(=O)C2(C)CC(O)CC2(C)C)C(C)(C)CC(O)C1.CC1=C(/C=C/C(C)=C/C=C/C(C)=C/C=C/C=C(C)/C=C/C=C(C)/C=C/C(=O)C2=C(C)CCCC2(C)C)C(C)(C)CC(O)C1.CC1=CCCC(C)(C)C1C(=O)/C=C/C(C)=C/C=C/C(C)=C/C=C/C=C(C)/C=C/C=C(C)/C=C/C1=C(C)CC(O)CC1(C)C.COc1cc(CNC(=O)CCCC/C=C/C(C)C)ccc1O,II,1,SA10_Ames,none
NCCC(=O)N[C@@H](Cc1cnc[nH]1)C(=O)O,III,0,,III
O=S(=O)([O-])c1ccc(N=Nc2c(O)ccc3ccccc23)cc1.[Na+],III,1,SA29_Ames;aN=Na,none
OCc1ccccc1O,I,0,,none
CC1(C)C2=CCCC(C)(C)[C@]23CC[C@H]1C3,I,0,,none
CC1(C)C2=CCCC(C)(C)C23CCC1C3,I,0,,none
O.[Ca+2].[OH-].[OH-],III,0,,none
CCCCCC(S)CC=O,I,1,SA11_Ames,none
CCCCCCCCCCCC(=O)OC[C@@H](O)[C@H]1OC[C@H](OCCO)[C@H]1OCCO,I,0,,none
CCCCCCCCCCCC(=O)OCC(O)C1OCC(OCCO)C1OCCO,I,0,,none
CC(C)c1ccccc1O,I,0,,none
CCCCCCCCCCCCCCCC(=O)OC[C@H]1O[C@H](OC[C@H]2O[C@H](O[C@H]3[C@H](O)[C@@H](O)[C@@H](O)O[C@@H]3CO)[C@H](O)[C@@H](O)[C@@H]2O)[C@H](O)[C@@H](O)[C@@H]1O[C@H]1O[C@H](CO)[C@@H](O)[C@H](O)[C@H]1O,III,0,,none
CC1(C)C2CCC1(C)C(CC(=O)O)C2,I,0,,none
CC(C)=CCC/C(C)=C\CC/C(C)=C\CO,I,0,,none
CC(C)=CCC/C(C)=C\CC/C(C)=C/CO,I,0,,none
CC(C)=CCC/C(C)=C/CC/C(C)=C\CO,I,0,,none
CC(C)=CCCC(C)=CCCC(C)=CCO,I,0,,none
CC(C)=CCC/C(C)=C/CC/C(C)=C/CO,I,0,,none
CCCCC/C=C\CCC(=O)OC,I,0,,none
C/C=C\C(=O)C1C(C)=CCCC1(C)C,II,1,SA10_Ames,none
C/C=C/C(=O)C1C(C)=CCCC1(C)C,II,1,SA10_Ames,none
CC=CC(=O)C1C(C)=CCCC1(C)C,II,1,SA10_Ames,none
CCOC(=O)C(C)(O)C(=O)CC,I,0,,none
CC(=O)OCCCCCCCC(C)C,I,0,,none
COc1cccc(CO)c1OC,I,0,,none
C=CCCCC1CCCC(=O)O1,I,0,,none
CC12C=CCC1C1CCc3cc(O)ccc3C1CC2,II,0,,none
CCCCCC(O)C(S)CCCC,I,0,,none
CC(C)CCOC(=O)C(C)O,I,0,,none
C=C1[C@@H]2CC[C@@H](C2)C1(C)C,I,0,,none
C=C1[C@H]2CC[C@H](C2)C1(C)C,I,0,,none
C=C1C2CCC(C2)C1(C)C,I,0,,none
N#Cc1c(Cl)c(Cl)c(Cl)c(C#N)c1Cl,III,0,,III
C=CCCCCCCCCCC,I,0,,none
CC(C)(C)C,I,0,,none
CC(=O)OCCc1scnc1C,II,0,,none
COc1cccc(OC)c1OC,I,0,,none
CN(CCO)CCO,III,0,,II
CC(C)CCCCCC(=O)O.OCCN(CCO)CCO,III,0,,II
CC(=O)O.CC(=O)O.CC(=O)O.COc1cc(C=O)ccc1O,I,1,SA11_Ames,none
COC(=O)Cc1ccccc1,I,0,,none
CCC1N=C(C)C(C)S1,II,0,,none
CC(C)=O,I,0,,none
O=Cc1ccccn1,II,1,SA11_Ames,none
CCCCCON=O,III,1,SA9_Ames,none
COc1ccc(COC(=O)c2ccccc2)cc1,I,0,,none
CCCCCCCOC(=O)C(C)CC,I,0,,none
CCCCc1ncc(C)nc1C,II,0,,none
CC(=O)C(=O)c1ccc(C)o1,II,0,,none
CCSc1ccccc1O,I,0,,none
C[C@H]1CCC2=C1C[C@H]1CC[C@]2(C)C1(C)C,I,0,,none
O=S(=O)([O-])[O-].[Mg+2],III,0,,none
C=C(C)C1CCC(=C)C(OO)C1,III,1,SA61_Ames,none
C=C(C)[C@H]1CCC(=C)[C@@H](OO)C1,III,1,SA61_Ames,none
CCC1OCC(C)O1,I,0,,none
CC1CCC(C(C)C)C(OC(=O)C(C)C)C1,I,0,,none
CCC(C)COC(=O)Cc1ccccc1,I,0,,none
Cl.NCCc1ccc(O)c(O)c1,III,0,,III
Cc1cnc2c(n1)CCC2C,III,0,,none
OCC1CO1,III,1,SA7_Ames,none
CC(C)=CCC(C)(C)C(=O)C(C)C,III,0,,none
CCCOC(OCC)C(C)C,I,0,,none
CC1=CCCCC1,I,0,,none
CC(C)CC1OC(=O)C2=CCCCC21,III,0,,none
CC(C)[C@@H]1CC[C@@H](C)C[C@H]1OC(=O)CCCC(=O)O,I,0,,none
CC1CCC(C(C)C)C(OC(=O)CCCC(=O)O)C1,I,0,,none
CCCCCCCCCCC(=O)OCC(C)C,I,0,,none
Cc1ccccc1C,I,0,,none
CCCCC(C)(C)[C@H](O)C=C[C@H]1C=CC(=O)[C@@H]1CCCCCCC(=O)O,III,1,SA10_Ames,none
C=C1CCC(C(C)(C)OC(=O)c2ccccc2)CC1,I,0,,none
CCC(C)n1c(=O)[nH]c(C)c(Br)c1=O,III,0,,III
CC1=NCCC1,II,0,,none
CC(=O)c1c(O)c(C)c(O)c2c1OC1=CC(=O)C(C(C)=O)C(=O)C12C,II,1,SA10_Ames,none
CCCCSSCCCC,III,0,,none
COC(C)COC(C)CO,III,0,,none
CC(C)=CCCC(C)CC(C)O,I,0,,none
CC/C=C\CCCO,I,0,,none
CCC=CCCCO,I,0,,none
CCCCCC(=O)Oc1ccc(C)cc1,I,0,,none
COc1ccc(OCC=O)cc1,III,1,SA11_Ames,none
O=C=O,III,0,,none
CCCCCCCCCCOC(=O)c1ccccc1,I,0,,none
CC1=CCC(C(C)C)c2cc(C)ccc21,II,0,,none
CC1=CC[C@@H](C(C)C)c2cc(C)ccc21,II,0,,none
CCCCOCC(C)OCC(C)O,III,0,,none
C=C(C)CSC(C(=O)CC(C)C)C(C)C,I,0,,none
Nc1cccnc1,III,1,SA28_Ames,III
OCCOCc1ccccc1,II,0,,none
CC(=O)CC(=O)c1ccccc1,I,0,,none
COC.Oc1cccc(O)c1O,III,0,,none
CCCCCC(=O)OC(CCCC)C(=O)OCC,I,0,,none
O=C1NS(=O)(=O)c2ccccc21,III,0,,none
CC(C)=CCCC(C)CCOC(=O)Cc1ccccc1,I,0,,none
CCCCC(C)C(=O)O,I,0,,none
CCCC[C@@H](C)C(=O)O,I,0,,none
C=CCOC(=O)/C=C/C=C/C,III,0,,none
O=c1ccocc1,II,0,,none
CCCCCCCCCCCC(=O)OC(O)C(CO)OCCCCCCCCCC,III,0,,none
CN(CC(=O)O)C(=N)N,III,0,,III
CCCCC(=O)OC/C=C(/C)CCC=C(C)C,I,0,,none
CCCCC(=O)OC/C=C(\C)CCC=C(C)C,I,0,,none
C=C1C(=O)O[C@@H]2C[C@@]3(C)CCCC(=C)[C@@H]3C[C@H]12,I,0,,none
CCCCC(O)C(S)CCC,I,0,,none
CNC(=O)Oc1cccc2ccccc12,III,0,,none
C/C=C/C=C\COC(=O)C(C)C,I,0,,none
CC=CC=CCOC(=O)C(C)C,I,0,,none
C/C=C/C=C/COC(=O)C(C)C,I,0,,none
Nc1cc(-c2ccccc2)nn1C(=O)Nc1ccccc1,III,1,SA28_Ames,III
C[C@@H]1O[C@@H](O[C@H]2[C@H](Oc3cc(O)c(C(=O)CCc4ccc(O)cc4)c(O)c3)O[C@H](CO)[C@@H](O)[C@@H]2O)[C@H](O)[C@H](O)[C@H]1O,III,0,,none
O=C(O)CS,I,0,,none
COC(=O)C(C)=O,I,0,,none
CCCCC/C=C\C(=O)O,I,0,,none
CCCCCC=CC(=O)O,I,0,,none
CCCCC/C=C/C(=O)O,I,0,,none
Cc1cccc(N(C)C)c1,III,1,SA28bis_Ames,II
CCCCC/C=C\CCC=O,I,1,SA11_Ames,none
CCCCCC=CCCC=O,I,1,SA11_Ames,none
CCCCC/C=C/CCC=O,I,1,SA11_Ames,none
C1CCc2nnnn2CC1,III,0,,none
CC(C)(C)c1cccc2ncccc12,III,0,,none
O=C1CCCC1C1CCCC1,I,0,,none
O=C(c1ccccc1)c1cccc2ccccc12,III,0,,none
CC(C)=CC1C(C(=O)OCN2C(=O)C3=C(CCCC3)C2=O)C1(C)C,II,1,SA10_Ames,II
CCC(=O)c1cc(OC)c(O)c(OC)c1,I,0,,none
C=C/C(C)=C\C/C=C(\C)CCC=C(C)C,I,0,,none
C=CC(C)=CCC=C(C)CCC=C(C)C,I,0,,none
C=C/C(C)=C/C/C=C(\C)CCC=C(C)C,I,0,,none
O=[Cd],III,0,,none
CC/C=C/C(=O)C(OC)OC,II,1,SA10_Ames,none
CC/C=C\C(=O)C(OC)OC,II,1,SA10_Ames,none
O=C(O)CCCCCCCCC(=O)O,I,0,,none
Cc1cc(Cl)ccc1N,III,1,SA28_Ames,III
O=C1NC(=O)C(c2ccccc2)(c2ccccc2)N1,III,0,,none
CCCC(C)(C)C,I,0,,none
CCCC(=O)OC(CC)COC(C)=O,I,0,,none
C[C@@H]1OCCCCCCCCCCCCOC1=O,III,0,,none
C[C@H]1OCCCCCCCCCCCCOC1=O,III,0,,none
CCCCCC(OCC)OCCC,I,0,,none
CC(C)(C)CC(C)(S)CC(C)(C)C,III,0,,none
C1CCSSC1,III,0,,none
c1ccc2c(c1)CCCC2,III,0,,none
C[N+]1(C)[C@@H]2CC(OC(=O)[C@H](CO)c3ccccc3)C[C@H]1[C@@H]1O[C@@H]12.[Br-],III,1,SA7_Ames,III
CC(=O)OC(Cc1ccccc1)c1ccccc1,III,0,,none
CC(C)(C)c1cccc(O)c1,I,0,,none
CC1C=CCCC1(C)C=O,I,1,SA11_Ames,none
CCC(C)COC(=O)CC(C)C,I,0,,none
CCCCCCOC(=O)C(C)C,I,0,,none
CCCCCCCCCCCC(C)=O,I,0,,none
CCC1CCC(C)CC1,I,0,,none
CCCC/C=C/C(=O)OCC,I,0,,none
FC(Cl)(Cl)Cl,III,0,,III
COP(OC)OC,III,0,,none
ClC(Cl)=C(Cl)Cl,III,0,,III
CC1=CCC(CCC(C)CO)C1(C)C,I,0,,none
FC(F)(F)CCl,III,1,SA8_Ames,I
Cc1ccccc1Oc1ccccc1C,III,0,,none
CCCCCCCC1CCCC1O,III,0,,none
COc1ccc(O)c(C(C)(C)C)c1.COc1ccc(O)cc1C(C)(C)C,III,0,,none
CC(C)=C[C@@H]1C[C@H](C)CCO1,II,0,,none
CC(C)=CC1CC(C)CCO1,II,0,,none
CC(C)=C[C@H]1C[C@@H](C)CCO1,II,0,,none
CC(C)=C[C@H]1C[C@H](C)CCO1,II,0,,none
O=[N+]([O-])c1ccc(Cl)cc1,III,1,SA27_Ames,III
OC[C@H]1O[C@@](CO)(O[C@H]2O[C@H](CO)[C@@H](O)[C@H](O)[C@H]2O)[C@@H](O)[C@@H]1O,III,0,,none
OCC1OC(OC2(CO)OC(CO)C(O)C2O)C(O)C(O)C1O,III,0,,none
CCCCCCCC(=O)CCc1ccc(O)c(OC)c1,II,0,,none
CC(C)/C=C/C(=O)CC(C)C,II,1,SA10_Ames,none
CC(C)/C=C\C(=O)CC(C)C,II,1,SA10_Ames,none
C=CCCC1=C(C)C(=O)CCC1(C)C,II,1,SA10_Ames,none
Cc1[nH]n(C)c(=O)c1C(=O)c1ccc(C(F)(F)F)cc1S(C)(=O)=O,III,0,,I
C=C(CO)[C@@H]1CC[C@@H](C)[C@@H]2CCC(C)=C[C@@H]21,I,0,,none
c1ccc2c(c1)CC1COCOC21,III,0,,none
CSCCCO,I,0,,none
C=C(C)[C@H](CO)CC=C(C)C,I,0,,none
C=C(C)[C@@H](CO)CC=C(C)C,I,0,,none
C=C(C)C(CO)CC=C(C)C,I,0,,none
c1ccc(Cc2ccccc2)cc1,III,0,,none
Cc1ccc(N)c(C)c1,III,1,SA28_Ames,III
C=CC(C)(CCC=C(C)C)OC(=O)CC(C)CCC=C(C)C,I,0,,none
CC=CC(=O)OC1CCCCO1,I,0,,none
CCC(CC)(CC)C(=O)NC(C)(C)CO,I,0,,none
CC(C)C(=O)OCC(C)(C)C(O)C(C)C,I,0,,none
FC(F)=C(C(F)(F)F)C(F)(F)F,III,0,,I
CCOP(=O)(OCC)OP(=O)(OCC)OP(=O)(OCC)OP(=O)(OCC)OCC,III,1,SA2_Ames,none
CC(=O)c1ccc2c(c1)C(C)(C)C(C)C2(C)C,II,0,,none
CCc1sc(C)nc1C,II,0,,none
CC1CSSC1,III,0,,none
CC(C)CCCCCCCCCCCCCCC(=O)O.OC[C@H](O)[C@@H](O)[C@H](O)C(O)O,III,0,,none
CCC(C)C1(C)COC(C2CCC(C)=CC2C)OC1,III,0,,none
CCNC(=O)CC[C@H](N)C(=O)O,I,0,,III
Cc1ccc(CCO)cc1,I,0,,none
CC1=CCCC2(C)C(OC=O)C(C)CCC12C,I,0,,none
CCCCCC(C)S,III,0,,none
CCN(C)C,I,0,,II
O=C1C=CCCCCCCCCCCCCC1,II,1,SA10_Ames,none
CCCN(CCC)S(=O)(=O)c1ccc(C(=O)O)cc1,III,0,,II
Cc1cc(S)c(C)o1,III,0,,none
CC(C)(C)NC(=O)[C@H]1CC[C@H]2[C@@H]3CC[C@H]4NC(=O)C=C[C@]4(C)[C@H]3CC[C@]12C,III,1,SA10_Ames,none
CC(=O)COC(C)=O,I,0,,none
C/C=C/c1n[nH]c(=O)o1,III,0,,none
C=CCCCN=C=S,III,1,SA15_Ames,none
[C-]#[O+].[C-]#[O+].[C-]#[O+].[C-]#[O+].[FeH2],III,0,,none
CCCCCCCCCCCCOS(=O)(=O)[O-].[Na+],III,0,,none
C[C@@H]1OCC[C@H]1S,III,0,,none
CC1OCCC1S,III,0,,none
C[C@@H]1OCC[C@@H]1S,III,0,,none
CC1OC(c2ccc3c(c2)OCO3)OC1C,III,0,,none
CCCCCCCCCCCCC(=O)OCC(C)C,I,0,,none
C=CC(=O)c1ccco1,III,1,SA10_Ames,none
C=CCCCCCCCC=CCC#N,III,0,,none
C=CCCCCCCC/C=C/CC#N,III,0,,none
CC(=O)c1cnccn1,II,0,,none
CCCCCCCCCCCCCCCC,I,0,,none
CCCCCCCCCCCCCC(=O)OCC(O)CO,I,0,,none
CC(C)=CCCC(C)CCOC(=O)C=C(C)C,I,0,,none
O=CC1CC=CCC1,I,1,SA11_Ames,none
CCCCCCCCCCCCCCCCCCCCCCCCCCC(C)CC,I,0,,none
CCC(C)OC(C)=O,I,0,,none
COc1ccc(C(=O)OCC(=O)[O-])cc1.[Na+],III,0,,none
CC1=CC(=O)[C@H]2C[C@@H]1C2(C)C,II,1,SA10_Ames,none
CC1=CC(=O)[C@@H]2C[C@H]1C2(C)C,II,1,SA10_Ames,none
CC1=CC(=O)C2CC1C2(C)C,II,1,SA10_Ames,none
CCC(C)(C)C1CCC(=O)CC1,I,0,,none
COc1cc(N)c(Cl)cc1C(=O)N[C@@H]1CCN(CCCOc2ccc(F)cc2)C[C@@H]1OC,III,1,SA28_Ames,III
CCCCCC(O)CCO,I,0,,none
C=CCCCCCCCCC,I,0,,none
Clc1cccc(C(Cl)(Cl)Cl)n1,III,0,,III
COC(=O)c1ccccc1N=CC(C)Cc1ccc(OC)cc1,III,0,,none
CCCCCCCOC(=O)/C=C/c1ccccc1,I,0,,none
CCCCCCCOC(=O)C=Cc1ccccc1,I,0,,none
C=CC(=C)CCCC(C)(C)OC(C)=O,I,0,,none
CCCCCCCCCCCCCCCCCC(=O)OCC(COC(=O)CCCCCCCCCCCCCCCCC)OC(=O)CCCCCCCCCCCCCCCCC,I,0,,none
NC(=O)C[C@H](N)C(=O)O,I,0,,III
CCC(C)C(=O)CC(C)S,I,0,,none
CCC(O)CC=CCC(=O)[O-],III,0,,none
N.NC(=S)S,III,0,,III
CCC1(c2ccccc2)C(=O)NC(=O)NC1=O,III,0,,none
C/C=C/C(=O)[C@@H]1[C@H](C)CCCC1(C)C,II,1,SA10_Ames,none
CC=CC(=O)C1C(C)CCCC1(C)C,II,1,SA10_Ames,none
CC1(C)C2CC=C(CCC=O)C1C2,I,1,SA11_Ames,none
CCOC(CC(C)C)OCC,I,0,,none
COC(=O)c1ccc(OC)cc1,I,0,,none
CC(C)C1CCC2CC(=O)CC(C)C2(C)C1,I,0,,none
FC(F)(Cl)C(F)(F)Cl,III,0,,I
CCCCCCCCCC(=O)OCCc1ccccc1,I,0,,none
CCCCCCC1COCC(=O)O1,III,0,,none
CCCCCCC1OCCO1,I,0,,none
COC1=CC(=O)C[C@@H](C)[C@]12Oc1c(Cl)c(OC)cc(OC)c1C2=O,III,1,SA10_Ames,III
COC1=CC(=O)CC(C)C12Oc1c(Cl)c(OC)cc(OC)c1C2=O,III,1,SA10_Ames,III
C=C=CC(C)C(=O)OCC,I,0,,none
CCOc1ccc2c(c1)C(C)=CC(C)(C)N2,II,0,,III
CCSC(=O)N1CCCCCC1,III,1,SA16_Ames,II
CCCC1CCCCC1,I,0,,none
CC(C)Cc1cccnc1,II,0,,none
CCCCCCCCCCCCOC(=O)CC(C)C,I,0,,none
C/C=C(/C)C(=O)OCC(C)CC,I,0,,none
CC1=CC(C)C(C)C(C=O)C1,I,1,SA11_Ames,none
CCOS(=O)(=O)OCC,III,1,SA2_Ames,none
OC(CCl)CCl,III,1,SA8_Ames,III
CCOCc1ccccc1OC,III,0,,none
CC=C1CC2CC(OC(C)C)C1C2,III,0,,none
ClC1=C(Cl)[C@]2(Cl)[C@@H]3[C@H]4C[C@H]([C@@H]5O[C@H]45)[C@@H]3[C@@]1(Cl)C2(Cl)Cl,III,1,SA7_Ames,III
CCSC(=O)N(CC)C1CCCCC1,III,1,SA16_Ames,II
C/C1=C2/N=C(/C=C3\N=C(/C(C)=C4\[N-][C@H]([C@H](CC(N)=O)[C@]4(C)CCC(=O)NC[C@H](C)OP(=O)([O-])O[C@H]4[C@@H](O)[C@@H](n5cnc6cc(C)c(C)cc65)O[C@@H]4CO)[C@]4(C)N=C1[C@@H](CCC(N)=O)[C@]4(C)CC(N)=O)[C@@H](CCC(N)=O)C3(C)C)[C@@H](CCC(N)=O)[C@]2(C)CC(N)=O.[CH2-][C@H]1O[C@@H](n2cnc3c(N)ncnc32)[C@H](O)[C@@H]1O.[Co],III,1,SA28_Ames,III
FCOC(C(F)(F)F)C(F)(F)F,III,0,,I
CC(CC=O)CCc1ccccc1,I,1,SA11_Ames,none
CC(O)COCC1OC(OC2C(COCC(C)O)OC(OCC(C)O)C(OCC(C)O)C2OCC(C)O)C(OCC(C)O)C(OCC(C)O)C1OCC(C)O,III,0,,none
Cc1nccnc1CCC(C)C,III,0,,none
CC1OC(C)(O)C(C)OC1(C)O,I,0,,none
COC(=O)c1cc(OC)ccc1O,I,0,,none
CC(O)C(C)(C)C,I,0,,none
NC(=O)c1cccnc1,III,0,,II
C[C@@H]1O[C@@H](O[C@H]2[C@H](Oc3cc(O)c4c(c3)O[C@H](c3ccc(O)cc3)CC4=O)O[C@H](CO)[C@@H](O)[C@@H]2O)[C@H](O)[C@H](O)[C@H]1O,II,0,,none
C=C(C)C1CCC(C)=C(OO)C1,III,1,SA61_Ames,none
CC/C=C\CCCCCOC(C)=O,I,0,,none
CC/C=C/CCCCCOC(C)=O,I,0,,none
Cc1ccc(C(C)CC=O)o1,II,1,SA11_Ames,none
Cc1ccc([C@@H](C)CC=O)o1,II,1,SA11_Ames,none
C=CCCCC(C)C,I,0,,none
C=C(C)[C@H]1CC=C(C)[C@H](OC(=O)CC)C1,I,0,,none
C=C(C)C1CC=C(C)C(OC(=O)CC)C1,I,0,,none
COc1cc(C(C)=O)ccc1O,I,0,,none
CC1=CC(=O)CO1,II,1,SA10_Ames,none
CCN(CCCl)CCCNc1c2ccccc2nc2c1ccc1cccnc12.Cl.Cl,III,1,SA19_Ames;SA8_Ames,III
CC1CCC(CO)C(C)C1,I,0,,none
CCC(C)OC(=O)C(C)O,I,0,,none
C=C(CC(C)CO)C1CC=C(C)C1(C)C,I,0,,none
c1cnc(CC2CCCCC2)cn1,III,0,,none
CC(=O)OCCC(C)CC(C)(C)C,I,0,,none
CC(=O)CCCc1ccccc1,I,0,,none
CCCCCCCCCC(=O)OCCCCCC,I,0,,none
O=C1C(O)=C(O)C(=O)C(O)=C1O,II,1,SA12_Ames,none
COC(=O)c1ccccc1NC(=O)Cc1ccccc1,III,0,,none
CCCCC(CC)C(=O)OCC(COC(=O)C(CC)CCCC)OC(=O)C(CC)CCCC,I,0,,none
O=C=Nc1ccccc1,III,1,SA15_Ames;SA28_Ames;ar-N=CH2,none
CCCCOC(C)OC,I,0,,none
O.[Mg+2].[Mg+2].[O-][Si]1([O-])O[Si]2(O1)O[Si]([O-])([O-])O2,III,0,,none
OCCS,I,0,,none
CSC(C)(C)CC(C)=O,I,0,,none
CCCCCCCCCCCCCC(=O)OCCCC,I,0,,none
CC(S)S,III,0,,none
CCCc1nc(CC)c(CC)s1,II,0,,none
CCCCCC(C)C=O,I,1,SA11_Ames,none
OCOc1ccccc1,III,0,,none
CCCOC(=O)CC(C)=O,I,0,,none
CCC(C)=CCCC(C)=CC#N,III,0,,none
CCOC(C)OCC,I,0,,none
NCC(=O)O,I,0,,III
CC1=NC(C)SC(C)S1.CC1=NC(C)SC(C)S1,III,0,,none
CCOC(=O)C=Cc1ccc(OC)cc1,I,0,,none
O=C(CS)OC1CCCCC1,I,0,,none
N#CCCC(Br)(C#N)CBr,III,1,SA8_Ames,III
C1CCOCC1,II,0,,none
CCCC#CC(=O)OC,III,0,,none
CCCCC/C=C\C/C=C/CO,I,0,,none
CCCCCC=CCC=CCO,I,0,,none
CC(=O)OCCCCCC(C)C,I,0,,none
CC(C)=CCC/C(C)=C/C(O)C=O,I,1,SA11_Ames,none
CC(C)=CCCC(C)=CC(O)C=O,I,1,SA11_Ames,none
CNNC,III,1,SA13_Ames,III
BrC(Br)Br,III,1,SA8_Ames,III
CC(=O)OC(O)c1ccccc1,I,0,,none
CCC(C(=O)O)C(=O)c1ccccc1,I,0,,none
CCCCCCCCCC,I,0,,none
CCCCCCCC/C=C/CCCCCCCC(=O)N(C)CC(=O)O,I,0,,II
CCCCCOC=O,I,0,,none
CCC(C)C(=O)OC(C)C,I,0,,none
CCC1SC(C)=NC(C)S1,II,0,,none
CC[C@H](C)CCC(=O)O,I,0,,none
CCC(C)CCC(=O)O,I,0,,none
CC[C@@H](C)CCC(=O)O,I,0,,none
CC1=CC/C(=C(\C)CCC=O)CC1,I,1,SA11_Ames,none
O=S(=O)([O-])[O-].O=S(=O)([O-])[O-].O=S(=O)([O-])[O-].[Al+3].[Al+3],III,0,,none
CCCCCCC(CO)C(C)=O,I,0,,none
Cl.c1ccc2c(CC3=NCCN3)cccc2c1,III,0,,III
CCCCc1cccc(OC)c1O,I,0,,none
CCCCN(C)C,I,0,,II
CCCc1cnccn1,II,0,,none
CCCCCCCCOC(=O)CCCCCCC,I,0,,none
CCCC(=O)OC(C)CCC,I,0,,none
CCCC=CC=CC=CC=O,II,1,SA10_Ames,none
CCCCCCCCCC=CC=CC=CC=O,II,1,SA10_Ames,none
CC12CCCC1C1CCC3CC(O)CCC3(C)C1CC2,III,0,,none
CCCCCCCC(=O)COC(C)=O,I,0,,none
C=C1C(O)CC23CC1C(C)(C)C2CCC3C,II,0,,none
CCC(CC)C(=O)OCCc1ccccc1,I,0,,none
CC(C)(C)O,I,0,,none
CCCCCCC1C=CC(=O)O1,I,0,,none
O=C(O)CCS,I,0,,none
CC(C)C1CCC(O)CC1,I,0,,none
CC(=Cc1ccccc1)C(=O)c1ccccc1,III,1,SA38_Ames,none
CCOC(=O)CCC(=O)OCC,I,0,,none
Cc1ccc(/C=C/C=O)cc1,II,0,,none
Cc1ccc(C=CC=O)cc1,II,0,,none
CCCCOC(C)=O,I,0,,none
CCCCCC=C(C)O,I,0,,none
C1CCCCCCCSCCCCCC1,II,0,,none
Cc1ccc(S(=O)(=O)NC2CCCCC2)cc1,III,0,,III
COc1cc(/C=C/C=O)ccc1O,II,0,,none
COc1cc(C=CC=O)ccc1O,II,0,,none
CCCCCCCCCCCCOC(=O)c1ccccc1,I,0,,none
O=c1[nH]cnc2c1ncn2[C@@H]1O[C@H](COP(=O)([O-])[O-])[C@@H](O)[C@H]1O.[K+].[K+],III,0,,none
C[C@@H]1CC(=O)[C@](C)(O)C12CC(C)(C)CC(C)(C)C2,I,0,,none
CC(N)=O,I,0,,II
CCC(C)(O)CCCC(C)C,I,0,,none
Cc1ccc2ccc(=O)oc2c1,III,1,SA30_Ames,none
OO.[Zn],III,0,,none
C=CC(CCCCC)OC(=O)C(C)C,II,0,,none
CC(O)C1C2CCC(C2)C1(C)C,I,0,,none
CCCC(C)C=Nc1ccccc1C(=O)OC,III,0,,none
CCOc1ccccc1,I,0,,none
OC[C@H]1OC(OC[C@H]2O[C@H](O)[C@H](O)[C@@H](O)[C@@H]2O)[C@H](O)[C@@H](O)[C@@H]1O,II,0,,none
CC(C)CCCCOC(=O)C(C)C,I,0,,none
CC(C)(C)[C@@H]1CCCC[C@H]1O,I,0,,none
CC(C)(C)C1CCCCC1O,I,0,,none
CCCCC(CC)C(=O)OCCc1ccccc1,I,0,,none
CC1=C(O)C(=O)CO1,II,1,SA10_Ames,none
CCC/C=C/COC(=O)c1ccccc1O,I,0,,none
c1ccc(Nc2ccccc2)cc1,III,0,,III
NS(=O)(=O)c1cc2c(cc1C(F)(F)F)NCNS2(=O)=O,III,0,,I
CC1=CC(OC=O)CC(C)C2CC(=C(C)C)CC12,I,0,,none
Cc1c(Cl)cccc1Cl,III,0,,III
CCC#CC(=O)C(OC)OC,III,0,,none
C=C(C)C1CCC(C)=C1CCC(C)=O,I,0,,none
C/C(=C\C(C)C)C(=O)O,I,0,,none
CC(=CC(C)C)C(=O)O,I,0,,none
O=Cc1c(Cl)cccc1Cl,III,1,SA11_Ames,III
COC(=O)CCSC,I,0,,none
COc1cc(O)ccc1C(=O)CC(=O)c1ccc(O)cc1,III,0,,none
C=CCOC(=O)CCCC(C)(C)CC,III,0,,none
CC(C)C1CCC(CCCO)CC1,I,0,,none
CCCCCCCCCC(C)CC=O,I,1,SA11_Ames,none
Nc1ccc(-c2ccccc2)cc1,III,1,SA28_Ames,III
CC(O)COC(=O)Cc1ccccc1,I,0,,none
CC1=CC(C)C(CO)C(C)C1,I,0,,none
CC(CCC#N)C1CCCC1,III,0,,none
CSc1cnc(C)cn1,II,0,,none
CCCC=CC=CCCO,I,0,,none
CC(O)CO,I,0,,none
CCS,III,0,,none
CCCCCOC(=O)c1ccc(OC)cc1,I,0,,none
CCCCCCC1CCCCCCCCC(=O)O1,I,0,,none
CCOC(=O)/C=C\SC,I,0,,none
CCOC(=O)/C=C/SC,I,0,,none
CCOC(=O)C=CSC,I,0,,none
[Kr],III,0,,none
CC(=O)c1cc2c(cc1C)C(C)(C)C(C)CC2(C)C,II,0,,none
CCCC(N)=O,I,0,,II
CC=CC(=O)N(CC)c1ccccc1C,III,1,SA10_Ames,II
C/C=C/C(=O)OC1CC(C)CCC1C(C)C,I,0,,none
CC(C)[C@@H](C)/C=C/[C@@H](C)[C@@H]1CC[C@@H]2C3=CC=C4C[C@@H](O)CC[C@]4(C)[C@@H]3CC[C@]21C,III,0,,none
C[C@]12CC[C@@H]3c4ccc(O)cc4CC[C@H]3[C@@H]1CCC2=O,II,0,,none
O=S(=O)([O-])[O-].[Hg+2],III,0,,none
CCC[Si](Cl)(Cl)Cl,III,0,,III
CCCCC1(O)OC(=O)C(C)=C1C,I,0,,none
CCOP(=S)(OCC)SCCSCC,III,0,,none
CCCCOC(=O)c1ccccc1C(=O)OCCCC,I,0,,none
C=CC(CCCCC)OC(C)=O,II,0,,none
O=C([O-])CC(O)C(=O)O.[Na+],I,0,,none
CCCCCCCCC(=O)OCCCC,I,0,,none
Cc1ccc(N)cc1C,III,1,SA28_Ames,III
C=C(C)CCC=C(C)C,I,0,,none
CCOC(=O)CC(O)(CC(=O)OCC)C(=O)OCC,III,0,,none
COCCOc1ccc(C)cc1,III,0,,none
CCOc1cc(C(C)C)ccc1C,I,0,,none
COc1ccc(NC(O)=CN=O)cc1OC,III,0,,III
CCCCCCCOCCC,III,0,,none
CCCCCCC(OC(C)=O)C(=O)OCC,I,0,,none
C=CC(=O)OCCN(C)C,I,0,,II
CCCCCN,I,0,,III
CCCCCCCCCCCCCC(=O)OCCC,I,0,,none
CCc1nccnc1OC,II,0,,none
C/C=C\CCC=O,I,1,SA11_Ames,none
C/C=C/CCC=O,I,1,SA11_Ames,none
c1cncc2cccc-2c1,III,0,,none
C=CC(C)(CCC=C(C)C)OC(=O)/C=C/c1ccccc1,I,0,,none
C=CC(C)(CCC=C(C)C)OC(=O)C=Cc1ccccc1,I,0,,none
Nc1ccccc1[N+](=O)[O-],III,1,SA27_Ames;SA28_Ames,III
Cc1ncc(C[n+]2csc(CCO)c2C)c(N)n1.Cl.[Cl-],III,1,SA28_Ames,III
CC(=O)CCCC(C)C,I,0,,none
CCCCCSS,I,0,,none
CCCCCCCCCCCOC(=O)CCC,I,0,,none
CC1CCc2cc(F)cc3c(=O)c(C(=O)O)cn1c23,III,0,,III
CC(C)(C)C(=O)OCCc1ccccc1,I,0,,none
CC(=O)O.O=CC(O)C(O)C(O)C(O)CO.[Na],III,1,SA11_Ames,none
OCCCCCc1ccccc1,I,0,,none
COc1cccc(OC)c1,I,0,,none
CCCC(=O)OCC1CCCO1,II,0,,none
CC(=O)C1=NCCC1,II,0,,none
CCC(c1ccccc1)c1c(O)c2ccccc2oc1=O,III,1,SA30_Ames,none
O=C(C=Cc1ccccc1)c1ccccc1,III,1,SA38_Ames,none
O=C(/C=C/c1ccccc1)c1ccccc1,III,1,SA38_Ames,none
O=C1CCCCCCCCCCCO1,I,0,,none
CCCCCCCCCCCCC1(O)CCCCC1,III,0,,none
CC1CC=C2C(C)(C)CCCC2(C)C1O,I,0,,none
CC1NCCS1,II,0,,III
CCC1(c2ccccc2)C(=O)NCNC1=O,II,0,,none
C/C1=C2/[N-]C([C@H](CC(N)=O)[C@@]2(C)CCC(=O)NC[C@H](C)OP(=O)([O-])OC2C(CO)OC(n3cnc4cc(C)c(C)cc43)C2O)[C@]2(C)N=C(/C(C)=C3\N=C(/C=C4\N=C1[C@@H](CCC(N)=O)C4(C)C)[C@@H](CCC(N)=O)[C@]3(C)CC(N)=O)[C@@H](CCC(N)=O)[C@]2(C)CC(N)=O.O.[Co+2],III,0,,II
C/C1=C2/[N-]C([C@H](CC(N)=O)[C@@]2(C)CCC(=O)NC[C@H](C)OP(=O)([O-])O[C@H]2[C@@H](O)[C@@H](n3cnc4cc(C)c(C)cc43)O[C@@H]2CO)[C@]2(C)N=C(/C(C)=C3\N=C(/C=C4\N=C1[C@@H](CCC(N)=O)C4(C)C)[C@@H](CCC(N)=O)[C@]3(C)CC(N)=O)[C@@H](CCC(N)=O)[C@]2(C)CC(N)=O.O.[Co+2],III,0,,II
CCCCCCOC(CCCCC)OCC,I,0,,none
Cc1nc2ccccc2o1,III,0,,none
CCCCOC(=O)c1cccnc1,II,0,,none
C=CCOC(=O)CCCCCCCCC,III,0,,none
CCOP(=O)(OCC)OCC,III,1,SA2_Ames,none
CN(C)C(=O)NC1CCCCCCC1,III,0,,II
O=C(OC1CCCCC1)c1ccccc1,I,0,,none
CC(=O)OC(C)(C)[C@@H]1CC[C@H](C)C2=C(C1)[C@@H](C)CC2,I,0,,none
CC(=O)OC(C)(C)C1CCC(C)C2=C(C1)C(C)CC2,I,0,,none
CSCCC(C)=O,I,0,,none
C=CC(C)(O)CCCCC,I,0,,none
CC(CO)CCCc1ccccc1,I,0,,none
COc1ccccc1S,III,0,,none
CC(C=O)=CC=C1C2CCC(C2)C1(C)C,II,1,SA10_Ames,none
CCc1ccc(CC)cc1,I,0,,none
C#CCCCCC#C,III,0,,none
CC/C=C\CC/C=C/C#N,III,0,,none
CCCCCCOC(C)OCCCCC,I,0,,none
CC1(C)[C@@H]2CC[C@]1(C)C(=O)C2,I,0,,none
CC1(C)[C@H]2CC[C@]1(C)C(=O)C2,I,0,,none
CC1(C)C2CC[C@]1(C)C(=O)C2,I,0,,none
CC12CCC(CC1=O)C2(C)C,I,0,,none
CC1(C)[C@@H]2CC[C@@]1(C)C(=O)C2,I,0,,none
CC1(C)[C@H]2CC[C@@]1(C)C(=O)C2,I,0,,none
CCCCCCCCCCCCCCCCCCCCC(O)CO,I,0,,none
O=C1CCSC1,II,0,,none
CCCCCOC(C)OC,I,0,,none
CCCCCCCCCCCCCCC1CO1,III,1,SA7_Ames,none
COc1ccc(C2OCC(C)O2)cc1,I,0,,none
CNC(=O)Oc1cc(C)cc(C(C)C)c1,III,0,,none
CC/C=C/C=O,II,1,SA10_Ames,none
CCC=CC=O,II,1,SA10_Ames,none
CCCCCCCC=CC(=O)OCCCC,I,0,,none
CCCCCCC/C=C/C(=O)OCCCC,I,0,,none
CCC(C)(C)C(=O)OC1=C(c2ccc(Cl)cc2Cl)C(=O)OC12CCCCC2,III,0,,III
COc1ccccc1C,I,0,,none
CC1(C)C2CCC1(C)[C@H](O)C2,I,0,,none
CC1(C)[C@@H]2CC[C@]1(C)[C@@H](O)C2,I,0,,none
CC1(C)[C@@H]2CC[C@@]1(C)[C@H](O)C2,I,0,,none
CC1(C)[C@@H]2CC[C@]1(C)[C@H](O)C2,I,0,,none
CC1(C)[C@H]2CC[C@@]1(C)[C@@H](O)C2,I,0,,none
CC1(C)[C@@H]2CC[C@@]1(C)C(O)C2,I,0,,none
CC1(C)C2CCC1(C)C(O)C2,I,0,,none
CC1(C)[C@@H]2CC[C@@]1(C)[C@@H](O)C2,I,0,,none
CC1(C)[C@H]2CC[C@@]1(C)[C@H](O)C2,I,0,,none
CC1(C)C2CCC1(C)[C@@H](O)C2,I,0,,none
CC(C)=CC/C=C(/C)CCO,I,0,,none
CC(C)=CCC=C(C)CCO,I,0,,none
CC(C)=CC/C=C(\C)CCO,I,0,,none
CCCCCC(=O)OC1CCCCC1,I,0,,none
CC/C=C/C/C=C/C/C=C/CCCCCCCC(=O)O,I,0,,none
CCC=CCC=CC/C=C\CCCCCCCC(=O)O,I,0,,none
CC/C=C\C/C=C\C/C=C\CCCCCCCC(=O)O,I,0,,none
COC(C)=S,III,0,,none
O=C(O)C(F)(F)F,III,0,,I
CC1=CCC2C(C)(C)CCCC2(C)C1CCO,I,0,,none
O=CCc1ccccc1,I,1,SA11_Ames,none
CCCCCCCCOC(=O)CC(=O)OCCCCCCCC,I,0,,none
CC(C)CC(=O)Cc1ccccc1,I,0,,none
CC1=NCSC1,II,0,,none
CCCCCCOC(=O)c1ccc(OC)cc1,I,0,,none
CCC(C)COC(=O)C(C)C,I,0,,none
CN(C)C(=S)[S-].CN(C)C(=S)[S-].[Zn+2],III,0,,II
C[C@@H]1C[C@@H](C)S[C@@H](C)O1,II,0,,none
CNC(=O)Oc1cccc2c1OC(C)(C)C2,III,0,,none
CC(O)COC(C)CO,III,0,,none
CCCCCCCCc1ccccc1O,II,0,,none
CCCC(C)OC(=O)CC(C)C,I,0,,none
CCC[C@H](C)OC(=O)CC(C)C,I,0,,none
CCCCCCOC(=O)c1ccccc1O,I,0,,none
CCOC(=O)Cc1ccccc1,I,0,,none
CCC(=O)N1C=CCC1,II,0,,II
C=CC(=C)CCCC(C)(C)O,I,0,,none
CC(=O)O.CC(=O)O.Oc1cccc(O)c1,I,0,,none
C=C1C=CCC(C)(C)C12CCC(C)O2,II,0,,none
CCCCOCCCC,III,0,,none
CC(=O)[O-].CC1=C(S)CCO1,III,0,,none
CCOc1ccccc1C=O,I,1,SA11_Ames,none
CC=C(C)CCOC(=O)c1ccccc1O,I,0,,none
CC(=O)S,III,0,,none
COCC(=O)N1CC(=O)N(c2cc(Cl)cc(Cl)c2)C1=O,III,0,,III
C=C(C)[C@H]1C=C2[C@H](C)CC[C@@H]2[C@H](C)CC1,I,0,,none
C=C(C)[C@H]1C=C2C(CC[C@H]2C)[C@H](C)CC1,I,0,,none
O=[N+]([O-])[O-].[NH4+],III,0,,II
CCCCC1COC(=O)CO1,III,0,,none
CCCC(=O)Cl,III,1,SA1_Ames,III
CCCCCCCCC(=O)OC(C)C,I,0,,none
C/C=C/C(=O)OCCc1ccccc1,I,0,,none
CCOC(=O)CC(O)c1ccccc1,I,0,,none
C=C(C)CC(C(C)=O)C(=O)OCC,III,0,,none
CCOC(=O)c1ccccc1CO,I,0,,none
Cc1ccc(N=C=O)cc1N=C=O,III,1,SA15_Ames;SA28_Ames;ar-N=CH2,none
CCn1cccc1C=O,II,1,SA11_Ames,none
OC(Cc1ccccc1)OCc1ccccc1,I,0,,none
CCCCCCCCC(S)C=O,I,1,SA11_Ames,none
CCCC=CC=CC=O,II,1,SA10_Ames,none
CCC/C=C/C=C/C=O,II,1,SA10_Ames,none
Cn1ccccc1=O,II,0,,II
CCC=CCC=CCC=CCCCCCCCC(=O)OC,I,0,,none
CC/C=C\C/C=C\C/C=C\CCCCCCCC(=O)OC,I,0,,none
CCCCCCC(C)CCC,I,0,,none
CC(=O)OCC=C1C2CCC(C2)C1(C)C,I,0,,none
CSc1cc(C)oc1C,II,0,,none
CC(C)(C)c1ccc(CSc2cnn(C(C)(C)C)c(=O)c2Cl)cc1,III,0,,III
CC1=C(O)C(=O)CC(C)(C)C1,II,1,SA10_Ames,none
C=CCCCCCC(=O)OCC,I,0,,none
CCC(C)COC=O,I,0,,none
COc1ccccc1C(C)=O,I,0,,none
CC/C=C\CCCCCCC=O,I,1,SA11_Ames,none
CCC=CCCCCCCC=O,I,1,SA11_Ames,none
C/C1=C\C=C\[C@@H](C)[C@@H](O)[C@@H](C)[C@@H](O)[C@@H](C)[C@H](O)[C@H](C)[C@H](O)C(CO)/C=C(\C)C(=O)c2c(O)c(C)cc3c2C(=O)C=C(NC1=O)C3=O,II,1,SA10_Ames;SA12_Ames,none
C=C[C@@H](O)CCCCCC,II,0,,none
C=CC(O)CCCCCC,II,0,,none
C=C[C@H](O)CCCCCC,II,0,,none
O=P(O)(O)F,III,0,,III
CC(C)=CCC/C(C)=C/C1OCC(C)O1,II,0,,none
CCOCC(=O)O[C@@H]1C[C@H](C)CC[C@H]1C(C)C,I,0,,none
CCOCC(=O)OC1CC(C)CCC1C(C)C,I,0,,none
CC(=O)C1CCCC(C)(C)C1,I,0,,none
CCCCOC(=O)c1ccc(OC)cc1,I,0,,none
CC(=O)C1CC2C(C=C1C)C2(C)C,I,0,,none
COCc1cnccn1,II,0,,none
CCCCCCCC(C=O)CCCCC,II,1,SA11_Ames,none
COC(C)(OC)C(C)O,I,0,,none
Cc1nc2ccccc2s1,II,0,,none
CC(C)OP(C)(=O)F,III,0,,III
C/C=C(/C=O)c1ccccc1,II,1,SA10_Ames,none
CC=C(C=O)c1ccccc1,II,1,SA10_Ames,none
CC1(C)C2CCC(C3CCC(O)CC3)C1(C)C2,I,0,,none
CCCCCCCc1ccccn1,III,0,,none
NC1CONC1=O,III,0,,III
N[C@@H]1CONC1=O,III,0,,III
CCCCCC=CCC=CCCCCCCCC(=O)OOCC,III,0,,none
CC(S)SS,I,0,,none
CC/C=C\CCOC(=O)CCCCCCC,I,0,,none
CC1=CCCC(C)(C)C1CC(C)(C)C#N,III,0,,none
CC(C)CCCC1CC(C)CCC1=O,I,0,,none
CCCCN(CCCC)CC(O)c1cc(Cl)cc2c1-c1ccc(Cl)cc1/C2=C/c1ccc(Cl)cc1,III,1,SA18_Ames,III
CCOC(=O)CCC(O)C(=O)OCC,I,0,,none
C=C1CC[C@@]23C[C@@H]1C(C)(C)[C@@H]2CC[C@H]3C,I,0,,none
C=C1CCC23CC1C(C)(C)C2CCC3C,I,0,,none
CC(=O)CC(=O)Nc1ccccc1,III,0,,none
Cc1cccc([N+](=O)[O-])c1[N+](=O)[O-],III,1,SA27_Ames,II
CCC(=O)Oc1ccccc1,I,0,,none
CC[C@@H](O)c1ccccc1,I,0,,none
CCC(O)c1ccccc1,I,0,,none
CC[C@H](O)c1ccccc1,I,0,,none
C=CCNCC=C,III,0,,III
CCCCC(O)C1CCCC1=O,I,0,,none
C=C(C)C1CCC(C)CC1OC(=O)CC(C)=O,I,0,,none
c1coc(Cc2ccoc2Cc2ccco2)c1,III,0,,none
C=CCCCCCCC(C)=O,I,0,,none
NCCc1ccc(O)cc1,III,0,,III
C1SSCSSS1,I,0,,none
CCCC(OC)OC,I,0,,none
CCCCCCCCCCCCCCOC(=O)CCCCCCCCCCCCC,I,0,,none
C[Si]12OCCN(CCO1)CCO2,III,0,,II
CCCCCCCCl,III,1,SA8_Ames,III
CC(C)=CCCC(C)CCOC=O,I,0,,none
CCCCCCCCC(=O)OCCCCC,I,0,,none
CCOC(=O)C(C)SSC,III,0,,none
CCOC(=O)[C@H](C)SSC,III,0,,none
C=CCC(O)C1CC=C(C)CC1,I,0,,none
CCC(O)/C=C/C1=C(C)CCCC1(C)C,I,0,,none
CCC(=O)C1CC(C(C)C)CC=C1C,I,0,,none
CC(C)[C@@]12C[C@@H]1[C@@H](C)[C@@H](O)C2,I,0,,none
CC1[C@H](O)C[C@@]2(C(C)C)C[C@H]12,I,0,,none
CC1C(O)CC2(C(C)C)CC12,I,0,,none
COc1cc(COC(C)=O)ccc1O,I,0,,none
CC(C)=CCC/C(C)=C/CS,III,0,,none
CC(C)=CCCC(C)=CCS,III,0,,none
CC(C)=CCC/C(C)=C\CS,III,0,,none
CCC(=O)O[C@@H]1C[C@H]2CC[C@]1(C)C2(C)C,I,0,,none
CCC(=O)O[C@H]1C[C@@H]2CC[C@@]1(C)C2(C)C,I,0,,none
CCC(=O)OC1CC2CCC1(C)C2(C)C,I,0,,none
C=C(C=O)C(C)CCC=C(C)C,II,1,SA10_Ames,none
CC(C)c1cccc2cccnc12,III,0,,none
ClP(Cl)Cl,III,0,,III
CCOC(C)OC(C)=O,I,0,,none
C=C(Cl)CCl,III,1,SA4_Ames;SA8_Ames,III
CC1=CCC(C(C)C)CC1,I,0,,none
C/C1=C\CC/C(C)=C/CC(C)(C)/C=C/C1,I,0,,none
Cl[Sb](Cl)Cl,III,0,,III
[Cl-].[Na+],III,0,,III
CC(C)(CO)[C@@H](O)C(=O)NCCC(=O)[O-].CC(C)(CO)[C@@H](O)C(=O)NCCC(=O)[O-].[Ca+2],III,0,,none
CC(C)(CO)C(O)C(=O)NCCC(=O)[O-].CC(C)(CO)C(O)C(=O)NCCC(=O)[O-].[Ca+2],III,0,,none
CCCCCC1CCC(O)O1,I,0,,none
CC(C)Cc1ccc2ccccc2n1,II,0,,none
ClB(Cl)Cl,III,0,,III
CC1CCC2CC1SC2(C)C,II,0,,none
COc1ccc(OC)c(C(C)=O)c1,I,0,,none
CC1OC=CC1=O,II,1,SA10_Ames,none
O=C(Cl)C(Cl)Cl,III,1,SA1_Ames;SA8_Ames,III
CC(=O)C=CCc1ccccc1,II,1,SA10_Ames;SA38_Ames,none
CCCCCCCCCCC(OC)OC,I,0,,none
CC1NC(C)SC(C)S1,II,0,,III
OC[C@@H](O)[C@H](O)[C@@H](O)[C@@H](O)CO,I,0,,none
OC[C@@H](O)[C@@H](O)[C@H](O)[C@@H](O)CO,I,0,,none
OC[C@@H](O)[C@@H](O)[C@H](O)[C@H](O)CO,I,0,,none
OCC(O)C(O)C(O)C(O)CO,I,0,,none
Cc1ccc2nc3sc(=O)sc3nc2c1,III,1,SA19_Ames,none
COc1cc(O)c(C(C)=O)c(OC)c1,I,0,,none
CCCCCCCCC(=O)O,I,0,,none
CCCCCCCCC1CCCCC1,III,0,,none
OCCC1CCCO1,II,0,,none
CCCCC(O)CCCC,I,0,,none
CCOC(=O)C1CC2C=CC1C2,I,0,,none
CCCCOC(=O)C(C)(C)C,I,0,,none
c1ccc2sccc2c1,III,0,,none
Oc1ccc2ccccc2c1.c1ccc(COCc2ccccc2)cc1,III,0,,none
O=C(Oc1ccccc1)c1ccccc1,I,0,,none
CC(C)CCCC(C)O,I,0,,none
CC1=CCC[C@]2(C)CC[C@H](C(C)(C)O)C[C@@H]12,I,0,,none
CC1=CCC[C@]2(C)CC[C@H](C(C)(C)O)CC12,I,0,,none
CC1=CCC[C@]2(C)CC[C@@H](C(C)(C)O)C[C@@H]12,I,0,,none
C=CCSSCCC,III,0,,none
CCCC(O)Cc1ccccc1,I,0,,none
C[C@@H]1OCCC1=O,II,0,,none
CC1OCCC1=O,II,0,,none
CC(=O)C1CCC2C3CC=C4CCCCC4(C)C3CCC12C,III,0,,none
CCCCCC1(C)OC1C(=O)OCC,III,1,SA7_Ames,none
CC(O)CC(C)(C)S,I,0,,none
C[C@H]1[C@@H](N[C@@H]2COc3cc(O)ccc32)CCC[C@@H]1C,III,0,,III
Nc1ccc(S(N)(=O)=O)cc1,III,1,SA28_Ames,III
Cc1ccccc1OC(=O)C(C)C,I,0,,none
NCc1cccc(CN)c1,III,0,,III
Cc1cc(O)c2c(c1)[C@H](C(C)C)CC[C@H]2C,II,0,,none
Cl[Si](Cl)(Cl)Cl,III,0,,III
CCOC1CCCCCCCCCCC1,III,0,,none
CC1=NC(CC(C)C)SC1C,II,0,,none
CCC(=O)CC,I,0,,none
CC1=CC(C)(C)C(C=O)CC1,I,1,SA11_Ames,none
OCCCCCCc1ccccc1,I,0,,none
CC(=O)C(=O)c1cccs1,III,0,,none
CC1(C)O[C@@H]2C[C@H]3[C@@H]4C[C@H](F)C5=CC(=O)C=C[C@]5(C)[C@@]4(F)[C@@H](O)C[C@]3(C)[C@]2(C(=O)CO)O1,III,1,SA10_Ames,III
C=C(OCC)C1C(C)(C)C=C(OCC)CC1(C)C,III,0,,none
Cc1ccc(OC(=O)c2ccccc2N)cc1,III,1,SA28_Ames,III
COc1ccccc1/C=C/C(=O)O,I,0,,none
CC(C)CC[N+](=O)[O-],III,0,,II
O=C1c2ccccc2C(=O)C1(O)O,II,0,,none
COC(=O)C(C)(C)CCc1ccccc1,I,0,,none
CCCC(=O)O,I,0,,none
CC(=O)/C=C/C1C(C)C=C(C)CC1C,II,1,SA10_Ames,none
CC(=O)C=CC1C(C)C=C(C)CC1C,II,1,SA10_Ames,none
C/C=C/C(=O)CC,II,1,SA10_Ames,none
C/C=C\C(=O)CC,II,1,SA10_Ames,none
CC=CC(=O)CC,II,1,SA10_Ames,none
O=C(O)[C@H](O)[C@@H](O)C(=O)O,III,0,,none
O=C(O)[C@@H](O)[C@H](O)C(=O)O,III,0,,none
O=C(O)C(O)C(O)C(=O)O,III,0,,none
O=CN1CCCCC1,III,0,,II
CC(C)OC(=O)c1ccccc1,I,0,,none
C/C1=C2/[N-][C@H]([C@H](CC(N)=O)[C@@]2(C)CCC(=O)NC[C@@H](C)OP(=O)([O-])O[C@H]2[C@@H](O)[C@@H](n3cnc4cc(C)c(C)cc43)O[C@@H]2CO)[C@]2(C)N=C(/C(C)=C3\N=C(/C=C4\N=C1[C@@H](CCC(N)=O)C4(C)C)[C@@H](CCC(N)=O)[C@]3(C)CC(N)=O)[C@@H](CCC(N)=O)[C@]2(C)CC(N)=O.[Co],III,0,,II
C/C1=C2/[N-][C@H]([C@H](CC(N)=O)[C@@]2(C)CCC(=O)NC[C@@H](C)OP(=O)(O)O[C@H]2[C@@H](O)[C@@H](n3cnc4cc(C)c(C)cc43)O[C@@H]2CO)[C@]2(C)N=C(/C(C)=C3\N=C(/C=C4\N=C1[C@@H](CCC(N)=O)C4(C)C)[C@@H](CCC(N)=O)[C@]3(C)CC(N)=O)[C@@H](CCC(N)=O)[C@]2(C)CC(N)=O.[Co],III,0,,II
CC(C)CCC1(C)OCC=CCO1,III,0,,none
CCC(=O)OC1CCCCCCCCCCC1,I,0,,none
CSSc1ccccc1C,III,0,,none
CSCC[C@H](N)C(=O)O,I,0,,III
CSCCC(N)C(=O)O,I,0,,III
CCC(=O)OC1CCC(C(C)C)CC1,I,0,,none
CCCC1=Cc2cc3c(cc2C1N(C)C)OCO3,III,0,,II
O=C(CCCCC(=O)Nc1c(I)cc(I)c(C(=O)O)c1I)Nc1c(I)cc(I)c(C(=O)O)c1I,III,0,,none
CCC1CC(=O)C(O)=C1C,II,1,SA10_Ames,none
CCCCCCCCCCCC(OCCCCCC)OCCCCCC,I,0,,none
CCCC(=O)OC(C)C,I,0,,none
CCCC(=O)c1ccccc1,I,0,,none
OC1CCCCCCCCCCCCCC1,II,0,,none
CC(=O)CCC(C)C,III,0,,none
Cc1ccc(OCCO)cc1,II,0,,none
C=CCC1(O)C(C)(C)CCCCC1(C)C,I,0,,none
CCC(=O)OCC(O)c1ccccc1,I,0,,none
CCCCCCCCOC(=O)c1ccccc1N,III,1,SA28_Ames,III
CC(C)CC(=O)OCc1ccc(O)cc1,I,0,,none
C=C(C#N)C(=O)OCC,III,0,,none
C=CC(C)(C=O)CC=C(C)C,I,1,SA11_Ames,none
CC1CCC2C(C1)OC(=O)C2C,I,0,,none
CCC(=O)OC1(C)CCCCC1(C)C,I,0,,none
CCC(C)C(=O)OC1CC(C)CCC1C(C)C,I,0,,none
O=[N+]([O-])[O-].[K+],III,0,,II
CC(C)CCC(=O)O,I,0,,none
CC(C)[N+](=O)[O-],III,0,,II
CCCCCOC(=O)CCCC,I,0,,none
CCOC(C)(C)OCC,I,0,,none
CCCCCCCCCC(C)CO,I,0,,none
CCCCCCCCCCC(CCCCCC)COCC(C)OCC(C)OCCOC(C)=O,III,0,,none
CCCCC(CC)C(=O)OCc1ccccc1,I,0,,none
C=CCc1ccc(O)c(O)c1,I,1,SA38_Ames,none
CCC(O)(CC(C)C)CC(C)C,I,0,,none
CC1CCCCCC(=O)C1(C)C,I,0,,none
CCCCCCCC(=O)N(CC)CC,I,0,,II
CCCC[C@H](O)CO,I,0,,none
C=CC(C)(CCC=C(C)C)OC(=O)CCC,I,0,,none
[Xe],III,0,,none
CCCn1c2c(c3ccccc31)CCCC2,III,0,,none
COC(=O)n1ccc2ccccc21,III,0,,none
CCOC(=O)c1ccc(OC)cc1,I,0,,none
CC(Cc1ccccc1)CC(C)(C)COCC(C)(C)CC(C)Cc1ccccc1,III,0,,none
CSC/C(C=O)=C/CC(C)C,II,1,SA10_Ames,none
CC/C=C\C/C=C\CC=O,I,1,SA11_Ames,none
CCCCCCCC/C=C\CCCCCCCC(=O)OCCCCCC,I,0,,none
O=CCC1CCC2CCCCC2C1,I,1,SA11_Ames,none
CCCCCCCCCCCCCCCCCCCCCCC,I,0,,none
C=CC(=O)OCCCCCCOC(=O)C=C,III,0,,none
C[n+]1ccc(-c2cc[n+](C)cc2)cc1.[Cl-].[Cl-],III,0,,III
Cc1nc(CC(C)C)cs1,II,0,,none
Cc1nc(C)c(C)nc1C,III,0,,none
CC(=O)O[C@@H]1CCCC[C@H]1C(C)(C)C,I,0,,none
CC(=O)OC1CCCCC1C(C)(C)C,I,0,,none
CC(=O)O[C@@H]1CCCC[C@@H]1C(C)(C)C,I,0,,none
C=C1C2CCC(C2)C1(C)CC/C=C(\C)COC(=O)Cc1ccccc1,I,0,,none
C=C1C2CCC(C2)C1(C)CCC=C(C)COC(=O)Cc1ccccc1,I,0,,none
BrCBr,III,1,SA8_Ames,III
CC1=C(C/C=C(\C)C=O)C(C)(C)CCC1,II,1,SA10_Ames,none
C=C(C)CCOC(=O)C(C)(C)C,I,0,,none
CC(=O)CCC(=O)OCCc1ccccc1,III,0,,none
CC1CCCCC1NC(=O)c1c(F)c(F)c(F)c(F)c1F,III,0,,III
CCCC=CC=CCCCO,I,0,,none
CCC/C=C/C=C/CCCO,I,0,,none
C=CCCCCCCCC(C)=O,I,0,,none
CC/C=C\CCOC(=O)Cc1ccccc1,I,0,,none
CCC=CCCOC(=O)Cc1ccccc1,I,0,,none
C=COCC,I,1,SA24_Ames,none
O=C(O)c1ccc(O)cc1,I,0,,none
CCCCC(=O)C(C)=O,III,0,,none
CCCC/C=C\CCCC=O,I,1,SA11_Ames,none
CN(C)CC(=O)O.Cl,III,0,,III
CCOC(CCSC)OCC,I,0,,none
C=CCCCCCCCO,I,0,,none
CC(C)CC(=O)OCc1ccco1,II,0,,none
O=[Si]([O-])[O-].[Mg+2],III,0,,none
Cc1nc2ccccc2nc1C,III,0,,none
NCCCN(CCO)CCO,III,0,,III
Cc1ccncc1,III,0,,none
CCCCCCCCCCCCCCCCCC(=O)OCC(C)O,I,0,,none
CCOC(=O)CC,I,0,,none
CCC(=O)OCCOc1ccccc1,II,0,,none
O=C1CCCCCCCCCCCCCCO1,I,0,,none
CC/C=C\CCOC(=O)/C=C/c1ccccc1,I,0,,none
CC/C=C/CCOC(=O)/C=C/c1ccccc1,I,0,,none
CC/C=C\CCOC(=O)C=Cc1ccccc1,I,0,,none
OC1CC2CC1C1CCCC21,I,0,,none
CCCCCC(OCCC(C)C)OCCC(C)C,I,0,,none
CCC(C)C1N=C(C)C(C)S1,II,0,,none
CC(C)(C)OC(=O)CCCCCCCCC(=O)OC(C)(C)C,I,0,,none
CCCCCc1nc(C)cs1,III,0,,none
Cc1c(Cl)c(C)c([N+](=O)[O-])c(C(C)(C)C)c1[N+](=O)[O-],III,0,,III
CCCCCCCCCCCCCCCC(=O)OC,I,0,,none
O=S(=O)([O-])[O-].[Cs+].[Cs+],III,0,,none
O=CCS,I,1,SA11_Ames,none
CCOC(=O)c1ccccc1C(=O)OCC,I,0,,none
CCCCCCCCC1=NCCN1CCO,II,0,,II
CC(C)C1C=C2CCC3C(C)(CO)CCCC3(C)C2CC1,I,0,,none
CC1(C)[C@H]2CC[C@]1(C)[C@H](OC(=O)c1ccccc1)C2,I,0,,none
CC1(C)C2CCC1(C)C(OC(=O)c1ccccc1)C2,I,0,,none
CC1=C(C=CC=O)C(C)(C)CCC1,II,1,SA10_Ames,none
CC(=O)c1oc(C)c2ccccc12,II,0,,none
CCCCC(=O)OC/C=C/c1ccccc1,I,0,,none
CCCCC(=O)OCC=Cc1ccccc1,I,0,,none
CCCCCCCC(COC(C)=O)OC(C)=O,I,0,,none
CCCCC(C)(C)C,I,0,,none
CC(=O)OC(C)(C)Cc1ccccc1,I,0,,none
CCOC(CC)OCC(C)C,I,0,,none
CC(O)COC(=O)OC1CC(C)CCC1C(C)C,I,0,,none
C/C=C/C(=O)CCCC,II,1,SA10_Ames,none
CC(=O)O/C=C/c1ccccc1,I,1,SA24_Ames,none
CC(=O)O/C=C\c1ccccc1,I,1,SA24_Ames,none
CC(=O)OC=Cc1ccccc1,I,1,SA24_Ames,none
CCCC(=O)OCCCCC(C)C,I,0,,none
CCC(=O)OCC1CCCO1,II,0,,none
COC(=O)c1ccccc1N=CC(C)Cc1ccc2c(c1)OCO2,III,0,,none
CCCCC/C=C\C/C=C\CCCCCCCC(=O)OCC,I,0,,none
c1ccc2c(c1)cc1ccc3cccc4ccc2c1c34,III,1,SA18_Ames,none
CC(C)OCCc1ccccc1,III,0,,none
CCCC[C@H](CC)COC(=O)c1ccccc1O,I,0,,none
CCCCC(CC)COC(=O)c1ccccc1O,I,0,,none
O=C([O-])[O-].[Zn+2],III,0,,none
CCCCOC(=O)C(C)CCC,I,0,,none
CCCC(C=O)=Cc1ccccc1,II,0,,none
CCCOC(C)OCCc1ccccc1,I,0,,none
O=C([O-])CC(O)(CC(=O)[O-])C(=O)[O-].O=C([O-])CC(O)(CC(=O)[O-])C(=O)[O-].[Ca+2].[Ca+2].[Ca+2],III,0,,none
CCCCCCCCCCCCCCCCCCCCC,I,0,,none
C=CC(C)C1C=CCC(C=O)C1,I,1,SA11_Ames,none
CCOC(=O)C(C)C(C)=O,I,0,,none
CCOc1cc(COC)ccc1O,III,0,,none
CSCC(C=O)=CC(C)C,II,1,SA10_Ames,none
CSC/C(C=O)=C/C(C)C,II,1,SA10_Ames,none
CCOC(=O)c1ccccc1OC,I,0,,none
Nc1nc(N)c2nc(-c3ccccc3)c(N)nc2n1,III,1,SA28_Ames,III
CCC(C(C)=O)c1ccc(OC)cc1,I,0,,none
CCCCc1ncsc1C,II,0,,none
O=C(O)CCl,III,1,SA8_Ames,III
CC(C)CC(=O)OC/C=C/c1ccccc1,I,0,,none
CC(C)CC(=O)OCC=Cc1ccccc1,I,0,,none
S=P(N1CC1)(N1CC1)N1CC1,III,1,SA7_Ames,II
COC(=O)c1ccccc1N=CCC(C)CCC=C(C)C,III,0,,none
CCCCC(=O)OCC(C)CC,I,0,,none
CCCCCCCCC1CN=C(c2ccccc2)O1,II,0,,none
CSc1nnc(C(C)(C)C)c(=O)n1N,III,1,SA28_Ames,III
CCOC(=O)CC(C)S,I,0,,none
CC(C)CCOC(=O)c1ccco1,II,0,,none
CC(CCO)CCCC(C)(C)O,I,0,,none
CCCCCOC(=O)c1ccccc1C(=O)[O-],I,0,,none
F[Pb]F,III,0,,III
NCCCCNCCCNCC(=O)NC(=O)C[C@@H](O)[C@@H](N)CCC[C@@H](NC(=O)[C@H](CN)N(C(=O)C[C@H](N)O)C(=O)[C@H](CN)c1ccccc1)C(=O)O,II,0,,III
CCCCCCCCCCCCCCCCCCCCCCCO,I,0,,none
C=C(C)C=COC(=O)c1ccccc1,III,1,SA24_Ames,none
C=C(C)C=COC(=O)CCCCC,III,1,SA24_Ames,none
O=COCc1ccco1,II,0,,none
O=C1C=CC(=O)O1,I,0,,III
O=Cc1ccccc1Cl,III,1,SA11_Ames,III
CCOCCOCCOC(C)=O,I,0,,none
CCCC[Si](Cl)(Cl)Cl,III,0,,III
O=P([O-])([O-])OP(=O)([O-])[O-].[Na+].[Na+].[Na+].[Na+],III,0,,none
N#C[Hg]C#N,III,0,,none
CC(C)=CCCC(C)=CCOC=O,I,0,,none
CC(C)=CCC/C(C)=C\COC=O,I,0,,none
CC(C)=CCC/C(C)=C/COC=O,I,0,,none
C=C[C@@](C)(O)CC/C=C(\C)CCC=C(C)C,I,0,,none
C=CC(C)(O)CC/C=C(/C)CCC=C(C)C,I,0,,none
C=C[C@@](C)(O)CC/C=C(/C)CCC=C(C)C,I,0,,none
C=CC(C)(O)CC/C=C(\C)CCC=C(C)C,I,0,,none
C=CC(C)(O)CCC=C(C)CCC=C(C)C,I,0,,none
c1ccc(OCC2CO2)cc1,III,1,SA7_Ames,none
CCOC(C)Oc1ccc(C)cc1,I,0,,none
O=C1C=CC(=O)c2ccccc21,II,1,SA12_Ames,none
CC(C)Nc1ccccc1,III,0,,III
CC(F)(Cl)Cl,III,0,,III
Cc1nccnc1OC(C)C,III,0,,none
CCC(C)(O)CC,I,0,,none
CC(C)CC(=O)OC(=O)CC(C)C,I,0,,III
CC(C)c1ccncc1,III,0,,none
N.O=C([O-])CC(O)(CC(=O)[O-])C(=O)[O-].[Fe+3],III,0,,II
CCCCCCCCCCCCCC(=O)OCC(C)CC,I,0,,none
CC(C)=CC1CC(C)=CCO1,II,0,,none
CCCCOC(=O)C(C)OC(C)=O,I,0,,none
CCCCCC#CC(=O)OC,III,0,,none
C=C1CC[C@@H]2[C@H]([C@H]3[C@H]1CC[C@]3(C)O)C2(C)C,I,0,,none
C=C1CCC2C([C@H]3[C@@H]1CC[C@@]3(C)O)C2(C)C,I,0,,none
CCP(=S)(Cl)Cl,III,0,,III
C=CCCCCCCCCC(=O)O,I,0,,none
CCCCCCCCCC(C)(C)S,III,0,,none
CCCCCCC1CCCCC(=O)O1,I,0,,none
CCC(S)C(C)C=O,I,1,SA11_Ames,none
CCCCCCCCCCCCCCCCOCCO,I,0,,none
CC1CSC(C)S1,II,0,,none
C=CC1(C)OC(=O)N(c2cc(Cl)cc(Cl)c2)C1=O,III,0,,III
OCC(O)/C(O)=C/c1ccccc1,I,0,,none
CCOC(=O)COCCc1ccccc1,III,0,,none
CC(C)c1ccc(CC=O)cc1,I,1,SA11_Ames,none
C=C1CC[C@@]23[C@@H]([C@@H]12)[C@H](C(C)C)CC[C@H]3C,I,0,,none
O=S1(=O)CCCO1,III,1,SA6_Ames,none
C/C=C/CCO,I,0,,none
CC1CC=CCC1,I,0,,none
CCCCCCC#CC(=O)OCCC,III,0,,none
CNCC(=O)O,III,0,,III
CCCCCCCCCCCC(=O)OCCC,I,0,,none
CC(C)C(=O)C=O,I,1,SA11_Ames,none
CCOc1ccc(OC)cc1,I,0,,none
Cl.Nc1c2ccccc2nc2ccccc12,III,1,SA19_Ames;SA28_Ames,III
CCCC(=O)OC(C)C1CCCCC1,I,0,,none
CCC(C=O)CS,I,1,SA11_Ames,none
CC(C)C(C)C(C)(C)O,I,0,,none
CCOC1CC2CCC1(C)C2(C)C,III,0,,none
CCOC(OCC)c1ccc(OC)cc1,I,0,,none
O=C1CC(c2ccc(O)cc2)Oc2cc(O)cc(O)c21,II,0,,none
CCC(CC)c1ccccn1,II,0,,none
CCC(C)(O)Cc1ccccc1,I,0,,none
CCCC(C)C=O,I,1,SA11_Ames,none
Nc1ccccc1F,III,1,SA28_Ames,III
CCCCCCCCOC(=O)CC(C)C,I,0,,none
CC1=CC2C(=C(C)CCC2C(C)C)CC1,I,0,,none
CC1=C[C@@H]2C(=C(C)CC[C@H]2C(C)C)CC1,I,0,,none
C=CC(C)CCC=C(C)C,I,0,,none
C/C=C/SSC,III,0,,none
O=P([O-])([O-])O.[Ca+2],III,0,,none
O=C1CCCCCCCCCCCCC1,II,0,,none
C=Cc1ccc(O)cc1,I,0,,none
CCCC(=O)C(S)CC,I,0,,none
CC(C)c1cc(C=O)cc(C(C)C)c1,I,1,SA11_Ames,none
Cc1ccc(Cl)cc1Cl,III,0,,III
CC(C)(N)C(=O)O,I,0,,III
SC1CCCCCCCCCCCCCC1,III,0,,none
CC1(C)C[C@H]2[C@H]1CC[C@]1(C)CCC[C@@]2(O)C1,I,0,,none
CC12CCCC(O)(C1)C1CC(C)(C)C1CC2,I,0,,none
Cc1cccc(N(C)C(=S)Oc2ccc3ccccc3c2)c1,III,0,,II
C=CC(C)=O,II,1,SA10_Ames,none
CC(C)c1cccc(O)c(=O)c1,II,0,,none
CCOC(C)CC(C)C,I,0,,none
CC1CCC2C(C)(C)C3CC12CC=C3CO,I,0,,none
CCCCCC(C)C(=O)OC,I,0,,none
CCCCCC(=O)O,I,0,,none
[I-].[Na+],III,0,,none
CC(C)[C@@H]1CC[C@@H](C)C[C@H]1OCCO,III,0,,none
CC1CCC(C(C)C)C(OCCO)C1,III,0,,none
Cc1occc1SSCc1ccco1,III,0,,none
CCCCCCCCCCCCOC(=O)CC,I,0,,none
CCCCCCCCCCCC(=O)OCCC(C)C,I,0,,none
CCCCCC/C=C\C=C/CO,I,0,,none
CC(C)CC1SC(C)NC(C)S1,II,0,,III
O=c1oc2ccccc2c(O)c1C1CC(c2ccc(-c3ccccc3)cc2)Cc2ccccc21,III,1,SA30_Ames,none
CCC#N,III,0,,none
CC(=O)C1(C)CC2=C(CCCC2(C)C)CC1C,I,0,,none
Brc1ccc(Br)c(Br)c1,III,0,,III
CC1(C)CCCC(C)(O)C1=O,I,0,,none
O=C1C=CCCC1,II,1,SA10_Ames,none
CCC(C)C(=O)OCc1ccco1,II,0,,none
COCCCc1ccccc1,III,0,,none
C=CCc1cc(OC)c(O)c(OC)c1,I,1,SA38_Ames,none
ClSCl,III,0,,III
CCC=C(C)C(O)CCCC,I,0,,none
O=C1OCCC1Cc1ccccc1,I,0,,none
CCCCCCCCCCCCCCCCCC=O,I,1,SA11_Ames,none
CCC(COC(=O)COc1ccc(Cl)cc1Cl)CC(C)C,III,0,,III
C=CCOC(C)=O,III,0,,none
C=CCCC(=O)C=CC1C(C)=CCCC1(C)C,III,1,SA10_Ames,none
C=CCCC(=O)/C=C/C1C(C)=CCCC1(C)C,III,1,SA10_Ames,none
Cc1ccc2oc(=O)ccc2c1,III,1,SA30_Ames,none
CCCCCCC=O,I,1,SA11_Ames,none
CC(=O)N(C)C,I,0,,II
Cc1ccc(C=O)cc1,I,1,SA11_Ames,none
Cc1cccc2oc(=O)ccc12,III,1,SA30_Ames,none
C=C(C)CC(C)(C)C,I,0,,none
C=CCCCCCCCCC(=O)OCC,I,0,,none
CCCCc1cscn1,II,0,,none
CC(=O)Br,III,1,SA1_Ames,III
CC(=CC=O)CC(C)C,II,1,SA10_Ames,none
CCOC(Cc1ccccc1)OCC,I,0,,none
Cc1cccc(C)c1C,I,0,,none
O=C(O)C1CC2C=CC1C2,I,0,,none
CC(=O)OC(C)C1CC=C(C)C1(C)C,I,0,,none
COC(=O)CCc1cccc(OC)c1,I,0,,none
Cc1cccc(CC(C)(C)CO)c1,I,0,,none
Cc1cccc(CCCCCO)c1,I,0,,none
N=C(N)S(=O)O,III,0,,III
C=CCc1cc2c(cc1OC)OCO2,III,1,SA38_Ames,none
O=S(Cl)Cl,III,0,,III
CCCC1CCCC(=O)O1,I,0,,none
O=[N+]([O-])[O-].[Tl+],III,0,,II
[Mg],III,0,,none
C/C(=C/CCC(C)CCO)CO,III,0,,none
CCCCCC(=O)CCS,I,0,,none
CC=NO,III,0,,none
CC(=O)Nc1ccccc1,III,1,SA28ter_Ames,none
COC(=O)C=C(C)C,I,0,,none
CC(C)(C)c1ccc(CCC=O)cc1,I,1,SA11_Ames,none
CC(=O)C1=NCCS1,II,0,,none
CCCC(=O)OC(C)(C)[C@@H]1CC[C@H](C)C2=C(C1)[C@@H](C)CC2,I,0,,none
CNC(=O)ON=C(CSC)C(C)(C)C,III,0,,none
O=C1c2ccccc2C(=O)C1c1ccc2cc(S(=O)(=O)[O-])cc(S(=O)(=O)[O-])c2n1.[Na+].[Na+],I,0,,none
c1cscn1,III,0,,none
CCC(=O)OCC(C)C,I,0,,none
Nc1ccccc1C(=O)OC/C=C/c1ccccc1,III,1,SA28_Ames,III
Nc1ccccc1C(=O)OCC=Cc1ccccc1,III,1,SA28_Ames,III
C[C@H]1CCC(=O)O1,I,0,,none
C[C@@H]1CCC(=O)O1,I,0,,none
CC1CCC(=O)O1,I,0,,none
C=C1/C=C\C(C(C)C)CC/C(C)=C\CC1,I,0,,none
C=C1/C=C/[C@H](C(C)C)CC/C(C)=C/CC1,I,0,,none
C=C1/C=C/C(C(C)C)CC/C(C)=C/CC1,I,0,,none
O=CCCc1cccc(Cl)c1,III,1,SA11_Ames,III
COCc1ccco1,II,0,,none
CC(C)O[N+](=O)[O-],III,0,,II
CCCCCCCCCCCC(=O)OCCC(C)CCC=C(C)C,I,0,,none
COc1cc(C)c2c(c1C(C)C)C(=O)CCC2,II,0,,none
CC(Cl)C(=O)O,III,1,SA8_Ames,III
CC1(C)[C@@H]2CC[C@]1(C)[C@H](OC(=O)c1ccccc1O)C2,I,0,,none
CC1(C)C2CCC1(C)C(OC(=O)c1ccccc1O)C2,I,0,,none
CCCSSSCCC,III,0,,none
CC[C@@H](C)CN1CCCC1,II,0,,II
CC(C)(S)CCO,I,0,,none
Cl[Tl],III,0,,III
Cc1cc2ccccc2o1,III,0,,none
OC(Cc1ccccc1)c1ccccc1,III,0,,none
CC(=O)/C=C/c1ccco1,II,0,,none
CC(=O)C=Cc1ccco1,II,0,,none
CC(C)=CCC/C(C)=C/C1OC(C)CC(C)(C)O1,II,0,,none
CCCCC1OCCC(C)S1,II,0,,none
CCOC(=O)[C@@H](OC)[C@@H](OC)C(=O)OCC,I,0,,none
CCCCC1CCCO1,II,0,,none
O=C(NCc1ncc(C(F)(F)F)cc1Cl)c1c(Cl)cccc1Cl,III,0,,I
CCOC(=O)C1(c2ccccc2)OC1CC,III,1,SA7_Ames,none
Cc1ccc(CN)c(C)c1,III,0,,III
N#C[S-].N#C[S-].[Hg+2],III,0,,none
O=C(C=Cc1ccccc1)OC1CCCCC1,I,0,,none
O=C(/C=C/c1ccccc1)OC1CCCCC1,I,0,,none
CCC(C)(N)C(=O)O,I,0,,III
CC/C=C/CC/C=C/C(OCC)OCC,II,0,,none
CC/C=C\CC/C=C/C(OCC)OCC,II,0,,none
CCC=CCCC=CC(OCC)OCC,II,0,,none
C[C@]12CCC(=O)C=C1CC[C@@H]1[C@@H]2CC[C@@]2(C)[C@H]1CC[C@]2(C)O,III,1,SA10_Ames,none
O=P1([O-])OP(=O)([O-])OP(=O)([O-])OP(=O)([O-])OP(=O)([O-])OP(=O)([O-])O1.[Na+].[Na+].[Na+].[Na+].[Na+].[Na+],III,0,,none
CCCCCCC/C=C/CCC(=O)O,I,0,,none
CC(C)[C@H]1CC[C@H](C)C(=O)C1,I,0,,none
CC1CCC(C(C)C)CC1=O,I,0,,none
CCOCOCC=Cc1ccccc1,III,0,,none
C=CCOCCO,III,0,,none
SCc1cccs1,III,0,,none
C[C@H]1CCO[C@@H](c2ccccc2)C1,II,0,,none
CC1CCOC(c2ccccc2)C1,II,0,,none
CCCCC#CC(=O)OCC,III,0,,none
CCCCCCCCCC(OCC)OCC,I,0,,none
Cc1cc(O)c(C(C)(C)C)cc1C,I,0,,none
CCC/C=C/CCCCCCC=O,I,1,SA11_Ames,none
COC(=O)c1ccc(O)c(C)c1O,I,0,,none
CC1CCCC1,I,0,,none
CCCC(=O)OCCc1scnc1C,II,0,,none
FC(F)C(F)(Cl)C(F)(F)Cl,III,0,,I
OC[C@H]1O[C@@H]2O[C@H]3[C@H](O)[C@@H](O)[C@@H](O[C@H]4[C@H](O)[C@@H](O)[C@@H](O[C@H]5[C@H](O)[C@@H](O)[C@@H](O[C@H]6[C@H](O)[C@@H](O)[C@@H](O[C@H]7[C@H](O)[C@@H](O)[C@@H](O[C@H]8[C@H](O)[C@@H](O)[C@@H](O[C@H]9[C@H](O)[C@@H](O)[C@@H](O[C@H]1[C@H](O)[C@H]2O)O[C@@H]9CO)O[C@@H]8CO)O[C@@H]7CO)O[C@@H]6CO)O[C@@H]5CO)O[C@@H]4CO)O[C@@H]3CO,I,0,,none
OCC1OC2OC3C(CO)OC(OC4C(CO)OC(OC5C(CO)OC(OC6C(CO)OC(OC7C(CO)OC(OC8C(CO)OC(OC9C(CO)OC(OC1C(O)C2O)C(O)C9O)C(O)C8O)C(O)C7O)C(O)C6O)C(O)C5O)C(O)C4O)C(O)C3O,I,0,,none
BrBr,III,0,,III
C[C@@H](O)CCc1ccccc1,I,0,,none
CC(O)CCc1ccccc1,I,0,,none
CCCCOCCOCCCC,III,0,,none
Cc1nc(C(C)C)sc1C,III,0,,none
COC(=O)c1ccccc1N=CCC(C)CC(C)(C)C,III,0,,none
Nc1ccc(S(=O)(=O)Nc2ccccn2)cc1,III,1,SA28_Ames,III
CCOCC(=O)OCc1ccccc1,I,0,,none
O=S([O-])[O-].[Na+].[Na+],III,0,,none
NS(=O)(=O)[O-].[NH4+],III,0,,III
CC(C)=CCCC1=CCCC(C#N)C1,III,0,,none
Clc1cnccn1,III,0,,III
O=COc1ccccc1,I,0,,none
CC(C)CC(C)(O)C1CCCS1,II,0,,none
CN(C)C,I,0,,II
FC(F)(F)c1ccccc1,III,0,,I
CC/C=C\C[C@@H]1C(=O)CC[C@@H]1CC(=O)OC,I,0,,none
CC/C=C\CC1C(=O)CCC1CC(=O)OC,I,0,,none
CC/C=C/CC1C(=O)CCC1CC(=O)OC,I,0,,none
CCC=CCC1C(=O)CCC1CC(=O)OC,I,0,,none
CC/C=C\C[C@H]1C(=O)CC[C@@H]1CC(=O)OC,I,0,,none
CC/C=C/C[C@H]1C(=O)CC[C@@H]1CC(=O)OC,I,0,,none
O=CSCc1ccco1,III,0,,none
CCC(=O)CO,I,0,,none
CCCC/C(C=O)=C\c1ccccc1,II,0,,none
CCCC/C(C=O)=C/c1ccccc1,II,0,,none
CCCCC(C=O)=Cc1ccccc1,II,0,,none
CN1CCN(CC/C=C2\c3ccccc3Sc3ccc(S(=O)(=O)N(C)C)cc32)CC1,III,0,,II
CN1CCN(CCC=C2c3ccccc3Sc3ccc(S(=O)(=O)N(C)C)cc32)CC1,III,0,,II
CN1CCN(CC/C=C2/c3ccccc3Sc3ccc(S(=O)(=O)N(C)C)cc32)CC1,III,0,,II
Nc1ncnc2nc[nH]c12,III,1,SA28_Ames,III
CCCCCCCC(=O)O.CCCCCCCCCC(=O)O.OCC(CO)(CO)CO,III,0,,none
O.O.O.O.O.O.[Cl-].[Cl-].[Co+2],III,0,,III
COC1CCC(OC)O1,III,0,,none
C=CC1(C)CCC(C(C)(C)O)CC1C(=C)C,I,0,,none
C=C[C@]1(C)CC[C@@H](C(C)(C)O)C[C@H]1C(=C)C,I,0,,none
CCCCCCC1OCC(C)O1,I,0,,none
C=C(C)C1CCC2=CC(O)CC(C)C2(C)C1,I,0,,none
CCCC(=O)C(CC)Sc1ccoc1C,II,0,,none
CCC/C=C/C(=O)OC,I,0,,none
CCCC=CC(=O)OC,I,0,,none
CCOC(=O)C(C)(C)O,I,0,,none
CC(C)CC(=O)CC(C)CC(C)C,I,0,,none
CC1CCC(C(C)C)OC(=O)C1,I,0,,none
CCCCC1CCCCC1,I,0,,none
Cc1ncc2c(n1)COC2,III,0,,none
C=C(C)C1CC=C(C)C(OC(=O)CC(C)C)C1,I,0,,none
CCOC(=O)CCCc1ccccc1,I,0,,none
CCC(C)SC(=O)C=C(C)C,III,1,SA10_Ames,none
C[C@H]1CC[C@@]2(O)C(C)(C)[C@@H]3CC[C@@]2(C)[C@H]1C3,I,0,,none
C[C@H]1CCC2(O)C(C)(C)C3CC[C@@]2(C)C1C3,I,0,,none
CC1CCC2(O)C(C)(C)C3CCC2(C)C1C3,I,0,,none
CC(=O)CCc1ccco1,II,0,,none
CCCC(=O)OC(C)c1ccccc1,I,0,,none
CCOc1ccc(NC(N)=O)cc1,III,0,,II
COC1(C)CCC(C(C)(C)OC)CC1,III,0,,none
CCN(CC)c1ccccc1,III,1,SA28bis_Ames,II
CC[C@@H](C)[C@@H](N)C(=O)OC.Cl,III,0,,III
Cl.NCCC[C@H](N)C(=O)O,III,0,,III
C=O.Oc1ccccc1O,III,0,,mutagen
CC=CCSCC=CC,I,0,,none
O=C1OC(c2ccc(O)c(S(=O)(=O)[O-])c2)(c2ccc(O)c(S(=O)(=O)[O-])c2)c2c(Br)c(Br)c(Br)c(Br)c21.[Na+].[Na+],III,0,,III
O=c1[nH]cc(F)c(=O)[nH]1,III,0,,III
CCCCC[C@@H]1CCCC(=O)O1,I,0,,none
CCCCCC1CCCC(=O)O1,I,0,,none
CCCCC[C@H]1CCCC(=O)O1,I,0,,none
CCOC(OCCC(C)C)C(C)C,I,0,,none
CC1(C=O)CC(C)(C)C2CCCC=C21,I,1,SA11_Ames,none
O=P([O-])([O-])[O-].[Al+3].[Na+],III,0,,none
CSC(C)S,I,0,,none
CCCCCCCCCCCCOC(=O)CCSCCC(=O)OCCCCCCCCCCCC,I,0,,none
Oc1cccc(O)c1,I,0,,none
[O-2].[O-2].[O-2].[Sb+3].[Sb+3],III,0,,none
CCCCC(OC(C)=O)C(=O)OC,I,0,,none
CCC1CSSSC1(CC)CC,I,0,,none
CCCCCCCCCC(=O)O,I,0,,none
NCCOCCO,I,0,,III
CC(C)=C1CC[C@H](C)C2=C(C1)[C@@H](C)CC2,I,0,,none
CC(C)=C1CCC(C)C2=C(C1)C(C)CC2,I,0,,none
CC(C)=C1CC[C@@H](C)C2=C(C1)[C@H](C)CC2,I,0,,none
Cl[Mo](Cl)(Cl)(Cl)Cl,III,0,,III
C=CCCCCCCCCCO,I,0,,none
CC(=O)OC1(C(C)=O)CCCCC1,I,0,,none
CCCC(O)CCCC(=O)OCC,I,0,,none
CC1CCC(C(C)C)C(OC(=O)Cc2ccccc2)C1,I,0,,none
CCCCCCCCc1cccs1,III,0,,none
CC[C@@H](C)CCC=O,I,1,SA11_Ames,none
CC[C@H](C)CCC=O,I,1,SA11_Ames,none
CCCCC(=O)OC(C)(C)C1CC=C(C)CC1,I,0,,none
CC(C)CCS,III,0,,none
O=c1ccc2c(O)c3ccoc3cc2o1,III,1,SA19_Ames;SA30_Ames,none
CCCc1ccc(CC=COC)cc1,III,1,SA24_Ames;SA38_Ames,none
CC(=O)OC1C2CC3OC1CC(O2)C3OC(C)=O,III,0,,none
CCC(=O)OC(C)(CC)CCc1ccccc1,I,0,,none
CC(C)c1cnccn1,III,0,,none
Cc1ccc(C=O)c(C)c1,I,1,SA11_Ames,none
CCC1CCC2(CCC(=O)O2)CC1,I,0,,none
CC/C=C/CCC(=O)OCC,I,0,,none
CC/C=C\CCC(=O)OCC,I,0,,none
O=C(O)c1cccnc1C(=O)O,II,0,,none
N[C@@H](CCC(=O)[O-])C(=O)O.O.[Na+],III,0,,III
CC(C)(C)OOC(=O)c1ccccc1,III,0,,none
O=C1CCCCCCCCCCC(=O)OCCO1,I,0,,none
CC(=O)CC(=O)OC1CCCCC1,I,0,,none
C=CC(C)(CCC=C(C)CCC=C(C)C)OC=O,I,0,,none
CCCCCCCCCOC(C)=O,I,0,,none
SCCCCCCCCCS,III,0,,none
CC(=O)OCC(C)C,I,0,,none
CC(C)(C)C1CCC(OC(=O)c2ccccc2)CC1,I,0,,none
CCCCCCCC(=O)OCCCCC,I,0,,none
CCCC1CCOC1=O,I,0,,none
CC(C)=CCCC(C)CC(=O)O,I,0,,none
C=C(CCC=C(C)C)C1CC=C(CCC=C(C)C)CC1,III,0,,none
C/C=C/C(C)O,I,0,,none
CC=CC(C)O,I,0,,none
[Ne],III,0,,none
CCOC(OCC)OCC,I,0,,none
CCOc1ccc(C(C)C)cc1,I,0,,none
C[C@]12CC[C@H](OC(=O)CN)C[C@H]1CC[C@@H]1[C@@H]2CC[C@]2(C)[C@@H](C3=CC(=O)OC3)CC[C@]12O,III,0,,III
COC1OC(C(=O)O)C(OC2OC(C(=O)O)C(OC)C(O)C2O)C(O)C1O,III,0,,none
CCC[C@@H]1CCO[C@@H](C)S1,II,0,,none
CCC[C@H]1CCO[C@@H](C)S1,II,0,,none
CCCC1CCOC(C)S1,II,0,,none
CCC[C@H]1CCO[C@H](C)S1,II,0,,none
CCOC(=O)CC(=O)c1ccccc1,I,0,,none
C=CCSC(=O)CC,III,0,,none
CCC1N=C(C)CS1,II,0,,none
CC1(C)CC2C3CCCC(C)(C3O)C2C1,I,0,,none
CCCCCCC(O)CCCCCCCCCCC(=O)OCC(CC)CCCC,I,0,,none
COC(=O)C1(C)CC=CCC1,I,0,,none
CCCCCCCCCCCCCCCCCCO,I,0,,none
O=C(O)c1cccc(O)c1O,I,0,,none
CC(C)=CCC/C(C)=C/COC(=O)C(C)=C(C)C,I,0,,none
C1CNCCN1,II,0,,III
S=c1nc[nH]c2nc[nH]c12,III,0,,III
CCCCCCCCCCCCCCCC(=O)OCCCC,I,0,,none
CC(C)=CCC/C(C)=C/CO,I,0,,none
CC(C)=CCCC(C)=CCO,I,0,,none
CC(C)=CCC/C(C)=C\CO,I,0,,none
COc1ccccc1C(=O)OC1CCC1,I,0,,none
COc1ccc(Br)cc1/C=C1\C(=O)NC(=O)N(c2ccccc2F)C1=O,III,0,,III
CCCCCCc1nccnc1OC,III,0,,none
CC(C)C(O)c1ccccc1,I,0,,none
CCOC(=O)CCC(C)=O,III,0,,none
O=C(OCCCc1ccccc1)c1ccccc1O,I,0,,none
CC(C)(CCc1ccccc1)C(=O)O,I,0,,none
CC(=O)OCCC(C)S,I,0,,none
C=C1CCCC2(C)CCC(CC(C)(C)O)CC12,I,0,,none
CCCCc1ccc2ccccc2n1,II,0,,none
CC(=O)C1CC2=C(C)CC1C(C(C)C)C2,III,0,,none
Cc1cccc(C(C)C=O)c1C,I,1,SA11_Ames,none
CCCCC1CCOC1=O,I,0,,none
N#CCCCl,III,1,SA8_Ames,III
CCCCCCC/C=C\C(=O)OCC,I,0,,none
CCCCCCCC=CC(=O)OCC,I,0,,none
CCCCCCC/C=C/C(=O)OCC,I,0,,none
CC(=O)c1ccc(C)cc1,I,0,,none
CCOCc1ccccc1O,III,0,,none
O=[Ni],III,0,,none
O=P([O-])(O)O.[K+],III,0,,none
O=[V](=O)O[V](=O)=O,III,0,,none
CC(=O)C1=NCCCC1,II,0,,none
CCC(=O)CSC,I,0,,none
CCCCOC(=O)COC(=O)c1ccccc1C(=O)OCCCC,I,0,,none
CCCCCCOC(=O)CC,I,0,,none
CCOC(=O)C1OC1c1ccccc1,III,1,SA7_Ames,none
CCOC(=O)[C@H]1O[C@@H]1c1ccccc1,III,1,SA7_Ames,none
CCCC(=O)c1ccco1,II,0,,none
O=C1C[C@@H]2OCC=C3CN4CC[C@]56c7ccccc7N1[C@H]5[C@H]2[C@H]3C[C@H]46.O=C1C[C@@H]2OCC=C3CN4CC[C@]56c7ccccc7N1[C@H]5[C@H]2[C@H]3C[C@H]46.O=S(=O)(O)O,III,0,,II
CC1CO1,III,1,SA7_Ames,none
COc1cc(CC=O)ccc1O,I,1,SA11_Ames,none
C=C1CCC(C(=C)C)CC1,I,0,,none
CCCCCCCCCCCCCCCCCO,I,0,,none
CCC1C=CC(=O)O1,I,0,,none
COC(=O)C=CC(C)CCC=C(C)C,I,0,,none
CCc1c[nH]c2ccccc12,III,0,,none
CC(=O)CCC1C(C)=CCC(C)C1(C)C,I,0,,none
CC(C)c1ccc(CC(C)C2OCCO2)cc1,I,0,,none
C=CC(=O)OCC(CC)CCCC,I,0,,none
C=CCC(O)CC(C)C,I,0,,none
CCCCCCC(CC)OC(C)=O,I,0,,none
CCCCCCCCC(=O)OCCCCCC,I,0,,none
CCCCC/C=C/COC(=O)CCC,I,0,,none
COC(=O)c1ccccc1N=CC(C)Cc1ccc(C(C)C)cc1,III,0,,none
CC1CC(C)(c2ccccc2)CO1,II,0,,none
CCCC(=O)CC(=O)O.OCC(O)CO,III,0,,none
O.[Mg+2].[OH-].[OH-],III,0,,none
CC(=O)c1ccc(N)cc1,III,1,SA28_Ames,III
Cc1cccc(C(=O)O)c1,I,0,,none
Cc1cscc1C,III,0,,none
CC(S)C(=O)OCC1CCCO1,II,0,,none
COc1cnc(NS(=O)(=O)c2ccc(N)cc2)nc1,III,1,SA28_Ames,III
CC1(O)CCC2C(=CCCC2(C)C)C1,I,0,,none
CC(=O)CC(=O)c1ccco1,II,0,,none
CCCC1CCS1,II,0,,none
CCC(O)COC1CCCCC1C(C)(C)C,III,0,,none
CC(=O)C1(C)CC(=O)C(C)(SCc2ccco2)O1,III,0,,none
CC(O)COC(C)(C)C,III,0,,none
CCC1CCCCC1CC,I,0,,none
CCC(C)/C=C(\C=O)CSC,II,1,SA10_Ames,none
C=C[Si](Cl)(Cl)Cl,III,0,,III
O=[Cr](=O)([O-])[O-].O=[Cr](=O)([O-])[O-].[K+].[OH-].[Zn+2].[Zn+2],III,0,,none
COCc1ccccc1,III,0,,none
CCCC(C)OC(C)=O,I,0,,none
CCOC(=O)C/C(=C/C(=O)[O-])C(=O)[O-],III,0,,none
CCOC(=O)C/C(=C/C(=O)O)C(=O)O,III,0,,none
[N-]=[N+]=O,III,0,,none
O=C1OCCCCCCCO1,III,0,,none
C/C=C(C)/C=C/C=C(C)C,I,0,,none
CC=C(C)C=CC=C(C)C,I,0,,none
CCCCCCCCCC/C=C/C(=O)O,I,0,,none
O=C1CCCCCCCCCC(=O)OCCO1,I,0,,none
C=CCCCCCCCCC(=O)OCCCC,I,0,,none
CCCOC(CC)OC(C)CCC,I,0,,none
CCCC(=O)SC,III,0,,none
O=S(=O)([O-])[O-].O=S(=O)([O-])[O-].[Al+3].[K+],III,0,,none
COc1ccc(CC(C)S)cc1,III,0,,none
CCCCCCCCCCCC(=O)Oc1ccc(C)cc1,I,0,,none
O=c1[nH]cnc2c1ncn2[C@@H]1O[C@H](COP(=O)(O)O)[C@@H](O)[C@H]1O,III,0,,none
CC1=CC[C@H]2C[C@@H]1C2(C)C,I,0,,none
CC1=CC[C@@H]2C[C@H]1C2(C)C,I,0,,none
CC1=CCC2CC1C2(C)C,I,0,,none
CC(OP(C)(=O)F)C(C)(C)C,III,0,,III
O=[N+]([O-])O,III,0,,II
CC1CC(=O)O1,I,1,SA6_Ames,none
CC1=CC(C)CC(CO)C1,I,0,,none
OCCN(CCO)CCO,III,0,,II
C=CC(C)(CCC=C(C)C)OCC,I,0,,none
CCOC(=O)CC1(C)OCC(C)O1,I,0,,none
COC(=O)CO,I,0,,none
CCCC(CCOC(C)=O)SC(C)=O,I,0,,none
CC(=O)OC(C)C1CCC(C)CC1,I,0,,none
CC(C)N=C=O,III,1,SA15_Ames,none
Cc1ccc(C)o1,III,0,,none
CC(=O)C(C)C(C)=O,I,0,,none
CCCCC(C)(C)CO,I,0,,none
CCCCCCCC(C)OC(C)=O,I,0,,none
CC(C)CCOC(C=O)(OCCC(C)C)c1ccc(O)cc1,I,1,SA11_Ames,none
C1CO1.CC1CO1.CCCCCCCCCCCCCCCCO,III,1,SA7_Ames,none
CCCC(S)CCOC,I,0,,none
CC(=O)c1ccccc1N,III,1,SA28_Ames,III
CCCCCCC(Br)C(=O)O,III,1,SA8_Ames,III
CCCCCC(C)OC(=O)CCC,I,0,,none
C/C=C(\CC)CCC(C)CCO,I,0,,none
CCC(=O)OCCCc1ccccc1,I,0,,none
Cc1ccc(CN(C)C=O)cc1,III,0,,II
O=C(O)c1c(Cl)nc2n1CCS2,III,0,,III
CCCCCCCOC,I,0,,none
[C-]#N.[C-]#N.[C-]#N.[C-]#N.[C-]#N.[C-]#N.[Fe+2].[Na+].[Na+].[Na+].[Na+],III,0,,none
CSOC(=O)C(C)OC(C)=O,III,0,,none
O=C(O)/C=C(\CC(=O)O)C(=O)O,III,0,,none
O=C(O)/C=C(/CC(=O)O)C(=O)O,III,0,,none
O=C(O)C=C(CC(=O)O)C(=O)O,III,0,,none
CCOC(=O)C1C(C)=C(C)CCC1(C)C,I,0,,none
OC[C@H]1O[C@@H](O[C@H]2[C@H](O)[C@@H](O)[C@H](O)O[C@@H]2CO)[C@H](O)[C@@H](O)[C@H]1O,II,0,,none
OC[C@H]1O[C@@H](O[C@H]2[C@H](O)[C@@H](O)C(O)O[C@@H]2CO)[C@H](O)[C@@H](O)[C@H]1O,II,0,,none
OC[C@H]1O[C@H](O[C@H]2[C@H](O)[C@@H](O)[C@H](O)O[C@@H]2CO)[C@H](O)[C@@H](O)[C@@H]1O,II,0,,none
OCC1OC(OC2C(CO)OC(O)C(O)C2O)C(O)C(O)C1O,II,0,,none
OCC1O[C@@H](O[C@@H]2C(CO)OC(O)C(O)C2O)C(O)C(O)C1O,II,0,,none
OC[C@H]1O[C@@H](O[C@H]2[C@H](O)[C@@H](O)[C@@H](O)O[C@@H]2CO)[C@H](O)[C@@H](O)[C@H]1O,II,0,,none
CCCCCCCCC(=O)c1ccc(C)cc1,II,0,,none
CCCC(=O)OCC(CCC(C)C)C(C)C,I,0,,none
CC(=O)c1cccc(C)c1O,I,0,,none
CCCCC(CC)COC(=O)CC,I,0,,none
C=C(C)CCCC(C)CO,I,0,,none
O=C([O-])C([O-])C([O-])C(=O)[O-].O=C([O-])C([O-])C([O-])C(=O)[O-].[K+].[K+].[Sb+3].[Sb+3],III,0,,none
CCCCC(CC)COC(=O)c1ccccc1C(=O)OC1CCCCC1,I,0,,none
CCOc1ccc2ccccc2c1,III,0,,none
CCCC1CC(C)(OC(C)=O)CCO1,II,0,,none
[Co],III,0,,none
CCOC(CS)OCC,I,0,,none
Cl.Clc1ccccc1N1CCNCC1,III,0,,III
C/C=C/C/C=C/C(C)=O,II,1,SA10_Ames,none
CCCCCC/C(C=O)=C\c1ccccc1,II,0,,none
CCCCCCC(C=O)=Cc1ccccc1,II,0,,none
c1ccc(SSc2ccccc2)cc1,III,0,,none
CCCC(C)C(=S)OC,III,0,,none
CCCN(CCC)C(=O)SCC,III,1,SA16_Ames,II
[Ta],III,0,,none
CCCCOC(=O)C1(c2ccccc2)OC1C,III,1,SA7_Ames,none
CN(C)[C@@H]1C(=O)C(C(N)=O)=C(O)[C@@]2(O)C(=O)C3=C(O)c4c(O)ccc(Cl)c4[C@@H](O)[C@H]3C[C@@H]12,III,1,SA10_Ames,III
O=P([O-])([O-])[O-].O=P([O-])([O-])[O-].[Mg+2].[Mg+2].[Mg+2],III,0,,none
CC(=O)C(S)C(C)C,I,0,,none
CC(=O)O[C@H]1C[C@@H]2CC[C@@H]3[C@H](CC[C@@]4(C)[C@H]3C[C@H]([N+]3(C)CCCCC3)[C@@H]4OC(C)=O)[C@@]2(C)C[C@@H]1[N+]1(C)CCCCC1,III,0,,none
FN(F)F,III,0,,III
CC(=O)Oc1ccc2c3c1O[C@H]1[C@@H](OC(C)=O)C=C[C@H]4[C@@H](C2)N(C)CC[C@@]341,III,0,,II
CCCCCC(=S)OC,III,0,,none
CC(=O)CC(=O)OC(C)C,I,0,,none
CCCCOC(=O)CC(=O)[O-],III,0,,none
Cc1c(C)c2c(c(C)c1O)CC[C@@](C)(CCC[C@H](C)CCC[C@H](C)CCCC(C)C)O2,II,0,,none
CC=CCOC(=O)CCCCC,I,0,,none
CC/C=C/CC1=C(C)C(=O)CC1,II,1,SA10_Ames,none
CCC=CCC1=C(C)C(=O)CC1,II,1,SA10_Ames,none
CNc1ccccc1C(=O)OC,III,1,SA28bis_Ames,III
O=[As]([O-])(O)O.[K+],III,0,,none
c1ccc(CSSCc2ccccc2)cc1,III,0,,none
CCC(C)(CC=O)CCC=C(C)C,I,1,SA11_Ames,none
C=CCOC(=O)C(C)(C)C,III,0,,none
ClC1(Cl)C2(Cl)C3(Cl)C4(Cl)C(Cl)(Cl)C5(Cl)C3(Cl)C1(Cl)C5(Cl)C24Cl,III,0,,III
COCC(C)OCC(C)OC(C)CO,III,0,,none
CC(CC(C)(C)C#N)c1ccccc1,III,0,,none
CCC1OC(C)=C(O)C1=O,II,1,SA10_Ames,none
CC=CC(=O)OCCCC,I,0,,none
CC(C)C1CCCCC1,I,0,,none
O=[Ti]=O,III,0,,none
C=CCOC(=O)COCC(C)CC,III,0,,none
Cc1ccc(C)c(C)c1,I,0,,none
Cc1ccc(S(=O)(=O)c2cc(N(C)C)ccc2N)cc1,III,1,SA28_Ames;SA28bis_Ames,III
CCCC(CCOC)SC(=O)OCC,III,0,,none
CCCCCCC(O)CCc1ccccc1,II,0,,none
CCCCC[C@H]1OC[C@H](C)O1,I,0,,none
CCCCCC1OCC(C)O1,I,0,,none
CC(C)=CC1(O)CCCC1,I,0,,none
CCc1cccc2oc(=O)ccc12,III,1,SA30_Ames,none
CCC=C=Nc1ccccc1,III,0,,none
Cc1cc2occ(C)c2c2c1CC[C@H](C)C2,III,0,,none
Cc1ccc(C)s1,III,0,,none
CCOC(=O)CNC(=O)[C@@H]1C[C@H](C)CC[C@H]1C(C)C,I,0,,none
CCOC(=O)CNC(=O)C1CC(C)CCC1C(C)C,I,0,,none
CCCCCCCCCCCCCCCCCCCCCCCCCCCCCCCCCC,I,0,,none
C[C@H]1CC(=O)[C@](C)(O)C12CCCCCC2,I,0,,none
CC(C)CC(=O)O,I,0,,none
C=CC(=O)OCC(C)O,I,0,,none
CC/C=C\CC=O,I,1,SA11_Ames,none
CC/C=C/CC=O,I,1,SA11_Ames,none
CCC=CCC=O,I,1,SA11_Ames,none
CCCCC(C)C,I,0,,none
CC(C)CCOC(OCC(C)C)C(C)C,I,0,,none
CC(C)=C1C/C=C(\C)CC/C=C(\C)CC1,I,0,,none
O=C(O)[C@@H]1[C@H](C(=O)O)[C@H]2CC[C@@H]1O2,II,0,,none
O=C(O)C1C2CCC(O2)C1C(=O)O,II,0,,none
CCCCCOC(=O)C(C)O,I,0,,none
C#CC1(OC(N)=O)CCCCC1,III,1,SA16_Ames,II
CC1=C(O)C(=O)CC1C,II,1,SA10_Ames,none
C=C1CC(C)OC(c2ccccc2)C1,II,0,,none
CCCOC(=O)Cc1ccccc1,I,0,,none
Cc1ccc(CC(=O)[O-])cc1,I,0,,none
Cc1ccc(CC(=O)O)cc1,I,0,,none
CC(S)=c1c(C)c2[nH]c1=Cc1[nH]/c(c(=C(C)S)c1C)=C\c1[nH]c(c(CCC(=O)O)c1C)C=c1[nH]c(c(C)c1CCC(=O)O)=C2,III,1,SA19_Ames,III
CCOC(=O)c1ccccc1O,I,0,,none
C=C(C)C#N,III,0,,none
CC(C)=CCS,III,0,,none
CCCCCCCCCCCCCCC1CCC(=O)O1,I,0,,none
CCCCCCCCCC(=O)OOCC,III,0,,none
CCCCCCCC/C=C\CCCCCCCCOC(C)=O,I,0,,none
CCCCCCCCC=O,I,1,SA11_Ames,none
CNC(=O)Oc1cccc(C(C)C)c1,III,0,,none
COc1ccc(C)cc1OC,I,0,,none
CCCCCCC(O)CC,I,0,,none
CC1(C)CCCC2=C1CC(C#N)CC2,III,0,,none
CC1=CCCC(C)(C)C12CCC(C)O2,II,0,,none
Cc1ccc(N(C)C)cc1,III,1,SA28bis_Ames,II
CCCC(C)C(C)=O,I,0,,none
CO[C@H]1[C@@H](O)[C@@H](CO)OC(OC2C3CO[C@H]2[C@H](O)C(C)O3)[C@@H]1O,III,0,,none
O=C([O-])c1ccccc1-c1c2cc([N+](=O)[O-])c(=O)c(Br)c-2oc2c(Br)c([O-])c([N+](=O)[O-])cc12.[Na+].[Na+],III,1,SA19_Ames;SA27_Ames,III
C(OCC1CO1)C1CO1,III,1,SA7_Ames,none
O=C[C@H](O)[C@@H](O)[C@H](O)[C@H](O)CO,I,1,SA11_Ames,none
O=CC(O)C(O)C(O)C(O)CO,I,1,SA11_Ames,none
COC(=O)OC(=O)OC,III,0,,III
CCCCCCOCCOCCO,III,0,,none
COC(=O)c1ccccc1N=CC1CCC(C)=CC1C,III,0,,none
CC(C)=CCSC(=O)C(C)C,III,0,,none
CCCCCC/C(C)=N/O,III,0,,none
COc1ccc(-c2cc(=O)c3c(O)cc(O[C@@H]4O[C@H](CO[C@@H]5O[C@@H](C)[C@H](O)[C@@H](O)[C@H]5O)[C@@H](O)[C@H](O)[C@H]4O)cc3o2)cc1O,II,0,,none
CCCC#CCCC,III,0,,none
CBr,III,1,SA8_Ames,III
CCCCCCCCCC=CC(=O)OCC,I,0,,none
CCNC(=O)OCC,III,1,SA16_Ames,none
CCc1nccnc1CC,III,0,,none
C1CCC(OCOC2CCCCC2)CC1,III,0,,none
O=C([O-])C(=O)OC1CCCCC1,III,0,,none
C=CCCCCCCCCCC(=O)O,I,0,,none
CCC(S)C(C)CO,I,0,,none
COC(=O)C1OC1c1ccccc1,III,1,SA7_Ames,none
CCCCC=CCC(=O)OC,I,0,,none
CC(Br)CC(=O)O,III,1,SA8_Ames,III
CCOCc1cnccn1,II,0,,none
O=C(O)C1OC1c1ccccc1,III,1,SA7_Ames,none
CN=C=O,III,1,SA15_Ames,none
CCCCCCCCCCCCOCC,I,0,,none
CC1CC2C(CC1=O)C(C)(C)CCC2(C)C,I,0,,none
CC(/C=C/n1ccc2ccccc21)CCCC(C)(C)O,III,0,,none
CCCCCCCCCCCCCCCCCCCCCC(=O)NCCc1c[nH]c2ccccc12,III,0,,none
Cc1nc(C)c(CC(C)C)o1,II,0,,none
CN(CCCl)CCCl,III,1,SA5_Ames,III
CC1CCC(=O)OC1C,I,0,,none
CC1CCSCS1,II,0,,none
C=CCCCCCCCCOC(=O)CC,I,0,,none
CCCCCCCC/C=C/CC=O,I,1,SA11_Ames,none
CCCCCCCCC=CCC=O,I,1,SA11_Ames,none
CCCCCCOC(=O)CCC(C)=O,III,0,,none
S=c1nccc[nH]1,III,0,,III
COCCNC(=O)CN(CCN(CCN(CC(=O)[O-])CC(=O)NCCOC)CC(=O)[O-])CC(=O)[O-].[Gd+3],III,0,,II
c1ccc2c(c1)CCO2,II,0,,none
CC(=O)OCCCCCCCCCCC(C)C,I,0,,none
CC(=O)OC(C)(C)C1CCC(C)CC1,I,0,,none
CCN=C=S,III,1,SA15_Ames,none
CCOC(=O)C(O)Cc1ccccc1,I,0,,none
O=C(CCO)c1cccs1,III,0,,none
Cc1cn([C@H]2C[C@@H](N=[N+]=[N-])[C@@H](CO)O2)c(=O)[nH]c1=O,III,1,SA22_Ames,II
Cc1cn(C2CC(N=[N+]=[N-])C(CO)O2)c(=O)[nH]c1=O,III,1,SA22_Ames,II
Cc1cn([C@H]2C[C@H](N=[N+]=[N-])[C@@H](CO)O2)c(=O)[nH]c1=O,III,1,SA22_Ames,II
CNC(=O)N(C)c1nnc(C(C)(C)C)s1,III,0,,II
CC(=O)OCC[C@@H]1CC=C(C)C1(C)C,I,0,,none
CC(=O)OCCC1CC=C(C)C1(C)C,I,0,,none
C=C1NNC(=O)C1CCC(=O)N/N=C\c1ccc(F)cc1,III,1,SA13_Ames,III
CSCCCCCN=C=S,III,1,SA15_Ames,none
CC(=O)OCCN,I,0,,III
CCCCCCCCCC#N,III,0,,none
O=S(=O)(O)NC1CCCCC1,III,0,,III
c1ccc2c(c1)ccc1ncccc12,III,1,SA19_Ames,none
FC(F)=C(F)C(F)(F)F,III,0,,I
CCOC(=O)C(=O)C(C)CC,I,0,,none
CCCC(=O)CCC,I,0,,none
CC(C)OCCO,I,0,,none
CCOCCC(C)CCCC(C)C,I,0,,none
[Zn],III,0,,none
CC(O)C(Cl)(Cl)Cl,III,0,,III
CCCCCCCCC(=O)OCCC,I,0,,none
CCC(=O)c1ccco1,II,0,,none
CCOC(=O)[C@@H](C)CC,I,0,,none
CCOC(=O)C(C)CC,I,0,,none
CCOC(=O)[C@H](C)CC,I,0,,none
CC1(C)S[C@@H]2[C@H](NC(=O)COc3ccccc3)C(=O)N2[C@H]1C(=O)[O-].[K+],III,0,,II
CC(C)CCOC(=O)C(=O)OCCC(C)C,I,0,,none
O=C(Cl)OC(Cl)(Cl)Cl,III,1,SA1_Ames,III
C/C=C(\C)C(=O)OC1CC(C)CCC1C(C)C,I,0,,none
CCOC(=O)[C@H](CCc1ccccc1)N[C@@H](C)C(=O)N1[C@H](C(=O)O)C[C@@H]2CCC[C@@H]21,III,0,,III
COC(=O)CC(O)(CC(=O)OC)C(=O)OC,III,0,,none
O=C1C[C@@H](c2ccccc2)C(=O)O1,I,0,,III
CCC(C)CC(C)C,I,0,,none
COC(=O)c1ccco1,II,0,,none
CCC(O)C(C)=O,I,0,,none
CCCCC/C=C/C(C)=O,II,1,SA10_Ames,none
CCCCCC=CC(C)=O,II,1,SA10_Ames,none
CC12CCCC3(CC1)C1(C)OC1CCC23C,III,1,SA7_Ames,none
CCc1ccc(OC)cc1,I,0,,none
CC1=CC(C)=C(C=O)C(C)(C)C1,II,1,SA10_Ames,none
CCCCCC=CO,III,0,,none
CC(C)CC(C)CCCC(C)O,I,0,,none
COC1OC(C(=O)O)C(OC2OC(C(=O)OCC(C)O)C(C)C(O)C2O)C(O)C1O,III,0,,none
CCCCCCCC/C=C/CCCCCCCC(=O)OCCOCC(OCCO)C1OCC(OCCO)C1OCCO,I,0,,none
CCCCCCCCC=CCCCCCCCC(=O)OCCOCC(OCCO)C1OCC(OCCO)C1OCCO,I,0,,none
CCCCCOC(=O)C(C)c1ccccc1,I,0,,none
CCC(CO)Cc1ccccc1,I,0,,none
CCCCCCOC(=O)CC(C)S,I,0,,none
CNN,III,1,SA13_Ames,III
CCCCCCOC(CC(C)C)OCCCCCC,I,0,,none
OC[C@@H](O)C(O)[C@@H](O)CO,I,0,,none
OCC(O)C(O)C(O)CO,I,0,,none
C1=CC2C3C=CC(C3)C2C1,I,0,,none
ClC(Cl)Cl,III,1,SA8_Ames,III
C=CC(OC(=O)CC(C)C)C(C)CC=C(C)C,II,0,,none
CC(C)C1CCC2CC(=O)CCC2C1,I,0,,none
O=C1[N-]S(=O)(=O)c2ccccc21.[K+],III,0,,none
O=C([O-])C(O)C(O)C(=O)[O-].[Na+].[Na+],III,0,,none
CCCCC(=O)C1=C(C)CCCC1(C)C,II,1,SA10_Ames,none
[Na+].[OH-],III,0,,none
CC(C)CC(=O)c1ccccc1,I,0,,none
CC(C=O)Cc1ccccc1,I,1,SA11_Ames,none
NCC(=O)c1ccccc1,III,0,,III
CCOC(=O)CC[C@H](N)C(=O)OCC,I,0,,III
C=C(C)OC(C)=O,I,0,,none
CCCCCCCCC=CC#N,III,0,,none
COC(OC)c1ccccc1,I,0,,none
O=C(OC(CO)c1ccccc1)c1ccccc1,I,0,,none
COC(C)(C)OC,I,0,,none
CC(=O)OCCC(C)(C)S,I,0,,none
C=CC(=O)OCCOC,I,0,,none
O=C(Nc1ccccc1)Nc1cnns1,III,0,,none
COc1ccc2ncccc2c1,II,0,,none
C=CCCCCCCCCCCCC,I,0,,none
C=CCI,III,1,SA8_Ames,none
O=CC(Cl)(Cl)Cl,III,1,SA11_Ames,III
OCC1O[C@@H]2O[C@@H]3C(CO)O[C@H](O[C@@H]4C(CO)O[C@H](O[C@@H]5C(CO)O[C@H](O[C@@H]6C(CO)O[C@H](O[C@@H]7C(CO)O[C@H](O[C@H]1C(O)C2O)C(O)C7O)C(O)C6O)C(O)C5O)C(O)C4O)C(O)C3O,I,0,,none
OC[C@H]1O[C@@H]2O[C@H]3[C@H](O)[C@@H](O)[C@@H](O[C@H]4[C@H](O)[C@@H](O)[C@@H](O[C@H]5[C@H](O)[C@@H](O)[C@@H](O[C@H]6[C@H](O)[C@@H](O)[C@@H](O[C@H]7[C@H](O)[C@@H](O)[C@@H](O[C@H]1[C@H](O)[C@H]2O)O[C@@H]7CO)O[C@@H]6CO)O[C@@H]5CO)O[C@@H]4CO)O[C@@H]3CO,I,0,,none
CCCCC1C(=O)N(c2ccccc2)N(c2ccc(O)cc2)C1=O,II,0,,II
CCCCCCCCCCCC=O,I,1,SA11_Ames,none
CCCC(=O)CSC,I,0,,none
COc1ccc(COC(C)=O)cc1,I,0,,none
Cc1ccc(C(C)C)cc1,I,0,,none
CC1SSC(C)S1,I,0,,none
CSC(C)C(C)=O,I,0,,none
CS[C@@H](C)C(C)=O,I,0,,none
C[C@]12CCC(=O)C[C@@H]1CC[C@@H]1[C@@H]2CC[C@]2(C)C=CC[C@@H]12,III,0,,none
CC12C=CCC1C1CCC3CC(=O)CCC3(C)C1CC2,III,0,,none
CC(C)c1ccnc2ccccc12,III,0,,none
Oc1ccc(Cl)cc1Cl,III,0,,III
CCCCC=O,I,1,SA11_Ames,none
C1=CCCCC1,I,0,,none
CCC1OCC2(CC=CCC2)CO1,I,0,,none
CC(C)CCCC(C)(C)O,I,0,,none
CC(=O)C=CC=C(C)CCC=C(C)CCC=C(C)C,II,1,SA10_Ames,none
CCOC(=O)CC(=O)O,I,0,,none
C=CC=O,III,1,SA10_Ames,none
O=C(OC1CN2CCC1CC2)C(O)(c1ccccc1)c1ccccc1,III,0,,II
CCCCCCCCCCOC(=O)C(C)C,I,0,,none
CCCCCC(CC(=O)OC)OC(C)=O,I,0,,none
CCCCCC[C@@H](O)C/C=C\CCCCCCCC(=O)OCCCC,I,0,,none
CC(C)COCCO,I,0,,none
O=C(O)C(=O)CO,I,0,,none
[NH4+].[O-][Cl+3]([O-])([O-])[O-],III,0,,III
CCOC(=O)C(C)(C)C,I,0,,none
O=C1OC(=O)C2C3CC(C(Br)C3Br)C12,III,0,,III
Cl.Cl.N[C@@H](CSSC[C@H](N)C(=O)O)C(=O)O,III,0,,III
Cl.Cl.NC(CSSC[C@H](N)C(=O)O)C(=O)O,III,0,,III
CCCCCCCCC(O)C(=O)OC,I,0,,none
CC(C)CCOC(=O)CC(S)C(=O)OCCC(C)C,I,0,,none
CCCCCCCC(C)=NO,III,0,,none
CC(C)CCC(C)(C)C,I,0,,none
CCCCC(CC)(CCCC)C(=O)OC,II,0,,none
CS(C)(=O)=O,III,0,,none
C=C[C@]1(C)Cc2occ(C)c2CC1C(=C)C,III,0,,none
CC1COCc2cc3c(cc21)C(C)(C)CCC3(C)C,III,0,,none
CC(=O)OC/C=C(\C)CCC=C(C)C,I,0,,none
CC(=O)OC/C=C(/C)CCC=C(C)C,I,0,,none
CC(=O)OCC=C(C)CCC=C(C)C,I,0,,none
C=CC(=O)CCCCCC,II,1,SA10_Ames,none
C=C(C)CCCC(C)CCOC(=O)CC,I,0,,none
CCCCC[C@@H]1O[C@H]1/C=C/C=O,III,1,SA10_Ames;SA7_Ames,none
CCCCC[C@H]1O[C@H]1/C=C/C=O,III,1,SA10_Ames;SA7_Ames,none
CCCCCC1OC1C=CC=O,III,1,SA10_Ames;SA7_Ames,none
[NH4+].[SH-],III,0,,none
COC.Cc1ccc(C(C)C)c(O)c1,III,0,,none
CCC(C)(CCc1ccccc1)OC(C)=O,I,0,,none
O=C(OCC(COC(=O)c1ccccc1)OC(=O)c1ccccc1)c1ccccc1,I,0,,none
C[C@H](N)C(=O)N[C@@H](CCC(N)=O)C(=O)O,I,0,,III
O=S(=O)(O)OCCOc1ccc(Cl)cc1Cl,III,0,,III
Cc1cncc(C)n1,III,0,,none
COC(=O)CC(C)SC,I,0,,none
Clc1ccc(C2(Cn3cncn3)CC(Br)CO2)c(Cl)c1,III,0,,III
CC1(C)CCCc2ccc(C=O)cc21,II,1,SA11_Ames,none
C1C2C3CN4CN5CC3C1C5C24,III,0,,II
CC1=CC(=O)CC(C)(C)C1,II,1,SA10_Ames,none
BrC(Br)(Br)Br,III,0,,III
CO[C@H](Cc1ccccc1)[C@H](C)/C=C(C)/C=C/[C@H](N)[C@@H](C)C(=O)[O-],II,0,,III
C=CCc1ccccc1,I,1,SA38_Ames,none
CC(C)[C@@H](NC(=O)CC[C@H](N)C(=O)O)C(=O)NCC(=O)O,I,0,,III
CCCC[C@H]1OC(=O)c2ccccc21,III,0,,none
CCCC[C@@H]1OC(=O)c2ccccc21,III,0,,none
CCCCC1OC(=O)c2ccccc21,III,0,,none
O=C(O)CCC1CCCCC1,I,0,,none
C=CC[Si](Cl)(Cl)Cl,III,0,,III
CCCC(=O)OCCCCO,III,0,,none
CCCC=CC(=O)CCC,II,1,SA10_Ames,none
COC(=O)C(Cl)Cl,III,1,SA8_Ames,III
NNc1ccccc1,III,1,SA13_Ames,III
CC(=O)Cc1cnccn1,II,0,,none
CCCCCCCCCCCCC(=O)OCCCC,I,0,,none
CC1=CC(=O)C(=C(C)C)CC1,III,1,SA10_Ames,none
Nc1ccc(Oc2ccc(N)cc2)cc1,III,1,SA28_Ames,III
O=C([O-])[C@H](O)[C@@H](O)[C@H](O)[C@H](O)CO.[K+],III,0,,none
CC(C)=CCC/C(C)=C/C#N,III,0,,none
CC(C)=CCCC(C)=CC#N,III,0,,none
CC(C)=CCC/C(C)=C\C#N,III,0,,none
CC1OC(C)C(C)O1,III,0,,none
C=C(C)[C@@H]1CC[C@@H](C)C[C@H]1OC(C)=O,I,0,,none
C=C(C)[C@H]1CC[C@H](C)C[C@H]1OC(C)=O,I,0,,none
C=C(C)C1CCC(C)CC1OC(C)=O,I,0,,none
c1ccc(CCOC2CCCCC2)cc1,II,0,,none
C=Cc1cccc(C)c1C,I,0,,none
CCc1ccco1,III,0,,none
CCCCCC1CCCCC1,I,0,,none
CCCCCCCCCCCCCCO,I,0,,none
CCCC#CCCC(=O)OC,III,0,,none
CC(O)C(C)CC1C(C)CCCC1(C)C,I,0,,none
OC[C@H]1OC(O)[C@H](O)[C@@H]1O,I,0,,none
OCC1OC(O)C(O)C1O,I,0,,none
CCCCCCCCCCCC(=O)OCCOCC(OCCO)C1OCC(OCCO)C1OCCO,I,0,,none
CCCCC/C(C=O)=C/c1ccccc1,II,0,,none
CCCCC/C(C=O)=C\c1ccccc1,II,0,,none
CCCCCC(C=O)=Cc1ccccc1,II,0,,none
CCCCc1sc(C)nc1C,II,0,,none
CCc1cccc(O)c1,I,0,,none
CCCCCCCCCCCCCCCCCCCCCCCCCC,I,0,,none
O=C1CCCC/C=C/CCCCCCCCCO1,I,0,,none
O=C1CCCCC=CCCCCCCCCCO1,I,0,,none
O=C1CCCC/C=C\CCCCCCCCCO1,I,0,,none
NC(=O)C1CCN(Cc2ccccc2)C1,III,0,,II
CCCCC(=O)OC,I,0,,none
CC12C=CCC1C1CCC3=CC(=O)CCC3(C)C1CC2,III,1,SA10_Ames,none
C[C@@]12C=CC[C@H]1[C@@H]1CCC3=CC(=O)CC[C@]3(C)[C@H]1CC2,III,1,SA10_Ames,none
N[C@@H](Cc1cnc[nH]1)C(=O)O,III,0,,III
CCSC(=O)CC,III,0,,none
CC(C)CC1N=CCS1,II,0,,none
CCCCN=C=O,III,1,SA15_Ames,none
CSc1ccccc1,I,0,,none
COC(=O)c1ccccc1N=CC1CC=C(CCCC(C)(C)O)CC1,III,0,,none
CCCCCCCC(C)(C)c1ccc([C@@H]2CCC[C@H](O)C2)c(O)c1,II,0,,none
CCCCCCCC(C)(C)c1ccc([C@H]2CCC[C@@H](O)C2)c(O)c1,II,0,,none
CCC(C)(C)C,I,0,,none
COc1ccc(NC(=O)[C@@H]2C[C@H](C)CC[C@H]2C(C)C)cc1,II,0,,none
CC(C)[C@@H]1CC[C@H](C)[C@@H]2C=C[C@H](C)C[C@H]21,I,0,,none
c1ccc(Cc2c[nH]c3ccccc23)cc1,III,0,,none
C=CC(C)(C)O,I,0,,none
O=C1CC(=O)NC(=O)N1,III,0,,none
CC(=O)CC/C=C(\C)CCC=C(C)C,III,0,,none
CC(=O)CCC=C(C)CCC=C(C)C,III,0,,none
CC(=O)CC/C=C(/C)CCC=C(C)C,III,0,,none
CC(=O)C1CC=C(C)CC1,I,0,,none
CC(C)C1CC(c2ccccc2)C=CO1,II,0,,none
CN(C)[C@@H](Cc1ccccc1)C(=O)O,III,0,,II
N#CN=C1SCCN1Cc1ccc(Cl)nc1,III,0,,III
C=C1[C@H]2CC[C@@H]3[C@@H]2C(C)(C)CCC[C@]13C.FB(F)F.O=CO,III,0,,III
Oc1c(Cl)cccc1Cl,III,0,,III
C=CCOC(=O)CC(C)C,III,0,,none
CCCOCOCCC,III,0,,none
CCC(C)(C)C(=O)C(C)(C)C,I,0,,none
CC(C)CCCCCCOC(=O)C1CCCCC1C(=O)OCCCCCCC(C)C,I,0,,none
Oc1cccc(Cl)c1,III,0,,III
C=C(C)CCCC(C)C=COC(C)=O,III,1,SA24_Ames,none
C=C1CCCC(C)(C)C1CCO,I,0,,none
C/C=C/C(C)C(=O)OCC,I,0,,none
CC=CC(C)C(=O)OCC,I,0,,none
CCCCCCCCCCCCCCCCCCCCCC,I,0,,none
CC(=O)/C=C/CC(C)CCCC(C)C,II,1,SA10_Ames,none
C=C/C=C/C=C/CC,I,0,,none
C=C/C=C/C=C\CC,I,0,,none
CCCCC1(C)Oc2ccccc2O1,I,0,,none
CC(C)C(=O)OCC1=CCC2CC1C2(C)C,I,0,,none
Cc1ncc(CC(C)C)nc1C,II,0,,none
CCC(C)CNCN=O,III,0,,III
C[C@@H]1C=C[C@H](C)C[C@@H]1C=O,I,1,SA11_Ames,none
CCCCCCCCCCCCCCCCCC(=O)OC,I,0,,none
Cl[Sn](Cl)(Cl)Cl,III,0,,III
CC(=O)c1occc1O,III,0,,none
CCCCOC(=O)COC(=O)CCC,I,0,,none
N#Cc1ccc(C(c2ccc(C#N)cc2)n2cncn2)cc1,III,0,,none
CCOC(=O)OCCc1ccccc1,I,0,,none
CCCC(O)CC(=O)O,I,0,,none
CCOCC=C(C)C,I,0,,none
CCNCC,III,0,,III
CC(=O)C1=CC[C@@H]2C=CC[C@@H]2C1,II,1,SA10_Ames,none
CC(=O)C1=CCC2C=CCC2C1,II,1,SA10_Ames,none
CC1=CC(O)C(C(C)C)CC1,I,0,,none
CC1=C[C@H](O)[C@H](C(C)C)CC1,I,0,,none
CC1=C[C@H](O)[C@@H](C(C)C)CC1,I,0,,none
CC(=O)C1CCC=N1,II,0,,none
COCOC1CCCCCCCCCCC1,III,0,,none
OC1CCCCC1,I,0,,none
Cc1cccnc1C,III,0,,none
CCCCN,I,0,,III
CCn1cccc1C(C)=O,II,0,,none
N.NCCO,III,0,,III
COC(=O)CCCSC,I,0,,none
CCCCCCCCCCCCCCCCCC(=O)[O-].CCCCCCCCCCCCCCCCCC(=O)[O-].[Mg+2],I,0,,none
CC(=O)O[C@]1(C)CC[C@@]23C[C@@H]1C(C)(C)[C@@H]2CC[C@H]3C,I,0,,none
CC(=O)OC1(C)CCC23CC1C(C)(C)[C@@H]2CC[C@H]3C,I,0,,none
CC(=O)OC1(C)CCC23CC1C(C)(C)C2CCC3C,I,0,,none
CCC(CC)COC(C)=O,I,0,,none
CC(=O)[O-].[Tl+],III,0,,none
CC(C)c1ccc(C(C)CC=O)cc1,I,1,SA11_Ames,none
C=COC(=O)CC(CC)CCCC,III,1,SA24_Ames,none
O=P(OCCCl)(OCCCl)OCCCl,III,1,SA2_Ames,III
COc1ccc(C(=O)OCC(C)C)cc1,I,0,,none
CC(=O)C1=CCCCN1,II,1,SA10_Ames,III
CO[C@]1(C)CCC23C[C@@H]1C(C)(C)[C@@H]2CC[C@H]3C,III,0,,none
CO[C@]1(C)CC[C@@]23C[C@@H]1C(C)(C)[C@@H]2CC[C@H]3C,III,0,,none
COC1(C)CCC23CC1C(C)(C)C2CCC3C,III,0,,none
CO[C@@]1(C)CC[C@@]23C[C@@H]1C(C)(C)[C@@H]2CC[C@H]3C,III,0,,none
CCC/C=C/COC(C)=O,I,0,,none
CCCC=CCOC(C)=O,I,0,,none
CCC/C=C\COC(C)=O,I,0,,none
COC(=O)c1ccccc1NC=O,III,1,SA28ter_Ames,none
C=CC(N)=O,I,1,SA10_Ames,II
CCCCCCCCCC(=O)OCCCCCCCC,I,0,,none
ClCOCCl,III,1,SA8_Ames,III
CCCCCC(=O)OCc1ccccc1,I,0,,none
O=C([O-])CC(O)(CC(=O)[O-])C(=O)[O-].[Na+].[Na+].[Na+],III,0,,none
CCCCC(=O)OCc1ccco1,II,0,,none
CCCC[C@H](S)CCOC,I,0,,none
CCCl,III,1,SA8_Ames,III
O=C(CCC(=O)OCBr)OCBr,III,1,SA8_Ames,III
CC(C)CCOC(CC(C)C)OCC(C)C,I,0,,none
CCCOC(=O)c1ccco1,II,0,,none
CCCC(=O)OCCCSC,I,0,,none
O=C(Cl)OCc1ccccc1,III,1,SA1_Ames,III
CC(=O)c1ccc(C)cc1C,I,0,,none
CCCCCc1ccccn1,III,0,,none
C#C,III,0,,none
CCCCCCCCCOC(=O)CCCCCCC,I,0,,none
Cc1cc(=O)oc2cc(O)ccc12,III,1,SA30_Ames,none
CC(C)(C)OOC1(OOC(C)(C)C)CCCCC1,III,0,,none
CC1OCC2(CO1)CC1CCC2C1,I,0,,none
CCCCCO[N+](=O)[O-],III,0,,II
CCCCCCCC(=O)c1ccc(C)cc1,II,0,,none
Oc1ccc(Cl)c(Cl)c1Cl,III,0,,III
Nc1cc(Cl)cc(C(=O)O)c1Cl,III,1,SA28_Ames,III
O=S(=O)([O-])c1cc(S(=O)(=O)[O-])c2c(N=Nc3ccccc3)c(O)ccc2c1.[Na+].[Na+],III,1,SA29_Ames;aN=Na,none
CCN(Cc1ccccc1)c1ccccc1,III,0,,II
CCC(=O)O.CCCCCC1CCCCC1,I,0,,none
CCCCSCCCC,I,0,,none
CCN1CCCCC1,II,0,,II
CCOC(=O)O.CCOc1ccc(N)cc1.COc1cc(C=O)ccc1O,III,1,SA11_Ames;SA28_Ames,III
CCOC(=O)C1=C(C)CCCC1(C)C,I,0,,none
CCCCC(=O)c1ccco1,III,0,,none
CC1CCCC(O)C1,I,0,,none
CC(C)C1=NCCS1,II,0,,none
CC(=S)OC1(C)OCCC1C,III,0,,none
CCCCCCOC(=O)CS,I,0,,none
CCCCCC(=O)OCCC,I,0,,none
COCN=C=O,III,1,SA15_Ames,none
CCCCCCCCCCCCCCC1CCC1=O,III,0,,none
CCCOC(=O)CCC,I,0,,none
O=C(O)c1nc(Cl)ccc1Cl,III,0,,III
C=CCOCc1ccccc1,III,0,,none
CCCCOC(=O)c1ccccc1N,III,1,SA28_Ames,III
CC=CC(=O)OCCCCCCCC,I,0,,none
C/C=C\C(=O)OCCCCCCCC,I,0,,none
O=Cc1ccccc1,I,1,SA11_Ames,none
CCCCCCCCCCOC(=O)CC,I,0,,none
CC1C(C)(C)C2CCC3CC(C)(C)OC3C2C1(C)C,III,0,,none
C=CCCC(=O)O,I,0,,none
CCN1CCOCC1,II,0,,II
CC1=C(C=CC(C)C=O)C(C)(C)CCC1,I,1,SA11_Ames,none
CCCCc1cnco1,II,0,,none
CC#CCCCCC(=O)OC,III,0,,none
CCC(=O)OCCc1ccccc1,I,0,,none
CC1CC(=O)CC(C)(C)C1=O,I,0,,none
Cc1cc(C(C)(C)C)nc(C(C)(C)C)c1,III,0,,none
CC(C)CC(=O)OCc1ccccc1,I,0,,none
C=C1CC[C@@H]2S[C@@H]1[C@H]1[C@H](C(C)C)CC[C@]12C,II,0,,none
c1ccc(OP(Oc2ccccc2)Oc2ccccc2)cc1,III,0,,none
Cl.NOCc1c(F)c(F)c(F)c(F)c1F,III,0,,III
CC(C)=CCCC1(C)CC1C=O,I,1,SA11_Ames,none
CCc1ccccc1Br,III,0,,III
C=CCC(C)C(=O)O,I,0,,none
C=CC[C@H](C)C(=O)O,I,0,,none
CC1COC(Cc2ccccc2)O1,I,0,,none
CCI,III,1,SA8_Ames,none
CCCCCCCCCCCCCCCCCC(=O)OCC(O)[C@H]1OC[C@@H](O)[C@@H]1O,I,0,,none
CC(CCOC(=O)c1ccccc1)OC(=O)c1ccccc1,I,0,,none
CC(C)CCC[C@@H](C)[C@H]1CC[C@H]2[C@@H]3CC=C4C[C@@H](O)CC[C@]4(C)[C@H]3CC[C@]12C,III,0,,none
COC(=O)C(=NNc1ccccc1Cl)C(C)=O,III,1,SA13_Ames,III
COc1cc(OC)nc(NC(=O)NS(=O)(=O)c2ncccc2C(F)(F)F)n1,III,0,,I
CC[N+](CC)(CC)CC.[Br-],III,0,,III
C=C(OC(C)=O)c1ccccc1,I,0,,none
Cc1cc(=O)[nH]c(=S)[nH]1,III,0,,III
C=C(C)C(O)CCC(C)CCO,II,0,,none
O=C(O)CC(O)(CC(=O)O)C(=O)[O-].[Na+],III,0,,none
Cc1cncc(C)c1,III,0,,none
CCN(CC)c1ccc(C(=C2C=CC(=[N+](CC)CC)C=C2)c2ccccc2)cc1,II,1,SA28bis_Ames,II
CCC=C(C)SC,I,0,,none
CCc1ccc(O)cc1,I,0,,none
CCOC(OCC)C(C)=Cc1ccccc1,II,0,,none
CCCCCCC(=O)OCC(C)C,I,0,,none
O=S1(=O)CCCC1,III,0,,none
CC(O)CN,I,0,,III
CCOC(=O)CCc1ccccc1O,I,0,,none
CC1COC(c2ccc3c(c2)OCO3)O1,III,0,,none
C=C(C)C(=O)C(C)(C)c1ccccc1,II,1,SA10_Ames,none
CC(C)CC(O)CC(C)C,I,0,,none
C=CCOC(=O)CCC(C)C,III,0,,none
CC1OC(OCC2OC(Oc3cc(O)c4c(c3)OC(c3ccc(O)cc3)CC4=O)C(O)C(O)C2O)C(O)C(O)C1O,II,0,,none
COC(=O)c1ccccc1N.COc1ccc(C=O)cc1,III,1,SA11_Ames;SA28_Ames,III
CC(C)C(=O)C(C)C,I,0,,none
COC(=O)Cc1ccc(C(C)(C)C)cc1,I,0,,none
CCOC(=O)C(C)CSC,I,0,,none
CCCCCCC(=O)C(=O)CC,III,0,,none
O=Cc1ccco1,II,1,SA11_Ames,none
CCCC=C1OC(=O)C2=CC=CCC12,III,0,,none
CCc1ccccc1C,I,0,,none
COC(=O)C1=C(C)NC(C)=C(C(=O)OC)C1c1ccccc1[N+](=O)[O-],III,1,SA27_Ames,III
C=C(C)C(CC=C(C)C)COC(C)=O,I,0,,none
CC(C)CCCCC=CC=O,II,1,SA10_Ames,none
CCOC(CC(C)CCC=C(C)C)OCC,I,0,,none
CCOC(=O)C(=CCC(C)CCC=C(C)C)C(=O)OCC,I,0,,none
CCC=C(C)C(=O)OCC,I,0,,none
CC/C=C(\C)C(=O)OCC,I,0,,none
CC(=O)SCC=C(C)C,III,0,,none
CCC(=O)C(C)C,I,0,,none
Cc1ccc(N(SC(F)(Cl)Cl)S(=O)(=O)N(C)C)cc1,III,0,,III
[C-]#[O+].[C-]#[O+].[Cr+6].[N-]=S.[cH-]1[cH-][cH-][cH-][cH-]1,III,0,,none
C=C1C2CC3CC1C(OC(C)=O)C(C2)C3C,III,0,,none
CC=C(C)CCC(=O)O,I,0,,none
NCCO,I,0,,III
COC1=CCCCC1,III,0,,none
CCCOC(=O)C(=O)OCCC,I,0,,none
CC(=O)SC1CCOC1C,III,0,,none
CCCC(C)C(=O)OCC,I,0,,none
CCC[C@H](C)C(=O)OCC,I,0,,none
O=C[O-].O=C[O-].[Ni+2],III,0,,none
CC1CCC2C(C)(C)C3CC12CC1OC13C,III,1,SA7_Ames,none
COC(=O)N(OC)c1ccccc1COc1ccn(-c2ccc(Cl)cc2)n1,III,0,,III
CCCCC(Br)C(=O)O,III,1,SA8_Ames,III
O=CC=Cc1ccc2c(c1)OCO2,III,0,,none
O=[N+]([O-])[O-].c1ccc2c(CC3=NCC[NH2+]3)cccc2c1,III,0,,II
CCCCC=CC=CO,III,0,,none
COC(=O)CSC,I,0,,none
CC/C=C/CC/C=C/C=O,II,1,SA10_Ames,none
CC/C=C\CC/C=C/C=O,II,1,SA10_Ames,none
CCC=CCCC=CC=O,II,1,SA10_Ames,none
Cc1cnc(C)c(C)n1,III,0,,none
CCCCCCCCCCC(=O)OCC,I,0,,none
N#CCCC#N,III,0,,none
COC(OC)C(C)=Cc1ccccc1,II,0,,none
CC1(C)[C@@H]2CC[C@@](C)(C2)[C@@H]1O,I,0,,none
CC1(C)[C@H]2CC[C@](C)(C2)[C@H]1O,I,0,,none
CC12CCC(C1)C(C)(C)C2O,I,0,,none
CC1(C)[C@@H]2CC[C@@](C)(C2)[C@H]1O,I,0,,none
CC12CCC(C1)C(C)(C)[C@@H]2O,I,0,,none
NC(=O)NN=Cc1ccc([N+](=O)[O-])o1,III,1,SA13_Ames;SA27_Ames,II
CCCCCCC1CC(OC(C)=O)CO1,II,0,,none
COc1cc2c(c(OC)c1OC)-c1ccc(OC)c(=O)cc1[C@@H](NC(C)=O)CC2,II,0,,none
COc1ccc(C(c2ccc(OC)cc2)C(Cl)(Cl)Cl)cc1,III,0,,III
CCC(C)C(=O)SC,III,0,,none
CC(=O)c1ccc(O)cc1C,I,0,,none
Cc1ccc(OC(=O)C=Cc2ccccc2)cc1,I,0,,none
c1ccc2occc2c1,III,0,,none
COC(=O)[C@H](Cc1ccccc1)NC(=O)[C@@H](N)CC(=O)O,III,0,,III
COC(=O)C(Cc1ccccc1)NC(=O)C(N)CC(=O)O,III,0,,III
CC=CC,I,0,,none
CCCCC#CC(=O)OC,III,0,,none
O=Cc1cccc(O)c1,I,1,SA11_Ames,none
C1CO1,III,1,SA7_Ames,none
CCOC(=O)CCC1(C)OCC(C)O1,III,0,,none
CS(C)=O,I,0,,none
CCCCC/C=C\C/C=C\CCCCCCCC[N+](CCCOCCO)(CCOCCO)CC(O)CO.[Cl-],III,0,,III
CCCCCCCC1=C(C=O)O1,III,1,SA10_Ames,none
C/C=C/C(=O)OC1CCCC1C1CCCC1,I,0,,none
CC=CC(=O)OC1CCCC1C1CCCC1,I,0,,none
C#CCC(O)CCCCCCC,III,0,,none
O=Cc1ccc(O)c(O)c1,I,1,SA11_Ames,none
CCCCCC(=O)OCc1ccco1,II,0,,none
Nc1ccc(Cc2ccc(N)c(Cl)c2)cc1Cl,III,1,SA28_Ames,III
CCCC(=O)Oc1ccc(C(=O)OC)cc1,I,0,,none
CCCC(=O)Oc1c(C)occc1=O,II,0,,none
CC=C(C=O)CSC,II,1,SA10_Ames,none
C/C=C(/C=O)CSC,II,1,SA10_Ames,none
Cc1ccccc1Cl,III,0,,III
CCC(C)[C@H]1O[C@]2(C=C[C@@H]1C)C[C@@H]1C[C@@H](C/C=C(\C)[C@@H](O[C@H]3C[C@H](OC)[C@@H](O[C@H]4C[C@H](OC)[C@@H](O)[C@H](C)O4)[C@H](C)O3)[C@@H](C)/C=C/C=C3\CO[C@@H]4[C@H](O)C(C)=C[C@@H](C(=O)O1)[C@]34O)O2.CO[C@H]1C[C@H](O[C@H]2[C@H](C)O[C@@H](O[C@@H]3/C(C)=C/C[C@@H]4C[C@@H](C[C@]5(C=C[C@H](C)[C@@H](C(C)C)O5)O4)OC(=O)[C@@H]4C=C(C)[C@@H](O)[C@H]5OC/C(=C\C=C\[C@@H]3C)[C@]54O)C[C@@H]2OC)O[C@@H](C)[C@@H]1O,III,0,,none
CCCCCCC1CCOC1=O,I,0,,none
C=COC=C.OCCCCO,III,1,SA24_Ames,none
ClCCBr,III,1,SA8_Ames,III
CCC=CC(C)(O)CCC=C(C)C,I,0,,none
CCCCCCOC,I,0,,none
CCCCCCCC(O)CC,I,0,,none
CC(=S)OC(C)(C)[C@@H]1CCC(C)CC1=O,III,0,,none
CCCCCCCCCCCCCCCCCCOCCO,I,0,,none
CCOc1ccccc1CO,I,0,,none
CCOC(=O)c1cn(Cc2ccccc2)c(=O)n1Cc1ccccc1,III,0,,II
CC(C)(C)c1ccc(O)c(C(C)(C)C)c1,I,0,,none
CC1(C)CC(C)(c2ccccc2)c2ccccc21,III,0,,none
CCCCC(=O)OCC,I,0,,none
N#CCCCc1ccccc1,III,0,,none
C[C@]12C/C(=C/O)C(=O)C[C@@H]1CC[C@@H]1[C@@H]2CC[C@@]2(C)[C@H]1CC[C@]2(C)O,III,1,SA10_Ames,none
CC12C/C(=C/O)C(=O)C[C@@H]1CC[C@@H]1[C@@H]2CCC2(C)[C@H]1CC[C@]2(C)O,III,1,SA10_Ames,none
CC12CC(=CO)C(=O)CC1CCC1C2CCC2(C)C1CCC2(C)O,III,1,SA10_Ames,none
Nc1ccccn1,III,1,SA28_Ames,III
C#C[C@]1(O)CC[C@H]2[C@@H]3CCC4=C(CCC(=O)C4)[C@H]3CC[C@@]21C,III,0,,none
C#CC1(O)CCC2C3CCC4=C(CCC(=O)C4)C3CCC21C,III,0,,none
C#C[C@@]1(O)CCC2C3CCC4=C(CCC(=O)C4)C3CCC21C,III,0,,none
CCCCCCCCCCCCCCCCCCC(=O)OCC,I,0,,none
CC1=CCC[C@H](C)[C@@]12CC[C@@H](C(C)(C)O)C2,I,0,,none
CC1=CCC[C@H](C)C12CC[C@@H](C(C)(C)O)C2,I,0,,none
CC/C=C(\C)C=O,II,1,SA10_Ames,none
CCC=C(C)C=O,II,1,SA10_Ames,none
FC(C(F)(F)Cl)C(F)(F)Cl,III,0,,I
CCCCCCCC(=O)OCCC,I,0,,none
CCO[N+](=O)[O-],III,0,,II
CCCCCC(=O)OCc1ccc(OC)cc1,I,0,,none
COC(=O)Nc1cccc(OC(=O)Nc2cccc(C)c2)c1,III,0,,none
O=c1[nH]cc(N(CCCl)CCCl)c(=O)[nH]1,III,1,SA5_Ames,III
COC(C)(C)CCC[C@H](C)CC=O,I,1,SA11_Ames,none
COC(C)(C)CCCC(C)CC=O,I,1,SA11_Ames,none
CC1=CCC2C(=O)C1C2(C)C,I,0,,none
C=C(CC(C)C=O)C1CC=C(C)C1(C)C,I,1,SA11_Ames,none
COc1cc(Cc2cnc(N)nc2N)cc(OC)c1OC,III,1,SA28_Ames,III
O=CCOC1CC2CC1C1C=CCC21,III,1,SA11_Ames,none
COC(=O)OC,I,0,,none
CC(=O)c1ccco1,II,0,,none
CCCCCCCC1(C(=O)O)CC1,III,0,,none
CCOC(=O)/C=C/C(=O)OCC,I,0,,none
CCOC(=O)C=CC(=O)OCC,I,0,,none
CCOC(=O)/C=C\C(=O)OCC,I,0,,none
CC/C=C\CCOC(=O)c1ccccc1O,I,0,,none
CC/C=C/CCOC(=O)c1ccccc1O,I,0,,none
O=C([O-])CC(O)(CC(=O)[O-])C(=O)[O-].O=C([O-])CC(O)(CC(=O)[O-])C(=O)[O-].[Co+2].[Co+2].[Co+2],III,0,,none
COC.Oc1ccc2ccccc2c1,III,0,,none
CC1CC(C)(c2ccccc2)OC(C)O1,I,0,,none
CCCCCC1OCCOC1=O,I,0,,none
CC(C)=CCCC(C)CCOC(=O)C(=O)OCCC(C)CCC=C(C)C,I,0,,none
COc1ccc(C)cc1O,I,0,,none
CCCCCCOC(=O)CCCCCC,I,0,,none
Cl.N[C@@H](CS)C(=O)O,III,0,,III
C=CCC(C)(O)C1C2CCC(C2)C1(C)C,I,0,,none
CCCCC/C=C\CCO,I,0,,none
CCCCC/C=C/CCO,I,0,,none
CCOc1cc(C2OCC(C)O2)ccc1O,I,0,,none
CC(C)COC(=O)C(C)(C)C,I,0,,none
CCCCCC[C@@H]1CCC(=O)O1,I,0,,none
CCCCCCC1CCC(=O)O1,I,0,,none
CCCCCC[C@H]1CCC(=O)O1,I,0,,none
CCCC=CC=Nc1ccccc1C(=O)OC,III,0,,none
CCCCCCCCC=CC(=O)O,I,0,,none
C=CCC1CC(O)C2CCCCC2C1,I,0,,none
CCCC(C)N,I,0,,III
CCCCCCCCCc1ccc(O)cc1,II,0,,none
CCCCCCCCCCCCCCCCCCCCCCCCCCCCC,I,0,,none
CCC(C)CC(=O)O,I,0,,none
CC[C@H](C)CC(=O)O,I,0,,none
CC(=O)c1ccc[nH]1,II,0,,none
CC(=O)OC(C)(C)[C@H]1CC=C(C)CC1,I,0,,none
CC(=O)OC(C)(C)C1CC=C(C)CC1,I,0,,none
CCCCCCCC/C=C\CCCCCCCCCCCCC,I,0,,none
CCCCCCC(C)CO,I,0,,none
CCCC(=O)Oc1ccccc1,I,0,,none
CC(C)=CCCC(C)CCOC(Cc1ccccc1)OCCc1ccccc1,I,0,,none
Cc1cc(SC(=O)c2ccco2)c(C)o1,III,0,,none
CCC(C)C(=S)OCC(C)C,III,0,,none
CC1(C)CC=C(CCC=O)CC1,I,1,SA11_Ames,none
CCC1CCCO1,II,0,,none
C=C/C(C)=C/CC=C(C)C,I,0,,none
C=C/C(C)=C\CC=C(C)C,I,0,,none
C=CC(C)=CCC=C(C)C,I,0,,none
CSCCCCN=C=S,III,1,SA15_Ames,none
C[As](C)(=O)[O-].[Na+],III,0,,none
CC1=C(S)CCO1,III,0,,none
CCCCOC(=O)CC(=O)OCC,I,0,,none
CCCCCC=C(C)C=O,II,1,SA10_Ames,none
CCCCC/C=C(\C)C=O,II,1,SA10_Ames,none
NS(=O)(=O)O,III,0,,III
CC=CCCCCCC,I,0,,none
Cc1oc(C)c(O)c1O,III,0,,none
O=C([O-])C(O)C(O)C(=O)[O-].O=C([O-])C(O)C(O)C(=O)[O-].[K+].[Sb+3],III,0,,none
CC(C)(c1ccc(O)cc1)c1ccc(O)cc1,III,0,,none
O=C1C=CCCCCCCCCCO1,I,0,,none
CC1=CC(=O)CCC1,II,1,SA10_Ames,none
CC(=O)OC[C@H]1CCC=C(CCC=C(C)C)C1,I,0,,none
CCCCCCCCCCCCC,I,0,,none
CC(C)(O)C(C)(C)O.COC,I,0,,none
CC1=CCCC(=C(C)C)C1=O,III,1,SA10_Ames,none
CCCC,I,0,,none
C=CC(C)=CCCC(C)(C)O,I,0,,none
C=C/C(C)=C/CCC(C)(C)O,I,0,,none
N#N,III,0,,none
CCC(=O)OC(C)C,I,0,,none
C#CC=O,III,1,SA11_Ames,none
C=CC(C)(CCCC(C)C)OC(C)OCC,I,0,,none
C[Si](C)(C)Cl,III,0,,III
c1coc(CCc2ccco2)c1,III,0,,none
CCCCCCCCOCC=O,III,1,SA11_Ames,none
CCCCC(O)C(=O)OC,I,0,,none
CCCCCC[C@@H](O)C/C=C\CCCCCCCC(=O)[O-].[Na+],I,0,,none
CCCCCC[C@@H](O)C/C=C\CCCCCCCC(=O)O.[Na+],III,0,,none
CCCCCC[C@@H](O)C/C=C/CCCCCCCC(=O)[O-].[Na+],I,0,,none
CCCCCCCCC(=O)OC,I,0,,none
O=CCOC1CC2CC1C1CC=CC21,III,1,SA11_Ames,none
O=COCCc1ccccc1,I,0,,none
Cc1ccc(O)c(C(C)(C)C)c1,I,0,,none
CC=O,I,1,SA11_Ames,none
O.O.O.O.[Fe].[Fe].[Fe],III,0,,none
C/C=C/c1ccc(OCCCCC)c(OC)c1,III,0,,none
CCCCCCC(C)(C)C(=O)O,I,0,,none
C=C(C)OC(=O)C=CC=CC,I,0,,none
CCCCCCCCCC=Nc1ccccc1C(=O)OC,III,0,,none
CC(=O)c1cc(C(C)(C)C)cc2c1CCC2(C)C,II,0,,none
CCCCCCCCOC(=O)CC(C)=O,I,0,,none
BrB(Br)Br,III,0,,III
CC(C)COC(=O)c1ccccc1N,III,1,SA28_Ames,III
S=c1sc2nc3ccccc3nc2s1,III,1,SA19_Ames,none
CCCCC=CC(=O)C(C)C,II,1,SA10_Ames,none
CCOO,III,1,SA61_Ames,none
CCCCCC1=CCCC1=O,II,1,SA10_Ames,none
CCCCCC(O)CCCC(=O)OCC(O)CO,I,0,,none
C/C=C/CCCCC,I,0,,none
C/C=C\CCCCC,I,0,,none
CC=CCCCCC,I,0,,none
CCCOC(=O)C(C)=O,I,0,,none
CCCCCCCCCCC(=O)OCCC,I,0,,none
CC1(C)[C@@H](O[C@H]2O[C@H](C(=O)O)[C@@H](O)[C@H](O)[C@H]2O[C@@H]2O[C@H](C(=O)O)[C@@H](O)[C@H](O)[C@H]2O)CC[C@]2(C)[C@H]3C(=O)C=C4[C@@H]5C[C@@](C)(C(=O)O)CC[C@]5(C)CC[C@@]4(C)[C@]3(C)CC[C@@H]12.N,III,1,SA10_Ames,II
CC1(C(=O)O)CCC2(C)CCC3(C)C(=CC(=O)C4C5(C)CCC(OC6OC(C(=O)O)C(O)C(O)C6OC6OC(C(=O)O)C(O)C(O)C6O)C(C)(C)C5CCC43C)C2C1.N,III,1,SA10_Ames,II
CCCCCCCOC(=O)c1ccco1,II,0,,none
CCCCC(=O)O[C@@H]1CC2CCC1(C)C2(C)C,I,0,,none
CCCCC(=O)OC1CC2CCC1(C)C2(C)C,I,0,,none
COc1ccccc1C(=O)O,I,0,,none
CCCOC(=O)C(C)O,I,0,,none
CC(C)C(C)/C=C/[C@@H](C)[C@H]1CC[C@H]2/C(=C/C=C3/C[C@@H](O)CC[C@@H]3C)CCC[C@]12C,III,0,,none
C=C(C)C(=O)OCCc1ccccc1,I,0,,none
O=C(CCl)c1ccccc1,III,1,SA8_Ames,III
CCCCN(CCCC)CCCC,I,0,,II
CC1(C)CCCC2(C)OC(=O)C=C12,I,0,,none
CC1(C)CCC[C@]2(C)[C@H]3CC(=O)O[C@]3(C)CC[C@@H]12,I,0,,none
CC1(C)CCCC2(C)C1CCC1(C)OC(=O)CC12,I,0,,none
C1CSCS1,II,0,,none
CCCCCCC,I,0,,none
CC1CCCCCCCCc2cccc(n2)C1,III,0,,none
C=CO,III,0,,none
CC(=O)c1cc2c(cc1C)C(C)(C)C(C)C2C(C)C,II,0,,none
NCCN1CCNCC1,III,0,,III
Cc1cc(C)cc(OCC2CNC(=O)O2)c1,III,1,SA16_Ames,none
COC(=O)CC1CCCCC1,I,0,,none
COC1=C(C)CC(C)C1=O,III,1,SA10_Ames,none
CCC(C)(C)OOC1(OOC(C)(C)CC)CCCCC1,III,0,,none
CC1=C(O)C(=O)C(C)O1,II,1,SA10_Ames,none
SCS,III,0,,none
CC(C)=CCC/C(C)=C/Cc1cc2ccc(=O)oc2cc1O,III,1,SA30_Ames;SA38_Ames,none
C[n+]1ccc(-c2cc[n+](C)cc2)cc1,III,0,,none
CCCCCCCCC(CCC)OC(=O)C(CC(=O)[O-])S(=O)(=O)[O-].[Na+].[Na+],III,0,,none
CC1=CC(O)CC(C)C2CC(=C(C)C)CC12,I,0,,none
C/C(=C\C=O)CC/C=C(\C)CC(C)C,II,1,SA10_Ames,none
CC(=CC=O)CCC=C(C)CC(C)C,II,1,SA10_Ames,none
C=CBr,III,1,SA4_Ames,III
CCCCCCCCCCCCCCOC(=O)CCl,III,1,SA8_Ames,III
CI,III,1,SA8_Ames,none
CCCCCCCCCC(O)O,I,0,,none
CC(C)=CCOC(=O)c1ccccc1,I,0,,none
CCCC(=O)OC(C)(OC(=O)CCC)C(C)=O,III,0,,none
Cc1ccc([N+](=O)[O-])c([N+](=O)[O-])c1,III,1,SA27_Ames,II
CC/C=C\CC(OCC)OCC,I,0,,none
CCCCCCC1=CCC(=O)O1,I,0,,none
CCCCCCCCCCCCC1CO1,III,1,SA7_Ames,none
c1ccc2scnc2c1,II,0,,none
[Br-].[K+],III,0,,III
CC(C)C/C=C(/C=O)C(C)C,II,1,SA10_Ames,none
CC(C)CC=C(C=O)C(C)C,II,1,SA10_Ames,none
CCC=CCSSSSCC=CCC,III,0,,none
COc1ccc(C2(O)CC(C)=NN2C(=O)CCc2ccccc2O)cc1,II,0,,II
CC(=O)c1sc(C)cc1O,III,0,,none
CCCCCCCCN,I,0,,III
CC(C)COC(Cc1ccccc1)OCC(C)C,I,0,,none
CC(C)=CCCC(C)CC(OCCCCCCCCCCC(C)C)OCCCCCCCCCCC(C)C,I,0,,none
CCCCCCCCCCCCCCOC(C)=O,I,0,,none
O=NO,III,0,,none
C/C=C/SSC(C)CC,III,0,,none
CCCC[C@@H]1CCC(=O)O1,I,0,,none
CCCCC1CCC(=O)O1,I,0,,none
CCCC[C@H]1CCC(=O)O1,I,0,,none
CC(=O)Oc1ccccc1,I,0,,none
CCCCCCCCCCCCCCCC(=O)O,I,0,,none
CC1(C)CCCC2(C)C3CCOC3CCC12,III,0,,none
CC(=O)Nc1ccc(O)c(O)c1,III,1,SA28ter_Ames,none
CCCCOC(=O)C1CCCCC1,I,0,,none
CCCCCCCCC=CCCCCCCCCOCCO.O=P(O)(O)O,III,0,,none
CCCCCOC(=O)c1ccccc1C(=O)OCCCCC,I,0,,none
COc1ccc(C(=O)CCc2ccccn2)c(O)c1,III,0,,none
BrP(Br)Br,III,0,,III
O=CCOCCc1ccccc1,III,1,SA11_Ames,none
CCCCCCC1C(=O)CCC1C(=O)OC,I,0,,none
CCCCCOC(=O)CC(O)(CC(=O)[O-])C(=O)[O-],III,0,,none
CC1=CCC(C(C)(C)OC=O)CC1,I,0,,none
CCC(C)C(=S)OC,III,0,,none
C=CC(C)(O)CC/C=C(\C)CC/C=C(\C)CCC=C(C)C,I,0,,none
C=CC(C)(O)CCC=C(C)CCC=C(C)CCC=C(C)C,I,0,,none
Nc1c(N=Nc2ccc(-c3ccc(N=Nc4cc(S(=O)(=O)[O-])c5ccccc5c4N)cc3)cc2)cc(S(=O)(=O)[O-])c2ccccc12.[Na+].[Na+],III,1,SA29_Ames;aN=Na,III
C/C=C(/C=O)CC,II,1,SA10_Ames,none
CCC(C)(C)S,III,0,,none
COc1ccc(C(C)(C)C(=O)[O-])cc1,I,0,,none
CC(=O)Cc1ccco1,II,0,,none
C=CC=CC=CC=CCCC,I,0,,none
O=[N+]([O-])c1ccccc1O,III,1,SA27_Ames,II
C[C@H](C=O)c1ccccc1,I,1,SA11_Ames,none
C[C@@H](C=O)c1ccccc1,I,1,SA11_Ames,none
CC(C=O)c1ccccc1,I,1,SA11_Ames,none
CCC/C=C1\OC(=O)C2=C1CCC=C2,III,0,,none
CSC(=S)SC,III,0,,none
COc1ccc(C(C)=O)cc1OC,I,0,,none
C=CCC(C(=O)[O-])c1ccccc1,I,0,,none
CC(C)COC(=O)/C=C/c1ccccc1,I,0,,none
CC(C)COC(=O)C=Cc1ccccc1,I,0,,none
CC1=CC[C@@]23C[C@@H]1C(C)(C)[C@@H]2CC[C@@H]3C,I,0,,none
CC1=CC[C@@]23C[C@@H]1C(C)(C)[C@@H]2CC[C@H]3C,I,0,,none
CC1=CCC23CC1C(C)(C)C2CCC3C,I,0,,none
CC1=CCC23CC1C(C)(C)[C@@H]2CC[C@H]3C,I,0,,none
CC1=CC[C@@]23CC1C(C)(C)[C@@H]2CC[C@H]3C,I,0,,none
CCCCOC(=O)c1ccccc1C(=O)OCc1ccccc1,I,0,,none
CC=Cc1cc(C(C)C)ccc1C,I,0,,none
CC(CO)C1CCCCC1,I,0,,none
NC(C(=O)O)c1cc(=O)[nH]o1,III,0,,III
CC(=O)OCc1ccc(C)cc1C,I,0,,none
C/C(=N\NC(=O)Nc1cc(F)cc(F)c1)c1ncccc1C(=O)O,III,1,SA13_Ames,III
CC(=NNC(=O)Nc1cc(F)cc(F)c1)c1ncccc1C(=O)O,III,1,SA13_Ames,III
CCCCCC(=O)OC(C)(C)Cc1ccccc1,I,0,,none
CCCCc1nccnc1C,II,0,,none
CCC/C=C/CCC,I,0,,none
CCC/C=C\CCC,I,0,,none
CCC/C=C/COC(=O)CCCCCCC,I,0,,none
CCC/C=C/COC(=O)c1ccccc1,I,0,,none
O=C(c1ccccc1)C(O)c1ccccc1,III,0,,none
CCCCOC(=O)CCC(C)=O,III,0,,none
CCC(O)C(=O)OC1CC(C)CCC1C(C)C,I,0,,none
CC1=C[C@@]2(O)O[C@@]3(CC2=C(C)C)[C@@H](C)CC[C@@H]13,III,0,,none
NCc1ccc(CN)cc1,III,0,,III
CSC(=O)c1ccco1,III,0,,none
Oc1ccccc1Cl,III,0,,III
CNC(=O)Oc1ccccc1OC(C)C,III,0,,none
CCCC(C)(C)S,III,0,,none
CC(C)COCC(C)C.Oc1ccc2ccccc2c1,III,0,,none
Oc1ccccc1,I,0,,none
CCCCCCCCCCC(C)C=O,I,1,SA11_Ames,none
CC(C)=CCC/C(C)=C/CC[C@H](C)CC=O,I,1,SA11_Ames,none
CCc1ccccc1CC(C)(C)C=O,I,1,SA11_Ames,none
Cc1ccc(C(C)C)cc1OC=O,I,0,,none
CC(C)OC(Cc1ccccc1)OC(C)C,I,0,,none
Cc1cccnc1,III,0,,none
O=C1OCCCCCCCCCCCO1,III,0,,none
COc1ccc(CCC(=O)c2c(O)cc(O[C@@H]3O[C@H](CO)[C@@H](O)[C@H](O)[C@H]3O[C@@H]3O[C@@H](C)[C@H](O)[C@@H](O)[C@H]3O)cc2O)cc1O,III,0,,none
CCCN(CC1CC1)c1c([N+](=O)[O-])cc(C(F)(F)F)cc1[N+](=O)[O-],III,1,SA27_Ames,I
COc1c(Cl)cc(Cl)c(Cl)c1Cl,III,0,,III
C=C1CC[C@@H]2[C@H]([C@@H]3[C@H](C)CC[C@H]13)C2(C)C,I,0,,none
C=C1CC[C@@H]2[C@H](C3C1CC[C@@H]3C)C2(C)C,I,0,,none
C=C1CC[C@H]2[C@@H]([C@H]3C(C)CC[C@@H]13)C2(C)C,I,0,,none
C=C1CCC2C(C3C(C)CCC13)C2(C)C,I,0,,none
C=C1CC[C@@H]2[C@H]([C@@H]3[C@H](C)CC[C@@H]13)C2(C)C,I,0,,none
CCC=CCCOCCC=CCC,III,0,,none
CC(C)CC(O)Cc1ccccc1,I,0,,none
C1CN1c1nc(N2CC2)nc(N2CC2)n1,III,1,SA7_Ames,II
C=CC(C)(O)CCCC(C)C,I,0,,none
CCC1OC(=O)C(O)=C1C,I,0,,none
CC(C)(C)C(=O)O,I,0,,none
CCCCCCCCCCCCCCCCCCCCCCCCCCCCCCC,I,0,,none
C[Si]1(C)O[Si](C)(C)O[Si](C)(C)O[Si](C)(C)O[Si](C)(C)O[Si](C)(C)O1,III,0,,none
CC(=O)CC(C)SCc1ccco1,III,0,,none
Cc1c(O)ccc([N+](=O)[O-])c1[N+](=O)[O-],III,1,SA27_Ames,II
CNC.O=C(O)COc1ccc(Cl)cc1Cl,III,0,,III
C/C=C/c1ccc(OC(C)=O)c(OC)c1,I,0,,none
CC=Cc1ccc(OC(C)=O)c(OC)c1,I,0,,none
CCCCOC(=O)c1ccc(N)cc1,III,1,SA28_Ames,III
CC/C=C/CCOC(=O)CCCCCCCCCCCCCCC,I,0,,none
CCC=CCCOC(=O)CCCCCCCCCCCCCCC,I,0,,none
C[C@@H](NC(=O)[C@@H](N)CC(=O)O)C(=O)NC1C(C)(C)SC1(C)C,II,0,,III
CCC=CCC=CCC=CCCC(C)=O,III,0,,none
CC(C)(O)C(C)(C)O,I,0,,none
CC(C)(C)C(=O)OC[C@H]1O[C@@H](N2CCC(=O)C[C@H]2c2ccccc2)[C@H](OC(=O)C(C)(C)C)[C@H](OC(=O)C(C)(C)C)[C@@H]1OC(=O)C(C)(C)C,III,0,,II
CC(=O)O[C@H](C)CCc1ccccc1,I,0,,none
CC(=O)OC(C)CCc1ccccc1,I,0,,none
C[C@H]1CC2=CC(=O)CC[C@]2(C)[C@H]2CC[C@@]3(C)[C@@H](CC[C@]3(C)O)[C@H]12,III,1,SA10_Ames,none
CCc1ccsc1CC,III,0,,none
C=C(CCOC(C)=O)C1CC=C(C)CC1,I,0,,none
CC(=O)Nc1ccc(S(=O)(=O)N2CCN(C3CCCCCC3)CC2)cc1,III,1,SA28ter_Ames,II
CC(C)OC(=O)Cl,III,1,SA1_Ames,III
C=CC(C)(CC/C=C(\C)CC)OC(C)=O,I,0,,none
C=CC(C)(CCC=C(C)CC)OC(C)=O,I,0,,none
Cc1cccc(C)c1,I,0,,none
CN(C)C(=O)Nc1ccc(Oc2ccc(Cl)cc2)cc1,III,0,,III
CCCCCCCCCC(=O)CC(=O)OCC(O)CO,I,0,,none
CC(C)/C=C1/OC(=O)C2=CC=CCC21,III,0,,none
CCCC(=O)OCCCc1ccccc1,I,0,,none
O=C1CCCCCC=CC=CCCCCCC1,II,0,,none
Cc1ccc(O)cc1,I,0,,none
CN(C)c1ccc(N=NS(=O)(=O)[O-])cc1.[Na+],III,1,SA28bis_Ames,II
COc1c(Cl)ccc(Cl)c1C(=O)O,III,0,,III
O=[N+]([O-])[O-].O=[N+]([O-])[O-].[Ba+2],III,0,,II
CCCC/C=C/CC(=O)O,I,0,,none
CCCCC=CCC(=O)O,I,0,,none
CCCCN(CCO)CCCC,I,0,,II
CC[C@H](C)CCO,I,0,,none
CCC(C)CCO,I,0,,none
COc1ccccn1,II,0,,none
NC(=O)c1ncn([C@@H]2O[C@H](CO)[C@@H](O)[C@H]2O)n1,III,0,,II
CC1(C)[C@H]2CC[C@]1(C)[C@@H](OCCO)C2,III,0,,none
CC1(C)C2CCC1(C)C(OCCO)C2,III,0,,none
CCCCCCCC1=CCCC1=O,III,1,SA10_Ames,none
CSCS,I,0,,none
CC(C)CC(=O)C(=O)[O-].[Na+],I,0,,none
CCCC(=O)OCc1ccco1,II,0,,none
CC(=O)/C(C)=C(\C)C(C)C(C)(C)C,II,1,SA10_Ames,none
CC(=O)/C(C)=C(/C)C(C)C(C)(C)C,II,1,SA10_Ames,none
CC(=O)C(C)=C(C)C(C)C(C)(C)C,II,1,SA10_Ames,none
C=CCSSSCCC,III,0,,none
C=CCC(C(C)=O)C(=O)OCC,III,0,,none
C=C1CCCC(C)(C)C1C(=O)/C=C/C,II,1,SA10_Ames,none
C=C1CCCC(C)(C)[C@H]1C(=O)/C=C/C,II,1,SA10_Ames,none
C=C1CCCC(C)(C)[C@@H]1C(=O)/C=C/C,II,1,SA10_Ames,none
CCOc1ccc(Cl)cc1,III,0,,III
C=C1C[C@]23C[C@@]1(O)CC[C@H]2[C@@]12C=C[C@H](O)[C@@](C)(C(=O)O1)[C@H]2[C@@H]3C(=O)O,III,0,,none
CCc1ccccc1O,I,0,,none
CC(=O)OC/C(C)=C\CC[C@]1(C)C2C[C@@H]3[C@H](C2)C31C,I,0,,none
CCOC(CCOCCC(C)C)OCC,III,0,,none
CCCCCC(O)CCC,I,0,,none
N[C@@H](CC(=O)O)C(=O)[O-].N[C@@H](CCC[NH3+])C(=O)O,III,0,,III
Cc1cc(C)oc(=O)c1,I,0,,none
CCCCCCCCCCCCCCCC(=O)OCCCCCCCCCC,I,0,,none
C=C(C)COC(=O)CCCCC,I,0,,none
CC(=O)/C=C/C(C)C,II,1,SA10_Ames,none
CC(=O)C=CC(C)C,II,1,SA10_Ames,none
O=C(F)F,III,1,SA1_Ames,III
CCCCCCC(=O)CC,I,0,,none
CC(O)C(=O)OCCc1ccccc1,I,0,,none
CCOC(=O)CC(=O)OCC,I,0,,none
CN1CCC23c4c5ccc(O)c4OC2C(O)C=CC3C1C5.O,III,0,,II
CC(C)C(=O)OC1CCCCC1,I,0,,none
CCCC1(CCC)Oc2ccccc2O1,I,0,,none
CCCCCC(C=O)Cc1ccccc1,II,1,SA11_Ames,none
S=C=NCCc1ccccc1,III,1,SA15_Ames,none
CCC/C=C/CCCCC(=O)O,I,0,,none
CCCC=CCCCCC(=O)O,I,0,,none
CC(C)c1ccc(C(C)C=O)cc1,I,1,SA11_Ames,none
CCOC(=O)C(O)C(C)C,I,0,,none
Oc1c(Cl)c(Cl)c(Cl)c(Cl)c1Cl,III,0,,III
CC(C)C(C)CCCCCCCCC=O,I,1,SA11_Ames,none
CC(C)=CC(=O)SC(C)C,III,1,SA10_Ames,none
CC(C)[C@@H]1C=C[C@@](C)(O)CC1,I,0,,none
CC(C)C1C=CC(C)(O)CC1,I,0,,none
CC(C)[C@H]1C=C[C@](C)(O)CC1,I,0,,none
CC(C)[C@H]1C=C[C@@](C)(O)CC1,I,0,,none
CC(C)[C@@H]1C=C[C@](C)(O)CC1,I,0,,none
COc1ccccc1OC(=O)c1ccccc1,I,0,,none
CC(COCC(C)OC(=O)c1ccccc1)OC(=O)c1ccccc1,III,0,,none
CC(=O)O.CC(O)CO,I,0,,none
CCCCC/C=C\C(=O)OCCCC,I,0,,none
CCCCCC=CC(=O)OCCCC,I,0,,none
CCCCCNCCCCC,III,0,,III
CCC(=O)OC(C)(C)C,I,0,,none
CCCCC(C)OC(=O)c1ccco1,II,0,,none
CCOC(=O)CCc1ccccc1,I,0,,none
CCCCC=CCCCC1CCCC(=O)O1,I,0,,none
CCCC/C=C\CCCC1CCCC(=O)O1,I,0,,none
COc1ccccc1COC(C)=O,I,0,,none
CCCCCCOC(CCCCC)OCCCCCC,I,0,,none
CCCCCCC1=C(C)CCC1=O,II,1,SA10_Ames,none
CCCCCC=O,I,1,SA11_Ames,none
OCC1=C[C@H](N[C@H]2C[C@H](CO)[C@@H](O[C@@H]3O[C@H](CO)[C@@H](O)[C@H](O)[C@H]3O)[C@H](O)[C@H]2O)[C@H](O)[C@@H](O)[C@@H]1O,III,0,,III
C=Cc1cnc(C)cn1,II,0,,none
CC(C)CCN=C=S,III,1,SA15_Ames,none
C=C/C(C)=C/CCC(C)(C)OC(C)=O,I,0,,none
C=CC(C)=CCCC(C)(C)OC(C)=O,I,0,,none
C/C=C/C(=O)OCCC(C)C,I,0,,none
C/C=C\C=C\C(=O)OCCC,I,0,,none
C/C=C/C=C/C(=O)OCCC,I,0,,none
CC(=O)OC(C)C1CCCCC1,I,0,,none
Cl.Cl.N[13CH2]CCCC(N)C(=O)O,III,0,,III
C#CCOC(=O)[C@@H](C)Oc1ccc(Oc2ncc(Cl)cc2F)cc1,III,0,,III
S=C=Nc1cccc2ccccc12,III,1,SA15_Ames,none
O=C(O)C1CCCC1,I,0,,none
CCCCOC(C)OCCc1ccccc1,I,0,,none
CC[C@@H]1CCC(=O)O1,I,0,,none
CCC1CCC(=O)O1,I,0,,none
CC[C@H]1CCC(=O)O1,I,0,,none
CCC1(C)COC(=O)O1,I,0,,none
CC(CC=O)C1CCC(C)(O)CC1,I,1,SA11_Ames,none
Nc1ccc2ccccc2c1,III,1,SA28_Ames,III
O=C1CCCCCN1,II,0,,none
CC1(C)C2CCC(C)(C3(C)CCC4CC3(C3(C)CCC5CC3C5(C)C)C4(C)C)C1C2.CCC(=O)O,II,0,,none
NS(=O)(=O)c1cc2c(cc1Cl)NC=NS2(=O)=O,III,0,,III
CC(C)C1CCC2CC(O)CCC2C1,I,0,,none
CC(OCCc1ccccc1)OCCc1ccccc1,I,0,,none
CCCCC(CCC)OC(=O)CC(C)=O,I,0,,none
CCCCOC(=O)/C=C/C(=O)OCCCC,I,0,,none
Cc1csc(CC(C)C)n1,II,0,,none
O[B-]1(O)OO[B-](O)(O)OO1.[Na+].[Na+],III,0,,none
CCCCCCCC1C(=O)CCC1C,III,0,,none
CCc1cccs1,III,0,,none
CCC(C)(C)OC(C)=O,I,0,,none
C=C(C)[C@H]1CC[C@@H](C)[C@H]1C=O,I,1,SA11_Ames,none
CSCCCC(N)=O,I,0,,II
CCCCCOC(=O)c1ccccc1N,III,1,SA28_Ames,III
O=C(O)CCCc1ccc(N(CCCl)CCCl)cc1,III,1,SA5_Ames,III
CCCOC(=O)CCOC,I,0,,none
N#[N+]c1c(O)cc(S(=O)(=O)[O-])c2c([N+](=O)[O-])cccc12,III,1,SA27_Ames,II
CC/C=C\CCOC(=O)CC(C)=O,I,0,,none
CC/C=C/CCOC(=O)CC(C)=O,I,0,,none
O.O.O=C([O-])CN(CCN(CC(=O)[O-])CC(=O)[O-])CC(=O)[O-].[Ca+2].[Na+].[Na+],III,0,,II
O=[N+]([O-])c1cccc([N+](=O)[O-])c1O,III,1,SA27_Ames,II
CCC=CCCC(=O)OCC(C)C,I,0,,none
CC(C)=CCC/C(C)=C/COC(=O)C=Cc1ccccc1,I,0,,none
CC(C)=CCC/C(C)=C/COC(=O)/C=C/c1ccccc1,I,0,,none
[O]N=O,III,0,,none
Cc1ccccc1N(C)C,III,1,SA28bis_Ames,II
CO[C@@H]1C[C@H](C)CC[C@H]1C(C)C,III,0,,none
COC1CC(C)CCC1C(C)C,III,0,,none
C1CC2C3CC(C2C1)C1(CCCO1)C3,III,0,,none
C=CCSS(=O)CC=C,III,0,,none
CCCCCn1cc(C(=O)c2cccc3ccccc23)c2ccccc21,III,0,,none
CCCCCC(=O)CCCC,I,0,,none
CCc1cnccc1C,III,0,,none
CC(C)C(=O)OCCc1ccccc1,I,0,,none
CC1(C)CCOCS1,II,0,,none
COC(CO)c1ccccc1,III,0,,none
Cc1cc(SSc2cc(C)oc2C)c(C)o1,III,0,,none
CC1CCCC(=O)C1=O,III,0,,none
C[C@H]1CCCC(=O)C1=O,III,0,,none
COc1ccc(C(C)C=O)cc1,I,1,SA11_Ames,none
CC1CC(C)(C)CCC1=O,I,0,,none
CCOC(=O)C(C)Cl,III,1,SA8_Ames,III
CC(=O)c1ccccc1O,I,0,,none
CCc1csc(C)n1,II,0,,none
C=CCc1ccc(OC(=O)Cc2ccccc2)c(OC)c1,I,1,SA38_Ames,none
CC1CCCNC1,II,0,,III
CC(C)CC=CO,III,0,,none
CCCCCC/C=C/CCCCCCCC(=O)OCC,I,0,,none
CC(=O)C(=O)C(C)C,III,0,,none
CC1COC(C)(c2ccc3c(c2)C(C)(C)CCC3(C)C)O1,II,0,,none
CCCCCCCCCCCCOC(=O)CCC,I,0,,none
C=CCc1ccc(OCCCCC)c(OC)c1,III,1,SA38_Ames,none
CC(=O)c1c(O)oc(C)cc1=O,II,0,,none
Cc1ccc(C(C)O)cc1,I,0,,none
Cc1ccccc1OCc1ccccc1,III,0,,none
FC(F)C(Cl)(Cl)C(F)(F)F,III,0,,I
Cc1ccccc1-n1c(C)nc2ccccc2c1=O,II,0,,II
[U],III,0,,none
O=C(O)CCCC(=O)O,I,0,,none
N#Cc1ccccc1,III,0,,none
CC(C)CCOC(=O)/C=C/c1ccccc1,I,0,,none
CC(C)CCOC(=O)C=Cc1ccccc1,I,0,,none
C/C1=C\[C@@H](OC(=O)CCNC(=O)OCc2ccccc2)C(=O)/C=C/C=C\c2csc(n2)[C@H](C)NC(=O)C[C@@]2(CC1)S(=O)SC(=O)[C@]2(C)O,III,1,SA10_Ames;SA16_Ames,none
CCC(=O)OC1CC2(C)CCC1C2(C)C,I,0,,none
CCC(C)CCC(C)(CC)OC(C)=O,I,0,,none
CCCCC/C=C\CCCC(=O)O,I,0,,none
CCCCCC=CCCCC(=O)[O-],III,0,,none
CCc1ccc(CC(C)(C)C=O)cc1,I,1,SA11_Ames,none
CC1=C(C)C2(C)CCC1(C)C(C)(C)C2(C)O,III,0,,none
O=C([O-])c1cc(N=Nc2ccc(N=Nc3ccc(O)c(C(=O)[O-])c3)c(S(=O)(=O)[O-])c2)ccc1O.[Na+].[Na+].[Na+],III,1,SA29_Ames;aN=Na,none
CC(=O)c1nc(C)cnc1C,II,0,,none
CCC1CCCC(=O)O1,I,0,,none
CC(C)OC(=O)OCOP(=O)(CO[C@@H](C)Cn1cnc2c(N)ncnc21)OCOC(=O)OC(C)C,III,1,SA28_Ames,III
CC1(C)SC2C(N3C(=O)C(c4ccccc4)NC3(C)C)C(=O)N2C1C(=O)[O-].[Na+],III,0,,III
CC1(C)C(=CCO)C2CCC1C2,I,0,,none
CC1(C)/C(=C\CO)C2CCC1C2,I,0,,none
CC(C)CCC=O,I,1,SA11_Ames,none
CCOC(=O)C(=O)CC(=O)CC,III,0,,none
CCOC(=O)c1ccc2c(c1)OCO2,III,0,,none
CCCCCCCC(=O)OC,I,0,,none
O=CC(=Cc1ccccc1)c1ccco1,II,0,,none
CC1(O)CCC(C(C)(C)O)CC1.O,III,0,,none
CCCCCCCC=COC(=O)CC(C)C,III,1,SA24_Ames,none
CC(=O)[C@H]1CC[C@H]2[C@@H]3C=CC4=CC(=O)CC[C@@]4(C)[C@@H]3CC[C@]12C,III,1,SA10_Ames,none
C=CCSSSC,III,0,,none
C=C(C)CCC[C@H](C)CCO,I,0,,none
C=C(C)CCCC(C)CCO,I,0,,none
CC(C)=C1CCC(C)CC1O,I,0,,none
O.O=C([O-])CN(CCN(CC(=O)[O-])CC(=O)[O-])CC(=O)[O-].[Ca+2].[Na+].[Na+],III,0,,II
O.O=C([O-])C[NH+](CC[NH+](CC(=O)[O-])CC(=O)[O-])CC(=O)[O-].[Ca+2].[Na+].[Na+],III,0,,none
Cc1c([N+](=O)[O-])cc([N+](=O)[O-])c(C(C)(C)C)c1[N+](=O)[O-],III,1,SA27_Ames,II
CCC/C=C/C(C)=O,II,1,SA10_Ames,none
CCCC=CC(C)=O,II,1,SA10_Ames,none
O=C1CCCCC1,I,0,,none
CC(=O)CC[C@@H]1C(C)=CCCC1(C)C,I,0,,none
CC(=O)CC[C@H]1C(C)=CCCC1(C)C,I,0,,none
CC(=O)CCC1C(C)=CCCC1(C)C,I,0,,none
CCCCCCCCCOC(=O)CC(C)C,I,0,,none
[Ca+2].[Ca+2].[O-][Si]([O-])([O-])[O-],III,0,,none
CCP(Cl)Cl,III,0,,III
CC(C)=CCC1(C)CCC(C)=C(C)C1=O,II,1,SA10_Ames,none
O=C1C2CC=CCC2C(=O)N1SC(Cl)(Cl)C(Cl)Cl,III,1,SA8_Ames,III
CCC1=C(O)C(=O)CC1,II,1,SA10_Ames,none
O=C1CCCCCCCCCCCN1,II,0,,none
Cl[Zn]Cl,III,0,,III
CCCCCCCCCCCCCC(=O)OCCCCCC,I,0,,none
CC(=O)OC/C=C(\C)CCC[C@H](C)CCC[C@H](C)CCCC(C)C,I,0,,none
CC(=O)OCC=C(C)CCCC(C)CCCC(C)CCCC(C)C,I,0,,none
C=CC(=O)OCC,I,0,,none
CC1CC(CC(=O)C2CCCC2=O)CC(C)(C)C1,I,0,,none
CC(C)CC(=O)OCCc1ccccc1,I,0,,none
CCCCCCCCCCCCC(O)CCC,I,0,,none
COC(=O)C1(c2ccccc2)OC1C,III,1,SA7_Ames,none
C[As](=O)([O-])O.[Na+],III,0,,none
COc1cccc(C=O)c1OC,I,1,SA11_Ames,none
O=C1CC/C=C\CCCCCCCCCC1,II,0,,none
CC(=O)C1=CC(C)(C)CCC1,II,1,SA10_Ames,none
CCc1cnc(C)s1,II,0,,none
CC1=CCCC(C)(C)C1C/C=C(\C)C=O,II,1,SA10_Ames,none
CCOP(C)(=O)SCCN(C(C)C)C(C)C,III,0,,II
c1ccc(CCCc2ccccn2)cc1,II,0,,none
O=CCC1CCCCC1,I,1,SA11_Ames,none
CCCC1(C(C)(C)C)CCC(C)O1,II,0,,none
N#CC(C#N)=Cc1ccccc1Cl,III,0,,III
CCOC(=O)C1CCCCC1,I,0,,none
CCC=CC=C=CC(C)=O,II,0,,none
CCCC(=O)OC[C@@H](O)c1ccccc1,I,0,,none
CCCC(=O)OCC(O)c1ccccc1,I,0,,none
CCCCCCCC(C)CC,I,0,,none
C=CC(C)CCOC(=O)/C(C)=C\C,I,0,,none
CCc1cccc(C)c1N,III,0,,III
COc1cccc(C=O)c1O,I,1,SA11_Ames,none
O=C=S,III,0,,none
CC(C)N,I,0,,III
CC(C)=CC(=O)C=C1COC1=O,II,1,SA10_Ames;SA6_Ames,none
C=C(C)CC(C)OC(=O)C(C)C,I,0,,none
CCCCCCCCCCC(=O)OCCC(C)C,I,0,,none
Cc1cccc(N)c1,III,1,SA28_Ames,III
CC/C=C(\C)C(=O)O,I,0,,none
CCC=C(C)C(=O)O,I,0,,none
CCCCCCCCCC1CCC(=O)O1,I,0,,none
CC(=O)C1(O)CCCCC1,I,0,,none
CC.OO,III,0,,none
CC/C=C\CCOC(=O)C(C)CC,I,0,,none
CCC=CCCOC(=O)C(C)CC,I,0,,none
CC[C@@H]1CC(C)(C)CCC1=O,I,0,,none
CC[C@H]1CC(C)(C)CCC1=O,I,0,,none
CCC1CC(C)(C)CCC1=O,I,0,,none
O=[Mo](=O)=O,III,0,,none
CC(=O)OC(c1ccccc1)C(Cl)(Cl)Cl,III,0,,III
C/C=C/c1ccccc1.C=CCc1ccc(O)c(OC)c1,III,1,SA38_Ames,none
CC(=O)CC(=O)OC(C)(C)C,I,0,,none
O=BOB=O,III,0,,none
C=Cc1ccc(C)cc1,I,0,,none
CCOC(=O)COC,I,0,,none
COCCOCCOCCO,III,0,,none
C=CC(=O)CC,II,1,SA10_Ames,none
CCC(C)CC(=O)OCCC(C)C,I,0,,none
Cc1cc(NS(=O)(=O)c2ccc(N)cc2)no1,III,1,SA28_Ames,III
CC(CC=O)CCCC(C)(C)O.COC(=O)c1ccccc1N,III,1,SA11_Ames;SA28_Ames,III
CC1=C(O)C(=O)C(C)(C)C1,II,1,SA10_Ames,none
C[C@@H]1CCC[C@]2(C)CCCC[C@@]12O,I,0,,none
C[C@H]1CCC[C@@]2(C)CCCC[C@@]12O,I,0,,none
C[C@H]1CCC[C@@]2(C)CCCC[C@]12O,I,0,,none
CC1CCCC2(C)CCCCC12O,I,0,,none
CCOC(C)c1cnccn1,II,0,,none
C/C=C\c1ccc(OC(C)OCC)c(OC)c1,I,0,,none
C/C=C/c1ccc(OC(C)OCC)c(OC)c1,I,0,,none
CN(C)c1ccccc1,III,1,SA28bis_Ames,II
C[Si](Cl)(Cl)Cl,III,0,,III
CCOC(=O)C(C)(C)SC,I,0,,none
O=C1CCC(C2CCCCC2)CC1,I,0,,none
N#CC#N,III,0,,none
COc1cc(/C=C/CO)ccc1O,I,0,,none
COc1ccc2c(c1)c(CC(=O)[O-])c(C)n2C(=O)c1ccc(Cl)cc1.[Na+],III,0,,III
CCCCOC(=O)C(CC)C(=O)[O-],III,0,,none
C=C(C)c1cnccn1,II,0,,none
C=CCSCCC,I,0,,none
CC1C2CCC(C3(O)CCCCC3)(C2)C1(C)C,I,0,,none
CC(=O)OC(C)C,I,0,,none
CCC=C(C)C,I,0,,none
CC(=O)CCC1=C(C)CCC(C)C1(C)C,I,0,,none
CC(O)C1CCCCC1,I,0,,none
COc1cc(C(=O)O)cc(OC)c1O,I,0,,none
CCOC(=O)CC(C)SCC,I,0,,none
CC(C)CCCCCCCCCCCCCCC(=O)OCC(COC(=O)CCCCCCCCCCCCCCC(C)C)OC(=O)CCCCCCCCCCCCCCC(C)C,I,0,,none
CCCCCCCCCCCCC(=O)OC,I,0,,none
CC(C)COC(=O)C(F)(F)F,III,0,,I
CC(=O)c1c(C)cc(C(C)(C)C)cc1C,I,0,,none
Cc1ccc(C)c(NC(=O)C(C)Sc2ccccc2)c1,III,0,,none
CCCCCCCC(=O)OCc1ccco1,II,0,,none
CCCCCCCCC(O)C(=O)OCC,I,0,,none
CC(=O)OC(C)CCCC(C)C,I,0,,none
CN(C)c1ccc(Cc2ccc(N(C)C)cc2)cc1,III,1,SA28bis_Ames,II
CC(C)=CCCC(C)=CCCC(C)C=CO,III,0,,none
c1ccc2c(c1)cc1ccc3cccc4c5ccccc5c2c1c34,III,1,SA18_Ames,none
CCCO[N+](=O)[O-],III,0,,II
CSCCCCO,I,0,,none
CCC(=O)SCc1ccco1,III,0,,none
C/C=C/c1ccc(OC(=O)CC(C)C)c(OC)c1,I,0,,none
C/C=C(/C)C(=O)OCC/C=C/CC,I,0,,none
C/C=C(/C)C(=O)OCC/C=C\CC,I,0,,none
C/C=C(\C)C(=O)OCC/C=C\CC,I,0,,none
CC=C(C)C(=O)OCCC=CCC,I,0,,none
CCCCC(C(C)=O)C(=O)O,I,0,,none
CC(C)=CCC/C(C)=C/COC(=O)c1ccco1,II,0,,none
CSC(=O)CCC(C)C,III,0,,none
CSC(=O)C(C)C,III,0,,none
Cc1ccc(C=O)c(O)c1,I,1,SA11_Ames,none
CCCCCCc1ccc(/C=C/C(OC)OC)cc1,II,0,,none
CCCCCCc1ccc(C=CC(OC)OC)cc1,II,0,,none
C/C=C/CCCCCCCC,I,0,,none
CCCCCCCCCC(C)C=Nc1ccccc1C(=O)OC,III,0,,none
CCCC(=O)OC1=C(C)OC(C)C1=O,II,1,SA10_Ames,none
CCOCC(C)O,I,0,,none
CC(=O)CCC(=O)O,III,0,,none
COC(=O)C(O)CC(C)C,I,0,,none
O=[Cr](=O)([O-])O[Cr](=O)(=O)[O-].[NH4+].[NH4+],III,0,,none
CCOC(N)=O,III,1,SA16_Ames,II
CCCCCSCCCCC,I,0,,none
CC(=O)OCC[C@H](C)CCC=C(C)C,I,0,,none
CC(=O)OCC[C@@H](C)CCC=C(C)C,I,0,,none
CC(=O)OCCC(C)CCC=C(C)C,I,0,,none
CC(C)[C@H](C)N,I,0,,III
O=C/C(=C\c1ccco1)c1ccccc1,II,0,,none
O=C/C(=C/c1ccco1)c1ccccc1,II,0,,none
CCCCCCCCCCOC,I,0,,none
O=[Se]=O,III,0,,none
ClCBr,III,1,SA8_Ames,III
CCCCCCCOC(=O)CCC,I,0,,none
CCCC=CC(=O)CC,II,1,SA10_Ames,none
CCC/C=C/C(=O)CC,II,1,SA10_Ames,none
CC1=CCC2C1[C@@H]1C[C@@H]2C(C)C1O,I,0,,none
CC1=CCC2C3CC(C(O)C3C)C12,I,0,,none
CS1=CNCC1,III,0,,III
CCCCCCCOC(=O)c1ccccc1C(=O)OCCCCCCC,I,0,,none
CC(C)CCCCCCCCCCOC(CC(C)CCCC(C)(C)O)OCCCCCCCCCCC(C)C,I,0,,none
CCCCON=O,III,1,SA9_Ames,none
C(=C\C1OCCO1)\c1ccccc1,II,0,,none
C(=C/C1OCCO1)\c1ccccc1,II,0,,none
CSSCC(C)C,III,0,,none
CCCCC1OC1/C=C/C=O,III,1,SA10_Ames;SA7_Ames,none
CCCCC1OC1C=CC=O,III,1,SA10_Ames;SA7_Ames,none
O=C1CCCC=C1O,II,1,SA10_Ames,none
C=C/C=C/C=C/CCCCC,I,0,,none
C=CC=CC=CCCCCC,I,0,,none
CCCCSSS,III,0,,none
O=[Cr](=O)([O-])[O-].[Li+].[Li+],III,0,,none
CCCCNCCCC,III,0,,III
CCCCCCOC(CCCC)OCCCCCC,I,0,,none
COC(=O)c1cc(C)ccc1O,I,0,,none
FC(F)C(F)(F)Cl,III,0,,I
SC(c1ccccc1)(c1ccccc1)c1ccccc1,III,0,,none
CCCCCCCCCCCCN,I,0,,III
CC(C)CCCC1CCCCC1=O,I,0,,none
C=C(C)C1CCC2(C)OOC(C1)O2,III,0,,none
CCOc1ccc(C=O)cc1,I,1,SA11_Ames,none
C=C1CCOC(C=C(C)C)C1,II,0,,none
CC(=O)/C(C)=C\C1C(C)=CCCC1(C)C,II,1,SA10_Ames,none
CC(=O)/C(C)=C/C1C(C)=CCCC1(C)C,II,1,SA10_Ames,none
CC(=O)C(C)=CC1C(C)=CCCC1(C)C,II,1,SA10_Ames,none
CC(=O)OCCCc1ccccc1,I,0,,none
CCc1ccc(C)cc1,I,0,,none
Cc1cccc2cccnc12,III,0,,none
CCCCCCCCC(C=O)=Cc1ccccc1,II,0,,none
CCCCCC/C=C/C(C)=O,II,1,SA10_Ames,none
CCCCCCC=CC(C)=O,II,1,SA10_Ames,none
CCCOc1nn(C(=O)[N-]S(=O)(=O)c2ccccc2C(=O)OC)c(=O)n1C.[Na+],III,0,,II
C=C[C@@]1(C)OC(C)(C)CC[C@@H]1O,II,0,,none
C=C[C@]1(C)OC(C)(C)CC[C@@H]1O,II,0,,none
CCC(C)(O)CCC=C(C)C,I,0,,none
CCOCCC(=O)O,I,0,,none
CC(CC=O)CCCC(C)(C)O.Cc1c[nH]c2ccccc12,III,1,SA11_Ames,none
O=COCCCC1CCCCC1,I,0,,none
C=CCCCCCCC,I,0,,none
CCCCCCOC(=O)C(S)CC,I,0,,none
CCC[C@H](CCO)SC,I,0,,none
CCCC(CCO)SC,I,0,,none
CCC[C@@H](CCO)SC,I,0,,none
CC(CC(C)C)=NCCN(CCN=C(C)CC(C)C)CC(O)COc1ccccc1,III,0,,II
CCCC[C@H]1O[C@@H]1C=O,III,1,SA11_Ames;SA7_Ames,none
CCCCC1OC1C=O,III,1,SA11_Ames;SA7_Ames,none
CCCCCC(=O)OC(C)C,I,0,,none
CCc1c([N+](=O)[O-])cc(C(C)(C)C)c(OC)c1[N+](=O)[O-],III,1,SA27_Ames,II
CC(=O)CCCO,I,0,,none
Cc1ccc2c(c1)OC(=O)C2C,I,0,,none
Cc1ccc2c(c1)OC(=O)[C@H]2C,I,0,,none
COCC(C)c1ccccc1,III,0,,none
CCCCOC(=O)C(C)C,I,0,,none
CCCCCCC1=CCCC(=O)O1,I,0,,none
C=CC(=C)CC/C=C(\C)CCC=C(C)C,I,0,,none
C=CC(=C)CC/C=C(/C)CCC=C(C)C,I,0,,none
ClNCl,III,0,,III
CCC[N+](=O)[O-],III,0,,II
C/C=C(\C)C(=O)OCCCCCC,I,0,,none
CC=C(C)C(=O)OCCCCCC,I,0,,none
C/C=C(/C)C(=O)OCCCCCC,I,0,,none
O=C(O)CCCc1c[nH]c2ccccc12,II,0,,none
CCCCCC1CCOC(CCCCC)O1,I,0,,none
C=CC(=O)CCC,II,1,SA10_Ames,none
CCCCCC[C@H]1CCCC1=O,I,0,,none
CCCCCCC1CCCC1=O,I,0,,none
Cl[V](Cl)(Cl)Cl,III,0,,III
CC(C)CCOCOCCC(C)C,III,0,,none
CCCCCC=CC(=O)OCCCCCC,I,0,,none
CCCCCCCC=CC=CO,III,0,,none
COC(=O)[C@@H]1CC[C@](C)(C(=O)OC)C1(C)C,I,0,,none
C=C(C)C(CO)C/C=C(/C)CCC=C(C)C,I,0,,none
CC1=CCC(C(C)CCO)CC1,I,0,,none
CC(C)CCSSSCCC(C)C,III,0,,none
CC(=O)OCCOC(C)=O,I,0,,none
Cc1ccc(C(C)C=O)cc1,I,1,SA11_Ames,none
CCCC(S)CCOC(C)=O,I,0,,none
CC(C)=CCCC(C)CC=NO,III,0,,none
[N-]=[N+]=N,III,1,SA22_Ames,none
CC1=NCCS1,II,0,,none
c1ccncc1,III,0,,none
[2H]C([2H])([2H])OC(=O)[C@@H]1CC2=CC(=O)CC[C@]2(C)[C@@]23O[C@H]2C[C@@]2(C)C(CC[C@@]24CCC(=O)O4)C13,III,1,SA10_Ames;SA7_Ames,none
O=P([O-])([O-])OP(=O)([O-])[O-].[Ca+2].[Ca+2],III,0,,none
CC1=C[C@H]2C(=CC1)[C@@H](C)CC[C@@H]2C(C)C,I,0,,none
CC1=CC2C(=CC1)[C@@H](C)CCC2C(C)C,I,0,,none
C=CCc1ccc(OC=O)c(OC)c1,I,1,SA38_Ames,none
C=C(C)[C@H]1Cc2c(ccc3c2O[C@@H]2COc4cc(OC)c(OC)cc4[C@@H]2C3=O)O1,III,0,,none
C=C(C)C1Cc2c(ccc3c2OC2COc4cc(OC)c(OC)cc4C2C3=O)O1,III,0,,none
CC(=O)OC1C(C)(C)[C@@H]2CC[C@@]1(C)C2,I,0,,none
CC(=O)OC1C2(C)CCC(C2)C1(C)C,I,0,,none
C[C@H]1CCC[C@]2(C)CC[C@@]3(C(C)(C)O)C[C@@]123,I,0,,none
C=CC(=O)OCC(C)(C)OC(C)C1CCCC(C)(C)C1,III,0,,none
CCOC1CC(C)CC(C)(C)C1,III,0,,none
CCO[C@@H]1C[C@H](C)CC(C)(C)C1,III,0,,none
CC(C)(C)C(=O)Cl,III,1,SA1_Ames,III
CCCCCC(C)C,I,0,,none
C[C@H](O)C(=O)O,I,0,,none
CC(O)C(=O)[O-],III,0,,none
CC(O)C(=O)O,I,0,,none
C[C@@H](O)C(=O)O,I,0,,none
CC(=O)C=CC1C(C)=CC(C)CC1(C)C,II,1,SA10_Ames,none
COc1ccc(C=O)cc1O,I,1,SA11_Ames,none
CCCCCCCCC=COC(C)=O,III,1,SA24_Ames,none
Oc1ccc2ccccc2c1,III,0,,none
CC(=O)C1=C(C)C2CC3(C)CC(C2(C)C1)C3(C)C,II,1,SA10_Ames,none
CCCCC(S)CCOC(C)=O,I,0,,none
CC(C)CCSCCC(C)C,I,0,,none
CC(C)=CCCC1(C)CCC(=O)O1,I,0,,none
CCc1nc(C)sc1CC,II,0,,none
CCOC(=O)CCC(C)(OCC)OCC,III,0,,none
CC1CCCO1,II,0,,none
CC1(C)CC(=O)CC(C)(C)N1,II,0,,III
COC(=O)c1ccccc1N=C/C=C(\C)CCC=C(C)C,III,0,,none
COC(=O)c1ccccc1N=CC=C(C)CCC=C(C)C,III,0,,none
Cc1ccc(NC(=O)N(C)C)cc1Cl,III,0,,III
CCC(=O)OC12CCN(C)C(Cc3ccccc31)C2.Cl,III,0,,III
CCCSP(=S)(OCC)Oc1ccc(SC)cc1,III,0,,none
C=CC(CCCCC)OC(=O)CC,II,0,,none
CC(=O)/C=C/C=C(\C)CCC=C(C)C,II,1,SA10_Ames,none
CC(=O)C=CC=C(C)CCC=C(C)C,II,1,SA10_Ames,none
CCC(=O)[O-].[Na+],I,0,,none
FC(F)C(F)(F)C(F)(Cl)Cl,III,0,,I
C=CCCCCC/C=C\C/C=C\C/C=C\CC,I,0,,none
C=CC=CC=CCC=CCC,I,0,,none
CCOC(=O)CC(SP(=S)(OC)OC)C(=O)OCC,III,0,,none
O=C([O-])C(Cl)Cl,III,1,SA8_Ames,III
O=C(O)C(Cl)Cl,III,1,SA8_Ames,III
CCCCCCCCCCCCCCCCCCCCCCCCCCCCCC,I,0,,none
CC1CCCCC1NC(=O)Nc1ccccc1,II,0,,none
CCCCCCCC=COC(=O)CCC,III,1,SA24_Ames,none
C[N+](C)(C)CC(O)CC(=O)O.[Cl-],III,0,,III
CC(C)=CCCC(C)C1=CCC(C)=CC1,I,0,,none
CC(C)(C)CC(C)(C)c1ccc(OCCO)cc1,II,0,,none
CCCCCOC(=O)CCC(=O)OCCCCC,I,0,,none
CCCCOP(=O)(O)OCCCC,III,0,,none
O=C1c2ccccc2C(=O)C1C(=O)C(c1ccccc1)c1ccccc1,III,0,,none
C[C@]12CCC(=O)C=C1CC[C@@H]1[C@@H]2[C@@H](O)C[C@@]2(C)[C@H]1CC[C@]2(O)C(=O)CO,III,1,SA10_Ames,none
O=C(OC(=O)c1ccc([N+](=O)[O-])cc1)c1ccc([N+](=O)[O-])cc1,III,1,SA27_Ames,III
CCC[C@@H](C)O,I,0,,none
CCCC(C)O,I,0,,none
CCC[C@H](C)O,I,0,,none
O=CC(=Cc1ccccc1)c1ccccc1,III,0,,none
CC(=O)OCCC1(C)CCC(C(C)C)S1,II,0,,none
O=C(Cl)OCCl,III,1,SA1_Ames;SA8_Ames,III
CC/C=C\C/C=C\C/C=C\CCCCCCCC(=O)OCC,I,0,,none
CC/C=C/C/C=C/C/C=C/CCCCCCCC(=O)OCC,I,0,,none
Cc1ccnc(C)c1,III,0,,none
C1CCCCC1.CC(=O)O,I,0,,none
CCCCCCCCCCCCCCc1ccccc1,II,0,,none
CCc1ncc(C)nc1C,III,0,,none
O.O.O.O.O.O=S(=O)([O-])[O-].[Cu+2],III,0,,none
CC(C)C(=O)OC(C)c1ccccc1,I,0,,none
C=Cc1cccc(C)c1,I,0,,none
CCCCCC(O)CCCC(=O)OCC,I,0,,none
C=CC(C)(CCC=C(C)C)OC(=O)C(C)C,I,0,,none
CC1CCc2ccccc2N1,II,0,,III
COc1cc(C2OC(C)C(C)O2)ccc1O,III,0,,none
[Be+2].[F-].[F-],III,0,,III
C=C(CCC=C(C)C)C1CC=C(C=O)CC1,III,1,SA10_Ames,none
C=CC(C)(CCC=C(C)C)OC=O,I,0,,none
CCCCC/C=C/C=C/C=O,II,1,SA10_Ames,none
CCCCC/C=C\C=C/C=O,II,1,SA10_Ames,none
CCCCC/C=C/C=C\C=O,II,1,SA10_Ames,none
CCCCC/C=C\C=C\C=O,II,1,SA10_Ames,none
CCCCCC=CC=CC=O,II,1,SA10_Ames,none
CC(=O)/C=C/C1C(C)=CCC(C)C1(C)C,II,1,SA10_Ames,none
CC(=O)C=CC1C(C)=CCC(C)C1(C)C,II,1,SA10_Ames,none
CC(=O)/C=C/[C@H]1C(C)=CC[C@@H](C)C1(C)C,II,1,SA10_Ames,none
Cc1ncc(C[n+]2csc(CCO)c2C)c(N)n1,III,1,SA28_Ames,III
COC(=O)CC1CCCC2CCCCC21,I,0,,none
NS(=O)(=O)c1cc2c(cc1Cl)NCNS2(=O)=O,III,0,,III
CC(C)CCOC(CC(C)C)OCCC(C)C,I,0,,none
CCO[C@@H]1O[C@H](CO)[C@@H](O)[C@H](O)[C@H]1O.COc1cc(C=O)ccc1O,I,1,SA11_Ames,none
CC1(C)C(C=C(Cl)Cl)C1C(=O)OC(C#N)c1cccc(Oc2ccccc2)c1,III,0,,III
c1cc[nH]c1,III,0,,none
Nc1nc2c(ncn2[C@@H]2O[C@H](COP(=O)([O-])[O-])[C@@H](O)[C@H]2O)c(=O)[nH]1.[Ca+2],III,1,SA28_Ames,III
C=CC=C,I,0,,none
C=Cc1cnccn1,II,0,,none
CCCON=O,III,1,SA9_Ames,none
CC(=O)OC1=CCC2C3CCC(C3)C12,I,0,,none
COC.Cc1cc(O)cc(O)c1,III,0,,none
CC/C=C/CCOC(=O)CCCCCC,I,0,,none
CC/C=C\CCOC(=O)CCCCCC,I,0,,none
COC(=O)CCC(C)C,I,0,,none
CCOC(=O)/C=C/c1ccccc1,I,0,,none
CCOC(=O)C=Cc1ccccc1,I,0,,none
CCCc1ccc(OC)cc1,I,0,,none
CCCCCCCCC=CCCCCCCCCOCCOCCOCCOCCOCCOCCOCCOC(=O)CS(=O)(=O)[O-].[Na+],III,0,,none
CCCCCCC1COC(=O)CO1,III,0,,none
Nc1ccc(O)c(C(=O)O)c1,III,1,SA28_Ames,III
CSc1cnccn1,II,0,,none
CCCCCCCCO,I,0,,none
CC1=C[C@@H]2OC[C@H](C)[C@@H]2CC1,II,0,,none
CC1=CC2OCC(C)C2CC1,II,0,,none
CC1=C[C@@H]2OC[C@@H](C)[C@@H]2CC1,II,0,,none
CCOC(=O)c1ccc(O)c(O)c1,I,0,,none
O=C1CCCCCCCCCCCCCCCC1,II,0,,none
CC(=O)c1cc(C)oc1C,II,0,,none
C=CCSS/C=C/C,III,0,,none
C=CCSSC=CC,III,0,,none
O=C(Cc1ccccc1)OCCCc1ccccc1,I,0,,none
CC(C)C1OCOCC1(C)C,III,0,,none
COc1cc(C=O)cc(OC)c1O,I,1,SA11_Ames,none
CCCCCCCC(O)CCCC(=O)OCC(O)CO,I,0,,none
CCOC(=O)CCCCCCC(=O)[O-],III,0,,none
CC(C)=CCCC(C)CC1OCCO1,I,0,,none
CN1CCC(CCNC(=O)Nc2ccc(F)cc2)CC1,III,0,,III
CCOC(OCC)c1ccc(C)cc1,I,0,,none
C=CCOC(=O)/C=C/c1ccccc1,III,0,,none
C=CCOC(=O)C=Cc1ccccc1,III,0,,none
CC(=O)OCC1OC(OC2C(O)C(CP)OC(CO)C2OC2OC(CO)C(OP)C(O)C2O)C(OC2OC(C(=O)O)C(OC3OC4COC(C)(C(=O)O)OC4C(O)C3O)C(O)C2O)C(O)C1O,III,0,,none
CC/C=C\CCOC(C)OCC/C=C\CC,I,0,,none
CCCCCCC(=O)CCO,I,0,,none
Cl.Nc1ccn([C@@H]2O[C@H](CO)[C@@H](O)[C@@H]2O)c(=O)n1,III,1,SA28_Ames,III
ClCc1ccccc1,III,1,SA8_Ames,III
CCC(C)SC(=O)C(C)CC,III,0,,none
O=C(O)CN(CCN(CC(=O)O)CC(=O)O)CC(=O)O,III,0,,II
CCCCCCOC(=O)c1ccccc1C(=O)OCCCCCC,I,0,,none
CCOC(CCOCc1ccccc1)OCC,III,0,,none
NCc1ccccc1Cl,III,0,,III
Cl.NCCc1c[nH]c2ccccc12,III,0,,III
[Na+].[O-][Br+2]([O-])[O-],III,0,,III
CCC(=O)OCc1cccc(C)c1,I,0,,none
CCOC1CCC(C(C)(C)CC)CC1,III,0,,none
CCCCCCOC(=O)C(C)O,I,0,,none
COC(=O)c1ccccc1N/C=C1\CCC(C)=CC1C,II,0,,III
COC(=O)c1ccccc1NC=C1CCC(C)=CC1C,II,0,,III
CC(C)CN,I,0,,III
CC(C)CC1SSC(CC(C)C)S1,I,0,,none
NCCCCC(N)C(=O)O,I,0,,III
NCCCC[C@H](N)C(=O)O,I,0,,III
O=C(O)CCC(=O)O,I,0,,none
Cc1ccc2cccnc2c1,III,0,,none
CC(=O)c1ccc(CC(C)C)cc1,I,0,,none
CC(C)COC(=O)CC(C)C,I,0,,none
C=C1C(=O)O[C@@H]2[C@H]3C(C)=C[C@@H](OC(C)=O)[C@H]3[C@@]3(CO3)C[C@@H](OC(=O)/C(=C/C)COC(=O)/C(=C/C)CO)[C@@H]12,III,1,SA7_Ames,none
CC(=O)c1ccc(C)o1,II,0,,none
Cc1ccoc1CS,III,0,,none
CCCCCCCCCCOC(=O)CCCCCCCC,I,0,,none
CC1OC(c2ccccc2)OC1C,III,0,,none
CCCCCCCCCCCCCCCCC(=O)O,I,0,,none
ClNc1nc(NCl)nc(NCl)n1,III,0,,III
CC1(C)C(=O)N(Cl)C(=O)N1Cl,III,0,,III
OC[C@@]1(O)CO[C@](O)(CO)CO1,III,0,,none
OCC1(O)COC(O)(CO)CO1,III,0,,none
C=CC(C)(CCC=C(C)C)OCCCCCCC,III,0,,none
O=C1C=Cc2ccccc2C1=O,II,1,SA12_Ames,none
C=CC(C)(O)CCCC(C)CCCC(C)CCCC(C)C,I,0,,none
Oc1c(Cl)c(Cl)cc(Cl)c1Cl,III,0,,III
CC/C=C/C/C=C/C=C/C=O,II,1,SA10_Ames,none
CCC=CCC=CC=CC=O,II,1,SA10_Ames,none
CC/C=C\C/C=C/C=C/C=O,II,1,SA10_Ames,none
CC(C)OCCOC(=O)c1ccccc1O,I,0,,none
CCC(O)CCC1C(C)CCCC1(C)C,I,0,,none
Nc1ccccc1C(=O)OC1CCCCC1,III,1,SA28_Ames,III
CCC/C=C/C1OCC(O)CO1,II,0,,none
CCCCCCCOC(=O)C(C)c1ccccc1,I,0,,none
CCC(=O)OCC(C)OC(=O)CC,I,0,,none
CCCOC=O,I,0,,none
CC(=O)OO,III,1,SA61_Ames,none
ClC=CCl,III,0,,III
CC1CC(C)SS1,III,0,,none
CC/C=C/CCC(=O)O,I,0,,none
CC(C)O,I,0,,none
Cc1cc(O)c(C(C)C)cc1Cl,III,0,,III
CC1=CCC(C(C)C)C2CC(C)CCC12,I,0,,none
OB(O)O,III,0,,none
CCC(=O)OC/C=C/c1ccccc1,I,0,,none
CCC(=O)OCC=Cc1ccccc1,I,0,,none
CC(=O)O[C@@H]1C[C@@H]2CC[C@@]1(C)C2(C)C,I,0,,none
CC(=O)O[C@H]1C[C@@H]2CC[C@@]1(C)C2(C)C,I,0,,none
CC(=O)O[C@H]1C[C@H]2CC[C@@]1(C)C2(C)C,I,0,,none
CC(=O)O[C@H]1C[C@H]2CC[C@]1(C)C2(C)C,I,0,,none
CC(=O)O[C@@H]1CC2CCC1(C)C2(C)C,I,0,,none
CC(=O)OC1CC2CCC1(C)C2(C)C,I,0,,none
CC(=O)O[C@@H]1C[C@@H]2CC[C@]1(C)C2(C)C,I,0,,none
CC(=O)O[C@H]1CC2CCC1(C)C2(C)C,I,0,,none
O=C(NC[C@H]1CN(c2ccc(N3CCOCC3=O)cc2)C(=O)O1)c1ccc(Cl)s1,III,0,,III
C=Cc1ccccn1,II,0,,none
COC.Oc1ccc(O)cc1,III,0,,none
C=C(C)COc1ccc(OC)cc1,III,0,,none
COc1ccc(C2CCc3ccc(O)cc3O2)cc1O,II,0,,none
CCCCCCCCCC(C)C(=O)OC,I,0,,none
Cc1ncc(-c2ccc([N+](=O)[O-])cc2)o1,III,1,SA27_Ames,II
O=C(Oc1c[nH]c2ccccc12)C1O[C@](O)(CO)[C@@H](O)[C@@H]1O,III,0,,none
C=CCCCCCCCC(=O)O,I,0,,none
C=C(C)CCCC(C)CCOC(=O)C(C)C,I,0,,none
CCCCCCCCCCCCCC(=O)N(C)CC(=O)[O-].[Na+],I,0,,II
COc1ccc(C=O)cc1C(C)(C)C,I,1,SA11_Ames,none
CC(=O)CC(C)S,I,0,,none
O=C1/C=C/CCCCCCCCCCCCO1,I,0,,none
CC1COC(C(C)c2ccccc2)O1,I,0,,none
CC/C(=C/CC1CC=C(C)C1(C)C)CO,I,0,,none
CC/C(=C\CC1CC=C(C)C1(C)C)CO,I,0,,none
CC(C)C1CCC(CO)CC1,I,0,,none
CCC1CCC(C)(O)O1,III,0,,none
CCCCC(CC)C(=O)OC,I,0,,none
NCCCCN,I,0,,III
COc1cc(CCC=O)ccc1O,I,1,SA11_Ames,none
CC(C)COC(C)OCC(C)C,I,0,,none
O=[Cr](=O)([O-])O[Cr](=O)(=O)[O-].[Na+].[Na+],III,0,,none
CCC1(O)C2(C)CCC(C2)C1(C)C,I,0,,none
CC[C@]1(O)C(C)(C)[C@H]2CC[C@]1(C)C2,I,0,,none
O=[N+]([O-])CCO,III,0,,II
COC.Oc1cccc(O)c1,III,0,,none
CC(C)c1ccc2c(c1)CCC1C(C)(CN)CCCC21C.O=P(O)(O)O,II,0,,III
O=S(=O)([O-])OCCOc1ccc(Cl)cc1Cl.[Na+],III,0,,III
C=CCCCCCCCCC(=O)OC,I,0,,none
C/C=C/C(=O)OCC/C=C/CC,I,0,,none
C/C=C/C(=O)OCC/C=C\CC,I,0,,none
C/C=C\C(=O)OCC/C=C\CC,I,0,,none
CC=CC(=O)OCCC=CCC,I,0,,none
Cc1ccccc1OC(=O)c1ccccc1O,I,0,,none
CC(C)OC(=O)C(C)O,I,0,,none
CCCCCCCCCCCCCC(=O)OCC=Cc1ccccc1,I,0,,none
CCOC(=O)C(C)(O)CC,I,0,,none
CC1=CC(c2ccccc2)OC(C)C1,II,0,,none
CCC(COC(C)=O)C(=O)OC,I,0,,none
CC1(C)C2CCC(CS)C1C2,III,0,,none
Oc1cccc2ccccc12,III,0,,none
ClCCCCCl,III,1,SA8_Ames,III
CC(C)CCCC(C)C(O)CO,I,0,,none
O=C1OC(c2ccc(O)cc2)(c2ccc(O)cc2)c2ccccc21,III,0,,none
CCCCCCCCCCCO,I,0,,none
CC(=O)C1CC(C)=CC(C)C1C,I,0,,none
CCCCC(=O)c1cccs1,III,0,,none
CC(C)C(C=O)=Cc1ccccc1,II,0,,none
O=C/C=C\c1ccccc1,II,0,,none
O=C/C=C/c1ccccc1,II,0,,none
O=CC=Cc1ccccc1,II,0,,none
CCCCCCCC#CC(=O)OCC,III,0,,none
CC(C)S,III,0,,none
CC(C)=CCCC(C)=CCOC(Cc1ccccc1)OCC=C(C)CCC=C(C)C,I,0,,none
CC(C)=CCC/C(C)=C/COC(Cc1ccccc1)OC/C=C(\C)CCC=C(C)C,I,0,,none
c1nn[nH]n1,III,0,,none
Cc1ccccc1-n1c(C)nc2ccccc2c1=O.Cl,III,0,,III
CCCCCCCCCCCCSC,I,0,,none
CNCCS(=O)(=O)[O-].[Na+],I,0,,III
CCOC(=O)C(C)(C)CCc1ccccc1,I,0,,none
CCCCCCCOC/C=C(\C)CCC=C(C)C,III,0,,none
CC(C)=CCC[C@H](C)[C@@H]1C=CC(C)=CC1,I,0,,none
COc1ccccc1/C=C/C=O,II,0,,none
COc1ccccc1C=CC=O,II,0,,none
CSCCCN,I,0,,III
CCC(CC)C(=O)c1ccccc1,I,0,,none
O=C(CCc1ccccc1)OCCCc1ccccc1,I,0,,none
CCCC(=O)OC1C=CC2C3CCC(C3)C12,I,0,,none
COc1cccc(OC)c1O,I,0,,none
CCCCOCCc1ccccc1,III,0,,none
CCOCOCC,III,0,,none
CC(C)C(=O)OC/C=C/c1ccccc1,I,0,,none
CC(C)C(=O)OCC=Cc1ccccc1,I,0,,none
O=C1Nc2ccccc2Oc2cc([N+](=O)[O-])cc([N+](=O)[O-])c21,III,1,SA27_Ames,II
Nc1ncn[nH]1,III,1,SA28_Ames,III
CC(=O)OCC1CCC(C)CC1C,I,0,,none
CCCc1ccc(O)cc1,I,0,,none
C=CC(=O)CCCCC,II,1,SA10_Ames,none
CC(=O)OC(OC(C)=O)c1ccc2c(c1)OCO2,III,0,,none
F[Al](F)F,III,0,,III
O=[N+]([O-])c1cccc(Cl)c1,III,1,SA27_Ames,III
Cc1scnc1CCOC(=O)C(C)C,II,0,,none
CCCCI,III,1,SA8_Ames,none
CCOP(=S)(Cl)OCC,III,0,,III
CCCCCCOC(=O)c1ccco1,II,0,,none
CCCCCCCCCCC=O,I,1,SA11_Ames,none
CC1(C)C2CC=C(C=O)[C@@H]1C2,II,1,SA10_Ames,none
CC1(C)[C@H]2CC=C(C=O)[C@@H]1C2,II,1,SA10_Ames,none
CC1(C)[C@@H]2CC=C(C=O)[C@H]1C2,II,1,SA10_Ames,none
CC1(C)C2CC=C(C=O)C1C2,II,1,SA10_Ames,none
CC1(C)C2CC=C(C=O)[C@H]1C2,II,1,SA10_Ames,none
O=C1CCCS1,I,0,,none
Cc1ccc(CO)cc1,I,0,,none
O=C1OCCO1,I,0,,none
O=[Cr](=O)([O-])O[Cr](=O)(=O)[O-].[K+].[K+],III,0,,none
CCCC(C)(S)CO,I,0,,none
CC(C)=CCCC(C)CCOC(=O)/C=C/c1ccccc1,I,0,,none
CC(C)=CCCC(C)CCOC(=O)C=Cc1ccccc1,I,0,,none
CC(C)CC(=O)SC(C)C,III,0,,none
CC(=O)OCC(O)CO,I,0,,none
CC1=CCC(C(C)CC2CCCC2=O)CC1,I,0,,none
COc1cnc(C)s1,II,0,,none
CC(Cl)CCl,III,1,SA8_Ames,III
CC(C)(C)C1CCC2(CCC(=O)O2)CC1,I,0,,none
O=C(C=Cc1ccccc1)N1CCCCC1,II,0,,II
COc1ccc(C=CC=O)cc1OC,II,0,,none
CCCCCC1=C(C)COC1=O,I,0,,none
CC1CCC(C(C)C)C(OC(=O)N2CCCC2=O)C1,III,0,,II
COc1ccccc1OC(=O)Cc1ccccc1,I,0,,none
CCCCCCCCCCCCCCCCC(=O)OCC,I,0,,none
O=[Si]([O-])O.O=[Si]([O-])O.O=[Si]([O-])[O-].O=[Si]([O-])[O-].[Mg+2].[Mg+2].[Mg+2],III,0,,none
CCCCCC(=O)OCCC(C)CCC=C(C)C,I,0,,none
CCOc1ccc(C(OCC)OCC)cc1OC,I,0,,none
CCOCc1ccc(O)c(OC)c1,III,0,,none
CC(C)C(=O)OC(C)(C)Cc1ccccc1,I,0,,none
O.O.O.O.O.O.O.O=[As]([O-])([O-])O.[Na+].[Na+],III,0,,none
CC(C)[C@@H]1CC[C@@H](C)[C@@]23CC[C@](C)(O)[C@@H]2[C@@H]13,I,0,,none
CC(C)C1CCC(C)C23CCC(C)(O)C2C13,I,0,,none
CCC(=O)OCCCCCCC(C)C,I,0,,none
CCC(=O)S,III,0,,none
C=CC1(OC(C)=O)CCCCC1C(C)CC,I,0,,none
Cc1occc1SC(C)CC=O,III,1,SA11_Ames,none
O=C(O)CCC(=O)C(=O)O,III,0,,none
CC(C)Cc1cc2ccccc2[nH]1,II,0,,none
CCCCC(=O)OCCC1CCCCC1,I,0,,none
CCCCCOc1ccccc1C=O,III,1,SA11_Ames,none
O=C1CC2CCC1C2,I,0,,none
CCCCC1(CC)CCC(=O)O1,I,0,,none
CC1=CC(=O)CC(C)(C)C1(O)/C=C/C(C)O,II,1,SA10_Ames,none
CC1=CC(=O)CC(C)(C)[C@@]1(O)/C=C/[C@@H](C)O,II,1,SA10_Ames,none
CC1=CC(=O)CC(C)(C)C1(O)C=CC(C)O,II,1,SA10_Ames,none
CC=CCCCC(=O)O,I,0,,none
CCCc1csc(C)n1,II,0,,none
CCCOC(=O)[C@H](C)OC(C)(C)CC,III,0,,none
CCC(OC(C)=O)c1ccccc1,I,0,,none
NCC(CC(=O)O)c1ccc(Cl)cc1,III,0,,III
CC1=CCC2(C(C)C)CC12,I,0,,none
Nc1ccc(Cl)cc1Cl,III,1,SA28_Ames,III
Oc1ccccc1I,III,0,,none
CC(C)=O.O=Cc1ccco1,II,1,SA11_Ames,none
C=C(C(C)C(C)O)C(C)C(C)(C)C,I,0,,none
O=S(=O)([O-])[O-].[Be+2],III,0,,none
CC(C)C(=O)O,I,0,,none
CCCc1ccc2c(c1)OCC(=O)CO2,II,0,,none
C=CCC1(C(C)CCC)C(=O)NC(=O)NC1=O,III,0,,none
O=C(O)CC(CC(=O)O)C(=O)O,III,0,,none
O=C=NC1CCCCC1,III,1,SA15_Ames,none
COc1ccc(COC(C)=O)cc1OC,I,0,,none
CCCC(=O)CC(=O)OCC,I,0,,none
CCC1SC(CC(C)C)N=C1C,II,0,,none
CCC=CCC=CC=CC(=O)OCC,I,0,,none
CC/C=C/C/C=C/C=C/C(=O)OCC,I,0,,none
C=C(C)[C@@H]1CC[C@H](C)[C@@H](O)C1,I,0,,none
C=C(C)[C@H]1CC[C@H](C)[C@@H](O)C1,I,0,,none
C=C(C)[C@H]1CC[C@@H](C)[C@H](O)C1,I,0,,none
C=C(C)[C@@H]1CC[C@@H](C)[C@H](O)C1,I,0,,none
C=C(C)C1CCC(C)C(O)C1,I,0,,none
CC=CC(=O)OCC1CCCO1,II,0,,none
CC1=C(C=CC#N)C(C)(C)CCC1,III,0,,none
F,III,0,,III
CCC(=O)c1ccccc1,I,0,,none
CCOC(=O)C1CCC(C(=O)OCC)CC1,I,0,,none
CCCCCCCCCC#CC(=O)OCC,III,0,,none
CC(C)C(=O)O[C@@H]1C[C@H]2CC[C@]1(C)C2(C)C,I,0,,none
CC(C)C(=O)OC1CC2CCC1(C)C2(C)C,I,0,,none
O=C(O)CC(O)(CC(=O)O)C(=O)O,III,0,,none
C=CC(C)(O)CC/C=C(\C)CC,I,0,,none
C=CC(C)(O)CCC=C(C)CC,I,0,,none
CCCCCCCCC=Nc1ccccc1C(=O)OC,III,0,,none
C/C=C(\C)C(=O)OC/C=C/c1ccccc1,I,0,,none
C/C=C(/C)C(=O)OC/C=C/c1ccccc1,I,0,,none
CC=C(C)C(=O)OCC=Cc1ccccc1,I,0,,none
C/C=C(\C)C(=O)OCC=Cc1ccccc1,I,0,,none
CCSCCCO,I,0,,none
O=[Cr](=O)(O)O,III,0,,none
C[C@]12CC[C@@H](O)C[C@@H]1CC[C@@H]1[C@@H]2CC[C@]2(C)C=CC[C@@H]12,III,0,,none
CC12C=CCC1C1CCC3CC(O)CCC3(C)C1CC2,III,0,,none
CCCCCCCCCCCC(=O)N(C)CC(=O)[O-].[Na+],I,0,,II
CC(C)=CCC/C(C)=C/C1OCCO1,II,0,,none
CC(C)=CCCC(C)=CC1OCCO1,II,0,,none
COc1cc(/C=C/C(=O)O)ccc1O,I,0,,none
CC1CC(C)(C)OC(Cc2ccccc2)O1,I,0,,none
CCc1cc2c(cc1C(C)=O)C(C)(C)CCC2(C)C,II,0,,none
CC(=O)/C=C/C=C(C)C,II,1,SA10_Ames,none
CC(=O)C=CC=C(C)C,II,1,SA10_Ames,none
CCCCCCCCCC=O,I,1,SA11_Ames,none
O=c1[nH]cc(I)c(=O)[nH]1,III,0,,none
CCCOS(=O)(=S)CCC,III,0,,none
CCCCCC(C)(C)S,III,0,,none
C=CC(C)CCCC(C)C,I,0,,none
CC1C(=O)C=C2C(C)(C)CC=CC21C,II,1,SA10_Ames,none
CCCCC=C1CCCCC1=O,II,1,SA10_Ames,none
CCC(=O)/C(C)=C/C1=C(C)CCCC1(C)C,II,1,SA10_Ames,none
COC(OC)C1CCCCC1,I,0,,none
Nc1ccc([As](=O)([O-])[O-])cc1.[Na+].[Na+],III,1,SA28_Ames,III
CC(C)=CC(C)=CCCO,I,0,,none
CCOC(=O)C1=C(CC)C(C)CCC1(C)C,I,0,,none
CCC(=O)CC(C)(C)S,I,0,,none
O=C1OCCCCCCCCCCCCCO1,III,0,,none
O=S(=O)([O-])[O-].[Co+2],III,0,,none
CN(C)C(=S)SSC(=S)N(C)C,III,0,,II
Cc1ccc(O)c(C)c1,I,0,,none
CC/C=C\CCOC,I,0,,none
C=CC(O)C(O)C=C,III,0,,none
CCOC(C)OC(C)C(=O)[O-].[K+],III,0,,none
CCC(=O)CCC1C(C)=CCCC1(C)C,I,0,,none
F.[F-].[NH4+],III,0,,III
O=CC1CCCCC1,I,1,SA11_Ames,none
CCc1cnccn1,III,0,,none
CCC(=O)C(=O)CC,III,0,,none
CCOP(=S)(CC)Sc1ccccc1,III,0,,none
CCCCCCCCC(=O)OCc1ccccc1,I,0,,none
CCC(C)C(=O)OCCc1ccccc1,I,0,,none
O=C(/C=C/c1ccc2c(c1)OCO2)N(c1ccccc1)c1ccccc1,III,0,,II
C/C=C(/C)C(=O)OCCc1ccccc1,I,0,,none
C/C=C(\C)C(=O)OCCc1ccccc1,I,0,,none
CC=C(C)C(=O)OCCc1ccccc1,I,0,,none
C/C=C\CCCCC=O,I,1,SA11_Ames,none
C/C=C/CCCCC=O,I,1,SA11_Ames,none
CC=CCCCCC=O,I,1,SA11_Ames,none
CCCC#N,III,0,,none
CCc1ccccc1CC,I,0,,none
COC(=O)CCC[NH3+],III,0,,none
Cc1cncc(SCc2ccco2)n1,III,0,,none
COC1CC/C(C)=C/CC/C=C(\C)CCC1C,III,0,,none
CCCCC[C@@H]1C(=O)CC[C@@H]1CC(=O)OC,I,0,,none
CCCCCC1C(=O)CCC1CC(=O)OC,I,0,,none
CCCCCC(=O)OCCC(S)CCC,I,0,,none
CC1CCCCC1C,I,0,,none
C=CCc1ccc(OCCC(C)C)c(OC)c1,III,1,SA38_Ames,none
CCCCC[Si](Cl)(Cl)Cl,III,0,,III
CCOC1CCC(C)CC1,III,0,,none
C12=C3C4C1=C1C2C3C14,III,0,,none
CC(C)=CCC[C@]1(C)C2C[C@@H]3[C@H](C2)C31C,I,0,,none
CC(C)=CCCC1(C)C2CC3C(C2)C31C,I,0,,none
[Cl-].[Li+],III,0,,III
Cc1cccc(CCO)c1,I,0,,none
C[N+](C)(C)CC(=O)[O-],III,0,,none
C=CCCCCCC,I,0,,none
CC=CC=CC(=O)OC,I,0,,none
C/C=C/C=C/C(=O)OC,I,0,,none
CCCCCCCCCCCCc1ccccc1,II,0,,none
Cc1ccc(OCC=O)cc1,III,1,SA11_Ames,none
CC(=O)c1ccccc1,I,0,,none
CC(=O)CCC(=O)OCc1ccccc1,III,0,,none
C=CCOc1ccccc1OC,III,0,,none
Cl.NC(N)=NCCC[C@H](N)C(=O)O,III,0,,III
CC(N)Cc1ccccc1,III,0,,III
CCCCCCCC/C=C\CCCCCCCCOCCO,I,0,,none
CC(C)C(=O)OC1CCC2CCCCC2C1,I,0,,none
CC(C)CC(O)c1ccccc1,I,0,,none
CN(C)CCN(C)C,I,0,,II
[K+].[OH-],III,0,,none
COC(C)=O,I,0,,none
CCCCCCCCC=CCCCCCCCC(=O)OCC(COC(C)=O)OC(C)=O,I,0,,none
C/C=C/C(=O)/C(C)=C(\C)C(C)(C)C,II,1,SA10_Ames,none
CC1SCCCS1,II,0,,none
CC(C)[C@@]12CC[C@@](C)(O)[C@@H]1C2,I,0,,none
CC(C)[C@@]12CC[C@](C)(O)[C@@H]1C2,I,0,,none
CC(C)[C@]12CC[C@@](C)(O)[C@@H]1C2,I,0,,none
CC(C)C12CCC(C)(O)C1C2,I,0,,none
CCCCCCCCCOC(=O)c1ccccc1N,III,1,SA28_Ames,III
Cc1cc(O)cc(C)c1C(C)(C)C,I,0,,none
CCC1OC=C(CO)C1=O,II,1,SA10_Ames,none
CCC(=O)OCCc1scnc1C,II,0,,none
CCCCCCC(C)OC(=O)Cc1ccccc1,I,0,,none
O=[N+]([O-])c1cccc(Cl)c1[N+](=O)[O-],III,1,SA27_Ames,III
CCOC(=O)C1=C(C)C=CCC1(C)C,I,0,,none
CC(C)(C)c1cc(-c2ccncn2)c2c(c1)C(C)(C)CC2,III,0,,none
C=CCCC(=O)c1ccccc1,I,0,,none
CC=CC1OC(C)CC(C)(C)O1,II,0,,none
CCCCCCCCCCC1CCOC1=O,I,0,,none
O=C([O-])C(O)C(O)C(=O)O.[K+],III,0,,none
C=CC(=C)CC[C@H]1C(=C)CC[C@H]2C(C)(C)CCC[C@]12C,I,0,,none
CC1=CC=C2C(C)(C)CCCC2(C)O1,II,0,,none
c1cnccn1,III,0,,none
CC(C)(C=O)Cc1ccccc1,I,1,SA11_Ames,none
CCCCCCCCCC(C)=O,I,0,,none
CCOC(=O)C(C)C(C)OC(C)=O,I,0,,none
CC(C)COC(=O)c1ccccc1,I,0,,none
Cc1cc([N+](=O)[O-])ccc1[N+](=O)[O-],III,1,SA27_Ames,II
ClCl,III,0,,III
CCCCCCCCS,III,0,,none
CCOC(OCC)C(C)C,I,0,,none
CCCCC1(CCCC)CCC(=O)O1,I,0,,none
CC(C)C(=O)OCCC1CCCCC1,I,0,,none
CC1CC(O)C2(C(C)C)CC12,I,0,,none
O=C1CC(=O)OCCCCCCCCCCO1,I,0,,none
O=c1cc(-c2ccc(O)cc2)oc2cc(O)cc(O)c12,II,0,,none
CCCCCCCCCCC(=O)OCCCCCC,I,0,,none
CC(C)[C@H](N)C(=O)O,I,0,,III
CC(C)[C@@H](N)C(=O)O,I,0,,III
CC(C)C(N)C(=O)O,I,0,,III
CC1C(=O)c2ccccc2C1(C)C,II,0,,none
CC(C)C(C)(O)c1ccccc1,I,0,,none
C=CCC1=C(C)C(O)CC1=O,II,1,SA10_Ames,none
CC(C)(O)CCC1CCCCC1,I,0,,none
Cc1ccc(CC(C)(C)O)cc1,I,0,,none
C/C=C\C(C)=O,II,1,SA10_Ames,none
C/C=C/C(C)=O,II,1,SA10_Ames,none
CC=CC(C)=O,II,1,SA10_Ames,none
O=C([O-])[C@H]1O[C@@H](O[C@H]2[C@H](O)[C@H](O)[C@H](O)O[C@@H]2C(=O)[O-])[C@@H](O)[C@@H](O)[C@@H]1O.[K+].[K+],III,0,,none
C=CC(CCCCC)OOOCC(CCCCCC)OO,III,1,SA61_Ames,none
CCCCC(C)CC,I,0,,none
OCCCCl,III,1,SA8_Ames,III
CCCC1CCCOC1=O,I,0,,none
CC1C(=CCC#N)C2C=CC1C2,III,0,,none
N#Cc1cccc(C#N)c1,III,0,,none
CC(C)=CCC/C(C)=C/COCC=O,III,1,SA11_Ames,none
CC(C)=CCCC(C)=CCOCC=O,III,1,SA11_Ames,none
CC(=O)CCS,I,0,,none
O=COC/C=C/c1ccccc1,I,0,,none
O=COCC=Cc1ccccc1,I,0,,none
CCCCCCCCC(C)C=O,I,1,SA11_Ames,none
CCOC(=O)Nc1ccccc1,III,0,,none
CC(=O)C(=O)OCCC(C)C,I,0,,none
C=C(C)C1CCC(C)C(C(=O)OC)C1,I,0,,none
CC(C)CC(=O)OCCCc1ccccc1,I,0,,none
CCCCCCCc1ccccc1,II,0,,none
CC(=O)CC1CC(C)CCO1,II,0,,none
CC[C@@H](C)CCCCCCCCC=O,I,1,SA11_Ames,none
CCCCCCCCC=CC(OCC)OCC,II,0,,none
c1ccc2c(c1)CCCN2,II,0,,III
CC/C=C\CCCOC(C)=O,I,0,,none
CC(=S)OC1CCOC1C,III,0,,none
CC(C)CCCCC=O,I,1,SA11_Ames,none
CC(C)(c1ccc(OCC2CO2)cc1)c1ccc(OCC2CO2)cc1,III,1,SA7_Ames,none
CC(C)C1CCC(C)(S)CC1=O,III,0,,none
COC,I,0,,none
OCC=Cc1ccco1,II,0,,none
CCCc1ccccc1O,I,0,,none
CCCCC(=O)OC1CC(C)CCC1C(C)C,I,0,,none
CCC(C)COC(=O)c1ccccc1O,I,0,,none
C=C(C)C1C=CC(C)(OO)CC1,III,1,SA61_Ames,none
O=C(O)COc1ccccc1,III,0,,none
C/C=C(\C)C(=O)Oc1ccc(C)cc1,I,0,,none
O=S(=O)([O-])[O-].O=S(=O)([O-])[O-].[Al+3].[NH4+],III,0,,none
CC(=O)C(=O)O,I,0,,none
C=C1CCC2C(C1)C2(C)C,I,0,,none
CCc1nc(C)c(C)o1,III,0,,none
C=C1C2CC(C[C@H]1O)C2(C)C,II,0,,none
C=C1[C@H](O)C[C@@H]2C[C@H]1C2(C)C,II,0,,none
C=C1C2CC(C[C@@H]1O)C2(C)C,II,0,,none
C=C1C(O)CC2CC1C2(C)C,II,0,,none
C=C1C(O)C[C@@H]2C[C@H]1C2(C)C,II,0,,none
Cc1cnc(C)cn1,III,0,,none
CC(O)COC(C)COC(C)CO,III,0,,none
[F-].[NH4+],III,0,,III
COC(=O)OC1CC/C=C\CCC1,I,0,,none
C/C=C/C(=O)O,I,0,,none
CC=CC(=O)O,I,0,,none
CC1=C(C)CC2(COCOC2)C(C)C1,III,0,,none
CCCCOC(CCCC)OCCCC,I,0,,none
CSCCCN=C=S,III,1,SA15_Ames,none
COC(=O)C[C@H](C)O,I,0,,none
COC(=O)CC(C)O,I,0,,none
C=CC1CCCCC1,I,0,,none
O=C1CCOCCCCCCCCCCO1,III,0,,none
CCCCOC(=O)Cc1ccccc1,I,0,,none
CCCCCCCCCCCCOC(=O)C(C)C,I,0,,none
CC1=CC(O)CC(C)(C)C1,I,0,,none
C1CCCC2(CCC1)CCCO2,II,0,,none
CC/C=C\CCOC(CC)OC,I,0,,none
CC/C=C/CCOC(CC)OC,I,0,,none
O=C1C2CC=CCC2C(=O)N1SC(Cl)(Cl)Cl,III,0,,III
CC1(C)C2CCC(CO)C1C2,I,0,,none
OCCCCc1ccccc1,I,0,,none
CCC(=O)c1ccccc1OC,I,0,,none
c1ccc(CCC2OCCO2)cc1,I,0,,none
O=C([O-])[O-].[Sr+2],III,0,,none
CCCCCCCCCCCCCCCCC(CCN)C(=O)NC(=O)CCCCCCCCC(=O)NC(=O)C(CCN)CCCCCCCCCCCCCCCC,I,0,,III
CCCC[C@@H](C)CCC(=O)O,I,0,,none
CCCC[C@H](C)CCC(=O)O,I,0,,none
CCCCC(C)CCC(=O)O,I,0,,none
O=c1[nH]c(=O)c2[nH]c(=O)[nH]c2[nH]1,III,0,,none
C=CC(=O)OCCOCCOC(=O)C=C,III,0,,none
CC(=O)I,III,1,SA1_Ames,none
C#N,III,0,,none
[V],III,0,,none
O=CC=O,I,1,SA11_Ames,none
CC(C)CC1CC(C)CCO1,II,0,,none
[Ag+].[C-]#N,III,0,,none
CC/C=C/CCOC(=O)C(CC)CC,I,0,,none
CC/C=C\CCOC(=O)C(CC)CC,I,0,,none
CCC=CCCOC(=O)C(CC)CC,I,0,,none
O=[N+]([O-])C(Cl)(Cl)Cl,III,0,,III
CC1(C)C2CCC1(C)C(C1CCC(O)CC1)C2,I,0,,none
C=C1C=C[C@H](C(C)C)CC1,I,0,,none
C=C1C=CC(C(C)C)CC1,I,0,,none
CCO,I,0,,none
CCCC(C)(C)SSC(C)(C)CCC,III,0,,none
CC1CCCCC1=O,I,0,,none
O=C1CCCCCCCCCCCCCO1,I,0,,none
CCC(S)CS,III,0,,none
CCC(=O)Nc1ccc(Cl)c(Cl)c1,III,0,,III
[2H]C([2H])([2H])C(=O)C([2H])([2H])c1ccc(O)c(OC)c1,I,0,,none
COc1cc(CC(C)=O)ccc1O,I,0,,none
O=P([O-])(O)O.[NH4+],III,0,,none
Cc1ccc(C=O)[nH]1,II,1,SA11_Ames,none
CCCCCC[Si](Cl)(Cl)Cl,III,0,,III
CCCCCC(C)=C(C)O,I,0,,none
CC1(C)[C@@H]2CC[C@@]1(C)[C@](C)(O)C2,I,0,,none
CC1(O)CC2CCC1(C)C2(C)C,I,0,,none
CCCC(C)Br,III,1,SA8_Ames,III
C/C=C\C(C)C,I,0,,none
CCC(=O)OCc1ccco1,II,0,,none
O=C1OCCCCCCCCO1,III,0,,none
CN=C=S,III,1,SA15_Ames,none
CCCCCCCCCCCCCCCCCC(=O)OCCCCCCCCCCCCCC(C)C,I,0,,none
COOC(=O)c1ccccc1OC,III,0,,none
CCOCCC(OCC)OCC,I,0,,none
CC(=O)/C=C/C1=CCC[C@@H](C)C1(C)C,II,1,SA10_Ames,none
CC1=C2CC[C@H](C)[C@@H]2C[C@H](C(C)(C)O)CC1,I,0,,none
CC1=C2CCC(C)C2CC(C(C)(C)O)CC1,I,0,,none
CC1OCCC12SC1CCOC1(C)S2,III,0,,none
O=S(=O)([O-])[O-].[Ni+2],III,0,,none
CC(=O)OCCCCCCCS,I,0,,none
O=C1OC(=O)c2ccccc21,III,0,,III
CCC=CCCOC(=O)CC,I,0,,none
CC/C=C\CCOC(=O)CC,I,0,,none
O=C1CC[C@H]2CCCC[C@H]2C1,I,0,,none
CC(=O)CCCC(C)CCC=C(C)C,I,0,,none
C=C(Cl)Cl,III,0,,III
CCCCC(C=O)CC,I,1,SA11_Ames,none
CC(C)=C(C)C(=O)OCc1ccccc1,I,0,,none
CCC(O)OC,I,0,,none
COc1ccccc1O,I,0,,none
CCC(=O)COC(C)=O,I,0,,none
O=C1C2(Cl)C3(Cl)C4(Cl)C(Cl)(Cl)C5(Cl)C3(Cl)C1(Cl)C5(Cl)C24Cl,III,0,,III
NCCNCCO,III,0,,III
Oc1cc(Cl)c(Cl)cc1Cl,III,0,,III
[Ca+2].[O-][O-],III,0,,none
Cn1c(=O)c2[nH]cnc2n(C)c1=O.NCCN,III,0,,III
CCCC=CO,III,0,,none
CC/C=C\C/C=C\C/C=C\CCCCCCCC(=O)O.CCCCC/C=C\C/C=C\CCCCCCCC(=O)O.CCCCCCCC/C=C\CCCCCCCC(=O)O.CCCCCCCCCCCCCCCC(=O)O.CCCCCCCCCCCCCCCCCC(=O)O,III,0,,none
CC1(C)C(=O)[C@]2(C)CC[C@H]1C2,I,0,,none
CC12CC[C@H](C1)C(C)(C)C2=O,I,0,,none
CC12CCC(C1)C(C)(C)C2=O,I,0,,none
CC1(C)C(=O)[C@@]2(C)CC[C@@H]1C2,I,0,,none
CCC1SC(C(C)CC)N=C1C,II,0,,none
CC1=C[C@H]2[C@H](C(C)C)CC[C@](C)(O)[C@H]2CC1,I,0,,none
CC1=C[C@@H]2[C@@H](CC1)[C@](C)(O)CC[C@H]2C(C)C,I,0,,none
CC1=CC2C(CC1)[C@@](C)(O)CC[C@H]2C(C)C,I,0,,none
CC1=C[C@@H]2[C@@H](CC1)[C@@](C)(O)CC[C@H]2C(C)C,I,0,,none
CC1=C[C@@H]2C(CC1)[C@](C)(O)CC[C@H]2C(C)C,I,0,,none
CC1=C[C@H]2[C@H](C(C)C)CC[C@@](C)(O)[C@H]2CC1,I,0,,none
CCCCCCC=COC(=O)CC,III,1,SA24_Ames,none
CC(C)CN1CCCc2ccccc21,II,0,,II
CC(=O)OCC1CCC(C)=CC1C,I,0,,none
O=C(CBr)c1ccccc1,III,1,SA8_Ames,III
COc1ccc2ccc(=O)oc2c1,III,1,SA30_Ames,none
C[Si](C)(Cl)Cl,III,0,,III
C=CCCCC,I,0,,none
C=CCc1cc2c(c(OC)c1OC)OCO2,III,1,SA38_Ames,none
CCOC(=O)C(CC)COC(C)=O,I,0,,none
CCCCN=C=S,III,1,SA15_Ames,none
C=CC(C)=CCC1OC1(C)C,III,1,SA7_Ames,none
Oc1c(Cl)cc(Cl)cc1Cl,III,0,,III
CCCCC/C(=C/c1ccccc1)CO,II,0,,none
CCCCC/C(=C\c1ccccc1)CO,II,0,,none
CCCCCC(=Cc1ccccc1)CO,II,0,,none
O=c1occcc1O,III,0,,none
Cn1cc(C(=O)Cc2ccccc2)cc1C=C1C(=O)NC(=O)NC1=O,III,0,,none
CCCCCCOCC(OC)OC,III,0,,none
C=C(C)COCC/C=C\CC,III,0,,none
CCCC(=O)OC(C)C(C)=O,I,0,,none
CC1CCC2(O1)C(C)(C)CCCC2(C)O,II,0,,none
O=C(O)CC1CCCCC1,I,0,,none
COCC(=O)OCCc1ccccc1,I,0,,none
CC(=O)OCCCCCCC(C)C,I,0,,none
CCSCC,I,0,,none
CC(=O)C=CC1(C)CC=CCC1,II,1,SA10_Ames,none
C[C@]12Cc3cn[nH]c3C[C@@H]1CC[C@@H]1[C@@H]2CC[C@@]2(C)[C@H]1CC[C@]2(C)O,III,0,,none
OC[C@@]1(O)OC[C@@H](O)[C@@H](O)[C@@H]1O,I,0,,none
OCC1(O)OC[C@@H](O)[C@@H](O)[C@@H]1O,I,0,,none
C=C(C)C(=O)OCCCCCCCCC,I,0,,none
CC1=CC2C(C=O)CC1CC2C(C)C,III,1,SA11_Ames,none
CC1=CCC2(O)CC1C2(C)C,I,0,,none
CCCCCCCCCCCCCCCCC(C)CCCCCCCCCCCC,I,0,,none
CON(C)C(=O)Nc1ccc(Cl)cc1,III,0,,III
CC/C=C\CCOC(=O)C(C)=O,I,0,,none
O=[N+]([O-])c1c(Cl)c(Cl)c(Cl)c(Cl)c1Cl,III,0,,III
CCOC(C)OCC(C)CC,I,0,,none
CCCCOC(=O)C=Cc1ccco1,II,0,,none
C=CC(=O)OCC(O)C[N+](C)(C)C,III,0,,none
CCOc1ccc(O)cc1,I,0,,none
C=CCC1C(=O)C(=C(C)C)CCC1C,III,1,SA10_Ames,none
CCOC(=O)C1(c2ccccc2)CCN(CCc2ccc(N)cc2)CC1,III,1,SA28_Ames,III
Oc1ccccc1-c1ccccc1,III,0,,none
CC(=O)CCc1nccs1,II,0,,none
COCC(C)OC(C)=O,I,0,,none
Cc1noc(C)c1Cn1cc(N2C(=O)CN(Cc3cccc(O)c3)C2=O)cn1,III,0,,II
C/C(=C\c1ccccc1)CO,I,0,,none
CC(C)CCOC(OCCC(C)C)C(C)C,I,0,,none
C=C1C2CCC(C2)C1(C)C.C=C1CC[C@@H](C(C)C)C[C@H]1C.CC1=CC[C@@H](C(C)C)C[C@H]1C,III,0,,none
C=C1C2CCC(C2)C1(C)C.C=C1CCC(C(C)C)CC1C.CC1=CCC(C(C)C)CC1C,III,0,,none
CCSC(=O)CNC(C)=O,III,0,,none
Cc1ccc(OC(=O)c2ccccc2)cc1,I,0,,none
C/C=C1\CC2CC1C1CCC(=O)OC21,I,0,,none
CCC/C=C\C=C\CO,I,0,,none
CCC/C=C/C=C/CO,I,0,,none
C/C=C(\C)C(=O)OC(CC)CCCCC,I,0,,none
CCCCCCCCCCOC(=O)CS,I,0,,none
CCOC(=O)OC1C(C)CCC(C)C1C,I,0,,none
CC(C)=CCCC(C)CCOCC=O,III,1,SA11_Ames,none
CC1=C(O)C(=O)C(C)S1,II,1,SA10_Ames,none
NS(=O)(=O)c1cc2c(cc1Cl)NC(C(Cl)Cl)NS2(=O)=O,III,1,SA8_Ames,III
CCOC(=O)c1ccccc1NC(=O)c1ccc([N+](=O)[O-])cc1Cl,III,1,SA27_Ames,III
CCOC(=O)c1ccccc1NCC1CCC(C)=CC1C,II,0,,III
COP(=S)(OC)SCN1C(=O)c2ccccc2C1=O,III,0,,II
C=CCCCCCCCCCOC(=O)C(C)C,I,0,,none
CSSc1ccccc1,III,0,,none
CC(=O)N(C)c1ccccc1,III,1,SA28ter_Ames,II
CC1(C)Cc2cccc(N)c2O1,III,1,SA28_Ames,III
CCCCC/C=C\CCCCCCCCCCC(=O)OC,I,0,,none
CCC(=O)/C=C/C1=C(C)CCCC1(C)C,II,1,SA10_Ames,none
CCC(=O)C=CC1=C(C)CCCC1(C)C,II,1,SA10_Ames,none
CC1CC[C@@H](C(C)(C)O)[C@H](O)C1,I,0,,none
C[C@@H]1CC[C@@H](C(C)(C)O)[C@H](O)C1,I,0,,none
CC1CCC(C(C)(C)O)C(O)C1,I,0,,none
CC(C)=CCCC(C)(O)C=CCC(C)C,I,0,,none
CCc1nccnc1C,III,0,,none
CCOC(=O)C#CCCC=C(C)C,III,0,,none
O=CCc1ccco1,II,1,SA11_Ames,none
O=S1(=O)N=C([O-])c2ccccc21.O=S1(=O)N=C([O-])c2ccccc21.[Ca+2],III,0,,none
CCC(C)C(=O)N(C)c1ccccc1,III,0,,II
C=CC/C=C\CCC(=O)OCC,I,0,,none
C=CC/C=C/CCC(=O)OCC,I,0,,none
CCSCCO,I,0,,none
Cc1nccnc1C(C)C,III,0,,none
O=C(O)c1cc(O)c(O)c(O)c1,I,0,,none
CSCSC,I,0,,none
CC[C@@H](C)S,III,0,,none
CCC(C)S,III,0,,none
CCCC(C)C1OCC(C)(CCC)CO1,III,0,,none
CC(=O)OC(C)Cc1ccccc1,I,0,,none
O=C1CCCCCCCCCCCCCCCO1,I,0,,none
CCCCCCCCCCOCC,I,0,,none
CCOC(=O)CCC(=O)O,I,0,,none
CC(=O)OC(CO)c1ccccc1,I,0,,none
CC12C=CC(CC1)C(C)(C)O2,II,0,,none
CCCCCCCCCC1CCOC1=O,I,0,,none
CCCCCC1OC(=O)CC1C,I,0,,none
CCC(C)CCCCCCCCCCC=O,I,1,SA11_Ames,none
CCOC/C=C(\C)CCC=C(C)C,I,0,,none
CCOCC=C(C)CCC=C(C)C,I,0,,none
CCOC/C=C(/C)CCC=C(C)C,I,0,,none
C=C[C@H]1CN2CC[C@H]1C[C@@H]2[C@H](O)c1ccnc2ccc(OC)cc12,III,0,,II
C=C[C@H]1CN2CC[C@@H]1C[C@H]2[C@H](O)c1ccnc2ccc(OC)cc12,III,0,,II
C=C[C@H]1CN2CCC1C[C@H]2[C@H](O)c1ccnc2ccc(OC)cc12,III,0,,II
C=C[C@H]1CN2CC[C@H]1C[C@H]2[C@H](O)c1ccnc2ccc(OC)cc12,III,0,,II
C1CSCCS1,II,0,,none
CC1CC(C)(C)OC(C=Cc2ccccc2)O1,II,0,,none
COC(=O)C(C)O,I,0,,none
COC(=O)[C@H](C)O,I,0,,none
CC=C(C)C1CCC(C)(C)O1,II,0,,none
C/C=C(\C)C1CCC(C)(C)O1,II,0,,none
CC(C)CCCCCCCCCCCCCCC(=O)OCC(COC(=O)CCCCCCCCCCCCCCC(C)C)(COC(=O)CCCCCCCCCCCCCCC(C)C)COC(=O)CCCCCCCCCCCCCCC(C)C,I,0,,none
CCCCCCC=CC=CO,III,0,,none
CC1(C)[C@@H](O[C@H]2O[C@H](C(=O)O)[C@@H](O)[C@H](O)[C@H]2O[C@@H]2O[C@H](C(=O)O)[C@@H](O)[C@H](O)[C@H]2O)CC[C@]2(C)[C@H]3C(=O)C=C4[C@@H]5C[C@@](C)(C(=O)O)CC[C@]5(C)CC[C@@]4(C)[C@]3(C)CC[C@@H]12,III,1,SA10_Ames,none
CC1(C)[C@H]2CC[C@]3(C)[C@@H](C(=O)C=C4[C@@H]5C[C@@](C)(C(=O)O)CC[C@]5(C)CC[C@]43C)[C@]2(C)CC[C@H]1O[C@@H]1O[C@H](C(=O)O)[C@@H](O)[C@H](O)[C@H]1O[C@H]1O[C@H](C(=O)O)[C@@H](O)[C@@H](O)[C@@H]1O,III,1,SA10_Ames,none
CC1(C)[C@@H](OC2O[C@H](C(=O)O)[C@@H](O)[C@H](O)[C@H]2O[C@H]2O[C@H](C(=O)O)[C@@H](O)[C@H](O)[C@H]2O)CC[C@]2(C)[C@H]3C(=O)C=C4[C@@H]5C[C@@](C)(C(=O)O)CC[C@]5(C)CC[C@@]4(C)[C@]3(C)CC[C@@H]12,III,1,SA10_Ames,none
CC(=O)c1cnc(C)cn1,II,0,,none
CCCCCCCC/C=C\CCCCCCCCCCCCCCCCCCC,I,0,,none
COc1cc(C=O)ccc1O[C@@H]1O[C@H](CO)[C@@H](O)[C@H](O)[C@H]1O,I,1,SA11_Ames,none
CC(=O)OC[C@H]1O[C@@H](OC(C)=O)[C@H](OC(C)=O)C(OC(C)=O)[C@@H]1OC(C)=O,I,0,,none
CC(=O)OCC1OC(OC(C)=O)C(OC(C)=O)C(OC(C)=O)C1OC(C)=O,I,0,,none
N[C@@H](CCC(=O)O)C(=O)[O-].[Na+],I,0,,III
NC(CCC(=O)O)C(=O)[O-].[Na+],I,0,,III
CC(CC=CC#N)CC(C)(C)C,III,0,,none
CCCC=CCOC(=O)CC,I,0,,none
CCC/C=C/COC(=O)CC,I,0,,none
CSCCCOC(C)=O,I,0,,none
CCCCC1=CCCC1=O,II,1,SA10_Ames,none
C=CCCCO,I,0,,none
CCCCCCCCCCCCCCCCCCC,I,0,,none
CCCCCCCCC(=O)C(=O)OC(=C(C)C)C(O)CO,I,0,,none
CCOC(=O)C1OC1(C)c1ccccc1,III,1,SA7_Ames,none
O=[N+]([O-])c1ccccc1,III,1,SA27_Ames,II
CC(C)C(=O)OC(C)(C)c1ccccc1,I,0,,none
CC(=O)SCc1ccco1,III,0,,none
CCCCCCCCCCCCCCCCCCCCCCCC(=O)NCCc1c[nH]c2ccccc12,III,0,,none
CC(C)[C@H](C)CCC(C)(C)O,I,0,,none
CC(C)C(C)CCC(C)(C)O,I,0,,none
CC(C)[C@@H](C)CCC(C)(C)O,I,0,,none
CC[As](Cl)Cl,III,0,,III
CCCCC(CC)C1OCCO1,I,0,,none
CCCCCCCCCCCCO,I,0,,none
O=C(OC[C@H]1O[C@@H](OC(=O)c2cc(O)c(O)c(OC(=O)c3cc(O)c(O)c(O)c3)c2)[C@H](OC(=O)c2cc(O)c(O)c(OC(=O)c3cc(O)c(O)c(O)c3)c2)[C@@H](OC(=O)c2cc(O)c(O)c(OC(=O)c3cc(O)c(O)c(O)c3)c2)[C@@H]1OC(=O)c1cc(O)c(O)c(OC(=O)c2cc(O)c(O)c(O)c2)c1)c1cc(O)c(O)c(OC(=O)c2cc(O)c(O)c(O)c2)c1,III,0,,none
O=C(OCC1OC(OC(=O)c2cc(O)c(O)c(OC(=O)c3cc(O)c(O)c(O)c3)c2)C(OC(=O)c2cc(O)c(O)c(OC(=O)c3cc(O)c(O)c(O)c3)c2)C(OC(=O)c2cc(O)c(O)c(OC(=O)c3cc(O)c(O)c(O)c3)c2)C1OC(=O)c1cc(O)c(O)c(OC(=O)c2cc(O)c(O)c(O)c2)c1)c1cc(O)c(O)c(OC(=O)c2cc(O)c(O)c(O)c2)c1,III,0,,none
CC(C)C#N,III,0,,none
C=CCc1cccc(OC)c1O,I,1,SA38_Ames,none
CCCCCCCCCCCCCCCCCCCCCCCCCCC(C)CCCC,I,0,,none
CCCCO,I,0,,none
CCCCCC1OC(=O)C(C)=C1C,I,0,,none
CCCCOC(=O)CCc1ccco1,II,0,,none
CCCCC/C=C\CCOC(C)=O,I,0,,none
CCCCC(C)OC(=O)CCC,I,0,,none
CCCCCOC(=O)Cc1ccccc1,I,0,,none
CC(C)C(=O)OC(=O)C(C)C,I,0,,III
CS,III,0,,none
CC1CCOC(/C=C/c2ccccc2)O1,II,0,,none
NCCNCCNCCNCCNCCN,III,0,,III
CC1=C(C)C2CCC1C2,I,0,,none
CCCOC(=O)CC(C)C,I,0,,none
CC(C)=CCCC(C)CCOC(=O)c1ccccc1N,III,1,SA28_Ames,III
CC(C)=CCCC(C)CC1OCC(C)O1,I,0,,none
CCCCCCCCCCC(C)=O,I,0,,none
O=S(O)O,III,0,,none
CCOC(=O)OC(C)OC1=C(C(=O)Nc2ccccn2)N(C)S(=O)(=O)c2ccccc21,III,0,,II
COc1cc(C)ccc1C(C)C,I,0,,none
CCCCCCCCCCCCCCCCOC(C)=O,I,0,,none
O=C(Br)CBr,III,1,SA1_Ames;SA8_Ames,III
CCC(=O)OCC(C)(C)OC(C)C1CCCC(C)(C)C1,III,0,,none
C=CCOCC1CO1,III,1,SA7_Ames,none
Cc1cccc(OC(=O)Cc2ccccc2)c1,I,0,,none
CC(C)(C)OOC(C)(C)C,III,0,,none
CCOc1nccnc1C(C)C,III,0,,none
CC(=O)OC1(C)CCCC(C)(C)C12CCC(C)O2,II,0,,none
O=C(O)CC([S-])C(=O)[O-].[Au+].[Na+],III,0,,none
CCCCCCc1ccccc1,I,0,,none
CCCCC(CC)CN,I,0,,III
C[C@H]1O[C@@H](O[C@H]2[C@@H](O)C[C@H](O[C@H]3[C@@H](O)C[C@H](O[C@H]4CC[C@@]5(C)[C@H](CC[C@@H]6[C@@H]5C[C@@H](O)[C@]5(C)[C@@H](C7=CC(=O)OC7)CC[C@]65O)C4)O[C@@H]3C)O[C@@H]2C)C[C@H](O)[C@@H]1O,III,0,,none
Cc1ccc2c(c1)CCCC2(C)C,II,0,,none
C=C(C)CCOC(=O)C(C)CC,I,0,,none
[Be]=O,III,0,,none
COc1ccc(CCN)cc1,III,0,,III
CC1=C(O)C(=O)CC1(C)C,II,1,SA10_Ames,none
C=CCC1CCCCC1.CCCC(=O)O,I,0,,none
CC1CCC2OCC(=O)COC2C1,II,0,,none
CCCCCCCCCCOCCCCCCCCCC,III,0,,none
CC1=CC(=O)C2(C(C)C)CC12,II,1,SA10_Ames,none
CC(=O)CC/C=C(\C)CC/C=C(\C)CCC=C(C)C,III,0,,none
CC(=O)CCC=C(C)CCC=C(C)CCC=C(C)C,III,0,,none
c1ccc(Sc2ccccc2)cc1,III,0,,none
N#CCO,III,0,,none
CC(CO)Cc1ccccc1,I,0,,none
c1ccc(CSCc2ccccc2)cc1,III,0,,none
CC(=O)OC1CCC(C(C)C)CC1,I,0,,none
CC(=O)Sc1cc(C)oc1C,III,0,,none
CCCCCCC/C=C/COC(C)=O,I,0,,none
CCCCCCCC=CCOC(C)=O,I,0,,none
C=C1C2CCC(C)(OCC)C1CCC2(C)C,III,0,,none
C=CCOc1c(Br)cccc1C(=O)Nc1cccc(-c2nncn2CC=C)n1,III,0,,III
COc1cc(CO)cc(OC)c1O,I,0,,none
Oc1ccc2c(c1)OCO2,III,0,,none
c1nc2c(o1)CCCCCCCCCC2,III,0,,none
COC(=O)c1ccccc1N/C=C(\C)Cc1ccc2c(c1)OCO2,III,1,SA38_Ames,III
Cc1ccc2ncccc2c1,III,0,,none
COc1ccc2ccccc2c1,III,0,,none
C=CCCCCCCCCC(=O)OC/C=C(\C)CCC=C(C)C,I,0,,none
CCCCC/C=C\C=O,II,1,SA10_Ames,none
CCCCCC=CC=O,II,1,SA10_Ames,none
CCCCC/C=C/C=O,II,1,SA10_Ames,none
O=[N+]([O-])C(Br)(CO)CO,III,0,,III
CC1CCCCCCCCCCCCC(=O)O1,I,0,,none
CCCCC=COC(=O)c1ccc(OC)cc1,III,1,SA24_Ames,none
C=CC(=O)OCCCCCCCC(C)C,I,0,,none
CCCCCCCC/C=C\CCCCCCCC(=O)OCC,I,0,,none
CCCCCCCCC=CCCCCCCCC(=O)OCC,I,0,,none
CCCCCCCC/C=C/CCCCCCCC(=O)OCC,I,0,,none
FCC(F)(F)F,III,0,,I
C=CCCCOC(C)=O,I,0,,none
C=CCC(=O)c1ccc(O)c(OC)c1,I,0,,none
CC(C)CC(O)C(=O)O,I,0,,none
CC(=O)CCO,I,0,,none
CC(O)CNCC(C)O,III,0,,III
C1CC1,I,0,,none
CCCCCC(=O)C(C)(O)C(C)=O,I,0,,none
CC(=O)C(C)(C)c1ccccc1,I,0,,none
CC1C=CC(C=O)CC1C,I,1,SA11_Ames,none
C/C(=C/CCC1(C)C2CC3C(C2)C31C)CO.C=C1C2CCC(C2)C1(C)CC/C=C(/C)CO.CC(C)=CCC/C(C)=C/CC/C(C)=C/CO.CC(C)=CCCC(C)(O)[C@H]1CC=C(C)CC1.CC1=CC[C@H]2C[C@@H]1[C@]2(C)CC/C=C(/C)CO,III,0,,none
O=P([O-])([O-])[O-].[K+].[K+].[K+],III,0,,none
CCCOC(=O)CC(=O)OCCC,I,0,,none
CCCCCCCC1OCCO1,I,0,,none
Cl[Hg]Cl,III,0,,III
CCOC(C)(C)C1CC=C(C)CC1,III,0,,none
CCCC(=O)OC(C)(C)C1CC=C(C)CC1,I,0,,none
CC/C=C\C=C\C(C)=O,II,1,SA10_Ames,none
CCC=CC=CC(C)=O,II,1,SA10_Ames,none
CC/C=C/C=C/C(C)=O,II,1,SA10_Ames,none
COc1ccc(C=O)c(OC)c1,I,1,SA11_Ames,none
C=CCCCCCCCCC(OCC)OCC,I,0,,none
CC/C=C/CCCCOC(=O)CC,I,0,,none
CC/C=C\CCCCOC(=O)CC,I,0,,none
COC(=O)c1ccc(O)cc1,I,0,,none
CC(C)OC(=O)CC1=CCCCC1,I,0,,none
O=C(Cl)c1ccc(C(=O)Cl)cc1,III,1,SA1_Ames,III
O=C1CCCCCCCCCCCCCCC1,II,0,,none
CC(C)CCOC(C)OCCC(C)C,I,0,,none
COC(=O)c1ccc(Cl)cc1,III,0,,III
Cc1ncc(CO)c(CO)c1O,III,0,,none
CC(C)(O)CN,I,0,,III
Nc1ccc([N+](=O)[O-])cc1[N+](=O)[O-],III,1,SA27_Ames;SA28_Ames,III
Cc1ccccc1S,III,0,,none
CCC(C)C(=O)OCC(C)O,I,0,,none
CCOC(=O)C(C)S,I,0,,none
OCCO,I,0,,none
C/C=C(\C)COC(C)=O,I,0,,none
CC1CCC(CCCC(=O)O)C1(C)C,I,0,,none
C[N+](=O)[O-],III,0,,II
CCC(=O)C1CCCC1=O,I,0,,none
CCCCCC=C(C=O)CCCC,II,1,SA10_Ames,none
CCCCC/C=C(/C=O)CCCC,II,1,SA10_Ames,none
CCOC(=O)C(C)CS,I,0,,none
c1ccc(C2OCCO2)cc1,I,0,,none
C=CCOC(=O)c1ccccc1,III,0,,none
CCCCCCCCC(OC)OC,I,0,,none
O=C(/C=C/c1ccccc1)OCCCc1ccccc1,I,0,,none
O=C(C=Cc1ccccc1)OCCCc1ccccc1,I,0,,none
O=C(/C=C\c1ccccc1)OCCCc1ccccc1,I,0,,none
CCCC(O)CC(=O)OCC,I,0,,none
CCC[C@H](O)CC(=O)OCC,I,0,,none
CCCCCCCC/C=C\CCCCCCCCCCCCCCCCCCCCC,I,0,,none
CC(C)C=C1OC(=O)c2ccccc21,III,0,,none
CCCCCCOC(=O)CCCC1CCCCC1,I,0,,none
CC1(C)CSSSS1,I,0,,none
C=CCCCOC(=O)CCC(=O)OCCCC=C,I,0,,none
CCC(O)Cc1ccccc1,I,0,,none
NCCCc1ccccc1,III,0,,III
CC(C)OC1CC2CCC1(C)C2(C)C,III,0,,none
O=C1N[C@@H]2C(=C[C@H](O)[C@@H](O)[C@H]2O)c2cc3c(c(O)c21)OCO3,III,0,,none
CC(C)SSC(C)C,III,0,,none
CCOC(=O)[C@H](C)O,I,0,,none
CCOC(=O)C(C)O,I,0,,none
C[N+]1(C)[C@@H]2CC(OC(=O)[C@H](CO)c3ccccc3)C[C@H]1[C@@H]1O[C@@H]12,III,1,SA7_Ames,none
CCOCCOCC,I,0,,none
CC(=O)C(O)CC(C)C,III,0,,none
O=N[N+](=O)[O-],III,0,,II
CCCOC(=O)c1ccccc1O,I,0,,none
C[As](C)(=O)[O-].C[As](C)(=O)[O-].C[As](C)(=O)[O-].[Fe+3],III,0,,none
Cc1scnc1CCO,II,0,,none
CCCCCCCCCCC(=O)OCCCC,I,0,,none
C1CCCCCCCC2OC2CCCCCC1,III,1,SA7_Ames,none
CCCCCCCCOCC(=O)OC,III,0,,none
CC(C)C(=O)OC[C@@H](C)c1ccccc1,I,0,,none
CC(C)C(=O)OCC(C)c1ccccc1,I,0,,none
C=CC(CCCCC)OC(=O)CCC,II,0,,none
CC(=O)O.CC(=O)O.CC(O)CO,I,0,,none
CC1(C)C2CC[C@]3(C)[C@H](CCC45OCC6(CC[C@@](C)(C=O)C[C@@H]64)[C@H](O)C[C@]53C)[C@@]2(C)CC[C@@H]1O[C@@H]1OC[C@H](O[C@@H]2OC[C@@H](O)[C@H](O)[C@H]2O)[C@H](O[C@H]2O[C@H](CO)[C@@H](O)[C@H](O)[C@H]2O)[C@H]1O[C@@H]1O[C@H](CO)[C@@H](O)[C@H](O)[C@H]1O[C@H]1O[C@H](CO)[C@@H](O)[C@H](O)[C@H]1O,III,1,SA11_Ames,none
CCCCC/C=C/C=C/C(=O)NCC(C)C,I,1,SA10_Ames,none
CCCCCC(=O)c1ccccc1,I,0,,none
CCCC(C)C(C)CC,I,0,,none
CCC(=O)OC1CCCCC1,I,0,,none
CCOC(OCC)c1ccccc1,I,0,,none
CCCCCCCCCCOC(=O)C(C)=O,I,0,,none
CCCCCc1cccc(=O)o1,I,0,,none
CCCCOCc1ccccc1,III,0,,none
CCC=CC(=O)OC,I,0,,none
COC(/C=C/c1ccccc1)OC,II,0,,none
COC(C=Cc1ccccc1)OC,II,0,,none
CCCCCCC/C=C/C1CCCCC1,III,0,,none
O=S1(=O)CC=CC1,III,0,,none
CCC/C=C\C=O,II,1,SA10_Ames,none
CCC/C=C/C=O,II,1,SA10_Ames,none
CCCC=CC=O,II,1,SA10_Ames,none
CC(=O)c1scnc1C,II,0,,none
CCOC(CC)OCC,I,0,,none
CCCCCC(=O)OCC(C)O,I,0,,none
COc1ccc2ccc(=O)oc2c1CC=C(C)C,III,1,SA30_Ames;SA38_Ames,none
CCCCC/C=C/COC(C)=O,I,0,,none
CCCCCC=CCOC(C)=O,I,0,,none
C=CCOC(=O)COC1CCCCC1,III,0,,none
CC(C)=CCCC1=CCCC(C)(C=O)C1,I,1,SA11_Ames,none
CC1=C(C/C=C(\C)CCCC(C)CCCC(C)CCCC(C)C)C(=O)c2ccccc2C1=O,II,1,SA12_Ames,none
CC1=C(C/C=C(\C)CCC[C@H](C)CCC[C@H](C)CCCC(C)C)C(=O)c2ccccc2C1=O,II,1,SA12_Ames,none
CC1=C(C/C=C(/C)CCC[C@H](C)CCC[C@H](C)CCCC(C)C)C(=O)c2ccccc2C1=O,II,1,SA12_Ames,none
CC1CSSS1,I,0,,none
CC(C)CCCC(C)CCCC(C)C=O,I,1,SA11_Ames,none
CCCC(=O)OCC(C)CC,I,0,,none
CCCCC(O)C(C)CCC,I,0,,none
CC(=O)OC1CCC(C(C)(C)C)CC1,I,0,,none
O=[Se](O)O,III,0,,none
CC(C)=CCOC(=O)c1ccccc1O,I,0,,none
CCCC1OCC(CO)O1,I,0,,none
C=CC(OCC)OCC,III,0,,none
Oc1cccc2cccnc12,III,0,,none
COC(=O)OC1CCCCCCC1,I,0,,none
O=C(Nc1cccc(Cl)c1)OCC#CCCl,III,1,SA8_Ames,III
CC[N+](=O)[O-],III,0,,II
CCCOC(=O)CC,I,0,,none
C/C=C/C(=O)OC,I,0,,none
CC=CC(=O)OC,I,0,,none
CNC(=O)CSP(=S)(OC)OC,III,0,,none
CCC(C)C(=O)OCC(C)OC(=O)C(C)CC,I,0,,none
CC1=CC(=O)CC(C)(C)C1/C=C/C(C)O,II,1,SA10_Ames,none
C=C1C(O)CC2(C(C)C)CC12,II,0,,none
O.O=BO[O-].[Na+],III,0,,none
CC(=O)OCCc1ccccc1,I,0,,none
CCOC(=O)CSC,I,0,,none
S=C=NCc1ccccc1,III,1,SA15_Ames,none
Oc1ccc(Cl)cc1Cc1cc(Cl)ccc1O,III,0,,III
CC1OCCCCCO1,III,0,,none
CCC=CC=CCO,I,0,,none
CC/C=C/C=C/CO,I,0,,none
Cc1c(C=O)c(C)c([N+](=O)[O-])c(C(C)(C)C)c1[N+](=O)[O-],III,1,SA11_Ames,II
CC1CCC(C(C)C)C(OCC(O)CO)C1,III,0,,none
COCC1COC(Cc2ccccc2)O1,III,0,,none
CC(C)(C)C(=O)OC1CC2CC1C1CC=CC21,I,0,,none
C=C1CC[C@H](O)CC1=CC=C1CCC[C@@]2(C)C1CC[C@@H]2[C@H](C)/C=C/[C@H](C)C(C)C,III,0,,none
C=COC(=O)CCC,III,1,SA24_Ames,none
C/C=C/C=C/CO,I,0,,none
CC=CC=CCO,I,0,,none
C=C/C(C)=C/CC(C)(C)/C(=N\O)C(C)C,III,0,,none
C=C/C(C)=C/CC(C)(C)/C(=N/O)C(C)C,III,0,,none
C=CC(C)=CCC(C)(C)C(=NO)C(C)C,III,0,,none
C=CCSC(=O)CCC,III,0,,none
CC(C)Nc1cccnc1N1CCN(C(=O)c2cc3cc(NS(C)(=O)=O)ccc3[nH]2)CC1.CS(=O)(=O)O,III,0,,III
CCCC(=O)OCc1ccc(OC)cc1,I,0,,none
FC(F)(Cl)Br,III,0,,III
CCCCCC(OCC(C)C)OCC(C)C,I,0,,none
CC=Cc1ccc(OC)c(OCC)c1,I,0,,none
CCCCCCCOC(=O)Cc1ccccc1,I,0,,none
CCCCCCCCCCCCCC(=O)OCCCCCCC,I,0,,none
CCc1cccnc1,III,0,,none
C=CCOC(=O)CCCCCCCC,III,0,,none
CCCCSSSCCCC,III,0,,none
C[C@H]1[C@H](c2ccccc2)OCCN1C,II,0,,II
CC1C(c2ccccc2)OCCN1C,II,0,,II
CCC(=O)c1cccs1,III,0,,none
CCC(=O)C1=NCCS1,II,0,,none
O.O.O.O.O.O.O=[N+]([O-])[O-].O=[N+]([O-])[O-].[Mg+2],III,0,,II
C1=CCOC=C1,II,0,,none
CCCCCC(=O)CC(=O)[O-].OCC(O)CO,III,0,,none
CCCCCC(=O)CC(=O)O.OCC(O)CO,III,0,,none
CCCC(CS)OC=O,I,0,,none
CCC1OCCC(C)(C)S1,II,0,,none
CCOc1cnc(C)cn1,II,0,,none
O=C(O)CN(CC(=O)O)CC(=O)O,III,0,,II
CC(C)=CCC(=O)c1ccoc1,III,0,,none
CC(=O)CCC(=O)OC(C)C,III,0,,none
COC(=O)C(C)(C)C1CCC(C)CC1,I,0,,none
Cc1ccc(CS)o1,III,0,,none
Clc1nc(Cl)nc(Cl)n1,III,0,,III
C1=CCCC=C1,I,0,,none
CCc1cc(C)cc(CC)c1-c1c(OC(=O)C(C)(C)C)n2n(c1=O)CCOCC2,III,0,,II
CC(C)(C)N=C=O,III,1,SA15_Ames,none
CCOC(=O)[C@@]12CCC[C@@H]1[C@@H]1CC[C@H]2C1,I,0,,none
CCOC(=O)[C@@]12CCC[C@@H]1[C@H]1CC[C@@H]2C1,I,0,,none
CCOC(=O)C12CCCC1C1CCC2C1,I,0,,none
Cc1ccc(C(C)C)c(O)c1,I,0,,none
CCc1ccc(C/C=C/OC)cc1,III,1,SA24_Ames;SA38_Ames,none
CC(C)C12C=CC(C)(CC1)OO2,II,0,,none
CCOC(=O)COc1ccccc1,III,0,,none
OO,III,0,,none
c1ccc(COCc2ccccc2)cc1,III,0,,none
CC(C)c1ccc(/C=C/C=O)cc1,II,0,,none
CC(C)c1ccc(C=CC=O)cc1,II,0,,none
C=CC(O)c1ccccc1,II,1,SA38_Ames,none
O=P([O-])([O-])O.[Mg+2],III,0,,none
CCCCCCCC=CC=CC=CC=O,II,1,SA10_Ames,none
CC[C@H](C)c1nccs1,II,0,,none
CCC(C)c1nccs1,II,0,,none
C=CC(=C)CCC(CO)C(=C)C,I,0,,none
C=C(C)CC,I,0,,none
CCCC(=O)OCCC(C)CCCC(C)C,I,0,,none
CCCCC(CO)C(C)=O,I,0,,none
CC(C)CCCC(=O)O,I,0,,none
CC(CS)C(=O)O,I,0,,none
CCCCCC(O)Cc1ccccc1,II,0,,none
CCC1(Cc2ccccc2)CCC(=O)O1,I,0,,none
CC1C(O)C=C2C(C)(C)CC=CC21C,I,0,,none
CCc1cnc(C)cn1.CCc1cncc(C)n1,III,0,,none
CCn1cc(C(=O)O)c(=O)c2ccc(C)nc21,III,0,,II
CCCCCOC(C)OCCCCC,I,0,,none
CCc1cnc(C(C)=O)cn1,II,0,,none
CC1CC(C)C(=O)C1=O,III,0,,none
C[C@H](NC(=O)[C@@H](N)Cc1ccccc1)C(=O)O,III,0,,III
CCCCCCCCCCC(=O)OCCCCCCC,I,0,,none
CC(C)=CC1OCCC(C)O1,II,0,,none
CCNCCO,III,0,,III
C=CCCC/C=C/COC,I,0,,none
C=CCCCC=CCOC,I,0,,none
CCCCCCCCCCC(=O)C(=O)O,I,0,,none
C=C(C)CCCC(C)=CCC(C)C=O,I,1,SA11_Ames,none
C=C(C)CCC/C(C)=C/CC(C)C=O,I,1,SA11_Ames,none
Cc1c(C)c([N+](=O)[O-])c(C(C)(C)C)c([N+](=O)[O-])c1C,III,0,,II
CC=CCOC(=O)Cc1ccccc1,I,0,,none
Cc1ccc(C(=O)c2cc(O)c(O)c([N+](=O)[O-])c2)cc1,III,1,SA27_Ames,II
COC.Cc1ccc(O)cc1,III,0,,none
CCCOC(C)OCCC,I,0,,none
CCC(CO)C1CCC(C)CC1,I,0,,none
O=C(Cc1ccccc1)OCc1ccccc1,I,0,,none
CC1C(C)(C)C2=C(C(=O)CCC2)C1(C)C,II,1,SA10_Ames,none
O=C1CC(c2ccc(O)c(O)c2)Oc2cc(O)ccc21,II,0,,none
CCOC(=O)C(CC)CC,I,0,,none
CCCCCCCCCCCCC(C)C=O,I,1,SA11_Ames,none
Cc1c(OCC(F)(F)F)ccnc1CS(=O)c1nc2ccccc2[nH]1,III,0,,I
COc1nccs1,II,0,,none
CC(C=O)c1ccc2ccccc2c1,III,1,SA11_Ames,none
OC1C(C2CCCC2)CCC1C1CCCC1,II,0,,none
CCOC(=O)C1CCC(=O)O1,I,0,,none
O=C(C=Cc1ccccc1)OCCc1ccccc1,I,0,,none
O=C(/C=C/c1ccccc1)OCCc1ccccc1,I,0,,none
C[C@H](S)[C@@H](C)O,I,0,,none
C[C@H](O)[C@@H](C)S,I,0,,none
CC(O)C(C)S,I,0,,none
CC(C)C(=O)OCCOc1ccccc1,II,0,,none
C=CCCC(O)CCC,I,0,,none
CC1(C)CC2C(C1)C1(C)CCCC2(C)C1O,I,0,,none
Cc1cc(C)cc(N)c1,III,1,SA28_Ames,III
O=C1CCCCCCCCCOCCCCCO1,III,0,,none
CC=Cc1ccc(OCC)cc1,I,0,,none
O=C(O)CCCCC/C=C/CCCCCCCCO,I,0,,none
COC(=O)CS,I,0,,none
CC(O)C(=O)[O-].CC(O)C(=O)[O-].[Ca+2],III,0,,none
C=C(C)C1C=CC(C)(O)CC1,I,0,,none
C=C(C)[C@H]1C=C[C@](C)(O)CC1,I,0,,none
C=CC1=C(C=O)CCCC1,II,1,SA10_Ames,none
O=C(O)CCC(=O)OOC(=O)CCC(=O)O,III,0,,none
COC(OC)c1ccc(C(C)C)cc1,I,0,,none
C=CC(C)O,II,0,,none
CC(C)C1=CC=C(C=O)CC1,II,1,SA10_Ames,none
CC(C)[C@@H]1CC[C@@H](C)C[C@H]1OC(=O)CCC(=O)N(C)C,I,0,,II
CC1(C)C=C[C@@]23CCC[C@@](C)(CC[C@@H]12)C3,I,0,,none
CC12CCCC3(C=CC(C)(C)C3CC1)C2,I,0,,none
CCCc1cccnc1,II,0,,none
C=Cc1sc(C)nc1C,II,0,,none
CC(C)=C(C)CCC(C)CC=O,I,1,SA11_Ames,none
COc1cc(=O)oc2ccccc12,III,1,SA30_Ames,none
C=C(C)C12CC(CC1CO)C(C)=C2C,I,0,,none
CC(=O)OCCC(C)C,I,0,,none
O=S(=O)(c1ccc(Cl)cc1)c1cc(Cl)c(Cl)cc1Cl,III,0,,III
CC(=O)OCC(C)OC(C)=O,I,0,,none
COc1ccc(O)c(C(C)=O)c1,I,0,,none
N#CCC(=O)O,III,0,,none
CCC(C)C=CCCCCC(=O)NCc1ccc(O)c(OC)c1,II,0,,none
CC(C)CCOC(=O)c1ccccc1,I,0,,none
c1coc(Cc2coc(Cc3ccco3)c2)c1,III,0,,none
CC(C)(C)CC(=O)O,I,0,,none
CCCCC(=S)OCC,III,0,,none
CCCCCCCCCCCCCC#N,III,0,,none
CCCCCCCCCC=CCO,I,0,,none
CCCCCCCCC/C=C/CO,I,0,,none
CCCCCCCCCCCCC=CC=O,II,1,SA10_Ames,none
C/C=C/C=O,II,1,SA10_Ames,none
CC=CC=O,II,1,SA10_Ames,none
CC(CCOC=O)CC(C)(C)C,I,0,,none
CCCCCCC/C=C/CCC=O,I,1,SA11_Ames,none
CCCCCCC/C=C\CCC=O,I,1,SA11_Ames,none
CCC1(C)OCC(C)O1,I,0,,none
CCCCCCC/C=C/C=O,II,1,SA10_Ames,none
CCCCCCC/C=C\C=O,II,1,SA10_Ames,none
CCCCCCCC=CC=O,II,1,SA10_Ames,none
CCCCCCCCCCCCCC(=O)OCC,I,0,,none
CCOc1nccnc1C,II,0,,none
CCC(C)=CC(C=C(C)C)CC(C)=O,III,0,,none
CC(C)=CCC/C(C)=C\CCC=O,I,1,SA11_Ames,none
CC(C)=CCC/C(C)=C/CCC=O,I,1,SA11_Ames,none
CCCCCCCCCCCC(=O)OC(C)CCC,I,0,,none
CCC[C@H](S)CC=O,I,1,SA11_Ames,none
CCCC(S)CC=O,I,1,SA11_Ames,none
CCC[C@@H](S)CC=O,I,1,SA11_Ames,none
CCN(CC)C(=O)c1cccc(C)c1,III,0,,II
COc1ccc(C(=O)c2nccc3cc4c(cc23)OCO4)c(O)c1OC,III,0,,none
CCCCCCC(OC(C)C)OC(C)C,I,0,,none
C=C(C)c1ccc(C)cc1,I,0,,none
O=C([O-])C(O)C(O)C(O)C(O)C(O)CO.O=C([O-])C(O)C(O)C(O)C(O)C(O)CO.[Mg+2],III,0,,none
C=CCOC(=O)CCCCCC1CCCCC1,III,0,,none
CCCCCCCCCCCC(=O)OCC,I,0,,none
Cc1ccccc1F,III,0,,III
SCC1CC=CO1,III,0,,none
CCC(O)CCC(C)C,I,0,,none
CC/C=C/CCC1=CC(=O)CC1,II,1,SA10_Ames,none
CCCCc1cccs1,III,0,,none
O=C(Cc1ccccc1)OC1CCCCC1,I,0,,none
CCCC(O)c1ccc(C(C)C)cc1,I,0,,none
CC1(C)CCCC2(C)C3CCC2(C)[C@@H](O)C31,I,0,,none
O=P([O-])([O-])O.[NH4+].[NH4+],III,0,,none
CCOC(=O)[C@]1(CC)O[C@@]1(C)c1ccccc1,III,1,SA7_Ames,none
CCOC(=O)C1(CC)OC1(C)c1ccccc1,III,1,SA7_Ames,none
[C-]#N.[Na+],III,0,,none
CCCCCCC(=O)O,I,0,,none
CCOC(=S)c1ccccc1,III,0,,none
CCCCCCCC(C)C=O,I,1,SA11_Ames,none
[K+].[O-][I+2]([O-])[O-],III,0,,none
CCOc1ccccc1O,I,0,,none
CCCCCCCCCOC=O,I,0,,none
CCCCCOC(=O)CC(=O)OCCCCC,I,0,,none
CC(=O)c1nccs1,II,0,,none
Cc1ncsc1CCOC=O,II,0,,none
CC1=C(C=O)C(C)(C)CCC1,II,1,SA10_Ames,none
CCCCCCCCCCCCCCCCCC(=O)OCCCCC,I,0,,none
O=[Cr](=O)([O-])[O-].[Pb+2],III,0,,none
CC1=CCC(=C(C)C)CC1,I,0,,none
O=[N+]([O-])O[C@H]1CO[C@H]2[C@@H]1OC[C@H]2O[N+](=O)[O-],III,0,,II
CCCCCCC(C)(C)S,III,0,,none
[Mg+2].[O-][Cl+3]([O-])([O-])[O-].[O-][Cl+3]([O-])([O-])[O-],III,0,,III
CCC(S)SC(S)CC,I,0,,none
CCCCC/C(=C\c1ccccc1)C(OCC)OCC,II,0,,none
CCCCCC(=Cc1ccccc1)C(OCC)OCC,II,0,,none
CC1CCCC(C)(C)C1C=O,I,1,SA11_Ames,none
CCCCCCCCCC(=O)OCCCCCCC,I,0,,none
C=CCCCCOC(C)=O,I,0,,none
CSC(=O)CC(C)C,III,0,,none
CC(=O)OCC(O)COC(C)=O,I,0,,none
C=C[C@H]1CN2CC[C@H]1C[C@H]2[C@H](O)c1ccnc2ccc(OC)cc12.Cl.O.O,III,0,,III
C=C[C@H]1CN2CC[C@@H]1C[C@H]2[C@H](O)c1ccnc2ccc(OC)cc12.Cl.O.O,III,0,,III
C=CC1CN2CCC1CC2[C@H](O)c1ccnc2ccc(OC)cc12.Cl.O.O,III,0,,III
CCCCCCCCCOC(=O)CC,I,0,,none
CCCc1cccc(O)c1,I,0,,none
CC(C)CCSSCCC(C)C,III,0,,none
CC(C)CC(=O)O[C@@H]1CC2CC[C@@]1(C)C2(C)C,I,0,,none
CC(C)CC(=O)O[C@@H]1C[C@H]2CC[C@@]1(C)C2(C)C,I,0,,none
CC(C)CC(=O)OC1CC2CCC1(C)C2(C)C,I,0,,none
CC(C)CC(=O)O[C@@H]1C[C@@H]2CC[C@@]1(C)C2(C)C,I,0,,none
CCCCCCC(C)=CC#N,III,0,,none
CCC(C)SC(=O)CC(C)C,III,0,,none
CC(C)=CCCC1=CCC(C=O)CC1,I,1,SA11_Ames,none
O=C([O-])C(=O)Cc1ccccc1.[Na+],I,0,,none
COc1cnc(C(C)C)cn1.COc1cncc(C(C)C)n1.COc1nccnc1C(C)C,III,0,,none
Nc1ccc(S(=O)(=O)c2ccc(N)cc2)cc1,III,1,SA28_Ames,III
CC1COC(/C=C/c2ccccc2)O1,II,0,,none
CC(C)[C@H]1CC[C@H](C)C[C@H]1NC(=O)C1CC1,I,0,,none
CC1CCC(C(C)C)C(NC(=O)C2CC2)C1,I,0,,none
CC(C)[C@@H]1CC[C@@H](C)C[C@@H]1NC(=O)C1CC1,I,0,,none
C[C@H]1C(=O)C[C@H]2C[C@H]1C2(C)C,I,0,,none
C[C@H]1C(=O)C[C@@H]2C[C@H]1C2(C)C,I,0,,none
C[C@H]1C(=O)C[C@H]2C[C@@H]1C2(C)C,I,0,,none
CC1C(=O)CC2CC1C2(C)C,I,0,,none
CC(=O)Cc1ccc2ccccc2n1,II,0,,none
CCOC(=O)[C@@H](C)N(C(=O)c1ccccc1)c1ccc(F)c(Cl)c1,III,0,,III
O.O=S1(=O)N=C([O-])c2ccccc21.O=S1(=O)N=C([O-])c2ccccc21.[Ca+2],III,0,,none
C/C=C/C(=O)OC/C=C(/C)CCC=C(C)C,I,0,,none
C/C=C/C(=O)OC/C=C(\C)CCC=C(C)C,I,0,,none
CC1CCC(O)CC1,I,0,,none
CC(C)CCCCCCCCCCCCCCC(=O)OC(CO)CO,I,0,,none
CCCCOC(=O)[C@H](C)O,I,0,,none
CCCCOC(=O)C(C)O,I,0,,none
COc1ccc(O)c(C(C)(C)C)c1,I,0,,none
C=CC(=O)C1=CCCC1,II,1,SA10_Ames,none
CC(C)CCCC1CCC(=O)CC1,I,0,,none
O=C1CCCCCCCCCCOCCCCO1,III,0,,none
CC[Pb](CC)(CC)CC,III,0,,none
O.[In].[Sn],III,0,,none
Oc1ccc2ccccc2c1N=Nc1ccccc1,III,1,SA29_Ames;aN=Na,none
CCc1cnc(C)c(CC)n1,III,0,,none
CCCCC(O)C(=O)OCC,I,0,,none
CCSCCC(=O)O,I,0,,none
O=C1CCC2CCCCC2O1,I,0,,none
[Ag]I,III,0,,none
COc1ccc(CO)cc1,I,0,,none
O=C([O-])/C=C/C(=O)[O-].[Na+].[Na+],I,0,,none
COC1COC(OC2COC(OC3COC(OC4COC(OC)C(OS(=O)(=O)[O-])C4OS(=O)(=O)[O-])C(OC4OC(C(=O)[O-])C(OC)C(OS(=O)(=O)[O-])C4OS(=O)(=O)[O-])C3OS(=O)(=O)[O-])C(OS(=O)(=O)[O-])C2OS(=O)(=O)[O-])C(OS(=O)(=O)[O-])C1OS(=O)(=O)[O-].[Na+].[Na+].[Na+].[Na+].[Na+].[Na+].[Na+].[Na+].[Na+].[Na+],III,0,,none
C#CC1(C(=O)OC)CCCCC1,III,0,,none
C/C(C#N)=C/c1ccccc1,III,0,,none
CC(C)=CC(C)CCCCC=O,I,1,SA11_Ames,none
O=C1CCOc2ccccc21,II,0,,none
CCCCCCCC1CCCCC1,III,0,,none
O=C([O-])[C@H]1OC(O)[C@H](O)[C@@H](O)[C@H]1O.[Na+],III,0,,none
O=C([O-])C1OC(O)C(O)C(O)C1O.[Na+],III,0,,none
CCC(C)(C)O,I,0,,none
CCCC[NH-],III,0,,none
CCCCCCOC(=O)Cc1ccccc1,I,0,,none
CCC(C)C1CCC(OC(C)=O)CC1,I,0,,none
N[C@@H](CO)C(=O)O,I,0,,III
CC(C)=CCC[C@@H](C)CC#N,III,0,,none
CC(C)=CCCC(C)CC#N,III,0,,none
CCCCC/C=C/CC(=O)OC,I,0,,none
CCCCCC=CCC(=O)OC,I,0,,none
CCCCCCCCCCC=COC(=O)CC,III,1,SA24_Ames,none
OCCOCCO,III,0,,none
CCCCCCC=CCCO,I,0,,none
CC(=O)OC=CCC(C)C,III,1,SA24_Ames,none
CCCCCCC1OC(C)C(C)O1,III,0,,none
CC(=O)c1oc2ccccc2c1C,II,0,,none
CCCC/C=C1/OC(=O)C(C)=C1C,I,0,,none
CNC(=O)OC1CCCC(N(Cc2ccccc2)Cc2ccccc2)C1,II,1,SA16_Ames,II
Cc1occc1SSC1CCOC1C,III,0,,none
CC1=CCC(C/C=C(\C)CO)C1(C)C,I,0,,none
c1ccc(CCOCc2ccccc2)cc1,III,0,,none
CCOC(=O)c1ccccc1,I,0,,none
CC(C)=CC(=O)C=C(C)C,II,1,SA10_Ames,none
Cc1cc(O)c(C)c(O)c1C#N,III,0,,none
O=C(O)C(=O)O,I,0,,none
CC(S)CCCN,I,0,,III
Cc1ccnc2ccccc12,III,0,,none
CC(C)c1ccc(CCO)cc1,I,0,,none
CCCCCCCCCC1OC1C(=O)OCC,III,1,SA7_Ames,none
N#Cc1c[nH]cc1-c1cccc2c1OC(F)(F)O2,III,0,,III
C[C@]12CC[C@H]3[C@@H](CCC4=CC(=O)CC[C@@]43C)[C@@H]1CC[C@@H]2O,III,1,SA10_Ames,none
C[C@]12CC[C@H]3[C@@H](CCC4=CC(=O)CC[C@@]43C)[C@@H]1CC[C@H]2O,III,1,SA10_Ames,none
CCCCOCCCC.Oc1ccc2ccccc2c1,III,0,,none
CSc1nccnc1C(C)C,III,0,,none
CCCCCC(=O)OCC=C(C)C,I,0,,none
CC(C)Oc1cc(C=O)ccc1O,III,1,SA11_Ames,none
COC(=O)CCC(=O)OC,I,0,,none
CCCC/C=C\CCCCCCOC(C)=O,I,0,,none
Cc1ccc(OC(=O)CC(C)C)cc1,I,0,,none
CCCNC(C)C(=O)Nc1ccccc1C,III,0,,III
CCCCC(=O)Oc1ccccc1,I,0,,none
CCC(=O)OCC(C)CC,I,0,,none
CCCCCCCCCCCCCCCCCC(=O)OCC,I,0,,none
C=C1CC[C@@H](C)C(C)(C)[C@H]1/C=C/C(C)=O,II,1,SA10_Ames,none
Clc1ccccc1,III,0,,III
CC/C(=C(\c1ccccc1)c1ccc(OCCOC(=O)N(CCCl)N=O)cc1)c1ccccc1,III,1,SA21_Ames;SA8_Ames,III
N#CCOC(=O)/C=C/c1ccccc1,III,0,,none
CC(C)CCCC1=CCC(C)(C=O)CC1,I,1,SA11_Ames,none
O=C(CCl)OCCc1ccccc1,III,1,SA8_Ames,III
CC(C)C1(C(C)C)Oc2ccccc2O1,I,0,,none
CCOC(=O)c1ccc(O)c(OC)c1,I,0,,none
C=C(C#N)C(=O)OC,III,0,,none
O=C1C=CC(=NN=C2C=CC(=Nc3ccc(N(O)O)cc3S(=O)(=O)[O-])C=C2)C=C1.[Na+],II,1,SA10_Ames;SA13_Ames,II
CC(C)(O)C#N,III,0,,none
CCCCCCCCCCO,I,0,,none
CCC1OCCC(C)S1,II,0,,none
COc1cc(C=O)ccc1O,I,1,SA11_Ames,none
Cc1ccc(OC(=O)CC(=O)c2ccccc2)cc1,I,0,,none
c1ccc2cc3ccccc3cc2c1,III,1,SA18_Ames,none
CCCCCCCC(=O)OCc1ccccc1,I,0,,none
CCOC1(OCC)CCCCC1,I,0,,none
[N]=O,III,0,,none
CCCC(=O)C(C)=O,III,0,,none
C#CC,III,0,,none
CCC(O)c1ccco1,II,0,,none
CCCCCC1CCCC1O,I,0,,none
CCOC(=O)/C=C/c1ccco1,II,0,,none
CCOC(=O)C=Cc1ccco1,II,0,,none
C=C[C@@]1(C)CCC(C(C)C)=C[C@@H]1C(=C)C,I,0,,none
C=C[C@@]1(C)CCC(C(C)C)=C[C@H]1C(=C)C,I,0,,none
C=CC1(C)CCC(C(C)C)=CC1C(=C)C,I,0,,none
CC(C)(C)C1CCC(C=O)CC1,I,1,SA11_Ames,none
CC(=O)OC(C)CC(C)(C)c1ccccc1,I,0,,none
CCCCCOC(CCCCC)OCCCCC,I,0,,none
CC(C)C(C)O,I,0,,none
C=CCc1ccc(OC(C)OC)c(OC)c1,I,1,SA38_Ames,none
CCNc1nc(Cl)nc(NC(C)C)n1,III,1,SA28bis_Ames,III
CCCCCCCC(=S)OC,III,0,,none
COC(=O)CCSCc1ccco1,III,0,,none
O=C(C=CC=Cc1ccc2c(c1)OCO2)N1CCCCC1,III,1,SA10_Ames,II
O=C(/C=C/C=C/c1ccc2c(c1)OCO2)N1CCCCC1,III,1,SA10_Ames,II
CC(C)COC(=O)C=Cc1ccco1,II,0,,none
O=CCc1ccccc1.c1ccc2[nH]ccc2c1,III,1,SA11_Ames,none
CCCCCC1C=CC(=O)O1,I,0,,none
CCOC(C)OC,I,0,,none
COc1cncc(C)n1,II,0,,none
CCCc1ccc2c(c1)OCO2,III,0,,none
CCCc1ccc(CC(C)C=O)cc1,I,1,SA11_Ames,none
C[S+](C)CC[C@H](N)C(=O)O.[Cl-],III,0,,III
C/C=C/C(=O)OCCC(C)CCC=C(C)C,I,0,,none
CC=CC(=O)OCCC(C)CCC=C(C)C,I,0,,none
CC(CC=O)c1ccccc1,I,1,SA11_Ames,none
CSCSSC,III,0,,none
CCCCC/C(C=O)=C/c1ccc2c(c1)OCO2,III,0,,none
CC1C(=O)Cc2ccccc2C1(C)C,II,0,,none
CC1C=CC2(O1)C(C)(C)CCCC2(C)O,II,0,,none
COc1ccc(C=O)cc1C,I,1,SA11_Ames,none
O=O,III,0,,none
Cc1ccoc1C(=O)CC(C)C,III,0,,none
C=Cc1ccccc1C=C,I,0,,none
O=C([O-])C1CCC2CCCCC2C1,III,0,,none
CNC(C)Cc1ccccc1,III,0,,III
CN[C@@H](C)Cc1ccccc1,III,0,,III
C[C@]12C=CC(=O)C=C1[C@@H](F)C[C@@H]1[C@@H]2[C@@H](O)C[C@@]2(C)[C@H]1CC[C@]2(O)C(=O)CO,III,1,SA10_Ames,III
CC(Oc1ccc(Cl)cc1Cl)C(=O)O,III,0,,III
CCC=CCC=CCCC=O,I,1,SA11_Ames,none
O=C1CCCCCCCCOCCCCCCO1,III,0,,none
CC=CC(=O)OCCCCCC,I,0,,none
C/C=C/C(=O)OCCCCCC,I,0,,none
C/C=C\C(=O)OCCCCCC,I,0,,none
CCCCCCCCCCCCCCCCCC(=O)O[C@@H]1[C@@H](O)[C@H](O)[C@@H](CO)O[C@@]1(OC(=O)CCCCCCCCCCCCCCCCC)[C@@]1(CO)O[C@H](CO)[C@@H](O)[C@@H]1O,III,0,,none
CC=C(C)CCC=C(C)C,I,0,,none
COc1ccc(C(=O)OCC(=O)O)cc1,I,0,,none
CC1=CC(C)C(C=O)CC1,I,1,SA11_Ames,none
CCCCCCCCCCCCCCOCCCOC(=O)CC,III,0,,none
CC(=O)OC1C=C(C)CCC1C(C)C,I,0,,none
CCCc1ccc(OC(C)=O)cc1,I,0,,none
CCCCC(CC)COC(=O)CCCCCC(C)C,I,0,,none
CCCCCCCCCCCCCCCCCCN(C)C,I,0,,II
NCCCCCCN,I,0,,III
CCCC(C)=CCCC(C)=CC=O,II,1,SA10_Ames,none
CC1=CCCC(C)(C)C1=O,II,1,SA10_Ames,none
CCC=O,I,1,SA11_Ames,none
C/C=C/CCC1CCCC(=O)O1,I,0,,none
CC=CCCC1CCCC(=O)O1,I,0,,none
CCC=CCCC(C)=O,III,0,,none
O=C(C=Cc1ccccc1)Oc1ccccc1,I,0,,none
C=CCc1ccc(OCC=Cc2ccccc2)c(OC)c1,III,1,SA38_Ames,none
O=C(c1ccccc1)C(O)O,I,0,,none
O=P(O)(O)O,III,0,,none
C=CCOC(=O)C(CC)CC,III,0,,none
CCC(=O)Oc1c(C)occc1=O,II,0,,none
O.O=C1OC([C@@H](O)CO)C(O)=C1[O-].O=C1OC([C@@H](O)CO)C(O)=C1[O-].[Ca+2],III,0,,none
CC1(C)SC(C)(C)SC(C)(C)S1,II,0,,none
Cc1[nH]c(=O)n(C(C)(C)C)c(=O)c1Cl,III,0,,III
CCCCCCCC(=O)CCC,I,0,,none
CF,III,0,,III
CCc1ccc(C)o1,III,0,,none
CC/C=C\CCCCOC(C)=O,I,0,,none
CC(=O)O.CC1(C)C2CCC(C)(C3(C)CCC4CC3(C3(C)CCC5CC3C5(C)C)C4(C)C)C1C2,II,0,,none
CSC(C)CC=O,I,1,SA11_Ames,none
CS[C@@H](C)CC=O,I,1,SA11_Ames,none
CC(S)c1cccs1,III,0,,none
CCCCCCOC(=O)CCCCC,I,0,,none
CCCC(CO)C(=O)OCC,I,0,,none
CCCCCCC(C=O)CC,I,1,SA11_Ames,none
CC1CC(C)SC(C)S1,II,0,,none
Oc1ccc(Cl)cc1Cc1ccccc1,III,0,,III
CCC(S)S,III,0,,none
CSCC=O,I,1,SA11_Ames,none
C/C=C/C(=O)OCc1ccccc1,I,0,,none
CC=CC(=O)OCc1ccccc1,I,0,,none
CCCC/C=C/C=C/CO,I,0,,none
CCCCC=CC=CCO,I,0,,none
CCCCCCCCCC(OC)OC,I,0,,none
CSC(C)CC(=O)C1=C(C)CCCC1(C)C,II,1,SA10_Ames,none
COc1cc(/C=C/C(=O)[O-])ccc1O.[Na+],I,0,,none
CC(O)CC(C)(C)c1ccccc1,I,0,,none
CCCC/C=C/C=O,II,1,SA10_Ames,none
CCCCC=CC=O,II,1,SA10_Ames,none
CSCCC1OCC(C)O1,I,0,,none
CC1=CC2OCC(C)=C2CC1,II,0,,none
CCCCCCCCCCCCCCCCC,I,0,,none
CCCCCCOC(C)OCc1ccccc1,I,0,,none
O=[Cr](=O)([O-])[O-].[Zn+2],III,0,,none
CCCCCCCCCCCC(=O)OCCCC,I,0,,none
CC(C)C1=CC2=CC[C@@H]3[C@](C)(CCC[C@@]3(C)C(=O)OC(=O)[C@]3(C)CCC[C@@]4(C)[C@H]3CC=C3C=C(C(C)C)CC[C@@H]34)[C@H]2CC1,I,0,,III
C=C(C)[C@@H]1CC=C(CO)CC1,I,0,,none
C=C(C)C1CC=C(CO)CC1,I,0,,none
CC(Cl)(Cl)C(=O)O,III,0,,III
CCOc1nccs1,II,0,,none
CCCCCCCCC=COC(=O)CC,III,1,SA24_Ames,none
C=C1CCC2(C(C)C)CC12,I,0,,none
CC1CCCCC1O,I,0,,none
C=CCOC(=O)C(C)=O,III,0,,none
C=CCOC(=O)CCCCC1CCCCC1,III,0,,none
C=CC(=C)CC/C=C(\C)C=O,II,1,SA10_Ames,none
CCCC[C@H]1C[C@H](C(C)=O)C(=O)O1,III,0,,none
CCCCC1CC(C(C)=O)C(=O)O1,III,0,,none
CCc1ccc(OC)c(OC)c1,I,0,,none
CCCCC[C@@H]1CC=CC(=O)O1,I,0,,none
CCCCCC1CC=CC(=O)O1,I,0,,none
CCCCC[C@H]1CC=CC(=O)O1,I,0,,none
O=C([O-])[C@H](O)[C@@H](O)[C@H](O)[C@H](O)CO.O=C([O-])[C@H](O)[C@@H](O)[C@H](O)[C@H](O)CO.[Ca+2],III,0,,none
CCCCC(=O)OCC(C)O,I,0,,none
CCCCCCCCOC(=O)CCCCC(=O)OCCCCCCCC,I,0,,none
CCl,III,1,SA8_Ames,III
CC(C)=CCC[C@H](C)CC=O,I,1,SA11_Ames,none
CC(C)=CCC[C@@H](C)CC=O,I,1,SA11_Ames,none
CC(C)=CCCC(C)CC=O,I,1,SA11_Ames,none
CC(C)C1CCC(C(C)O)CC1,I,0,,none
Cc1ccc(OC=O)cc1,I,0,,none
C/C=C(\C)CO,I,0,,none
CC=C(C)CO,I,0,,none
C/C=C/C(=O)C1CCC(C)(C)C=C1C,II,1,SA10_Ames,none
CC=CC(=O)C1CCC(C)(C)C=C1C,II,1,SA10_Ames,none
CCOC(COCCC(C)CCC=C(C)C)OCC,III,0,,none
CC(C)CCCCCCCCCCCCCCC(=O)OC(C)C,I,0,,none
O=C(O)c1ccc(-c2ccc(C(=O)O)cc2)cc1,III,0,,none
CC(C)C1OC2(C)CCC1C(C)C2,II,0,,none
C=CCOC(=O)CCC(C)=O,III,0,,none
C=CC1(C)CCCC(C)(C)O1,II,0,,none
C=C1CC[C@H]2C(=C)CC[C@H]3C(=C)C(=O)O[C@@H]3[C@@H]12,I,0,,none
CC(OC=O)C1CCCC(C)(C)C1,I,0,,none
CCCCCCCCCC(C)C=O,I,1,SA11_Ames,none
O=C1c2ccccc2C(=O)C1c1ccccc1,III,0,,none
COc1cc(C)ccc1C(C)(C)C,I,0,,none
C/C=C(C(=C\C)\c1ccc(O)cc1)/c1ccc(O)cc1,II,1,SA38_Ames,none
C/C=C(C(=C/C)/c1ccc(O)cc1)\c1ccc(O)cc1,II,1,SA38_Ames,none
C/C=C(C(=C/C)\c1ccc(O)cc1)/c1ccc(O)cc1,II,1,SA38_Ames,none
Cc1ncc2c(n1)C(C)OC2,III,0,,none
CCC(O)CCc1ccccc1,I,0,,none
CCOC(OCC)C1CC2CC1C1C=CCC21,I,0,,none
CC(C)[C@@H]1CC[C@@H](C)CC1=O,I,0,,none
CC(C)[C@H]1CC[C@H](C)CC1=O,I,0,,none
CC(C)[C@@H]1CC[C@H](C)CC1=O,I,0,,none
CC(C)[C@H]1CC[C@@H](C)CC1=O,I,0,,none
CC1CCC(C(C)C)C(=O)C1,I,0,,none
CN(C)CCOC(c1ccccc1)c1ccccc1.Cn1c(=O)c2[nH]c(Cl)nc2n(C)c1=O,III,0,,III
C/C=C/C(C)C(=O)O,I,0,,none
CC=CC(C)C(=O)O,I,0,,none
C=C(C)C1CC=C(C)C(OC(=O)CCC)C1,I,0,,none
CC1=NC(C)SC(C)S1,II,0,,none
CCCCC(=O)CC,I,0,,none
CCCCCCCC(C)O,I,0,,none
CCC=Cc1ccccn1,II,0,,none
O=C(/C=C\c1ccccc1)OCc1ccccc1,I,0,,none
O=C(C=Cc1ccccc1)OCc1ccccc1,I,0,,none
O=C(/C=C/c1ccccc1)OCc1ccccc1,I,0,,none
Cc1cc(C)nc([N-]S(=O)(=O)c2ccc(N)cc2)n1.[Na+],III,1,SA28_Ames,III
O=C([O-])C(O)C(O)C(=O)[O-].[NH4+].[NH4+],III,0,,none
CCC/C=C/C(=O)OCCCCCC,I,0,,none
CC(O)C(=O)[O-].[Na+],I,0,,none
O=C(O)/C=C/c1ccc(O)cc1,I,0,,none
CC1=CC2=CC(=O)CCC2CC1,II,1,SA10_Ames,none
CC/C=C1/OC(=O)c2ccccc21,III,0,,none
CCC=C1OC(=O)c2ccccc21,III,0,,none
CC/C=C1\OC(=O)c2ccccc21,III,0,,none
CC(=O)C1C2CCC(C2)C1(C)C,I,0,,none
CCC(CCC(C)C)C(=O)OC,I,0,,none
CC1=CCC(CCC(C)C(C)O)C1(C)C,I,0,,none
COc1cccc(CNC(=O)C(=O)NCCc2ccccn2)c1OC,III,0,,none
O=CCCCc1ccccc1,I,1,SA11_Ames,none
CCC(S)C(=O)OC,I,0,,none
CCC1=CCCC(C)(C)C12C=CC(C)O2,II,0,,none
CC1(O)CSC(C)(O)CS1,II,0,,none
C[C@@]1(O)CS[C@](C)(O)CS1,II,0,,none
CCCCCCCCCCCCCCCCN(C)C,I,0,,II
C=CC(=C)C[C@H](O)C=C(C)C,I,0,,none
CC(C)CC(C)(C)C,I,0,,none
Cc1noc(NS(=O)(=O)c2ccc(N)cc2)c1C,III,1,SA28_Ames,III
CC(=O)O[C@H]1CCC[C@@H](C(C)(C)C)C1,I,0,,none
CC(=O)O[C@H]1CCC[C@H](C(C)(C)C)C1,I,0,,none
CC(=O)OC1CCCC(C(C)(C)C)C1,I,0,,none
CC1=CCC2C(C)=CCC(C)(C)CC2C1,I,0,,none
CCOC(=O)c1ccco1,II,0,,none
N[C@@H](CCC(=O)[O-])C(=O)[O-].[Ca+2],I,0,,III
OC[C@H]1O[C@@H]2OC[C@H]3O[C@H](O[C@@H]4[C@@H](O)[C@@H](OC[C@H]5O[C@H](O[C@H]([C@H]2O)[C@@H]1O)[C@H](O)[C@@H](O)[C@@H]5O)O[C@H](CO)[C@H]4O)[C@H](O)[C@@H](O)[C@@H]3O,I,0,,none
COc1ccc(CCCO)cc1,I,0,,none
c1ccc(CCc2ccccn2)cc1,II,0,,none
CC/C=C\CCC1(C)CCC(=O)O1,I,0,,none
CC/C=C/CCC1(C)CCC(=O)O1,I,0,,none
CCC=CCCC1(C)CCC(=O)O1,I,0,,none
CC(C)COC(=O)CCc1ccccc1,I,0,,none
CCC/C=C/C(=O)O,I,0,,none
CCCC=CC(=O)O,I,0,,none
CCCCCCCCCCCCCCCC=O,I,1,SA11_Ames,none
CC/C=C\C/C=C\C/C=C\CCCCCCC=O,I,1,SA11_Ames,none
CCC=CCC=CCC=CCCCCCCC=O,I,1,SA11_Ames,none
COC(=O)c1ccccc1C(=O)OC,I,0,,none
C=CC(=O)O,I,0,,none
Nc1cc(Cl)nc(C(=O)O)c1Cl,III,1,SA28_Ames,III
CCCCCC(C#N)CCC,III,0,,none
CC(C)CNCC(C)C,III,0,,III
CC(=O)CCc1ccc(O)cc1,I,0,,none
OCC1CC2C3CCC(C3)C2C1,I,0,,none
C=C(C)C1C=CC(C)=CC1,I,0,,none
O=[N+]([O-])C1CCCCC1,III,0,,II
C=C(C)C(CCC(C)=O)CC(=O)O,III,0,,none
O=C(COc1ccc2oc3c(c2c1)CCCC3)Nc1cccnc1,III,0,,none
CCc1ccncc1C,III,0,,none
O=C(O)CC(S)C(=O)O,I,0,,none
CCCCCCCCCC(C)C(OC)OC,I,0,,none
C=Cc1ccc(OC)c(OC)c1,I,0,,none
CCCCC[C@@H](C)C(=O)O,I,0,,none
CCCCCC(C)C(=O)O,I,0,,none
CCCCC[C@H](C)C(=O)[O-],III,0,,none
CC(C)c1ccc2ncccc2c1,III,0,,none
COCOC,III,0,,none
CC(C)=CCC1CCCC1=O,I,0,,none
[Ca+2].[O-][Cl+2]([O-])[O-].[O-][Cl+2]([O-])[O-],III,0,,III
CC(OCc1ccco1)SCc1ccco1,III,0,,none
CC(=O)C1CCC2=C(C1)C(C)CC2(C)C,I,0,,none
CCCCCC(=O)CSCCC,I,0,,none
CC1C/C=C/CCCCCCCCCC(=O)C1,II,0,,none
CCCCOC(=O)C(O)C(O)C(=O)[O-],III,0,,none
CC/C=C\CCC1CCC(=O)O1,I,0,,none
CC/C=C/CCC1CCC(=O)O1,I,0,,none
CCC=CCCC1CCC(=O)O1,I,0,,none
CCCOC(=O)CCCCC(=O)OCCC,I,0,,none
Cc1ccc(CCC(C)O)cc1,I,0,,none
CCOc1ccc2c(C)cc(=O)oc2c1,III,1,SA30_Ames,none
CCC(=O)OC1=C(C)CCC1=O,II,1,SA10_Ames,none
CC(C)CC(=O)OCCC1CCCCC1,I,0,,none
Cc1ccc(C)c(O)c1,I,0,,none
C=C(C)C1CCC(C)(OC(C)=O)C1C,I,0,,none
C=C(C)[C@@H]1CC[C@](C)(OC(C)=O)[C@@H]1C,I,0,,none
CC(CC=O)c1ccc(C(C)(C)C)cc1,I,1,SA11_Ames,none
C/C=C(\C)COC(=O)C(C)CC,I,0,,none
CCCCCOC(=O)CCC(C)=O,III,0,,none
COc1ccccc1CC1CC1,II,0,,none
C=CC#N,III,0,,none
O.O.O=C([O-])CC(O)(CC(=O)[O-])C(=O)[O-].[Na+].[Na+].[Na+],III,0,,none
CCC([O-])=C1C(=O)CC(C(=O)[O-])CC1=O.[Ca+2],II,1,SA10_Ames,none
C=CCCCCCCCCC(=O)OCCCCCCC,I,0,,none
O=Nc1ccccc1,III,1,SA25_Ames,none
COc1ccccc1-c1ccccc1,III,0,,none
[Cl-].[NH4+],III,0,,III
O.O.O=[Al]O[Si](=O)O[Si](=O)O[Al]=O,III,0,,none
Cc1cc(C(C)(C)C)c(O)c(C(C)(C)C)c1,I,0,,none
C=C(C)[C@@H]1CCC2CC(=O)C[C@@H](C)[C@]2(C)C1,I,0,,none
C=C(C)[C@@H]1CC[C@H]2CC(=O)C[C@@H](C)[C@]2(C)C1,I,0,,none
O=COC1CCC2CCCCC2C1,I,0,,none
CCCCOC=O,I,0,,none
O=C(OCc1ccccc1)c1ccc(OC(=O)c2ccccc2)cc1,I,0,,none
CC(=O)O.CCC1CCCCC1,I,0,,none
CCCCCC(O)CC,I,0,,none
CCc1cncc(C(C)=O)n1,II,0,,none
CCCCCCCCCCOC(=O)c1ccccc1N,III,1,SA28_Ames,III
CCOC(=O)CC(C)CC(C)(C)C,I,0,,none
CCN(CC)c1ccc(C(=C2C=CC(=[N+](CC)CC)C=C2)c2ccccc2)cc1.O=S(=O)([O-])O,II,1,SA28bis_Ames,II
C1CCC2CCCCC2C1,I,0,,none
F[Te](F)(F)(F)(F)F,III,0,,III
CCCCCC1CC(C)C(=O)O1,I,0,,none
COc1ccc(C(OC)OC)cc1,I,0,,none
N#CC(O)c1ccccc1,III,0,,none
COP(N)(=O)SC,III,0,,III
CC/C=C\CCOC(=O)C(C)O,I,0,,none
CC(C)C,I,0,,none
CC(C)=C1CCC(C)(O)CC1,I,0,,none
O=S(=O)(Cl)OS(=O)(=O)Cl,III,0,,III
C/C=C\c1ccc(OC)c(OC)c1,I,0,,none
C/C=C/c1ccc(OC)c(OC)c1,I,0,,none
CC=Cc1ccc(OC)c(OC)c1,I,0,,none
CC1CCCCN1,II,0,,III
CCCCCCCCC1CCCOC1=O,I,0,,none
CC(=O)OC1=C(C)CCC1=O,II,1,SA10_Ames,none
CCc1ccc(C(C)=O)cc1,I,0,,none
O=Cc1ccc(CO)o1,II,1,SA11_Ames,none
CC(=O)C1(C)CC2C(=CC1C)CCCC2(C)C,I,0,,none
CC(C)[C@H]1CC[C@H](C)C[C@@H]1O,I,0,,none
CC(C)[C@H]1CC[C@@H](C)C[C@@H]1O,I,0,,none
CC(C)[C@@H]1CC[C@@H](C)C[C@H]1O,I,0,,none
CC(C)[C@@H]1CC[C@H](C)C[C@H]1O,I,0,,none
CC(C)[C@H]1CC[C@@H](C)CC1O,I,0,,none
CC(C)[C@H]1CC[C@@H](C)C[C@H]1O,I,0,,none
CC1CCC(C(C)C)C(O)C1,I,0,,none
CC(C)[C@@H]1CC[C@@H](C)C[C@@H]1O,I,0,,none
CC1NC(C(C)C)SC(C)S1,II,0,,III
C=CC(=C)CC/C=C(\C)CC/C=C(/C)C=O,II,1,SA10_Ames,none
C=CC(=C)CCC=C(C)CCC=C(C)C=O,II,1,SA10_Ames,none
C=CC(=C)CC/C=C(\C)CC/C=C(\C)C=O,II,1,SA10_Ames,none
CN(C)NC(=O)CCC(=O)O,III,1,SA13_Ames,II
CCCCOC(=O)C(C)OC(=O)CCC,I,0,,none
CC1CC=C2C(C1)OC(=O)C2C,I,0,,none
COc1cc(C)cc(O)c1,I,0,,none
CC(=O)OCCC1CCCCC1,I,0,,none
CC(C)C(=O)OC1CC2CC1C1CC=CC21,I,0,,none
CCCCCC(=S)OCC,III,0,,none
C1CN1,III,1,SA7_Ames,III
CCCCCc1cccs1,III,0,,none
CCCCCCCOC(=O)CC(C)C,I,0,,none
C=CCc1ccc(OC)c(O)c1,I,1,SA38_Ames,none
Cc1ccc(Cl)cc1,III,0,,III
CC/C=C\CCOC(C)=O,I,0,,none
CC/C=C/CCOC(C)=O,I,0,,none
CCC=CCCOC(C)=O,I,0,,none
CC1=CCC(CCO)C1(C)C,I,0,,none
CCC(C)CCC(C)(O)CC,I,0,,none
CC(=O)O[C@H]1C[C@@H]2CC[C@@H]3[C@H](CC[C@@]4(C)[C@H]3C[C@H]([N+]3(C)CCCCC3)[C@@H]4OC(C)=O)[C@@]2(C)C[C@@H]1[N+]1(C)CCCCC1.[Br-].[Br-],III,0,,III
CSSSSC,III,0,,none
CC(F)F,III,0,,I
C=C1CC/C=C(/C)CC[C@@H]2[C@@H]1CC2(C)C,I,0,,none
C=C1CC/C=C(\C)CC[C@@H]2[C@@H]1CC2(C)C,I,0,,none
C=C1CCC=C(C)CCC2C1CC2(C)C,I,0,,none
C=C1CC/C=C(/C)CCC2C1CC2(C)C,I,0,,none
C=C1CCC=C(C)CC[C@@H]2[C@@H]1CC2(C)C,I,0,,none
COC(=O)c1c(Cl)c(Cl)c(C(=O)OC)c(Cl)c1Cl,III,0,,III
CCCC(C)(COC(N)=O)COC(N)=O,III,1,SA16_Ames,II
C1CCC(C2CO2)CC1,III,1,SA7_Ames,none
C=CC(C)(CCC=C(C)CCC=C(C)C)OC(=O)CC,I,0,,none
C1=Nc2ccccc2Oc2ccccc21,II,0,,none
O=CC1CCC=CO1,II,1,SA11_Ames,none
CC(C)COC(=O)c1ccc2c(c1)OCO2,III,0,,none
O=C(/C=C/c1ccccc1)OC/C=C/c1ccccc1,I,0,,none
O=C(C=Cc1ccccc1)OCC=Cc1ccccc1,I,0,,none
CCCCOCCOC(C)=O,I,0,,none
CCCC=C(CC)C(=O)CC,II,1,SA10_Ames,none
CC1(C)C2CC3OC3(C)C1C2,III,1,SA7_Ames,none
CN.Cl,III,0,,III
COc1cccc2ccccc12,III,0,,none
CCCCC(=O)O,I,0,,none
Nc1c(Cl)c(Cl)nc(C(=O)O)c1Cl,III,0,,III
C1CCNCC1,II,0,,III
CC(=O)OC1CC(C)CCC1C(C)C.CC(C)=C1CCC(C)CC1=O.CC1CCC(C(C)C)C(=O)C1.CC1CCC(C(C)C)C(O)C1.CC1CCC2(CC1)OCC2C.Cc1coc2c1CCC(C)C2,III,1,SA10_Ames,none
CC1=C[C@@H]2OC(=O)[C@@H](C)[C@@H]2CC1,I,0,,none
CC1=C[C@H]2OC(=O)[C@H](C)[C@H]2CC1,I,0,,none
CC1=CC2OC(=O)C(C)C2CC1,I,0,,none
CCCCOC(=O)Cl,III,1,SA1_Ames,III
CCc1ccccn1,III,0,,none
O.c1ccc([Sn](c2ccccc2)c2ccccc2)cc1,III,0,,none
COc1ccc(CC=O)cc1,I,1,SA11_Ames,none
CCCCCCCCOC(=O)c1cc(O)c(O)c(O)c1,I,0,,none
CCC(C)C1CCCCC1(C)OC(C)=O,I,0,,none
CC(=O)Oc1c(C)occc1=O,II,0,,none
C=CCC1=CC=C2OCOC2C1,III,0,,none
COC(=O)C1OC1c1ccc(C)cc1,III,1,SA7_Ames,none
CCOC(=O)CCC1CCCCC1,I,0,,none
CCC(C)(C)c1ccc(O)cc1,I,0,,none
CC(CC=O)CCCC(C)(C)O.c1ccc2[nH]ccc2c1,III,1,SA11_Ames,none
CC(C)Cc1ccc(CCC=O)cc1,I,1,SA11_Ames,none
C=CCc1ccc(OCc2ccccc2)c(OC)c1,III,1,SA38_Ames,none
CC(C)CN=C=S,III,1,SA15_Ames,none
C=C[C@H](O)CCCCCCC,II,0,,none
C=C[C@@H](O)CCCCCCC,II,0,,none
C=CC(O)CCCCCCC,II,0,,none
FC(F)(F)CC(F)(F)F,III,0,,I
C=CC(=O)OCC(O)c1ccccc1,I,0,,none
CCCCCCC(=O)OC/C=C(\C)CCC=C(C)C,I,0,,none
CCCCCCC(=O)OCC=C(C)CCC=C(C)C,I,0,,none
C=CC(C)(O)CC/C=C(\C)CO,I,0,,none
C=COCCCCCCCCCC,III,1,SA24_Ames,none
c1nc[nH]n1,III,0,,none
CCC(=O)OCCC1CCCCC1,I,0,,none
CCCCCC/C=C/CO,I,0,,none
CCCCCC/C=C\CO,I,0,,none
CCCCCCC=CCO,I,0,,none
CC(=O)/C(C)=C\C1=C(C)CCCC1(C)C,II,1,SA10_Ames,none
CC(=O)/C(C)=C/C1=C(C)CCCC1(C)C,II,1,SA10_Ames,none
CC(=O)C(C)=CC1=C(C)CCCC1(C)C,II,1,SA10_Ames,none
COc1cc(C=O)cc(-c2cc(C=O)cc(OC)c2O)c1O,III,1,SA11_Ames,none
CCOC(C)OCC(COC(C)OCC)OC(C)OCC,I,0,,none
Cc1nc(CC(C)C)sc1C,II,0,,none
C=CCOC(=O)CC(C)CC(C)(C)C,III,0,,none
CCCCCCCC[C@H]1O[C@H]1CCCCCCCCCCCC(=O)O,III,1,SA7_Ames,none
CC(C)CCC(C)C(C)O,I,0,,none
CC(C)CCO[N+](=O)[O-],III,0,,II
N[C@H](C(=O)O)[C@@H]1CC(=O)NO1,III,0,,III
COCOC(=O)c1ccccc1O,III,0,,none
CC(=O)CC(C)C,I,0,,none
CC(O)C(=O)O.CCCCCCCCCCCCCCCCCC(=O)NCCCN(C)C,I,0,,II
CCCCCCC#CC(=O)OC,III,0,,none
COc1nccnc1C(C)C,III,0,,none
COc1ccc(C(C)=O)cc1,I,0,,none
CCCC/C=C/CCOC(=O)CC,I,0,,none
CCCC/C=C\CCOC(=O)CC,I,0,,none
CCc1ccc(C)nc1,III,0,,none
CC(C)OCc1ccccc1,III,0,,none
CCc1ccccc1C=O,I,1,SA11_Ames,none
CCCC(C)=CC(=O)O,I,0,,none
CCOC(/C=C(\C)CCC=C(C)C)OCC,II,0,,none
CCOC(C=C(C)CCC=C(C)C)OCC,II,0,,none
CCCCC/C=C/C=C/CO,I,0,,none
CCCCCC=CC=CCO,I,0,,none
C[C@@H](NC(=O)[C@@H](N)CC(=O)O)C(=O)NC1C(C)(C)SC1(C)C.C[C@@H](NC(=O)[C@@H](N)CC(=O)O)C(=O)NC1C(C)(C)SC1(C)C.O.O.O.O.O,II,0,,III
CCCCCCCC=O,I,1,SA11_Ames,none
Nc1ccncc1,III,1,SA28_Ames,III
CCCCCC(=O)OC,I,0,,none
CCOC(C)(C)C,I,0,,none
c1ccc(COC(Cc2ccccc2)OCc2ccccc2)cc1,I,0,,none
COCc1cnc(C2=NC(C)(C(C)C)C(=O)N2)c(C(=O)O)c1,III,0,,none
CCCCCCCCCCOC(C)=O,I,0,,none
O=C(OC1CCCCC1)c1ccccc1O,I,0,,none
CC1CC=CCCCCCCCC(=O)OCC1,I,0,,none
CCOC(=O)c1ccc(O)cc1,I,0,,none
C=C(C)[C@@H]1CC[C@H](C)C2=C(C1)[C@@H](C)CC2=O,II,1,SA10_Ames,none
O=C1c2c(O)cccc2Cc2cccc(O)c21,III,1,SA66_Ames,none
COC(=O)C1C(C)=CCCC1(C)C,I,0,,none
CC(C#N)c1ccccc1,III,0,,none
C=C1CC[C@H]2O[C@]2(C)CC[C@@H]2[C@@H]1CC2(C)C,III,1,SA7_Ames,none
C=C1CCC2OC2(C)CCC2C1CC2(C)C,III,1,SA7_Ames,none
C=CC(C)CO,I,0,,none
CNc1cnn(-c2cccc(C(F)(F)F)c2)c(=O)c1Cl,III,1,SA28bis_Ames,I
O=B[O-].[Na+],III,0,,none
O=C1CCCCC/C=C\CCCCCCCCO1,I,0,,none
CCCOCC,I,0,,none
O=[Cr](=O)([O-])[O-].[Sr+2],III,0,,none
C=CCSC,I,0,,none
CSSCc1ccc(C)o1,III,0,,none
O=C(O)CCCCCBr,III,1,SA8_Ames,III
O=C([O-])CN(CCN(CC(=O)[O-])CC(=O)O)CC(=O)O.[Ca+2],III,0,,II
CCCCCCCCC(=O)OCC(C)C,I,0,,none
C=Cc1ccccc1C,I,0,,none
CCCCCCCC/C=C\CCCCCCCC(=O)OC[C@@H](O)[C@H]1OC[C@H](O)[C@H]1O,I,0,,none
CCCCCCCC/C=C\CCCCCCCC(=O)OCC(O)[C@H]1OC[C@@H](O)[C@@H]1O,I,0,,none
O=C(CCc1ccncc1)c1ccccc1O,III,0,,none
c1ccc(-c2ccc3ccccc3[o+]2)cc1,III,0,,none
CCc1ccc(CC(C)(C)C#N)cc1,III,0,,none
O=CC(Cl)Cl,III,1,SA11_Ames;SA8_Ames,III
CCC1(C)C(C)C(=O)C=C(C)C1C,II,1,SA10_Ames,none
CC(=O)c1ccc2n1CCC2,III,0,,none
CCCCCC(=O)OCSC,III,0,,none
CCCCCCCCC=CC=CC=CC=O,II,1,SA10_Ames,none
COc1ccc(O)cc1,I,0,,none
CN(C)C1C(=O)C(C(N)=O)=C(O)C2(O)C(=O)C3=C(O)c4c(O)cccc4C(C)(O)C3CC12,II,1,SA10_Ames,II
CN(C)[C@@H]1C(=O)C(C(N)=O)=C(O)[C@@]2(O)C(=O)C3=C(O)c4c(O)cccc4[C@@](C)(O)[C@H]3C[C@@H]12,II,1,SA10_Ames,II
CC1COC(C(C)C)O1,I,0,,none
CSSCc1ccccc1,III,0,,none
CCCCc1ccco1,II,0,,none
CCC(C)C(=O)OCC(C)C,I,0,,none
COC(=O)C1CC2(C(C)C)C=CC1(C)CC2,III,0,,none
CCCCCCCCCCCCCCCC(=O)OCCC(C)C,I,0,,none
O=C1CN(/N=C/c2ccc([N+](=O)[O-])o2)C(=O)N1,III,1,SA13_Ames;SA27_Ames,II
COc1cc(OC)c2ccc(=O)oc2c1,III,1,SA30_Ames,none
F[B-](F)(F)F.F[B-](F)(F)F.[Cd+2],III,0,,III
CCCCCCC1(C)OC1C(=O)OCC,III,1,SA7_Ames,none
Cc1cccc(C)c1O,I,0,,none
COc1ccc(C(=O)OCc2ccc3c(c2)OCO3)cc1,III,0,,none
CCCCCCCCOCc1ccccc1,II,0,,none
CC(=O)CCC(=O)OCCC(C)C,III,0,,none
COc1ccc(C=CCO)cc1,I,0,,none
CC(C)=CCC/C(C)=C/C(C)O,I,0,,none
O=[N+]([O-])C([N+](=O)[O-])([N+](=O)[O-])[N+](=O)[O-],III,0,,II
CCOC(CCOc1ccccc1)OCC,III,0,,none
CCCCCC(=O)OCCCSC,I,0,,none
CC(=O)c1cccn1C,II,0,,none
CC(C)=C1CC[C@@H](C)CC1=O,III,1,SA10_Ames,none
CC(C)=C1CC[C@H](C)CC1=O,III,1,SA10_Ames,none
CC(C)=C1CCC(C)CC1=O,III,1,SA10_Ames,none
CCCCCCc1ccccn1,III,0,,none
CC(CC=O)C(C)c1ccccc1,I,1,SA11_Ames,none
O=C(O)C1CCCCC1,I,0,,none
CCOC(=O)C1OC1(C)CCC=C(C)C,III,1,SA7_Ames,none
CCCC(C)CC(=O)O,I,0,,none
CCCCCC1CCOC(C)O1,I,0,,none
CCOC(=O)C1OC1c1ccc(C)cc1C,III,1,SA7_Ames,none
CC1CCC(=O)C1=O,III,0,,none
CCC(C)OC=O,I,0,,none
CC(=O)CC(C)(C)C1CCCCC1,I,0,,none
CC(C)=CCC/C(C)=C/C=C/C(C)=C/C=C/C(C)=C/C=C/C=C(C)/C=C/C=C(C)/C=C/C=C(\C)CCC=C(C)C,I,0,,none
C/C=C/C(=O)/C(C)=C(/CC)C(C)C,II,1,SA10_Ames,none
CC1(C)[C@H](C[C@H]2C[C@@]2(C)CO)C[C@H]2C[C@]21C,I,0,,none
CC1(CO)CC1CC1CC2CC2(C)C1(C)C,I,0,,none
NN,III,1,SA13_Ames,III
CC(=O)OC(C)CCC1C(C)CCCC1(C)C,I,0,,none
CCCCC[C@@H]1CCC(=O)O1,I,0,,none
CCCCC[C@H]1CCC(=O)O1,I,0,,none
CCCCCC1CCC(=O)O1,I,0,,none
CC(C)CCCCCCC(=O)O,I,0,,none
C/C=C(\C)C(=O)OCC,I,0,,none
CC=C(C)C(=O)OCC,I,0,,none
C/C=C(/C)C(=O)OCC,I,0,,none
CN(C)[C@@H]1C(=O)C(C(N)=O)=C(O)[C@@]2(O)C(=O)C3=C(O)c4c(O)ccc(Cl)c4[C@@H](O)[C@H]3C[C@@H]12.Cl,III,1,SA10_Ames,III
CCCCCCCCCCCOC=O,I,0,,none
CSC(C)=O,III,0,,none
COc1c([N+](=O)[O-])cc(C=O)cc1C(C)(C)C,III,1,SA11_Ames;SA27_Ames,II
CCCCOCCOCCO,III,0,,none
CC=CCC(=O)OCCCC,I,0,,none
FP(F)(F)(F)F,III,0,,III
CCCC[C@@H](CC)C(=O)O,I,0,,none
CCCCC(CC)C(=O)O,I,0,,none
CCCC[C@H](CC)C(=O)O,I,0,,none
CC(=O)/C=C/C1=C(C)C(=O)CCC1(C)C,II,1,SA10_Ames,none
CNc1ccccc1C(=O)OC(C)C,III,1,SA28bis_Ames,III
O=C(O)CCCc1ccccc1,I,0,,none
CCCC(=O)OCC,I,0,,none
CCOC(=O)CC(C)SC,I,0,,none
CCOC(C)/C=C/C1C(C)=CCCC1(C)C,III,0,,none
CCOC(C)C=CC1C(C)=CCCC1(C)C,III,0,,none
CCCC=CC(=O)OCC(C)C,I,0,,none
C=C(C)C=CSC,I,0,,none
Cc1csc(C)n1,II,0,,none
O=S(=O)(F)F,III,0,,III
CCCCCCCCCCCC(=O)CC(=O)[O-].OCC(O)CO,III,0,,none
CCCCCCCCCCCC(=O)CC(=O)O.OCC(O)CO,III,0,,none
CCC(CC)COC(=O)COc1ccccc1,III,0,,none
CCCCC=COC(=O)CCC,III,1,SA24_Ames,none
CCCCCC=CCC=CCCCCCCCC(=O)OCC(COP(=O)(O)O)OC(=O)CCCCCCCC=CCC=CCCCCC,III,0,,none
CCCCC(=O)OC(C)C,I,0,,none
COc1cc2nc(CCC(=O)N[N+](=O)[O-])c(=O)n(C)c2cc1OC,III,1,SA23_Ames,II
Clc1ccc(Cl)cc1,III,0,,III
CCCCc1ccccc1,I,0,,none
C=C1CCC(OC(C)=O)/C(C)=C\CC2C1CC2(C)C,I,0,,none
C=C1CCC(OC(C)=O)C(C)=CCC2C1CC2(C)C,I,0,,none
CC(=O)C=Cc1ccc(O)cc1,II,0,,none
COC.Cc1cc(O)ccc1O,III,0,,none
C=C(C)CCOC(C)=O,I,0,,none
O=C([O-])[C@H](O)[C@@H](O)[C@H](O)[C@H](O)CO.O=C([O-])[C@H](O)[C@@H](O)[C@H](O)[C@H](O)CO.[Cu+2],III,0,,none
O=C([O-])C(O)C(O)C(O)C(O)CO.O=C([O-])C(O)C(O)C(O)C(O)CO.[Cu+2],III,0,,none
CC[C@@H](C)C(=O)OC,I,0,,none
CCC(C)C(=O)OC,I,0,,none
CC[C@H](C)C(=O)OC,I,0,,none
O=C1CCC2=C(CCCC2)O1,I,0,,none
CCOC(=O)CCCCCOC(C)=O,I,0,,none
C1CCC(SSC2CCCCC2)CC1,III,0,,none
O=C1CC[C@@H](C(=O)O)N1,II,0,,none
c1ccc(N(c2ccccc2)c2ccccc2)cc1,III,0,,II
CCC[C@H](CC(=O)OC)OC(C)=O,I,0,,none
CCCC(CC(=O)OC)OC(C)=O,I,0,,none
O=[Ca],III,0,,none
O=c1[nH]c(=O)n([C@H]2C[C@H](O)[C@@H](CO)O2)cc1F,III,0,,III
CCCCCCCCCCC(OC(C)=O)C(=O)OC,I,0,,none
NC(N)=NCCC[C@H](N)C(=O)O,III,0,,III
NC(N)=NCCCC(N)C(=O)O,I,0,,III
CCCc1ccccc1,I,0,,none
CCCCCCCCC1CCCC1=O,III,0,,none
C=CCOC(=O)/C(C)=C/C,III,0,,none
C=CCOC(=O)C(C)=CC,III,0,,none
CN(C)CC/C=C1\c2ccccc2COc2ccccc21,III,0,,II
CCCCCC=C(C=O)c1ccc(OC)c(OC)c1,II,1,SA10_Ames,none
C=C(CC=O)CCC=C(C)C,I,1,SA11_Ames,none
[NH2-].[Na+],III,0,,none
CC(=O)C1CCSS1,I,0,,none
COP(=O)(OC)OC=C(Cl)Cl,III,1,SA2_Ames,III
CC(C)CC(=O)OCCC(C)(C)S,I,0,,none
C1CC2OC2CC1C1CO1,III,1,SA7_Ames,none
CC=Cc1cc2c(c(OC)c1OC)OCO2,III,0,,none
CC1(C)C2CC3CCC(=O)C=C3[C@@H]1C2,II,1,SA10_Ames,none
COc1ccc(CO)cc1OC,I,0,,none
CC1=C(/C=C/C(C)=C/C=C/C(C)=C/C=C/C=C(C)/C=C/C=C(C)/C=C/C2=C(C)CCCC2(C)C)C(C)(C)CCC1,III,0,,none
COC(=O)C1C(C)C=CCC1(C)C,I,0,,none
O=[N+]([O-])[O-].O=[N+]([O-])[O-].O=[N+]([O-])[O-].O=[N+]([O-])[O-].[Zr+4],III,0,,II
O=C1c2ccccc2C(=O)C1c1ccc2cc(S(=O)(=O)O)cc(S(=O)(=O)O)c2n1,III,0,,none
C=CCCC(=O)C1=CCCC(C)(C)C1,II,1,SA10_Ames,none
CCCCCCCOC(=O)c1ccc(OC)cc1,I,0,,none
Cl[As](Cl)Cl,III,0,,III
CCC(O)(CC)CN,I,0,,III
CCCCC,I,0,,none
C=CCCCCCCCCC=O,I,1,SA11_Ames,none
CCC(C(=O)O)c1ccccc1,I,0,,none
Cc1csc(C(C)C)n1,III,0,,none
O=C(O)CC(=O)O,I,0,,none
CSCc1ccccc1,I,0,,none
CCOC(=O)CCC(C)C,I,0,,none
COC(C(=O)CO)C(O)C(O)CO,III,0,,none
OC(CCCN1CCCCC1)(c1ccccc1)c1ccccc1,II,0,,II
CCCCCCOC(=O)C=C(C)C,I,0,,none
CC1=CC[C@H](CC=O)C1(C)C,I,1,SA11_Ames,none
CC1=CCC(CC=O)C1(C)C,I,1,SA11_Ames,none
C[As](C)(=O)[O-],III,0,,none
C[As](C)(=O)O,III,0,,none
C/C=C(\C)C(=O)OC/C=C(\C)CCC=C(C)C,I,0,,none
CC=C(C)C(=O)OCC=C(C)CCC=C(C)C,I,0,,none
CCCCCCCCC=COCC,I,1,SA24_Ames,none
CCCCCCCC(=O)OCCc1scnc1C,II,0,,none
CC(C)=CCC/C(C)=C\COC(=O)C(C)C,I,0,,none
CC(C)=CCCC(C)=CCOC(=O)C(C)C,I,0,,none
CC(C)=CCC/C(C)=C/COC(=O)C(C)C,I,0,,none
CCOC1C2(C)CCC(C2)C1(C)C,III,0,,none
CC(C)=CC(=O)C=Cc1ccccc1,II,1,SA10_Ames,none
CC1=CC[C@@H](C(C)C)C=C1,I,0,,none
CC1=CC[C@H](C(C)C)C=C1,I,0,,none
CC1=CCC(C(C)C)C=C1,I,0,,none
Cc1cc(C)c(C)c(O)c1,I,0,,none
CCC(C)(C)SSC(C)(C)CC,III,0,,none
CCOC(=O)C1(CC(C)C)OC1C,III,1,SA7_Ames,none
CCCCOC(=O)CCC(=O)[O-],III,0,,none
CC1CC(C)(C)OC(c2ccccc2)O1,I,0,,none
COc1ccc(OC)cc1,I,0,,none
Cc1occc1SSc1ccoc1C,III,0,,none
CC(C)=CCCC(C)O,I,0,,none
CCCC(=O)CCCC(=O)O,I,0,,none
CCCCOC(=O)/C=C/c1ccccc1,I,0,,none
CCCCOC(=O)C=Cc1ccccc1,I,0,,none
CCCCc1nc(C)c(C)s1,II,0,,none
NC(=O)NC(N)=O,III,0,,II
Cc1nc(C(C)C)oc1C,III,0,,none
COc1cnc(C)cn1,II,0,,none
CC(C)c1cccc(C(C)CC=O)c1,I,1,SA11_Ames,none
O=C1OC(c2ccc(O)c(S(=O)(=O)[O-])c2)(c2ccc(O)c(S(=O)(=O)[O-])c2)c2c(Br)c(Br)c(Br)c(Br)c21,III,0,,III
O=C1OC(c2ccc(O)c(S(=O)(=O)O)c2)(c2ccc(O)c(S(=O)(=O)O)c2)c2c(Br)c(Br)c(Br)c(Br)c21,III,0,,III
C=C(C)CCl,III,1,SA8_Ames,III
C=CCCC(=O)C1CCCC(C)(C)C1,I,0,,none
CCCc1ccccn1,II,0,,none
CCOC(=O)OCC,I,0,,none
C=CCCCCCC(C)=O,I,0,,none
C[C@]12C=CC(=O)C=C1CC[C@@H]1[C@@H]2[C@@H](O)C[C@@]2(C)[C@H]1CC[C@]2(O)C(=O)CO,III,1,SA10_Ames,none
CC(C)c1ccc(CO)cc1,I,0,,none
CCCCC=COC(=O)C(C)CCC,III,1,SA24_Ames,none
O=C1CCCCC1=O,III,0,,none
CC(CC(=O)O)CC(C)(C)C,I,0,,none
CCCCCCCCCCCCCCCCCC(=O)OCCOCC(OCCOC)C1OCC(OCCOC)C1OCCOC,III,0,,none
CC(C)=CCCC(C)=CCCC(C)=CCCC(C)=CCOP(=O)(O)OP(=O)(O)O,III,0,,none
CCOP(=O)=O.CCOP(=O)=O.CCOP(=O)=O.[Al+3],III,0,,none
Nc1ncnc2c1ncn2[C@@H]1O[C@H](CO)[C@@H](O)[C@H]1O,III,1,SA28_Ames,III
Cc1cccc(C)n1,III,0,,none
CCC1OCC2(CO1)CC(C)=CCC2C,I,0,,none
C=CC1(C)CCC(C(C)(O)CCC=C(C)C)O1,II,0,,none
CC(=O)OC1CC(C)CC(C)(C)C1,I,0,,none
CCCCCCCCCCCCCCCCCCOC(C)=O,I,0,,none
C[C@H]1S[C@@H](C)N2CCC[C@H]2S1,II,0,,II
CC1SC(C)N2CCCC2S1,II,0,,II
Cc1ccc(OC(=O)Cc2ccccc2)cc1,I,0,,none
CC(=O)CC=C(C)CCC=C(C)C,I,0,,none
CCNc1ccccc1,III,1,SA28bis_Ames,III
CCCCCCCCCCCCCCCC(=O)OCC(C)C,I,0,,none
C=CC(C)(CCC=C(C)C)OC(=O)CCCCCCC,I,0,,none
CC(C)=CC/C=C(/C)CC=O,I,1,SA11_Ames,none
CC(C)=CCC=C(C)CC=O,I,1,SA11_Ames,none
CC(C)=CC/C=C(\C)CC=O,I,1,SA11_Ames,none
COc1cc(C(C)=O)cc(OC)c1O,I,0,,none
O=C(O)C(=O)CS,I,0,,none
CC=C1CC2C=CC1C2,I,0,,none
C=CCOCC,III,0,,none
CCCCCCCCCCCOCCCCCCC,III,0,,none
CC(C)(c1c(Cl)c(Cl)c(O)c(Cl)c1Cl)c1c(Cl)c(Cl)c(O)c(Cl)c1Cl,III,0,,III
CCCC(S)COCC,I,0,,none
Cc1ccc(OP(=O)(Oc2ccccc2)Oc2ccccc2)cc1,III,0,,none
CC(=O)CCC(C)=O,III,0,,none
C=C1[C@@H]2CC[C@@H](C2)[C@@]1(C)CC/C=C(\C)CO,I,0,,none
C=C1[C@@H]2CC[C@@H](C2)[C@@]1(C)CC/C=C(/C)CO,I,0,,none
C=C1[C@@H]2CC[C@@H](C2)[C@]1(C)CC/C=C(\C)CO,I,0,,none
C=C1C2CCC(C2)C1(C)CCC=C(C)CO,I,0,,none
C=C1C2CCC(C2)C1(C)CC/C=C(/C)CO,I,0,,none
COc1cc(CCC(C)=O)ccc1O,I,0,,none
O.O.O.O.O=[As][O-].O=[As][O-].[Sr+2],III,0,,none
CCOC(=O)C(CC)C(C)=O,I,0,,none
CCOC(=O)[C@@H](CC)C(C)=O,I,0,,none
CC1CCC=C(C=O)C12CCC(C(C)(C)O)C2,II,1,SA10_Ames,none
CCCCCOC(CCC)OCC,I,0,,none
CCCCC(=O)OCCCc1ccccc1,I,0,,none
O=C([O-])[C@H]1O[C@@H](O[C@H]2[C@H](O)[C@H](O)[C@H](O[C@H]3[C@H](O)[C@H](O)[C@H](O)O[C@H]3C(=O)[O-])O[C@H]2C(=O)O)[C@@H](O)[C@@H](O)[C@@H]1O.[Ca+2],III,0,,none
COC(=O)c1ccccc1N.COc1cc(C=O)ccc1O,III,1,SA11_Ames;SA28_Ames,III
CC(C)c1ccccc1C(C)C,I,0,,none
O.O.O.O=P([O-])([O-])O.[Mg+2],III,0,,none
CCCCOC(=O)CCCC,I,0,,none
IC(I)I,III,1,SA8_Ames,none
CO,I,0,,none
CC=CC(=O)OC(C)(C)Cc1ccccc1,I,0,,none
C/C=C/C(=O)OC(C)(C)Cc1ccccc1,I,0,,none
CCCC/C=C/CCCC(=O)OC(CCCC)CCCCC(=O)O,I,0,,none
CCC=CC(=O)OC(C)C,I,0,,none
[C],I,0,,none
CC(C)c1cccc(C(C)C)c1O,I,0,,none
CC(O)C(=O)c1cc(O)ccc1C=O,I,1,SA11_Ames,none
CC(C)(c1ccccc1)c1cc(-n2nc3ccccc3n2)c(O)c(C(C)(C)c2ccccc2)c1,III,0,,none
CCCCCCCCCC(=O)OC1CC(C)CCC1C(C)C,I,0,,none
CCCOC(=O)/C=C/c1ccccc1,I,0,,none
CCCOC(=O)C=Cc1ccccc1,I,0,,none
CCC(=O)OCCCC1CCCCC1,I,0,,none
CCC/C=C/CC1CCCC1O,I,0,,none
CCCC=CCC1CCCC1O,I,0,,none
O=[N+]([O-])C(CO)(CO)CO,III,0,,II
CC(C)(O)CCCC1=CCCC(C=O)C1,I,1,SA11_Ames,none
COC(=O)c1ccncc1,II,0,,none
CC1=CCC(C(C)(C)O)CC1O,III,0,,none
O=C1CC2CC1C1CCCC21,I,0,,none
C=CC(=O)OCCO,I,0,,none
CCC/C=C/CC(C)=O,I,0,,none
CCOc1ccccc1OC,I,0,,none
CCCCCCC(=O)OC(C)CCC,I,0,,none
O=C(OOC(=O)c1ccccc1)c1ccccc1,III,0,,none
CCCCOC(=O)/C=C/SC,I,0,,none
CCCCCCCCCCCCCCCCCC(=O)OC(C)C[N+](C)(CCN(CCO)CC(C)O)CC(C)OC(=O)CCCCCCCCCCCCCCCCC.COS(=O)(=O)[O-],III,1,SA2_Ames,II
CCOC(=O)CC(C)O,I,0,,none
CC(C)C(=O)OCC(C)(C)C(OC(=O)C(C)C)C(C)C,I,0,,none
S=C=Nc1ccc(N=C=S)cc1,III,1,SA15_Ames,none
O=C(c1ccccc1)c1cc(Cl)ccc1O,III,0,,III
CC1=CC2C(C(C)C)CC1CC2C1OCCO1,III,0,,none
CO/N=C(/C(=O)OC)c1ccccc1CO/N=C(\C)c1cccc(C(F)(F)F)c1,III,0,,I
O=C(O)[C@@H]1CCCN1,II,0,,III
O=C(O)[C@H]1CCCN1,II,0,,III
O=C(O)C1CCCN1,I,0,,III
CCCCC1COCC(C)O1,II,0,,none
CC(C)CSSCC(C)C,III,0,,none
CC1COCc2cc3c(cc21)C(C)(C)C(C)C3(C)C,III,0,,none
CCOC(=O)CCCCCCCCC(=O)OCC,I,0,,none
CC(C)COc1ccccc1,III,0,,none
O=C(OCCCc1ccccc1)c1ccccc1,I,0,,none
CCCCCC#CC(=O)OC(C)C,III,0,,none
CC(C)NC(=O)N1CC(=O)N(c2cc(Cl)cc(Cl)c2)C1=O,III,0,,III
C=CC(C)CCCC(C)(C)OC=O,I,0,,none
CC(C)C(C=O)=Cc1ccco1,III,0,,none
OC/C=C\c1ccccc1,I,0,,none
OC/C=C/c1ccccc1,I,0,,none
OCC=Cc1ccccc1,I,0,,none
CCCCCN(CCCCC)CCCCC,I,0,,II
CC(C)Nc1nc(Cl)nc(NC2CC2)n1,III,0,,III
COC(=O)c1ccccc1N=CC=Cc1ccccc1,III,0,,none
COC(=O)c1ccccc1N=C/C=C/c1ccccc1,III,0,,none
CC1(C)CCC=C2CC(C=O)CCC21,I,1,SA11_Ames,none
CC(C)=CCC/C(C)=C/CCC(C)CCO,I,0,,none
CC(C)=CCCC(C)=CCCC(C)CCO,I,0,,none
CC1CCC(O)C(C(C)(C)C)C1,I,0,,none
CC1CCC(C)C(C)C1C,I,0,,none
CCCCOC(C)OCCC(C)C,I,0,,none
COC1CCc2ccccc21,II,0,,none
CC(=O)OCCCCC(C)C,I,0,,none
C=CC1(C)CCOC1=O,I,0,,none
C=C1C2CCC(CO)[C@@]23CC[C@H](C3)C1(C)C,I,0,,none
CC(=O)OC(Cc1ccccc1)C(C)C,I,0,,none
CCCC(=O)OCCOc1ccccc1,II,0,,none
CCSCCSP(=S)(OC)OC,III,0,,none
COc1cc(C(=O)OCCC(C)C)ccc1O,I,0,,none
I[Hg-2](I)(I)I.[K+].[K+],III,0,,none
CCCCC/C=C\C=C\C(=O)OCC,I,0,,none
CCCCCC=CC=CC(=O)OCC,I,0,,none
CC1(C)C2CCC(C)(C3(C)CCC4CC3(C3(C)CCC5CC3C5(C)C)C4(C)C)C1C2.O=CO,II,0,,none
C=C[C@]1(C)CC[C@@H](C(=C)C)C[C@H]1C(=C)C,I,0,,none
C=C[C@]1(C)CC[C@H](C(=C)C)C[C@@H]1C(=C)C,I,0,,none
C=CC1(C)CCC(C(=C)C)CC1C(=C)C,I,0,,none
C=C[C@@]1(C)CC[C@H](C(=C)C)C[C@@H]1C(=C)C,I,0,,none
O=C(O)C(c1ccccc1)c1ccccc1.OCC(O)c1ccccc1,III,0,,none
CNCCO,III,0,,III
Cc1cc(C)c(O)c(C(C)(C)C)c1,I,0,,none
CCSSSCC,III,0,,none
CCC(Br)(CC)C(=O)NC(N)=O,III,0,,III
CCCCC=COC(=O)CCCCCCCC,III,1,SA24_Ames,none
CCCC=CC(=O)OCCCC,I,0,,none
CCCCCCC(=O)OCC1CCCO1,II,0,,none
CC1C(C)(C)c2ccc(-c3ccncn3)cc2C1(C)C,III,0,,none
COC(=O)CC(C)C,I,0,,none
CC1=C(CCC(C)C)C(=O)CC1,II,1,SA10_Ames,none
Cc1ccc2c(C(C)C)ccc(C)c2c1,III,0,,none
Cc1cc(O)c(C(C)C)cc1O,I,0,,none
CC(Cl)(Cl)[N+](=O)[O-],III,0,,III
O.O.O.O.O.O.O.O.OB1O[B-]2(O)OB(O)O[B-](O)(O1)O2.[Na+].[Na+],III,0,,none
CCCC(CC=O)SC(C)=O,I,1,SA11_Ames,none
CCCN=C=O,III,1,SA15_Ames,none
CSc1ccoc1C,II,0,,none
CCCCC/C=C/C(=O)CCc1ccc(O)c(OC)c1,II,1,SA10_Ames,none
CC(C)CCCCCCCCCCC=O,I,1,SA11_Ames,none
CCC(C)C(O)C(=O)OC,I,0,,none
O=P(=O)[O-].[K+],III,0,,none
CCCCc1ccc(CC)s1,III,0,,none
CCCC=CCC=O,I,1,SA11_Ames,none
CC(C)CC=CCCO,I,0,,none
CCCCCCCCCCCCCCCCCC(=O)OCC(C)C,I,0,,none
O=C(O)c1ccc(=O)oc1,III,0,,none
O=c1ccc2ccc(O)cc2o1,III,1,SA30_Ames,none
C[C@@H]1CC[C@H]2[C@H](C2(C)C)C12COC(C)(C)OC2,I,0,,none
C[C@H]1CC[C@H]2[C@H](C2(C)C)C12COC(C)(C)OC2,I,0,,none
CSSSCc1ccco1,III,0,,none
CC(C)(O)CCCC1=CCC(C=O)CC1,I,1,SA11_Ames,none
C=CC(C)C1C=CCCC1.CO,I,0,,none
CCCCCCCCCCCCCCCCS,III,0,,none
OC/C=C/CO,III,0,,none
OCC=CCO,III,0,,none
OC/C=C\CO,III,0,,none
COc1ccccc1OC(=O)Oc1ccccc1OC,I,0,,none
Cl[Si](Cl)(Cl)c1ccccc1,III,0,,III
C=CCCl,III,1,SA8_Ames,III
O=S(=O)([O-])[O-].[Ca+2],III,0,,none
COCC(=O)OCC=C(C)CCC=C(C)C,I,0,,none
COc1cccc(C)c1,I,0,,none
CC1CCC(CO)CC1,I,0,,none
CCC=CCCOC(=O)C(C)C,I,0,,none
CC/C=C\CCOC(=O)C(C)C,I,0,,none
CCCCC1C=C(C)CC(C)O1,II,0,,none
O=C1CCCCCCCCCCCCCC1,II,0,,none
O=C(OCCc1ccccc1)c1ccccc1,I,0,,none
CCCC=CC(OC)OC,II,0,,none
CCC/C=C/C(OC)OC,II,0,,none
CC(=O)C1CCCC1=O,I,0,,none
COC(=O)c1ccccc1O,I,0,,none
CCOCC.Oc1ccc(O)cc1,III,0,,none
Cl[Si](Cl)(c1ccccc1)c1ccccc1,III,0,,III
CC(=O)C1C/C=C\CCCC1,I,0,,none
CCCCC(C#N)c1ccccc1,III,0,,none
CC(=O)Oc1cccc(C)c1,I,0,,none
CC1=C(OC(=O)CO)CC(C(C)C)CC1,I,0,,none
CCCCCC#CC(=O)OCCC(C)C,III,0,,none
CCCCOC(=O)C(C)CC,I,0,,none
OCC1CC2CC1C1CCC(CO)C21,I,0,,none
O=C(O)c1ccc([N+](=O)[O-])cc1,III,1,SA27_Ames,II
C=CCc1ccc(OCC)c(OC)c1,I,1,SA38_Ames,none
CC,I,0,,none
CC(C)(C)c1ccc(C=O)cc1,I,1,SA11_Ames,none
CCOCOCCc1ccccc1,III,0,,none
O=S(=O)([O-])[O-].[K+].[K+],III,0,,none
C=CC(C)(C)C(=O)C=C(C)C,II,1,SA10_Ames,none
CC(C)Nc1ccc(Nc2ccccc2)cc1,III,0,,III
CCCCC(CC)COC(=O)C(CC)CCCC,I,0,,none
Cc1ccc(C=O)o1,II,1,SA11_Ames,none
Cc1ccc(S(=O)(=O)NC(=O)NN2CCCCCC2)cc1,III,1,SA13_Ames,II
C=COCCc1ccccc1,III,1,SA24_Ames,none
CC(C)CCCCCCCCCC=O,I,1,SA11_Ames,none
CCCCCCOC=O,I,0,,none
O=C([O-])[O-].[Mg+2].[OH-],III,0,,none
CCCSS(=O)(=O)CCC,III,0,,none
Cn1cccc1C=O,II,1,SA11_Ames,none
CCOC(=O)CCCC(=O)OCC,I,0,,none
CC1(C)C2CCC3(CO3)C1C2,III,1,SA7_Ames,none
CC1(C)[C@H]2CC[C@]3(CO3)[C@@H]1C2,III,1,SA7_Ames,none
N[C@H](Cc1ccc(O)cc1)C(=O)O,III,0,,III
N[C@@H](Cc1ccc(O)cc1)C(=O)O,III,0,,III
NC(Cc1ccc(O)cc1)C(=O)O,I,0,,III
CCCCCCCCOC(=O)CCCC,I,0,,none
CCOC(=O)c1ccccc1OCC,I,0,,none
CCOc1ccc2nc(S(N)(=O)=O)sc2c1,III,0,,III
CCCC(C)C(=O)O,I,0,,none
CCC[C@H](C)C(=O)O,I,0,,none
O.O.O=C([O-])CN(CCN(CC(=O)[O-])CC(=O)O)CC(=O)O.[Na+].[Na+],III,0,,II
CCCCC/C=C\CCCOC(C)=O,I,0,,none
Nc1nc(=O)c2nc(CNc3ccc(C(=O)N[C@@H](CCC(=O)O)C(=O)O)cc3)cnc2[nH]1,III,1,SA28_Ames,III
CCCCCCCCCC(=O)OCCC,I,0,,none
CCCCC(O)c1ccccc1,I,0,,none
CC(C)=CCC/C(C)=C/CCc1ccncc1,III,0,,none
CC(C)=CCCC(C)=CCCc1ccncc1,III,0,,none
c1ccc(C2COCO2)cc1,III,0,,none
C=C(C)C1(O)CC=C(C)CC1,I,0,,none
CCCCCCCCCCCCCC(=O)CC(=O)OCC(O)CO,I,0,,none
CCC(=O)C1=NCCC1,II,0,,none
CC(=O)OCCOCCOCCOC(C)=O,III,0,,none
CCCCCCCCC=COC,I,1,SA24_Ames,none
CCCCCCCC/C=C/OC,I,1,SA24_Ames,none
Cc1ccc(CC=O)c(C)c1,I,1,SA11_Ames,none
O=C(O)COc1ccc(Cl)cc1Cl,III,0,,III
O=c1c(O[C@@H]2O[C@H](CO)[C@@H](O)[C@H](O)[C@H]2O)c(-c2ccc(O)c(O)c2)oc2cc(O)cc(O)c12,II,1,SA60_Ames,none
CC1(C)C2CCC1(C)C(OC(=O)Cc1ccccc1)C2,I,0,,none
Cc1cccc(C=O)c1,I,1,SA11_Ames,none
COC(=O)[C@]1(C)CCC[C@@]2(C)[C@H]1CC=C1C=C(C(C)C)CC[C@@H]12,I,0,,none
CCCCCCCC(=O)OCC(C)OC(=O)CCCCCCC,I,0,,none
CC(O)C(C)O,III,0,,none
C[C@H](O)[C@@H](C)O,III,0,,none
CCCCC(CC)CCC=O,I,1,SA11_Ames,none
CC(C)CCON=O,III,1,SA9_Ames,none
CC1=CC2CC(C=O)C1CC2C(C)C,III,1,SA11_Ames,none
CCOC(=O)CCc1ccco1,II,0,,none
COc1ccc(C(C)C(C)=O)cc1,I,0,,none
O=c1oc2ccccc2c(O)c1C(CC(O)c1ccc(-c2ccc(Br)cc2)cc1)c1ccccc1,III,1,SA30_Ames,III
NC(=Nc1ccccc1)Nc1ccccc1,III,0,,III
C=Cc1c(C)cccc1C,I,0,,none
CC(C)CCCCCCCCCCCCCCC(=O)OCC(O)COCC(COC(=O)CCCCCCCCCCCCCCC(C)C)OC(=O)CCCCCCCCCCCCCCC(C)C,III,0,,none
CC(C)=CCC(C)(C)C(=O)C(C)C.CC(C)=CCC(C)(C)C(=O)C(C)C,III,0,,none
CC=CCl,III,1,SA4_Ames,III
O=C([O-])C(=O)[O-].[Fe+2],I,0,,none
CCC(C)c1cc([N+](=O)[O-])cc([N+](=O)[O-])c1O,III,1,SA27_Ames,II
CC1(C)[C@H](C(=O)O[C@H](C#N)c2cccc(Oc3ccccc3)c2)[C@@H]1C=C(Br)Br,III,0,,III
COCOCCc1ccccc1,III,0,,none
CCOC(=O)C(C)SC,I,0,,none
CCc1cnc(C)cn1,III,0,,none
Cn1cccc1,III,0,,none
C=C(C)CCCCC(C)O,I,0,,none
CC1CCC(C)O1,II,0,,none
O=[N+]([O-])c1cc([N+](=O)[O-])c([O-])c([N+](=O)[O-])c1,III,1,SA27_Ames,II
O=[N+]([O-])c1cc([N+](=O)[O-])c(O)c([N+](=O)[O-])c1,III,1,SA27_Ames,II
CCC(CC)C(=O)O,I,0,,none
Cc1nccnc1C,III,0,,none
CC(=O)OCC1CC(C)CC(C)C1,I,0,,none
CC(C)(C)c1cc(CCC(=O)OCCNC(=O)C(=O)NCCOC(=O)CCc2cc(C(C)(C)C)c(O)c(C(C)(C)C)c2)cc(C(C)(C)C)c1O,III,0,,none
O=C(OOC(=O)c1ccc(Cl)cc1)c1ccc(Cl)cc1,III,0,,III
CC(CCO)CCc1ccccc1,I,0,,none
CC(=O)Oc1cc(C(C)C)ccc1C,I,0,,none
C=CCCCCCCCCCOC(=O)CCC,I,0,,none
CCCCC/C=C\C/C=C\CCCCCCCC(=O)O,I,0,,none
CCCCCC=CCC=CCCCCCCCC(=O)O,I,0,,none
C=CC(=O)CCCC,II,1,SA10_Ames,none
[Ba+2].[F-].[F-],III,0,,III
CC1=CCC(C(=O)O)CC1,I,0,,none
CC(=O)CC1C2CCC(C2)C1(C)C,I,0,,none
CC(C)CC(=O)C(C)O,I,0,,none
Cc1cc(C)c(O)c(C(C)C)c1,I,0,,none
CC1=CS1,III,0,,none
C=C(C)CCCC(C)CCOC(=O)CC(C)C,I,0,,none
CC(=O)OC1C=C(C)C2CC1C2(C)C,I,0,,none
COC.Cc1cccc(O)c1,III,0,,none
CC1CN1,III,1,SA7_Ames,III
O=C1CCCCO1,I,0,,none
CCCCCCCOC(=O)C(C)(O)C(=O)CCC,I,0,,none
CC[N+](CC)(CC)CCOc1cccc(OCC[N+](CC)(CC)CC)c1OCC[N+](CC)(CC)CC,III,0,,none
CCCCCCCC(=O)OCCCc1ccccc1,I,0,,none
COc1ccc(/C=C/C(=O)NCCc2ccc(OC)c(OC)c2)cc1OC,III,0,,none
COc1ccc(C=CC(=O)NCCc2ccc(OC)c(OC)c2)cc1OC,III,0,,none
C=C(C)[C@@H]1CC[C@@]2(C)CCC=C(C)[C@@H]2C1,I,0,,none
C=C(C)[C@H]1CC[C@@]2(C)CCC=C(C)[C@@H]2C1,I,0,,none
C=C(C)C1CCC2(C)CCC=C(C)C2C1,I,0,,none
CCC/C=C\CCCO,I,0,,none
O=C(O)C1=CC(=CC=[N+]2c3cc(O)c(O[C@@H]4O[C@H](COS(=O)(=O)[O-])[C@@H](O)[C@H](O)[C@H]4O)cc3C[C@H]2C(=O)O)C[C@H](C(=O)O)N1,III,0,,III
C/C=C/C=C/C(=O)OCC,I,0,,none
CC=CC=CC(=O)OCC,I,0,,none
BrCCBr,III,1,SA8_Ames,III
CC/C=C\CCOC(C)OCC,I,0,,none
CC/C=C/CCOC(C)OCC,I,0,,none
CC1=CCC2(C)CCC1C2,I,0,,none
CC1CCC(C(C)(C)O)CC2C(C)CCC12,I,0,,none
NC1CCCCC1,III,0,,III
CN1CCCCC1,II,0,,II
CCCCOC(=O)c1ccco1,II,0,,none
CCCCCCCC/C=C/C=O,II,1,SA10_Ames,none
CCCCCCCCC=CC=O,II,1,SA10_Ames,none
O=C1CCCCCO1,I,0,,none
Cc1ccc(C)[nH]1,III,0,,none
CCOC(OCC)C(C)CC,I,0,,none
CC(=O)C1=C(C)OC(C)C1=O,II,1,SA10_Ames,none
CCC(=O)Cc1ccc(O)cc1,I,0,,none
CC(C)=CCC/C(C)=C/C1OCC(CO)O1,II,0,,none
O=C(Cl)c1ccccc1,III,1,SA1_Ames,III
O.O.O=S(=O)([O-])[O-].[Ca+2],III,0,,none
CCc1cnc(CC)s1,II,0,,none
CCCCCCCCCC=CC(=O)O,I,0,,none
CCCCCCCCC/C=C/C(=O)O,I,0,,none
CCOC(=O)CCCCSC,I,0,,none
Nc1ccccc1,III,1,SA28_Ames,III
C/C1=C\CCC2(C)OC2CC/C(C)=C/CC1,III,1,SA7_Ames,none
CC1=CCCC2(C)OC2CCC(C)=CCC1,III,1,SA7_Ames,none
CCC(c1ccc(O)cc1)[C@H](CC)c1ccc(O)cc1,II,0,,none
CC[C@@H](c1ccc(O)cc1)[C@@H](CC)c1ccc(O)cc1,II,0,,none
Cc1cnc(CC(C)C)c(C)n1,II,0,,none
CCCCCCCC(=O)OCCCCCC,I,0,,none
CC(=O)/C(C)=C/C1C(C)C=C(C)CC1C,II,1,SA10_Ames,none
CC(=O)C(C)=CC1C(C)C=C(C)CC1C,II,1,SA10_Ames,none
Clc1ccc(Cl)c(Cl)c1,III,0,,III
CCCCCCC=C1CCCC1=O,III,1,SA10_Ames,none
CCCCCC(C#N)=Cc1ccccc1,III,0,,none
CCCCCC1OCCC(CCC)S1,II,0,,none
Cl.O=C(O)CCP(CCC(=O)O)CCC(=O)O,III,0,,III
COC(=O)CC(=O)[O-],III,0,,none
C=CCC(C=O)c1ccccc1,I,1,SA11_Ames,none
C/C=C(\C)CSC,I,0,,none
CC=C(C)CSC,I,0,,none
c1ccc(CCCC2CCCO2)cc1,II,0,,none
CCC(SC)C(=O)OC,I,0,,none
CC[C@H](SC)C(=O)OC,I,0,,none
COc1ccc(CCC(C)=O)cc1,I,0,,none
CC1C2CC(CC2C2CCC(O)CC2)C1(C)C,I,0,,none
c1ccc(Cc2ccccn2)cc1,III,0,,none
CCC/C=C/COC(=O)CCC,I,0,,none
CCC=CCCOC(CC=CCC)OCCC=CCC,I,0,,none
[Au],III,0,,none
CCCC(=O)Oc1ccco1,III,0,,none
COc1cc(/C=C/C(=O)O)cc(OC)c1O,I,0,,none
COc1cc(C=CC(=O)O)cc(OC)c1O,I,0,,none
CCOC(=O)Nc1ccc(NCc2ccc(F)cc2)cc1N,III,1,SA28_Ames,III
CCNC(=O)C(CC)(C(C)C)C(C)C,I,0,,none
O=C(O)C(Cc1ccccc1)c1ccccc1,III,0,,none
CC(C)CCCO,I,0,,none
CC[C@H](C)C(=O)O[C@H]1C[C@@H](C)C=C2C=C[C@H](C)[C@H](CC[C@@H]3C[C@@H](O)CC(=O)O3)[C@H]21,III,0,,none
C/C=C/C=C/C(OCC)OCC,II,0,,none
CC1=C[C@@H]2C(=CC1O)[C@@H](C)CC[C@H]2C(C)C,I,0,,none
CC1=CC2C(=CC1O)C(C)CCC2C(C)C,I,0,,none
C/C(=C\CCC1(C)C2CC3C(C2)C31C)CO,I,0,,none
CC(=CCCC1(C)C2C[C@@H]3[C@H](C2)C31C)CO,I,0,,none
C/C(=C/CC[C@]1(C)C2C[C@@H]3[C@H](C2)C31C)CO,I,0,,none
CC(=CCCC1(C)C2CC3C(C2)C31C)CO,I,0,,none
C/C(=C/CC[C@]1(C)C2CC3C(C2)C31C)CO,I,0,,none
C/C(=C/CC[C@]1(C)C2CC3[C@H](C2)C31C)CO,I,0,,none
C/C(=C/CCC1(C)C2CC3C(C2)C31C)CO,I,0,,none
CCCCC(=O)OCCc1ccccc1,I,0,,none
CCCC1CC(C(=O)OCC)=C(C)O1,II,0,,none
CC(=O)c1ccc(C(C)C)cc1,I,0,,none
CCC(=O)OC1CCC2C3CCC4=CC(=O)CCC4(C)C3CCC12C,III,1,SA10_Ames,none
CC/C=C\CCOC(=O)C#CCCCCCC,III,0,,none
CCCCOC(=O)CC(O)C(=O)OCCCC,I,0,,none
C=C1[C@H]2CC[C@@H]3[C@H]2C(C)(C)CCC[C@]13C,I,0,,none
C=C1C2CC[C@H]3C2C(C)(C)CCC[C@]13C,I,0,,none
C=C1C2CCC3C2C(C)(C)CCCC13C,I,0,,none
F[B-](F)(F)F.[NH4+],III,0,,III
CCC(=O)OCC(=O)OC(C)C1CCCC(C)(C)C1,I,0,,none
CC(C)CC1OCC(C)O1,I,0,,none
CCCCC(O)S,I,0,,none
COC(=O)C1OC1(C)C1CC2C=CC1C2,III,1,SA7_Ames,none
OCC(O)CO,I,0,,none
CCCCNc1ccccc1C(=O)OC,III,0,,III
CC(O)CC(C)(C)C1CCCCC1,I,0,,none
C=CCOC(=O)/C=C/C(=O)[O-],III,0,,none
CCC(=O)O[C@@H]1C[C@H](C)CC[C@H]1C(C)C,I,0,,none
CCC(=O)OC1CC(C)CCC1C(C)C,I,0,,none
CCC(C)C(=O)OC/C=C(\C)CCC=C(C)C,I,0,,none
C/C=C/C=C/C(=O)OC(C)C,I,0,,none
CCCCOC(=O)CC(O)(C(=O)OCCCC)C(C(C)=O)C(=O)OCCCC,III,0,,none
CC(C)CCOC(=O)C(C)c1ccccc1,I,0,,none
COc1cc(C)ccc1O,I,0,,none
CCOC(=O)CCCCCCC(=O)OCC,I,0,,none
CCCCC(=O)C(CCC)Sc1ccoc1C,III,0,,none
CCCC(=O)CC,I,0,,none
CCCCCCCCCCOC(=O)CCC(C)C,I,0,,none
CC(=O)CC(C)(C)c1ccccc1,I,0,,none
CCC(C)CC,I,0,,none
Cc1occc1SC(C(=O)CC(C)C)C(C)C,III,0,,none
CC(C)CCOC(C)OCC(C)C,I,0,,none
CCC/C=C/CCC(=O)O,I,0,,none
COc1cc(Cl)c(OC)cc1Cl,III,0,,III
CCC(C=O)c1ccc(C)o1,II,1,SA11_Ames,none
CCCCCCCCCCCCC(CS)CS,III,0,,none
NCCCNCCCCNCCCN,III,0,,III
CCCC(C)CO,I,0,,none
CCCCC(=O)OCCC(C)CCC=C(C)C,I,0,,none
C=CCSSCC=C,III,0,,none
Cc1nccnc1SCc1ccco1,III,0,,none
Cc1cc(N=Nc2ccccc2C)ccc1N,III,1,SA28_Ames;SA29_Ames;aN=Na,III
C=C/C(C)=C/C/C=C(\C)CC/C=C(\C)C=O,II,1,SA10_Ames,none
COC(=O)c1c(C)cc(OC)cc1O,I,0,,none
CCC(CC)C(=O)OC/C=C(\C)CCC=C(C)C,I,0,,none
CC(=O)OCc1ccc2c(c1)OCO2,III,0,,none
COC(=O)c1ccccc1OC,I,0,,none
CC(C)c1ccccn1,III,0,,none
CCCCCC1=CCC(=O)O1,I,0,,none
CCCC(=O)OCSC,III,0,,none
C=C1C2CCC(C2)C1(C)CCC=C(C)C,I,0,,none
Cc1coc2c1CC(C)CC2,III,0,,none
FC(F)(F)C1(F)OC1(F)F,III,1,SA7_Ames,I
C=CC(C)CCC=C(C)C.C=CCc1ccc(OC)c(OC)c1.CC(C)=CCC/C(C)=C\C=O.CC(C)=CCC/C(C)=C\CO.CC1(C)[C@H]2CC[C@]1(C)C(O)C2,II,1,SA10_Ames;SA38_Ames,none
CN(C)P(=O)(F)N(C)C,III,0,,III
CCCCCOC(C)=O,I,0,,none
C=C(C)C1CCC2(C)OC2C1=O,III,1,SA7_Ames,none
CN=C(NCc1cnc(Cl)s1)N[N+](=O)[O-],III,1,SA23_Ames,III
CC(=O)C1C(=O)C=C(C)OC1=O,III,1,SA10_Ames,none
Cc1ccc2c(c1)[C@H](C(C)C)CC[C@@H]2C,II,0,,none
Cc1ccc2c(c1)C(C(C)C)CCC2C,II,0,,none
Cc1cnc(C(C)C)cn1,III,0,,none
SCCCCCCCCS,III,0,,none
CS(=O)CCC(N/C=C/C1=CC(C(=O)O)=NC(C(=O)O)C1)C(=O)O,III,0,,III
CC(C)C1=CCC(CO)C=C1,I,0,,none
CCCC(=O)OC1CC(C)CCC1C(C)C,I,0,,none
CC(=O)c1cnc(C)c(C)n1,II,0,,none
N.N[C@@H](CCC(=O)O)C(=O)O,III,0,,III
NC(CCC(=O)[O-])C(=O)O.[NH4+],III,0,,III
CC(O)C(C)SC(C)C(C)S,I,0,,none
CC(=O)OC1CC(C)OC(C)O1,III,0,,none
CC12CCC3C(CCC4C(C)(C)CCCC43C)(CO1)O2,I,0,,none
C#CC(C)(C)NC(=O)c1cc(Cl)cc(Cl)c1,III,0,,III
CCCCCC(/C=C/c1ccccc1)OC(C)=O,II,0,,none
CCCCCC(C=Cc1ccccc1)OC(C)=O,II,0,,none
O=C1O[C@H](CO)[C@@H](O)[C@H](O)[C@H]1O,III,0,,none
O=C1OC(CO)C(O)C(O)C1O,III,0,,none
C=C(C)[C@@H]1C=CC2=CC(=O)C[C@@H](C)[C@]2(C)C1,II,1,SA10_Ames,none
CCOC(=O)COCc1ccccc1,III,0,,none
CC(C)CCO,I,0,,none
CC1=C(C)S(=O)(=O)CCS1(=O)=O,III,0,,none
CCCCC(=O)C1CCCC=C1C(=O)O,I,0,,none
C=C1C=C[C@@H]([C@@H](C)CCC=C(C)C)CC1,I,0,,none
C=C1C=CC([C@@H](C)CCC=C(C)C)CC1,I,0,,none
C=C1C=CC(C(C)CCC=C(C)C)CC1,I,0,,none
CCCCCCC[C@H]1CCC(=O)O1,I,0,,none
CCCCCCC[C@@H]1CCC(=O)O1,I,0,,none
CCCCCCCC1CCC(=O)O1,I,0,,none
CC1=CC(C)CC(C#N)C1,III,0,,none
CCCCCCCC/C=C\CCCCCCCC(=O)OCC(COC(=O)CCCCCCC/C=C\CCCCCCCC)OC(=O)CCCCCCC/C=C\CCCCCCCC,I,0,,none
CCCCCCCCC=CCCCCCCCC(=O)OCC(COC(=O)CCCCCCCC=CCCCCCCCC)OC(=O)CCCCCCCC=CCCCCCCCC,I,0,,none
CCCCCCCC/C=C/CCCCCCCC(=O)OCC(COC(=O)CCCCCCC/C=C/CCCCCCCC)OC(=O)CCCCCCC/C=C/CCCCCCCC,I,0,,none
CC(O)C(=O)[O-].[K+],I,0,,none
CCCCCCCCCCc1ccco1,III,0,,none
CC/C=C\C/C=C\CCO,I,0,,none
CC/C=C/C/C=C/CCO,I,0,,none
CCC=CCC=CCCO,I,0,,none
CC/C=C\C/C=C/CCO,I,0,,none
NCCN,I,0,,III
CC(=O)OCCCCCOC(C)=O,III,0,,none
Cl[Pt-2](Cl)(Cl)(Cl)(Cl)Cl.O.O.O.O.O.O.[H+].[H+],III,0,,III
CNC(=O)Oc1ccc2c(c1)[C@]1(C)CCN(C)[C@@H]1N2C,III,0,,II
CNC(=O)Oc1ccc2c(c1)C1(C)CCN(C)C1N2C,III,0,,II
C=CCCCCCCCCOC(C)=O,I,0,,none
C[C@@H]1C[C@H]2CC(=O)[C@@H]3C[C@H]2[C@H](C1)N(C)C3,III,0,,II
NC(=S)Nc1cccc2ccccc12,III,0,,III
CCc1c(C(=O)O)c(=O)cnn1-c1ccc(Cl)cc1,III,0,,III
CC(C)C(=O)Oc1ccccc1,I,0,,none
O.O=C([O-])CC(O)(CC(=O)[O-])C(=O)[O-].[K+].[K+].[K+],III,0,,none
C(=Cc1ccccc1)c1ccccc1,III,0,,none
C(=C/c1ccccc1)\c1ccccc1,III,0,,none
COC(CC(C)=O)OC,I,0,,none
CCCCC/C=C\CCC(OCC)OCC,I,0,,none
CCCCCC=CCCC(OCC)OCC,I,0,,none
CCCCC/C=C/CCC(OCC)OCC,I,0,,none
CC1=CCC(C2(C)CO2)CC1,III,1,SA7_Ames,none
CC(=O)C(C)(C)C,I,0,,none
CC(=O)OC(CC(C)C)c1ccccc1,I,0,,none
CCOC(=O)c1c(C)cc(OC)cc1O,I,0,,none
COc1ncnc(NS(=O)(=O)c2ccc(N)cc2)c1OC,III,1,SA28_Ames,III
CCOP(=O)(C#N)N(C)C,III,0,,II
CC(=O)CC(c1ccccc1)c1c(O)c2ccccc2oc1=O,III,1,SA30_Ames,none
CCc1cc(OC)c(O)c(OC)c1,I,0,,none
CCCCCCCC1CCCC1=O,III,0,,none
C=CC(C)(S)CCC=C(C)C,III,0,,none
CC(=CC=O)CCCC(C)CCCC(C)C,II,1,SA10_Ames,none
CC(=O)C1=CNCCS1,II,1,SA10_Ames,III
CCCCCCCCC1CCC(=O)CC1,III,0,,none
CCCCCCCCCC(=O)OC(C)C,I,0,,none
C#CC1(OC(C)=O)CCCCC1C(C)CC,III,0,,none
COc1ccccc1C=O,I,1,SA11_Ames,none
Cc1ccccc1[N+](=O)[O-],III,1,SA27_Ames,II
CC(C)c1cccc(CC=O)c1,I,1,SA11_Ames,none
CC(C)OC(=O)C(C)c1ccccc1,I,0,,none
CC1NC(C)SC(C)N1,II,0,,III
CC(=CC(=O)c1ccccc1)c1ccccc1,III,1,SA38_Ames,none
COCCOC(=O)CC(C)=O,I,0,,none
O=C1OCCN1N=Cc1ccc([N+](=O)[O-])o1,III,1,SA13_Ames;SA27_Ames,II
O=C1OCCN1/N=C/c1ccc([N+](=O)[O-])o1,III,1,SA13_Ames;SA27_Ames,II
CCCC(=O)CCSCc1ccco1,III,0,,none
CC(C)CCCCCCCO,I,0,,none
COC(CC(C)C)OC,I,0,,none
COC(=O)/C=C/c1ccco1,II,0,,none
CC1=NC(C)SC1,II,0,,none
CNC(=O)Cc1c(I)c(NC(C)=O)c(I)c(C(=O)O)c1I,III,0,,none
CC(C)C(C)(O)C(C)C,I,0,,none
C=CCc1ccc(OC(=O)CC(C)C)c(OC)c1,I,1,SA38_Ames,none
CN(C)CC#N,III,0,,II
CCCCCC/C=C/CCCCCCCC(=O)OC/C=C(\C)CC/C=C(\C)CCC=C(C)C,I,0,,none
CCCCCCS,III,0,,none
CC(C)CCOC(=O)c1ccccc1O,I,0,,none
CN1CCC[C@@H]1CCO[C@](C)(c1ccccc1)c1ccc(Cl)cc1.O=C(O)/C=C/C(=O)O,III,0,,III
C=C/C=C/C,I,0,,none
C=CC=CC,I,0,,none
CC(C)CC1CCCC(C)(O)C1,I,0,,none
O=C(O)CC(OC(=O)/C=C/c1ccc(O)c(O)c1)C(=O)O,I,0,,none
CCCCCCCC=CC(=O)OCC(C)C,I,0,,none
O=C(O)[C@@H]1C[C@@H](O)CN1,II,0,,III
CC(S)C(=O)O,I,0,,none
C=C/C(C)=C/C=C/C(C)C,I,0,,none
COc1ccc(OC(=O)c2ccccc2)cc1,I,0,,none
CCCCCC1C(=O)CCC1CC(C)=O,I,0,,none
O=S(=O)([O-])[O-].[Na+].[Na+],III,0,,none
II,III,0,,none
[Al+3].[Al+3].[O-2].[O-2].[O-2],III,0,,none
CC(=O)OC(Cc1ccccc1)CC(C)C,I,0,,none
CC(C)OC(=O)Cc1ccc2c(c1)OCO2,III,0,,none
CSCc1cnccn1,III,0,,none
CCCC(=O)CCCC(=O)OCC,I,0,,none
CCCCCCCOCCCCCC,III,0,,none
CSC(C)CC(C)=O,I,0,,none
C[C@H](O)[C@H](O)[C@@H](O)[C@@H](O)C=O,I,1,SA11_Ames,none
Nc1cccc(Cl)c1,III,1,SA28_Ames,III
COC.Cc1ccccc1O,III,0,,none
CCC(CC)/C(C)=C\CCC(C)CCO,I,0,,none
C=C(C)[C@@H]1CCC(=C)[C@@H](O)C1,II,0,,none
CCCCOCCO,I,0,,none
C/C=C/C(=O)C1=C(C)C=CCC1(C)C,II,1,SA10_Ames,none
NC(=O)NC1NC(=O)NC1=O,III,0,,II
CCCOCCC,III,0,,none
CCCCCCCCCCCCCCCCCCCCCCCC,I,0,,none
CC1(C)OC2CC3C4CC(F)C5=CC(=O)CCC5(C)C4C(O)CC3(C)C2(C(=O)CO)O1,III,1,SA10_Ames,III
CC1(C)O[C@@H]2C[C@H]3[C@@H]4C[C@H](F)C5=CC(=O)CC[C@]5(C)[C@H]4[C@@H](O)C[C@]3(C)[C@]2(C(=O)CO)O1,III,1,SA10_Ames,III
CCC(=O)OCCC(C)CCC=C(C)C,I,0,,none
CCCCCCCCCCCCC(C)=O,I,0,,none
CC1=CC(C=O)C(C(C)C)CC1,I,1,SA11_Ames,none
[Te],III,0,,none
CCOCC.Oc1ccc2ccccc2c1,III,0,,none
C=CCOc1ccccc1,III,0,,none
CC1CC(=O)CC(C)(C)C1,I,0,,none
CC=C(CC)C(=O)OCC=C(C)CCC=C(C)C,I,0,,none
CCCCCCCCCCCC(=O)O,I,0,,none
CC(C)=CCC/C(C)=C/C(OCCCCCCCCCCC(C)C)OCCCCCCCCCCC(C)C,II,0,,none
COC(=O)CCC1CCCCC1,I,0,,none
O=C1O[C@H]([C@H](O)CO)C([O-])=C1O.[Na+],III,0,,none
O=C1O[C@H]([C@@H](O)CO)C([O-])=C1O.[Na+],III,0,,none
O=C1OC(C(O)CO)C([O-])=C1O.[Na+],III,0,,none
C=Cc1ccccc1,I,0,,none
C=C(C)C1CCC(C)CC1OC=O,I,0,,none
CCC(C(=O)OC)c1ccccc1,I,0,,none
CCCCCC(CC)OC=O,I,0,,none
CCc1nccnc1C(C)=O,II,0,,none
CCCC/C=C\CCCCCCCCCCCCOC(C)=O,I,0,,none
CSc1nccnc1C,II,0,,none
CC(=O)OCC(C)O,I,0,,none
CCCCCC(=O)OC(C)CCCCC,I,0,,none
CN1C(=O)CN=C(c2ccccc2F)c2cc([N+](=O)[O-])ccc21,III,1,SA27_Ames,III
CCCC(=O)C(CC)OC,I,0,,none
C=C/C=C\C=O,II,1,SA10_Ames,none
C=CC=CC=O,II,1,SA10_Ames,none
CCOC(=O)CC(C)C,I,0,,none
COC(CCc1ccccc1)OC,I,0,,none
CC(=O)CCC1C(C)CCCC1(C)C,I,0,,none
CC(=O)C(=O)CC(C)C,III,0,,none
CCCCCCCCOC(=O)C(C)C,I,0,,none
C=C(C)/C=C/C(CCC(C)=O)C(C)C,III,0,,none
C=C(C)/C=C/[C@H](CCC(C)=O)C(C)C,III,0,,none
C=C(C)C=CC(CCC(C)=O)C(C)C,III,0,,none
CC(=O)Sc1ccoc1C,III,0,,none
CSCSCSC,I,0,,none
Br[Al](Br)Br,III,0,,III
CCCC(=O)OCCC(C)C,I,0,,none
c1ccc2c(c1)CCC2,III,0,,none
CCCCC(C)C(C)(C)O,I,0,,none
O=S([O-])[O-].[NH4+].[NH4+],III,0,,none
O=C(Cl)c1ccc2c(c1)C(=O)C(c1nc3ccccc3cc1O)C2=O,III,1,SA1_Ames,III
CCCCCCCCCCCC(=O)OCCCCC,I,0,,none
CCCCCCCC(=O)CCCCCCC,I,0,,none
CCOC(=O)CC(=O)CCc1ccccc1,I,0,,none
CC1(C)C2CCC3(C2)C1c1ncncc1CC3(C)C,III,0,,none
O=COCCC1CCCCC1,I,0,,none
N.N.O=C(O)O,III,0,,II
CCCCCOC(C)OCCCC,I,0,,none
CC(=O)C(C)=CC=C(C)CCC=C(C)C,II,1,SA10_Ames,none
CC(C)CCCC(C)CCO,I,0,,none
C=C[C@](C)(CC/C=C(/C)CCC=C(C)C)OC(C)=O,I,0,,none
C=CC(C)(CC/C=C(\C)CCC=C(C)C)OC(C)=O,I,0,,none
C=C[C@](C)(CCC=C(C)CCC=C(C)C)OC(C)=O,I,0,,none
C=CC(C)(CCC=C(C)CCC=C(C)C)OC(C)=O,I,0,,none
CC12CCC3c4ccc(O)cc4CCC3C1CC(O)C2O,II,0,,none
C[C@]12CC[C@@H]3c4ccc(O)cc4CC[C@H]3[C@@H]1C[C@@H](O)[C@@H]2O,II,1,SA39_Ames,none
CCC(=O)Oc1cc(C)ccc1C(C)C,I,0,,none
O=C(O)Cc1cccc2ccccc12,III,0,,none
CC(C)CC(C)(N)C#N,III,0,,III
CCC[C@@](C)(S)CCO,I,0,,none
CCC1OC(C)(CC)CCC1C(C)C,II,0,,none
CCC(=O)CC(C)CC,I,0,,none
CCC(=O)C[C@@H](C)CC,I,0,,none
CCOC(OCC)C(=O)CC,I,0,,none
C=CC(=O)OC1CC2CCC1(C)C2(C)C,I,0,,none
Cc1cc(=O)oc2ccccc12,III,1,SA30_Ames,none
C=CCOC(=O)CCCCCCCCCC,III,0,,none
CCc1ncc(C)nc1CC,III,0,,none
CC=CCS,III,0,,none
CCCCC(=S)OC,III,0,,none
CCCCCCC(=O)OCCCCC,I,0,,none
CC(=O)/C=C/C1=C(C)CCCC1(C)C,II,1,SA10_Ames,none
CC(=O)C=CC1=C(C)CCCC1(C)C,II,1,SA10_Ames,none
CCCCCC=CC=CC=CO,III,0,,none
CC(CO[N+](=O)[O-])O[N+](=O)[O-],III,0,,II
CCCCCCCC(=O)OCCCC,I,0,,none
CC(C)(c1ccc(OCC(O)CCl)cc1)c1ccc(OCC(O)CCl)cc1,III,1,SA8_Ames,III
COc1ccc(CS)cc1,III,0,,none
CCCCCCCCCCCCCCC(=O)OCC,I,0,,none
CCCCCCCCCCCCCCCc1cccc(O)c1,II,0,,none
CC(CCc1ccccc1)NC(C)C(O)c1ccc(O)cc1,III,0,,III
C/C=C/C=C/COC(=O)CCC,I,0,,none
CC=CC=CCOC(=O)CCC,I,0,,none
CCCCCCCC1OCC(C)O1,I,0,,none
CCC(C)C(=O)OCc1ccccc1,I,0,,none
CCOC(=O)C=Cc1ccc2c(c1)OCO2,III,0,,none
CC(C)C(C)C(=O)c1ccccc1,I,0,,none
CC(C)CC(=O)CC(C)C,I,0,,none
COC(=O)CC1=CCCC1,I,0,,none
C=CCCC(=O)OCC,I,0,,none
CC(C)COC(=O)c1ccccc1O,I,0,,none
CCOC(CCc1ccccc1)OCC,I,0,,none
CCC(C)COC(=O)CC(O)C(=O)OCC(C)CC,I,0,,none
CCCSSC,III,0,,none
CCCCCCCCCCOC(=O)CCC,I,0,,none
CCCCOc1cc(C(=O)NCCN(CC)CC)c2ccccc2n1,III,1,SA57_Ames,II
CC(Br)CCl,III,1,SA8_Ames,III
CCCCCC1(C)CCC(C)(C)C1=O,I,0,,none
CCCCCCCOCCc1ccccc1,II,0,,none
C=C(C)C(CC(=O)O)CC(=O)O,I,0,,none
Cl.NCC(O)c1ccc(O)cc1,III,0,,III
CC(O)CCO,I,0,,none
CC(=O)c1cc(C)sc1C,III,0,,none
CC1O[C@H](C)C(=O)C1=O,II,0,,none
CC1O[C@@H](C)C(=O)C1=O,II,0,,none
CCCCCCOC(C)OCCC(C)C,I,0,,none
CC1(C)C/C=C\CC/C=C\CCC2OC21C,III,1,SA7_Ames,none
C/C=C/C(=O)OC(CC)C(C)C,I,0,,none
CCOC(=O)CS,I,0,,none
Nc1nc(=O)c2ncn([C@@H]3O[C@H](COP(=O)([O-])[O-])[C@@H](O)[C@H]3O)c2[nH]1.[Na+].[Na+],III,1,SA28_Ames,III
O=C(Cl)C(Cl)(Cl)Cl,III,1,SA1_Ames,III
C=CCC1=C(C)CCC1=O,II,1,SA10_Ames,none
O=C(O)c1cccnc1,II,0,,none
CC(=O)c1ccc(C)nc1,II,0,,none
Cc1cnc(C2=NC(C)(C(C)C)C(=O)N2)c(C(=O)O)c1,III,0,,none
CCOC(=O)C(S)CC,I,0,,none
SCC1CC=CS1,II,0,,none
CCC(C)COC(=O)C(C)CC,I,0,,none
CCCCCCCC(=O)OCC=Cc1ccccc1,I,0,,none
CCC(=O)C(=O)C(C)CC,III,0,,none
CCCCCc1ccccc1,I,0,,none
CCc1ccc(CC=O)cc1,I,1,SA11_Ames,none
C=COCCC(C)CCC=C(C)C,III,1,SA24_Ames,none
CC1=CCCC(C)(C)C1/C=C/C(C)O,I,0,,none
CC1=CCCC(C)(C)C1C=CC(C)O,I,0,,none
COc1ccccc1CCC(C)O,I,0,,none
CCCC[C@@H](CC)CCC(=O)O,I,0,,none
CCCCC(CC)CCC(=O)O,I,0,,none
CCCC[C@H](CC)CCC(=O)O,I,0,,none
CCCCCCCCOC(=O)CCC,I,0,,none
OC[C@@H](O)c1ccccc1,I,0,,none
OCC(O)c1ccccc1,I,0,,none
CCCCCC(=O)OC(C)CO,I,0,,none
O.O=P1(N(CCCl)CCCl)NCCCO1,III,1,SA5_Ames,III
C=CC(CCO)CCC=C(C)C,I,0,,none
CC1SCSS1,I,0,,none
CCCCCCCCCCCCCCCCCC(=O)OCCOCCO,III,0,,none
C=CCOC(=O)CCCC,III,0,,none
C/C=C\C(=O)OCCCCC,I,0,,none
FC(F)(Cl)Cl,III,0,,III
CCCCCCCCCCCCCCCCCCCCCCCCCCCCCCCCCCCCC,I,0,,none
CCCCCCCC[N+](C)(C)Cc1ccccc1.[Cl-],III,0,,III
FF,III,0,,III
CCCc1ccc(O)c(OC)c1,I,0,,none
[N-]=[N+]=[N-].[Na+],III,1,SA22_Ames,none
ClSSCl,III,0,,III
O=[Cr](=O)([O-])[O-].[Na+].[Na+],III,0,,none
C=C1C(=O)O[C@@H]2C[C@@]3(C)CCC[C@H](C)C3=C[C@H]12,I,0,,none
C=C1C(=O)OC2CC3(C)CCCC(C)C3=CC12,I,0,,none
CCCCC1CCCC(=O)O1,I,0,,none
CC1(C)C2CCC(C2)C1(C)O,I,0,,none
COC(=O)C(C)CS,I,0,,none
C=CCC(CCCC)C(=O)O,I,0,,none
CC=CC=CCOC(C)=O,I,0,,none
C/C=C/C=C/COC(C)=O,I,0,,none
Nc1ccccc1C(=O)OCCc1ccccc1,III,1,SA28_Ames,III
C=CCCC(=O)OC1CCCCC1,I,0,,none
CC1=CC[C@@]2(O1)C(C)=CC(=O)CC2(C)C,II,1,SA10_Ames,none
CC(C)(C)c1ccc2ccccc2n1,III,0,,none
CCCCOC(=O)CCCCCCCCC(=O)OCCCC,I,0,,none
C=C(C)CCCC(C)CCOC(=O)CCC,I,0,,none
O.O.O=c1nc([O-])n(Cl)c(=O)n1Cl.[Na+],III,0,,III
CC(C)COC(OCC(C)C)C(C)C,I,0,,none
CCC/C=C(/C=O)CC,II,1,SA10_Ames,none
Fc1ccccc1,III,0,,III
O=C[C@H](O)[C@H](O)[C@H](O)CO,I,1,SA11_Ames,none
O=CC(O)C(O)C(O)CO,I,1,SA11_Ames,none
O=C[C@H](O)[C@@H](O)[C@@H](O)CO,I,1,SA11_Ames,none
O=C[C@H](O)[C@@H](O)[C@H](O)CO,I,1,SA11_Ames,none
CC(C)(O)CCCC1CCC(C=O)CC1,I,1,SA11_Ames,none
COC(OC)OC,I,0,,none
CC1CCCC(C)(C)C1,I,0,,none
CCCCCCCCCC(=O)OCCCc1ccccc1,I,0,,none
COc1cc(OC)c2ccc(=O)oc2c1I,III,1,SA30_Ames,none
CCCC=CC(OCCCCCC)OCCCCCC,II,0,,none
CCCCC=COC(=O)c1ccco1,III,1,SA24_Ames,none
CCCCCCCOC(=O)CCC(C)C,I,0,,none
Cc1ccc(C(C)(C)S)cc1,III,0,,none
CCC(C)COC(=O)c1ccccc1,I,0,,none
N#Cc1sc2c(=O)c3ccccc3c(=O)c=2sc1C#N,III,1,SA12_Ames;SA19_Ames,none
C=CCOC(=O)CCCCCCC,III,0,,none
C=CC(C)(O)/C=C/C1=C(C)CCCC1(C)C,I,0,,none
CCCCOCC,I,0,,none
CCCCCC#COC(=O)OC,III,0,,none
CCN(C(=O)N(CC)c1ccccc1)c1ccccc1,III,0,,II
C=CC(O)CCCC,II,0,,none
C=CC1(C)CCC(C(C)(C)OC(C)=O)O1,II,0,,none
CCCCC=COC(=O)C=Cc1ccccc1,III,1,SA24_Ames,none
CCCCCCC(CCOC(C)=O)OC(C)=O.CCCCCCC(O)CCO,I,0,,none
CCCCC(C)(CC)C(=O)OCC,I,0,,none
COc1cc(C=O)ccc1OC(C)=O,I,1,SA11_Ames,none
CCCC(CCCC(=O)OCC)OC(C)=O,I,0,,none
CCOC(=O)C(C)C1CCCCC1,I,0,,none
CCOC(=O)c1ccc(C)cc1O,I,0,,none
COC(=O)CCl,III,1,SA8_Ames,III
COC1(C)CCCCCCCCCCC1,III,0,,none
CCCCCCCCCOC(=O)CCCC,I,0,,none
CC(=O)/C=C(\C)CCC=C(C)C,II,1,SA10_Ames,none
CC(=O)C=C(C)CCC=C(C)C,II,1,SA10_Ames,none
CN(C)C(=O)C(c1ccccc1)c1ccccc1,III,0,,II
CC(C)/C=C/C(=O)O,I,0,,none
CCCCCCCCCCCCCCCC(=O)OC[C@H](O)[C@H]1OC(=O)C(O)=C1O,III,0,,none
CS(=O)(=O)Cl,III,0,,III
Brc1ccccc1,III,0,,III
CC1=CCCC(C(=O)CC(=O)CC(C)C)C1,I,0,,none
CC(=O)OCc1ccc(C=O)o1,II,1,SA11_Ames,none
CN1CSC(=S)N(C)C1,III,1,SA16_Ames,II
CCOc1ccccc1C(=O)OC,I,0,,none
CC(=O)OCc1ccc(C(C)C)cc1,I,0,,none
CC(=O)C(O)Cc1ccccc1,I,0,,none
CCCCCOC(CCCC)OCCCCC,I,0,,none
CC(C)(C=O)COCc1ccccc1,III,1,SA11_Ames,none
O=C1c2cccc(O)c2C(=O)c2c(O)cccc21,III,1,SA12_Ames;SA66_Ames,none
O.O=C1O[Bi]Oc2ccccc21,,,,
CC(=O)Cc1ccccc1,I,0,,none
Oc1c(I)cc(Cl)c2cccnc12,III,0,,III
CC(=O)c1ncco1,II,0,,none
OCCOc1ccccc1,II,0,,none
CC(C)(C)C(=O)OCc1ccccc1,I,0,,none
CC(CCl)OC(C)CCl,III,1,SA8_Ames,III
COC(=O)c1ccc2c(c1)OCO2,III,0,,none
CCCCC/C(=C\c1ccccc1)C(OC)OC,II,0,,none
CCCCC/C(=C/c1ccccc1)C(OC)OC,II,0,,none
CCCCCC(=Cc1ccccc1)C(OC)OC,II,0,,none
CCCC1CC=C(C=O)C(CCC)S1,II,1,SA10_Ames,none
CCc1ncsc1C,II,0,,none
COC(CC(C)CCCC(C)(C)O)OC,I,0,,none
Cc1cccc(C)c1[S-],III,0,,none
Cc1cccc(C)c1S,III,0,,none
C[C@@H]1CC(C)(C)C[C@@]2(C1)[C@@H](C)CC(=O)[C@]2(C)O,I,0,,none
CCSC(=O)Cl,III,1,SA1_Ames,III
O=C(/C=C/c1ccccc1)OCC1CCCO1,II,0,,none
O=C(C=Cc1ccccc1)OCC1CCCO1,II,0,,none
CCCCNC,III,0,,III
CC#CCCCCC,III,0,,none
CC(C)C1SSC(C(C)C)S1,I,0,,none
O=S(=O)([O-])[O-].[Cd+2],III,0,,none
CCc1cc2c(cc1C=O)C(C)(C)CCC2(C)C,II,1,SA11_Ames,none
Cc1ccc(C(C)(C)C)cc1,I,0,,none
CCOC(=O)C(CC)Cc1ccccc1,I,0,,none
NCl,III,0,,III
C#CC(C)CO,III,0,,none
C/C=C(/O)C(C)=O,II,1,SA10_Ames,none
CC=C(O)C(C)=O,II,1,SA10_Ames,none
O=[Cr]O[Cr]=O,III,0,,none
CC(=O)C1=C2CC3(C)CCC2(CC3)C(C)(C)CC1,II,1,SA10_Ames,none
CCCCCOC(=O)/C=C\c1ccccc1,I,0,,none
CCCCCOC(=O)/C=C/c1ccccc1,I,0,,none
CCCC(=O)OC/C(C)=C/CCC1(C)C2CC3C(C2)C31C,I,0,,none
CCCC(=O)OCC(C)=CCCC1(C)C2CC3C(C2)C31C,I,0,,none
O=C(O)[C@H](O)[C@H](O)[C@@H](O)[C@@H](O)CO.O=C(O)[C@H](O)[C@H](O)[C@@H](O)[C@@H](O)CO.[Fe],III,0,,none
CC1=CCC=CC1,I,0,,none
C=C(C)C1CCC2=CCC[C@@H](C)[C@]2(C)C1,I,0,,none
C=C(C)[C@@H]1CCC2=CCC[C@@H](C)[C@]2(C)C1,I,0,,none
C=C(C)C1CCC2=CCCC(C)C2(C)C1,I,0,,none
C=C(C)[C@@H]1CCC2=CCC[C@@H](C)[C@@]2(C)C1,I,0,,none
C/C=C/C=C/C(=O)OCCC(C)C,I,0,,none
O=C([O-])CC(O)(CC(=O)[O-])C(=O)[O-].[K+].[K+].[K+],III,0,,none
CC1(O)CCC(C(C)(O)CO)CC1O,I,0,,none
ClN(Cl)Cl,III,0,,III
CCCCCCCOC(=O)CCCCC,I,0,,none
C/C(=C/C#N)CCc1ccccc1,III,0,,none
C/C(=C\C#N)CCc1ccccc1,III,0,,none
CC(=CC#N)CCc1ccccc1,III,0,,none
CCCOC(=O)c1ccc(O)cc1,I,0,,none
Cc1ccsc1,III,0,,none
CC(C)(CO)C1C=CCCC1,I,0,,none
C=CC1(C)CCC(=O)O1,I,0,,none
CCCCCC(=O)C(S)CCCC,I,0,,none
COC(=O)[C@H]1[C@H]2C[C@@H]3c4[nH]c5cc(OC)ccc5c4CCN3C[C@H]2C[C@@H](OC(=O)c2cc(OC)c(OC)c(OC)c2)[C@@H]1OC,III,0,,II
O=C([O-])CF,III,0,,III
O=C(O)CF,III,0,,III
CCCCSSCC,III,0,,none
O=C(O)CCCl,III,1,SA8_Ames,III
CCCCCCOC(=O)CCc1ccccc1,I,0,,none
CC(C)(OC=O)c1ccccc1,I,0,,none
CCCC1OCCC(C)S1,II,0,,none
O=[Cr](=O)([O-])[O-].[Ba+2],III,0,,none
COc1cncc(C(C)C)n1,III,0,,none
CC[Si](Cl)(Cl)c1ccccc1,III,0,,III
CCCCCCC1(C)Oc2ccccc2O1,I,0,,none
CCCCCC(CCCC(=O)OCC)OC=O,I,0,,none
CCCCOC(=O)c1ccc(O)cc1,I,0,,none
C=CCOC1CC2CC1C1C=CCC21,III,0,,none
O=C1CCCCCCCCCCC(=O)OCCC1,I,0,,none
CC(=O)/C=C/CCC(C)C,II,1,SA10_Ames,none
CCCCC/C=C\CC1CCC(=O)O1,I,0,,none
CCCCCC=CCC1CCC(=O)O1,I,0,,none
CCCCC/C=C/CC1CCC(=O)O1,I,0,,none
CCCCC/C=C\C[C@H]1CCC(=O)O1,I,0,,none
CCCCCc1nccs1,III,0,,none
C=C(C)c1ccnc(C(C)=O)c1,II,0,,none
N#CN=C(N)N,III,0,,III
C=CCCCCCCCCO,I,0,,none
O=C(CCc1ccccc1)c1ccccc1,III,0,,none
COC1CC2CC1C1C=CCC21,III,0,,none
CC(=O)OCC(O)c1ccccc1,I,0,,none
S=C=S,III,0,,none
CC1CCOC1=O,I,0,,none
C=C(C)C1=C(C)C2(C)CC1CC2C(=O)OC,I,0,,none
CNC(=O)ON=CC(C)(C)SC,III,0,,none
CCCC(C)C1(CC)C(=O)N=C([O-])NC1=O.[Na+],III,0,,none
CCCCCC/C=C/CCC=O,I,1,SA11_Ames,none
CC(C)=CCC(C=O)C(C)C,I,1,SA11_Ames,none
C[C@]12CC[C@@H](O)C[C@@H]1CC[C@@H]1[C@@H]2CC[C@]2(C)C(=O)CC[C@@H]12,III,0,,none
C[C@]12CC[C@H](O)C[C@@H]1CC[C@@H]1[C@@H]2CC[C@]2(C)C(=O)CC[C@@H]12,III,0,,none
N,III,0,,II
CCCCNCC,III,0,,III
C=CCC(O)/C=C/CCC,I,0,,none
CCCCCC=CCC1CCCC1=O,III,0,,none
CCCCC/C=C/CC1CCCC1=O,III,0,,none
C1SCSS1,I,0,,none
C=Cc1cc(OC)c(O)c(OC)c1,I,0,,none
CC(C)C(=O)C(=O)O,I,0,,none
CCCCCCCCCCCCCCCCCCCCCCCCCCCCCCCC,I,0,,none
FS(F)(F)F,III,0,,III
CC1(C)C2CC=C(COC=O)C1C2,I,0,,none
CC(C)(C)c1ccc(O)cc1,I,0,,none
CC(C)=CCCC(C)CC=O.COC(=O)c1ccccc1N,III,1,SA11_Ames;SA28_Ames,III
CCCCCCC1CCCCC1,I,0,,none
CCCCC(CC)OC(C)=O,I,0,,none
CCCCCCCCCOC(=O)Cc1ccccc1,I,0,,none
CC1(C)COC2(CCCCC2)OC1,III,0,,none
Oc1ccc(O)cc1,I,0,,none
Cl.N[C@@H](CS)C(=O)O.O,III,0,,III
O=C1CCCCCCC/C=C\CCCCCCO1,I,0,,none
OC(c1ccccc1)c1ccccc1,III,0,,none
Cc1ccc2ccccc2c1,III,0,,none
CCCCCCCCCCCCCCCCCC(=O)O,I,0,,none
CCC(C)C(=O)OC(C)CO,I,0,,none
CCCC/C=C\CCCCCCCCCCCC=O,I,1,SA11_Ames,none
CCOC(=O)CC(=O)OC(C)C1CCCC(C)(C)C1,I,0,,none
CCCCCCC(O)CC=O,I,1,SA11_Ames,none
N[C@@H](Cc1c[nH]c2ccccc12)C(=O)O,III,0,,III
CCCCCCCCCCCCCCCCCCS,III,0,,none
CSC/C(C=O)=C\c1ccccc1,II,0,,none
CSC/C(C=O)=C/c1ccccc1,II,0,,none
CCC(C)C(=O)S,III,0,,none
CCCC(=O)OC(C)CC,I,0,,none
CC(=O)CCC1=C(C)CCCC1(C)C,I,0,,none
CC/C=C/CC(C)OC(C)=O,I,0,,none
CCC(C)Cc1cnc(C)c(C)n1,II,0,,none
OCCC1CCCCC1,I,0,,none
CC(C)CCC(C=O)=Cc1ccccc1,II,0,,none
COc1cc(/C=C/CO)cc(OC)c1O[C@@H]1O[C@H](CO)[C@@H](O)[C@H](O)[C@H]1O,I,0,,none
C[C@@H]1C[C@H]2CC(C)(C)CO[C@@H]2C[C@@H]1C,II,0,,none
CC1CC2CC(C)(C)COC2CC1C,II,0,,none
C/C=C(\C)COC(=O)/C(C)=C/C,I,0,,none
CCC1=C(O)C(=O)C(C)O1,II,1,SA10_Ames,none
S=C=Nc1ccccc1,III,1,SA15_Ames,none
CCN(CC)CCCC(C)Nc1ccnc2cc(Cl)ccc12.O=P(O)(O)O.O=P(O)(O)O,III,0,,III
C=Cc1cncc(CC)n1,II,0,,none
CCCCCOC(=O)c1ccccc1,I,0,,none
CCCCCCC(C=O)=Cc1ccco1,III,0,,none
O=C(OCCc1ccccc1)c1ccco1,II,0,,none
ClCCSCCCl,III,1,SA5_Ames,III
CCCCCCC/C=C/C=C/C=O,II,1,SA10_Ames,none
CCCCCCCC=CC=CC=O,II,1,SA10_Ames,none
SCCc1cnccn1,III,0,,none
CCCCOCOCCCC,III,0,,none
CC1=CCCC(C)(C)C1/C=C/C(=O)CC(C)C,II,1,SA10_Ames,none
CC1=CCCC(C)(C)C1/C=C\C(=O)CC(C)C,II,1,SA10_Ames,none
CC1=CCCC(C)(C)C1C=CC(=O)CC(C)C,II,1,SA10_Ames,none
CCC(C)OC(=O)N1CCCCC1CCO,III,1,SA16_Ames,II
CC(=O)OCC(C)(C)C,I,0,,none
CC(C)=CCC/C(C)=C/COC(=O)c1ccccc1N,III,1,SA28_Ames,III
CCC(C)(O)C=CC=C(C)C,I,0,,none
CC1=C[C@@H]2[C@@H](CC1)C(C)=CC[C@H]2C(C)C,I,0,,none
CC1=C[C@@H]2[C@H](CC1)C(C)=CC[C@H]2C(C)C,I,0,,none
CCOC(=O)C(CC)OC(C)=O,I,0,,none
CC(=O)O[C@]1(C(C)=O)CC[C@H]2[C@@H]3C=C(Cl)C4=CC(=O)CC[C@]4(C)[C@H]3CC[C@@]21C,III,1,SA10_Ames,III
CC(=O)OC1(C(C)=O)CCC2C3C=C(Cl)C4=CC(=O)CCC4(C)C3CCC21C,III,1,SA10_Ames,III
CCCCCCOC(=O)C=CC(=O)OCCCCCC,I,0,,none
CCCCCCOC(=O)/C=C/C(=O)OCCCCCC,I,0,,none
CC1=CC=CCC1,I,0,,none
O=C1C[C@@H]2OCC=C3C[NH+]4CC[C@]56c7ccccc7N1[C@H]5[C@H]2[C@H]3C[C@H]46,III,0,,II
O=C1CC2OCC=C3CN4CCC56c7ccccc7N1C5C2C3CC46,III,0,,II
Cc1cscn1,II,0,,none
CCCOC(=O)C(C)(C)C,I,0,,none
CCCCCOC(C)OCC,I,0,,none
CSC,I,0,,none
CC=CCC,I,0,,none
Cl[Ni]Cl,III,0,,III
CC[C@@H](C)c1nccnc1OC,II,0,,none
CCC(C)c1nccnc1OC,II,0,,none
CC[C@H](C)c1nccnc1OC,II,0,,none
CC1=C(O)/C(=N/O)C(C(C)C)CC1,III,0,,none
C[Si](C)(C)[Si](C)(C)[Si](C)(C)c1cccc2ccccc12,III,0,,none
CC(C)=CCC[C@H](C)CCO,I,0,,none
CC(C)=CCC[C@@H](C)CCO,I,0,,none
CC(C)=CCCC(C)CCO,I,0,,none
CCCCC(=O)CCO,I,0,,none
COC(C)(C)CCCC(C)C=O,I,1,SA11_Ames,none
CCC(=O)C(C)O,I,0,,none
COC(C)CCOC(C)=O,I,0,,none
C[C@H](N)C(=O)O,I,0,,III
CC(N)C(=O)O,I,0,,III
C[C@@H](N)C(=O)O,I,0,,III
C=CCOC(=O)C(C)C,III,0,,none
COc1ccc(/C(=C\C(=O)N2CCOCC2)c2ccc(Cl)cc2)cc1OC,III,0,,III
COc1ccc(/C(=C/C(=O)N2CCOCC2)c2ccc(Cl)cc2)cc1OC,III,0,,III
COc1ccc(C(=CC(=O)N2CCOCC2)c2ccc(Cl)cc2)cc1OC,III,0,,III
C=CCOCCc1ccccc1,III,0,,none
CC(C)C(=O)OC1CC2CC1C1C=CCC21,I,0,,none
CCc1ccc(C=O)cc1,I,1,SA11_Ames,none
CC1=CC=CC(C)(C)CC1=O,II,1,SA10_Ames,none
CCCCCCCCCCOC(=O)CCCCC,I,0,,none
CCOC(=O)CCCSC,I,0,,none
CC(C)CCC1CCC(O)CC1,I,0,,none
CCCCCCCCCCCC(=O)OCc1ccccc1,I,0,,none
CCCC[C@H](C)O,I,0,,none
CCCCC(C)O,I,0,,none
CCCC[C@@H](C)O,I,0,,none
CCCCCCOC(=O)C1CCCCC1,I,0,,none
O=C1CCc2ccccc21,II,0,,none
CCOc1ccc(C)cc1OC,I,0,,none
CCN(CC)CCCN,I,0,,III
CCCCCCCOC(=O)CCCCCC,I,0,,none
CCCCc1nccs1,II,0,,none
CC/C=C/SC,I,0,,none
CCC=CSC,I,0,,none
CCCCC=COC(=O)CCCCCCCCC,III,1,SA24_Ames,none
O=C(C=CC=Cc1ccccc1)c1ccccc1,III,1,SA10_Ames;SA38_Ames,none
CCCCCCC/C=C/CO,I,0,,none
CCCCCCCC=CCO,I,0,,none
CCC(C)C1(CC)C(=O)N=C([O-])NC1=O.[Na+],III,0,,none
O=P([O-])([O-])[O-].O=P([O-])([O-])[O-].[Ca+2].[Ca+2].[Ca+2],III,0,,none
CCCOC(=O)CCC(C)=O,III,0,,none
C(=NC1CCCCC1)=NC1CCCCC1,III,0,,none
CC1=CCC(=O)O1,I,0,,none
CCOC(OCC)C1CCC(C)=CC1(C)C,I,0,,none
CCCCCCC(=O)CSC,I,0,,none
CCOCC1OC(OC)C(OCC)C(OCC)C1OC1OC(COC)C(OC2OC(CO)C(OC)C(O)C2O)C(OC)C1OC,III,0,,none
ClC(Cl)C(Cl)Cl,III,1,SA8_Ames,III
N#CCl,III,0,,III
COC(=O)c1ccccc1,I,0,,none
O=[Cu],III,0,,none
CCCCCC#CC(=O)OCC,III,0,,none
Nc1ccc(N=Nc2ccccc2)cc1,III,1,SA28_Ames;SA29_Ames;aN=Na,III
CC[C@@H](C)CO,I,0,,none
CCC(C)CO,I,0,,none
CC[C@H](C)CO,I,0,,none
CC[C@@H]1/C=C/C=C/C[C@H](C)[C@@H](O)[C@](C)(O)C(=O)[C@H](C)[C@@H](O)[C@H](C)C(=O)[C@H](C)[C@@H](O)[C@H](C)/C=C/C(=O)O[C@H]2[C@@H](C)[C@@H](CC1)O[C@]1(O[C@H](C[C@H](C)O)[C@H](C)CC1=O)[C@@H]2C,III,0,,none
CC(=O)OCc1cccc(C)c1,I,0,,none
CC(=O)c1nc(C)cs1,II,0,,none
CCCC/C=C/CCC=O,I,1,SA11_Ames,none
Cc1cccc2ccccc12,III,0,,none
CCCCCCCCCCCCCC(=O)OCCCCC,I,0,,none
CC(C)=CCC1(C)CC(C)C=C(C)C1=O,II,1,SA10_Ames,none
CCCCCCC1CCC(=O)CC1,I,0,,none
CCOC(C)OCCc1ccccc1,I,0,,none
O=P([O-])(O)O.O=P([O-])(O)O.[Mg+2],III,0,,none
CCCSSSSC,III,0,,none
CCCOC(=O)Cl,III,1,SA1_Ames,III
C=C1CC[C@@H]2C13CC[C@@H](C)[C@H](C3)C2(C)C,I,0,,none
CC(=O)c1cccc2ccccc12,III,0,,none
CC1=CC2(C=CC(C)O2)C(C(C)C)CC1,II,0,,none
CC(=O)O/C=C/C1=C(C)CCCC1(C)C,I,1,SA24_Ames,none
CC(C)=C(C)C1CCCCO1,II,0,,none
Cc1ccc(C)c(O)c1C,I,0,,none
C=CC,I,0,,none
C1=C\C2COCC2CCCCCCCC/1,II,0,,none
CCCCCCCCCCCCOC(=O)C(C)O,I,0,,none
C=CCc1cc(OC)c2c(c1OC)OCO2,III,1,SA38_Ames,none
CC(=O)c1cccc2ccccc12.COC(=O)c1ccccc1N,III,1,SA28_Ames,III
CC(=O)/C(C)=C/CC1CC=C(C)C1(C)C,II,1,SA10_Ames,none
O=C(O)c1cccc(C(=O)O)c1,I,0,,none
CC(C)=CC(=O)OC(C)C,I,0,,none
CCCCC(C)=O,I,0,,none
CCON=O,III,1,SA9_Ames,none
CC(C)=CCCC(C)CC(C)(C)O,I,0,,none
CC=C(C)C(=O)OCc1ccccc1,I,0,,none
C/C=C(\C)C(=O)OCc1ccccc1,I,0,,none
CCOC(=O)[C@H](O)CC(C)C,I,0,,none
CCOC(=O)C(O)CC(C)C,I,0,,none
CCOC(=O)[C@@H](O)CC(C)C,I,0,,none
CC1CCC(C)CC1,I,0,,none
COc1cc(CC(=O)O)ccc1O,I,0,,none
CCCCCC(=O)OCC(CC)CCCC,I,0,,none
CC=CC(C)(O)CCC=C(C)C,I,0,,none
CC(=O)CC(C)(C)S,I,0,,none
CC(C)(C)OC(=O)Cc1ccccc1,I,0,,none
CCOc1ccccc1C(=O)OC1CCCC1,I,0,,none
CCCCCCC[C@@H]1CCCC(=O)O1,I,0,,none
CCCCCCC[C@H]1CCCC(=O)O1,I,0,,none
CCCCCCCC1CCCC(=O)O1,I,0,,none
CC(C)(C)c1ccc2c(c1)C(=O)CCC2,II,0,,none
c1ccc2n[nH]nc2c1,III,0,,none
NNC(=O)c1ccncc1,III,1,SA13_Ames,III
CCOC(C)OC(C)C,I,0,,none
CCCC(CCC)C(=O)OC1C[C@H]2CC[C@@H](C1)[N+]2(C)C.[Br-],III,0,,III
[Hg],III,0,,none
CCC1OCC(C)(C)CO1,III,0,,none
CC1=C(O)C(=O)C(C(C)C)CC1,II,1,SA10_Ames,none
CC(=O)C(C)=O,III,0,,none
O=CCCl,III,1,SA11_Ames;SA8_Ames,III
C[C@]12COC(=O)C[C@@H]1CC[C@@H]1[C@@H]2CC[C@@]2(C)[C@H]1CC[C@]2(C)O,I,0,,none
CCCCc1cccnc1,II,0,,none
Nc1ccc(Cl)cc1,III,1,SA28_Ames,III
COC(=O)c1ccc(C)cc1,I,0,,none
FC(F)(F)C(Cl)=C(Cl)Cl,III,0,,I
Cc1ccccc1Br,III,0,,III
CC(=O)CC(=O)O[C@@H]1C[C@H](C)CC[C@H]1C(C)C,I,0,,none
CC(=O)CC(=O)O[C@H]1C[C@@H](C)CC[C@@H]1C(C)C,I,0,,none
CC=C1CC2CC1CC2OC(=O)CC,I,0,,none
CC1=CC2CC(C3OCCO3)C1CC2C(C)C,III,0,,none
CCC(C)C(=O)OCCCCO,III,0,,none
CC(=O)O,I,0,,none
CC(C)=CC(=O)OCCc1ccccc1,I,0,,none
CC[C@@H](C)SS[C@@H](C)CC,III,0,,none
CCC(C)SSC(C)CC,III,0,,none
CC[C@H](C)SS[C@@H](C)CC,III,0,,none
C=Cc1scnc1C,II,0,,none
CCCCC1OC(C)CC(C)(C)O1,I,0,,none
C=CCOC(=O)c1ccccc1C(=O)OCC=C,III,0,,none
COCCC(C)CCC=C(C)C,I,0,,none
Fc1ccc(F)cc1,III,0,,III
CC(=O)OCC(C)C1CC=C(C)CC1,I,0,,none
CC(=O)OCc1ccccc1,I,0,,none
FC(F)(F)c1ccc(Cl)cc1,III,0,,I
C=CCCC=O,I,1,SA11_Ames,none
CC(=O)O[C@H](C)c1ccccc1,I,0,,none
CC(=O)O[C@@H](C)c1ccccc1,I,0,,none
CC(=O)OC(C)c1ccccc1,I,0,,none
CC(=O)c1nccnc1C,II,0,,none
C/C=C\CC1=C(C)CCC1,I,0,,none
CCCCCOC(=O)CC(C)C,I,0,,none
CCCC[C@@H](C(=O)N[C@@H](CC(=O)O)C(=O)N[C@@H](Cc1ccccc1)C(N)=O)N(C)C(=O)[C@H](Cc1c[nH]c2ccccc12)NC(=O)CC(=O)O,III,0,,II
CCN,I,0,,III
CCCC(C)S,III,0,,none
CC(C)c1ccc2c(c1)CCC1C(C)(C)CCCC21C,II,0,,none
C/C=C\c1ccc(OC=O)c(OC)c1,I,0,,none
C/C=C/c1ccc(OC=O)c(OC)c1,I,0,,none
C/C=C/C=C/C(=O)OCCCCCC,I,0,,none
C=CC(C)CCC=C(C)CCC=O,I,1,SA11_Ames,none
C=CC(C)CC/C=C(\C)CCC=O,I,1,SA11_Ames,none
CCCCCCCCC(=O)OCC=Cc1ccccc1,I,0,,none
Cc1cc(SC(=O)c2ccoc2)c(C)o1,III,0,,none
CCCCCCCCCCOS(C)=O,III,0,,none
CSC(C)CC(=O)O,I,0,,none
CC(=O)C1CC/C(C)=C\CC/C(C)=C\C/C=C\1C,I,0,,none
CC(=O)C1CCC(C)=CCCC(C)=CCC=C1C,I,0,,none
Cc1cccc(O)c1C,I,0,,none
CC=CN=C=O,III,1,SA15_Ames,none
CC(C)CCOC(=O)Cc1ccccc1,I,0,,none
CCC(N)C(=O)O,I,0,,III
CCCCCC(O)C(C)=O,I,0,,none
CCCCOC(Cc1ccccc1)OCCCC,I,0,,none
CC(CO)CO,III,0,,none
CCCCCCCC1CCC(=O)CC1,III,0,,none
C[N+](C)(C)CCO.O=C([O-])C(O)C(O)C(=O)O,III,0,,none
CC1=C(CO)C(C)(C)CCC1,I,0,,none
C/C=C/C(=O)/C(C)=C(\C)C(C)C,II,1,SA10_Ames,none
C/C=C/C(=O)/C(C)=C(/C)C(C)C,II,1,SA10_Ames,none
CCC(C)C,I,0,,none
c1ccc(CCc2ccccc2)cc1,III,0,,none
Cc1ccccc1O,I,0,,none
O=COCC(OC=O)c1ccccc1,I,0,,none
COc1c2occc2cc2ccc(=O)oc12,III,1,SA19_Ames;SA30_Ames,none
S=[Hg],III,0,,none
CC(C)c1cc2c(cc1O)C1(C)CCCC(C)(C)C1CC2,II,0,,none
CSCCC(N)C(=O)NCC(=O)O,I,0,,III
CSCC[C@H](N)C(=O)NCC(=O)O,I,0,,III
CC1(C)C2CCC1C(C1CCCCC1O)C2,I,0,,none
BrC(Br)C(Br)Br,III,1,SA8_Ames,III
CCCC(=O)OCC(C)O,I,0,,none
CCCCCCCC/C=C\CCCCCCCC(=O)OC,I,0,,none
CCCOC(=O)c1ccccc1N,III,1,SA28_Ames,III
CCCCCCCCCCCCCCCCC(=O)O.OCCO,I,0,,none
CCC(=O)OC1CCC(C(C)(C)C)CC1,I,0,,none
C=COC=C,III,1,SA24_Ames,none
O=C1CCC2(CCCCC2)O1,I,0,,none
CC=CCOC(=O)c1ccccc1,I,0,,none
CCCCCCCC/C=C\CCCCCCCCCCO,I,0,,none
COc1nc(C)cnc1C,II,0,,none
FC(F)(F)C(F)(F)C(F)(F)F,III,0,,I
C=C1CC[C@H](O)C/C1=C/C=C1\CCC[C@]2(C)[C@@H]([C@H](C)CCCC(C)C)CC[C@@H]12,III,0,,none
CCC(O)OC(O)CC,I,0,,none
CCCC=S,III,0,,none
CCCCOC(=O)CC(CC(=O)OCCCC)(OC(C)=O)C(=O)OCCCC,III,0,,none
CC1=CCC(/C=C/C(C)(C)C(C)O)C1(C)C,I,0,,none
CC(C)(C)CC(C)(C)S,III,0,,none
CCOC(C)OCc1ccccc1,I,0,,none
ClI,III,0,,III
CCCCC(CC)COC(=O)COc1ccc(Cl)cc1Cl,III,0,,III
SCCN1CCSC1,III,0,,II
CCCCCCc1cccs1,III,0,,none
CCOc1ccccc1OCC,I,0,,none
Cc1cccc([N+](=O)[O-])c1,III,1,SA27_Ames,II
CC(=O)OCCCCCCSC(C)=O,I,0,,none
CC(S)c1ccccc1,III,0,,none
CC12CCCC(C)(CC1)C2=NO,III,0,,none
CCCCCCCCc1ccco1,III,0,,none
C/C=C/c1ccc(OCC)c(O)c1,I,0,,none
CC=Cc1ccc(OCC)c(O)c1,I,0,,none
CCc1cncc(C)n1,III,0,,none
O=C1OC2(c3ccccc31)c1cc(I)c([O-])c(I)c1Oc1c2cc(I)c([O-])c1I.[Na+].[Na+],III,1,SA18_Ames,none
CC1CC(C(C)(C)C)CCC1O,I,0,,none
O=S=O,III,0,,none
Oc1cc(Cl)ccc1Cl,III,0,,III
CCCCCOC(=O)c1ccccc1O,I,0,,none
C1CCSC1,II,0,,none
C/C=C(/C=O)CCCC,II,1,SA10_Ames,none
C/C=C(\C=O)CCCC,II,1,SA10_Ames,none
C/C=C/C=C/C=C/C=C/CCCCCCO,I,0,,none
c1c[nH]cn1,III,0,,none
CCC1CO1,III,1,SA7_Ames,none
CC1CC(C)(C)OC(CCc2ccccc2)O1,I,0,,none
COC(=O)c1ccccc1N=CC(C)Cc1ccc(C(C)(C)C)cc1,III,0,,none
CCC[C@H]1O[C@@H]1/C=C/C=O,III,1,SA10_Ames;SA7_Ames,none
CCCC1OC1C=CC=O,III,1,SA10_Ames;SA7_Ames,none
C/C=C(\C)C(=O)OCCCC,I,0,,none
C/C=C(/C)C(=O)OCCCC,I,0,,none
CC(=O)CCCC(C)CCCC(C)C,I,0,,none
CC1(C2CCC3(C)OC3C2)CO1,III,1,SA7_Ames,none
O=Cc1ccsc1,III,1,SA11_Ames,none
COC(Cc1ccccc1)OCCC(C)CCC=C(C)C,I,0,,none
CCC(C)(CCCC(C)C)OC(C)=O,I,0,,none
[Ca+2].[O-][I+2]([O-])[O-].[O-][I+2]([O-])[O-],III,0,,none
NC(=O)C[C@H](N)C(=O)O.O,III,0,,III
c1ncc2sccc2n1,III,0,,none
CCCC(=O)OC(C)C(=O)OCC,I,0,,none
CC1(O)CCC(C(C)(C)O)CC1,I,0,,none
CC1CCC2OC2(C)CCC2C1CC2(C)C,III,1,SA7_Ames,none
CCS(=O)(=O)c1nc2ccccn2c1S(=O)(=O)NC(=O)Nc1nc(OC)cc(OC)n1,III,0,,none
CC1CSCS1,II,0,,none
CC1CC2C(CC1/C=C/C#N)C2(C)C,III,0,,none
C=C1C2CCC(C2)C1(C)CC/C=C(\C)COC(C)=O,I,0,,none
CCCCCC=CC=CC(C)=O,II,1,SA10_Ames,none
CCCCC/C=C/C=C/C(C)=O,II,1,SA10_Ames,none
CCCCCCCC[Si](Cl)(Cl)Cl,III,0,,III
CCOC(=S)C(C)CC,III,0,,none
CC1=CCC(C(C)C)=CC2C(C)CCC12,I,0,,none
COc1cc(C=O)ccc1OC1OC(COC(C)=O)C(OC(C)=O)C(OC(C)=O)C1OC(C)=O,II,1,SA11_Ames,none
C=CCOC(=O)CCCCC,III,0,,none
CCCC(CC)CCC(=O)O,I,0,,none
CCCCCCCC(=O)OCCC(C)CCC=C(C)C,I,0,,none
CCCC(C)=CCC/C(C)=C/CO,I,0,,none
COC(OC)C(C)(C)CC=C(C)C,I,0,,none
CCBr,III,1,SA8_Ames,III
COc1cc(C=O)c(C(C)(C)C)cc1C(C)(C)C,I,1,SA11_Ames,none
C=C(/C=C/O)CC/C=C(/C)CCC=C(C)C,III,0,,none
CCC(C)c1cc([N+](=O)[O-])cc([N+](=O)[O-])c1OC(C)=O,III,1,SA27_Ames,II
CC(C)COC(=O)CCCCC(=O)OCC(C)C,I,0,,none
COc1ccccc1,I,0,,none
CC(C)(C)C1=CC(=O)C=C(C(C)(C)C)C1=O,II,1,SA12_Ames,none
CC(C)CCOC(=O)CCCc1ccco1,II,0,,none
O=[Si]([O-])[O-].O=[Si]([O-])[O-].[Fe+3].[Mg+2],III,0,,none
CC1(C)C2CCC1(C)[C@H](OC=O)C2,I,0,,none
CC1(C)[C@@H]2CC[C@@]1(C)[C@H](OC=O)C2,I,0,,none
CC1(C)C2CCC1(C)C(OC=O)C2,I,0,,none
CC1(C)C2CCC1(C)[C@@H](OC=O)C2,I,0,,none
CC1(C)[C@@H]2CC[C@@]1(C)[C@@H](OC=O)C2,I,0,,none
Cc1ccc(C(C)C)cc1O,I,0,,none
CC[N+](CC)(CC)CCOc1cccc(OCC[N+](CC)(CC)CC)c1OCC[N+](CC)(CC)CC.[I-].[I-].[I-],III,0,,none
CCCCCCCC(=O)Cl,III,1,SA1_Ames,III
CC1(C(=O)O)CCCCC1,I,0,,none
F[Al-3](F)(F)(F)(F)F.[Na+].[Na+].[Na+],III,0,,III
CC(=O)OCC(C)Cc1ccccc1,I,0,,none
C=C1C2CC3CC1C(O)C(C2)C3C,III,0,,none
CCCCCCCCCCCCCCCO,I,0,,none
CCCCOC(=O)CC(C)=O,I,0,,none
Clc1cccc(Cl)c1Cl,III,0,,III
N#CCCl,III,1,SA8_Ames,III
CC1C(O)CC2CC1C2(C)C,I,0,,none
CN(C)C(=S)SC(=S)N(C)C,III,0,,II
CC(C)c1ccc(CC(=O)O)cc1,I,0,,none
CSc1ccc(C)o1,II,0,,none
CCCCCC(O)CCCC(=O)OCC1COC(C)(C)O1,III,0,,none
c1ccc(CN(CC2=NCCN2)c2ccccc2)cc1,III,0,,III
CCCCCCCCCCCCCCCCCCN,I,0,,III
CCC(C)C1=NC(C)C(CC)S1,II,0,,none
FC(F)(F)C(F)(F)Cl,III,0,,I
Sc1ccc2ccccc2c1,III,0,,none
CCCCCCCOC(=O)C(C)C,I,0,,none
CC(=O)OC1CCC2C(C)(C)CCCC2(C)C1,I,0,,none
Clc1ccccc1Cl,III,0,,III
CC(C)C12CCC(C)(CC1)O2,II,0,,none
COc1cc(C2OCC(C)O2)ccc1O,I,0,,none
COC(F)(F)C(Cl)Cl,III,1,SA8_Ames,I
CC(S)C(C)CO,I,0,,none
CCCC(C(=O)OC)c1ccccc1,I,0,,none
CC(OCc1ccccc1)OCc1ccccc1,I,0,,none
OCC1OC(O)(CO)C(O)C1O,I,0,,none
CC(C)c1ccc2c(c1)OCC(=O)CO2,II,0,,none
CCCCCCCCCCCCCCCCCC(=O)OCCO,I,0,,none
O=[N+]([O-])[O-].O=[N+]([O-])[O-].[Be+2],III,0,,II
Cc1cc(C)cc(C[C@@H](C(=O)Nc2cccc(C(F)(F)F)c2)[C@H](C)C(=O)O)c1,III,0,,I
CC(C)OC(=O)/C=C/c1ccccc1,I,0,,none
CC(C)OC(=O)C=Cc1ccccc1,I,0,,none
CC/C=C\CCOC(=O)CCCCC,I,0,,none
CC/C=C/CCOC(=O)CCCCC,I,0,,none
CCC=CCCOC(=O)CCCCC,I,0,,none
CCN(CC)C(=O)C(Cl)=C(C)OP(=O)(OC)OC,III,1,SA10_Ames;SA2_Ames,III
CC(=CC1=C(C)CCCC1(C)C)C(C)O,I,0,,none
OCCN1CCN(CCCN2c3ccccc3Sc3ccc(Cl)cc32)CC1,III,0,,III
Cc1ccncc1C(=O)N(C)C,III,0,,II
CCCC(=O)OCC(C)C,I,0,,none
O=Cc1ccc(O)cc1,I,1,SA11_Ames,none
C=CCc1ccc(O)cc1,I,1,SA38_Ames,none
CCOC(=O)CC(O)c1ccco1,II,0,,none
C=CC(=C)CCCC(C)(C)OC(=O)CC,I,0,,none
CC/C(=C(/CC)c1ccc(O)cc1)c1ccc(O)cc1,II,0,,none
CCCCCCCCC([O-])=NCc1ccc(O)c(OC)c1,II,0,,none
CCCCCCCCC(=O)NCc1ccc(O)c(OC)c1,II,0,,none
CCCC(O)C(C)C,I,0,,none
C1CCCC1,I,0,,none
C[C@@H](C=O)[C@H]1CC[C@H](C)[C@H]1C(=O)O,I,1,SA11_Ames,none
CC(=O)OC1CC2CC1C1CC=CC21,I,0,,none
CCCCCCCCCC(=O)OCC,I,0,,none
CC(C)=CCC[C@](C)(O)[C@@H]1CC=C(C)CC1,III,0,,none
CC(C)=CCC[C@](C)(O)[C@H]1CC=C(C)CC1,III,0,,none
CC(C)=CCC[C@@](C)(O)[C@H]1CC=C(C)CC1,III,0,,none
CC(C)=CCCC(C)(O)C1CC=C(C)CC1,III,0,,none
CCCCCCCCCC(=O)Oc1ccccc1C,I,0,,none
O=C(O)C=CC=Cc1ccc2c(c1)OCO2,III,0,,none
C/C1=C\CC[C@@](C)(O)/C=C/[C@H](C(C)C)CC1,I,0,,none
O=C([O-])[C@H](O)[C@@H](O)[C@H](O[C@@H]1O[C@H](CO)[C@H](O)[C@H](O)[C@H]1O)[C@H](O)CO.O=C([O-])[C@H](O)[C@@H](O)[C@H](O[C@@H]1O[C@H](CO)[C@H](O)[C@H](O)[C@H]1O)[C@H](O)CO.[Ca+2],III,0,,none
CCOCC.COc1ccccc1O,III,0,,none
NC(=O)NCCCC(N)C(=O)O,I,0,,III
CC(C)c1ccc(CC=O)c(C(C)C)c1,I,1,SA11_Ames,none
CCCCCC(=O)CC,I,0,,none
CCCCCOC(=O)C(C)CC,I,0,,none
CC(C)CCC1C(=O)CCC1C,I,0,,none
C/C=C/CCCCCCCC(=O)OC,I,0,,none
CC=CCCCCCCCC(=O)OC,I,0,,none
CN(C)N,III,1,SA13_Ames,III
Cc1nc2cccc(OCC(C)(C)C(=O)NC(C)C)c2c(N)c1C(=O)O,III,0,,III
CC(C)=CCOC(=S)C(C)C,III,0,,none
Clc1cccc(-c2cc(Cl)cc(Cl)c2)c1,III,0,,III
CCOC(=O)Cl,III,1,SA1_Ames,III
CC(=O)C1CCCCC1,I,0,,none
Nc1c(N=Nc2ccc(-c3ccc(N=Nc4cc(S(=O)(=O)O)c5ccccc5c4N)cc3)cc2)cc(S(=O)(=O)O)c2ccccc12.[Na+],III,1,SA29_Ames;aN=Na,III
C=C(CCOC(C)=O)c1ccccc1,I,0,,none
CCC(C)C(O)C(=O)O,I,0,,none
O=C1CCC(=O)O1,I,0,,III
Cc1ccccc1I,III,0,,none
c1ccc(P(c2ccccc2)c2ccccc2)cc1,III,0,,none
CCCCNC(=O)n1c(NC(=O)OC)nc2ccccc21,III,0,,none
COC(=O)C1C2CCC(C2)C1(C)C,I,0,,none
CC(C)/C=C\C=O,II,1,SA10_Ames,none
CC(C)/C=C/C=O,II,1,SA10_Ames,none
CC(C)C=CC=O,II,1,SA10_Ames,none
CC(C)(O)Cc1ccccc1,I,0,,none
COc1cc(C)cc(OC)c1,I,0,,none
CCOP(=S)(OCC)SCSP(=S)(OCC)OCC,III,0,,none
CC(C)COC(=O)Cc1ccccc1,I,0,,none
FC(F)(F)Br,III,0,,I
C/C=C/S/C=C/C,I,0,,none
Cc1ccc(C(C)C)cc1OC(=O)c1ccccc1,I,0,,none
CCc1cnc(CC)c(C)n1,III,0,,none
CC(=O)[C@H]1CC[C@H]2[C@@H]3CCC4=CC(=O)CC[C@]4(C)[C@H]3CC[C@]12C,III,1,SA10_Ames,none
CC(=O)C1CCC2C3CCC4=CC(=O)CCC4(C)C3CCC12C,III,1,SA10_Ames,none
O=[N+]([O-])c1cccc2ccccc12,III,1,SA27_Ames,II
C=CCCCC(=O)OCC,I,0,,none
CCCCCCCCC(OCC)OCC,I,0,,none
CCOC(=O)C1OC1(C)c1ccc(C)cc1,III,1,SA7_Ames,none
CCC(=O)OC,I,0,,none
CC(=CC=O)C(C)(C)C,II,1,SA10_Ames,none
CC(C)CCCC(=O)OCC(C)C,I,0,,none
CC(C)CC(=O)O.N,III,0,,II
CCCCC/C=C/C=C/C(=O)OCCC,I,0,,none
CCCCC/C=C\C=C\C(=O)OCCC,I,0,,none
CCCCCC=CC=CC(=O)OCCC,I,0,,none
C/C=C/c1cc(OC)c(OC)cc1OC,I,0,,none
C/C=C\c1cc(OC)c(OC)cc1OC,I,0,,none
CCC(COC(=O)CCCCCCCCCCCCCCC(C)C)(COC(=O)CCCCCCCCCCCCCCC(C)C)COC(=O)CCCCCCCCCCCCCCC(C)C,I,0,,none
C/C1=C\CCC2(C)O[C@@H]2CC(C)(C)/C=C/C1,III,1,SA7_Ames,none
C/C1=C\CCC2(C)OC2CC(C)(C)/C=C/C1,III,1,SA7_Ames,none
C/C1=C/CCC2(C)OC2CC(C)(C)/C=C\C1,III,1,SA7_Ames,none
CCCCC=C(C=O)CC,II,1,SA10_Ames,none
CCCC/C=C(/C=O)CC,II,1,SA10_Ames,none
CCCCC/C=C\CCCCC=O,I,1,SA11_Ames,none
CCCCC/C=C/CCCCC=O,I,1,SA11_Ames,none
CC=CSCCC,I,0,,none
CCCNC(=O)NS(=O)(=O)c1ccc(Cl)cc1,III,0,,III
CC(C)=CCCC1=CCCC(C=O)C1,I,1,SA11_Ames,none
CCN(CC)CCCl.O=S(=O)(O)O,III,1,SA8_Ames,III
CC1=CC(=O)CCCCCCCCCCCC1,II,1,SA10_Ames,none
COP(=S)(OC)Oc1ccc([N+](=O)[O-])cc1,III,1,SA27_Ames,II
O=CO.O=CO.[Ni],III,0,,none
CC(C)c1ccc(CCC=O)cc1,I,1,SA11_Ames,none
CC(C=O)CCc1ccccc1,I,1,SA11_Ames,none
C/C=C(\C)C(=O)OC1CCCCC1,I,0,,none
CCCCOC(CC(C)C)OCCCC,I,0,,none
N#CCNC(=O)c1cnccc1C(F)(F)F,III,0,,I
Cc1cccc(O)c1,I,0,,none
CCCCCCCCCCCCCCCC(=O)OCCCCCCC,I,0,,none
COc1ccc(/C=C/C(=O)NCCc2ccc3c(c2)OCO3)cc1OC,III,0,,none
CC(C)C1=CC(=O)C(C)CC1,II,1,SA10_Ames,none
Cc1cncs1,II,0,,none
COC(=O)C1CC2C=CC1C2,I,0,,none
O=[As]([O-])([O-])[O-].O=[As]([O-])([O-])[O-].[Ca+2].[Ca+2].[Ca+2],III,0,,none
Cc1ccc([N+](=O)[O-])cc1[N+](=O)[O-],III,1,SA27_Ames,II
CC=Cc1ccc(O)c(OC)c1OC,I,0,,none
O=C(CCCN1CC=C(n2c(=O)[nH]c3ccccc32)CC1)c1ccc(F)cc1,III,0,,III
C=C(C)C1CCC(C)CC1=O,I,0,,none
COCC(=O)O,I,0,,none
C=CCSSSSCC=C,III,0,,none
CCCCCCCCC(=O)C(C)=O,III,0,,none
Cc1c(N(C)C)c(=O)n(-c2ccccc2)n1C,III,1,SA28bis_Ames,II
CC(C)OC=O,I,0,,none
CCC/C=C/CCOC(=O)C(C)C,I,0,,none
CCCCCCC(=O)OC(C)C,I,0,,none
Sc1cccc[13cH]1,III,0,,none
Sc1ccccc1,III,0,,none
CCCCCC[C@H]1O[C@@H]1/C=C/C=O,III,1,SA10_Ames;SA7_Ames,none
CCCCCCC1OC1/C=C/C=O,III,1,SA10_Ames;SA7_Ames,none
CCCCCCC1OC1C=CC=O,III,1,SA10_Ames;SA7_Ames,none
CC1=C(O)C(=O)[C@H](C)[C@@H]1C,II,1,SA10_Ames,none
CC1=C(O)C(=O)[C@H](C)[C@H]1C,II,1,SA10_Ames,none
CC1=C(O)C(=O)C(C)C1C,II,1,SA10_Ames,none
CCCCCC(=O)OCC(C)OC(=O)CCCCC,I,0,,none
C=C1CCC[C@]2(C)CCC(=C(C)C)C[C@@H]12,I,0,,none
C=C1CCCC2(C)CCC(=C(C)C)CC12,I,0,,none
C=CCOC(=O)CCC,III,0,,none
C=CC(=C)c1ccccc1.CC(C)=O,I,1,SA38_Ames,none
C[C@H](CO)c1ccccc1,I,0,,none
C[C@@H](CO)c1ccccc1,I,0,,none
CC(CO)c1ccccc1,I,0,,none
C=CCCC(C)=O,III,0,,none
OC(O)C(Cl)(Cl)Cl,III,0,,III
CCSC(C)CCO,I,0,,none
CCCCC/C(=C/c1ccccc1)COC(=O)CC(C)C,II,0,,none
CCCCCC(=Cc1ccccc1)COC(=O)CC(C)C,II,0,,none
C=C/C(C)=C\C/C=C(\C)COC(C)=O,I,0,,none
CC1(C)CC(N)CC(C)(CN)C1,III,0,,III
CC1=CCC(/C=C/C(C)C(C)O)C1(C)C,I,0,,none
CC1=CCC(/C=C\C(C)C(C)O)C1(C)C,I,0,,none
CC=CC(=O)OCc1ccco1,II,0,,none
CCCCCCCCCCCCCCCCOP(=O)(O)OCCCCCCCCCCCCCCCC,III,0,,none
Cc1ccccc1N,III,1,SA28_Ames,III
CC1(C)OCC(CO)O1,I,0,,none
N#CCc1ccc(Cc2ccccc2)cc1,III,0,,none
CC(C)CC(N)C(=O)O,I,0,,III
CC(C)C[C@H](N)C(=O)O,I,0,,III
CCC/C(C)=C\CCC(C)CCO,I,0,,none
CCCCC(=O)OCCC,I,0,,none
CC1(C)C2CC=C(CCO)C1C2,I,0,,none
O=S(=O)([O-])OOS(=O)(=O)[O-].[NH4+].[NH4+],III,0,,none
CCC(C=O)Cc1ccccc1,I,1,SA11_Ames,none
CCCC(=S)OCC,III,0,,none
CNC,III,0,,III
CC1COC(C)O1,I,0,,none
CC(=O)[C@@H](C)O,I,0,,none
CC(=O)C(C)O,I,0,,none
CC(=O)[C@H](C)O,I,0,,none
Cl.N[C@@H](CCC(=O)O)C(=O)O,III,0,,III
CCOC(=O)SCc1ccco1,III,0,,none
Pc1ccccc1,III,0,,none
CCCC1C2C=CC(C2)C1C=O,I,1,SA11_Ames,none
CCCCCCC#CC(OC)OC,III,0,,none
C/C=C\CCCCCCCC#N,III,0,,none
C/C=C/CCCCCCCC#N,III,0,,none
CCCCC(C(=O)OCC)C(=O)OCC,I,0,,none
NCCNCCN,III,0,,III
CCCCCC(=O)OCCCC,I,0,,none
CCCOCc1ccccc1,III,0,,none
NNc1nncc2ccccc12,III,1,SA13_Ames,III
COC(=O)CCc1ccccc1,I,0,,none
CCCCCCCCCCCCOC(=O)c1cc(O)c(O)c(O)c1,I,0,,none
CC(N)c1ccccc1,III,0,,III
Nc1nc(=O)c2ncn([C@@H]3O[C@H](COP(=O)(O)O)[C@@H](O)[C@H]3O)c2[nH]1,III,1,SA28_Ames,III
CC(C)CC1NC(CC(C)C)SC(CC(C)C)S1,II,0,,III
CCCCC(CC)C(=O)OCC(C)CC,I,0,,none
O=C(Cc1ccccc1)OCc1ccco1,II,0,,none
Cc1ccc(N)cc1Cl,III,1,SA28_Ames,III
C=CCC1CCCCC1.CCC(=O)O,I,0,,none
[As],III,0,,none
CCCCC(CC=O)SC,I,1,SA11_Ames,none
NC(N)=NC(=O)c1nc(Cl)c(N2CCCCCC2)nc1N,III,1,SA28_Ames,III
I[Pb]I,III,0,,none
CC(CO)Cc1ccc(C(C)C)cc1,I,0,,none
CC(=CC=O)CCCC(C)C,II,1,SA10_Ames,none
CCCCCCOC(=O)C(C)(C)C,I,0,,none
CC(C)C(=O)OCc1ccc2c(c1)OCO2,III,0,,none
CSC(=O)c1ccccc1,III,0,,none
CCC(C)C1CCCCC1=O,I,0,,none
C=CCc1ccc(O)c(OC)c1,I,1,SA38_Ames,none
O=C=NCCCCCCN=C=O,III,1,SA15_Ames,none
CC1(C)C2CC3C(C2)C31C,I,0,,none
CCCOC(=O)C=Cc1ccco1,II,0,,none
CCCOC(=O)/C=C\c1ccco1,II,0,,none
CC/C=C\CCCC(=O)O,I,0,,none
CSC(C)CC(=O)OCC(C)C,I,0,,none
C=CC(=C)C,I,0,,none
C=C(C)C(=O)OCC[N+](C)(C)C.[Cl-],III,0,,III
COc1cc2c(cc1OC)[C@@]13CCN4CC5=CCOC6CC(=O)N2C1[C@H]6[C@H]5C[C@H]43,III,0,,II
COc1cc2c(cc1OC)C13CCN4CC5=CCOC6CC(=O)N2C1C6C5CC43,III,0,,II
O=CCc1ccc2c(c1)OCO2,III,1,SA11_Ames,none
C=CC(C)(CCC=C(C)C)OC(=O)Cc1ccccc1,I,0,,none
CCC1CCC(=O)C1=O,III,0,,none
CC1OCCC(C)(C)S1,II,0,,none
CCCC(=O)Oc1ccc(C)cc1,I,0,,none
C/C=C/c1cc(OC)c(OC)c(OC)c1,I,0,,none
CC(=O)C(C)CC1=C(C)CCCC1(C)C,I,0,,none
CCCCCCC/C=C(/C=O)CCCCCC,II,1,SA10_Ames,none
CCCCCCCC=C(C=O)CCCCCC,II,1,SA10_Ames,none
CN(c1ccccc1)c1nc(Cl)nc(Nc2cc(S(=O)(=O)O)cc3cc(S(=O)(=O)O)c(N=Nc4ccccc4S(=O)(=O)O)c(O)c23)n1,III,0,aN=Na,III
CCCCCCOC(=O)CC(C)C,I,0,,none
CCCCCOCc1ccccc1,III,0,,none
O=C1CCCN1CC#CCN1CCCC1,III,0,,II
C1=CNCC1,II,0,,III
CCCCCCCCCCC,I,0,,none
CC(=O)/C=C/CC(C)C,II,1,SA10_Ames,none
CC(=O)C=CCC(C)C,II,1,SA10_Ames,none
CCCCCC(=O)OCCCc1ccccc1,I,0,,none
COCc1ccc(OC)cc1,III,0,,none
COc1ncc(CC(C)C)nc1C,II,0,,none
CC1=NC(C(C)C)SC1,II,0,,none
CCC1=C(O)C(=O)CC1C,II,1,SA10_Ames,none
CC(C)C1=CC2=CC[C@@H]3[C@](C)(CCC[C@@]3(C)C(=O)O)[C@H]2CC1,I,0,,none
CC(C)C1=CC2=CCC3C(C)(C(=O)O)CCCC3(C)C2CC1,I,0,,none
C=CCSC(C(=O)CC(C)C)C(C)C,I,0,,none
CCCOc1cncc(C)n1,III,0,,none
CCOc1cc(C2OC(C)CC(C)(C)O2)ccc1O,I,0,,none
CC/C=C(/C)C(=O)OCC/C=C/CC,I,0,,none
CC/C=C\CCOC(=O)/C(C)=C/CC,I,0,,none
CC/C=C\CCCCC=O,I,1,SA11_Ames,none
CC/C=C/CCCCC=O,I,1,SA11_Ames,none
CCC=CCCCCC=O,I,1,SA11_Ames,none
CC1(C)[C@H]2CC[C@]3(C2)[C@H]1C1(CCC3(C)C)OCCO1,I,0,,none
C=C(C)C1CCC(C=O)CC1.C=C(C)C1CCC(C=O)CC1,I,1,SA11_Ames,none
CCCCC(/C=C/C(=O)O)CC,I,0,,none
CCCCC(/C=C\C(=O)O)CC,I,0,,none
CCCC[C@H](/C=C\C(=O)O)CC,I,0,,none
Cc1ccc2c(c1)C=CCC2(C)C,II,0,,none
CCCCCCCOCC(=O)CO,III,0,,none
CCCCCCC(O)CCOC(C)=O,I,0,,none
CCOCC,I,0,,none
O=[N+]([O-])c1cccc(O)c1,III,1,SA27_Ames,II
CC(OC=O)c1ccccc1,I,0,,none
Cc1c(N=C=O)cccc1N=C=O,III,1,SA15_Ames;SA28_Ames;ar-N=CH2,none
C=CCSSSSSSCC=C,III,0,,none
Nc1cccc2ccccc12,III,1,SA28_Ames,III
Cc1ccccc1CCO,I,0,,none
C=C(C)C1CCC(C)(O)CC1,I,0,,none
C=C(C)C(=O)OCC(C)C,I,0,,none
C=C(C)[C@@H]1CC=C(C=O)CC1,II,1,SA10_Ames,none
C=C(C)C1CC=C(C=O)CC1,II,1,SA10_Ames,none
CC1COC(=O)O1,I,0,,none
CCCCCCCCCC(=O)OCCc1scnc1C,II,0,,none
CCCCCCCCC(OC(C)=O)C(=O)OC,I,0,,none
C/C=C\c1ccc(OC)cc1,I,0,,none
C/C=C/c1ccc(OC)cc1,I,0,,none
CC=Cc1ccc(OC)cc1,I,0,,none
CCOC(=O)C(CC)CS,I,0,,none
Cc1occc1S,III,0,,none
Br[Hg].Br[Hg],III,0,,III
CC(=O)OCCc1ccc(N2C(=O)c3ccccc3C2=O)cc1,II,0,,II
CC(=O)OC(CCC(C)C)c1ccccc1,I,0,,none
NC(N)=NCCC[C@H](N)C(=O)O.N[C@@H](CCC(=O)O)C(=O)O,III,0,,III
CC(=O)OCC1C=CC(C(C)C)CC1,I,0,,none
CCCCCCCCCOC(=O)CCC,I,0,,none
C[C@H]1CC[C@@H](C(C)(C)S)C(=O)C1,III,0,,none
C[C@@H]1CC[C@H](C(C)(C)S)C(=O)C1,III,0,,none
CC1CCC(C(C)(C)S)C(=O)C1,III,0,,none
C[C@H]1CC[C@H](C(C)(C)S)C(=O)C1,III,0,,none
CN(C)C(=O)Oc1ccc[n+](C)c1,III,0,,II
CC(=O)OCC(C)c1ccccc1,I,0,,none
COc1ccc(CCC(C)=O)cc1OC,I,0,,none
CCC1CCC(O)CC1,I,0,,none
C=CCCCC(C)O,I,0,,none
CNC(=O)C(C)(C(C)C)C(C)C,III,0,,none
O=C(c1ccccc1)c1ccccc1,III,0,,none
CC(C)c1ccccc1,I,0,,none
CCCC(O)C(CC)CO,I,0,,none
C[C@H]1OCCCCCCCCCCCOC1=O,III,0,,none
C[C@@H]1OCCCCCCCCCCCOC1=O,III,0,,none
CC(C)C(=O)[O-].CCOc1cc(C=O)ccc1O,I,1,SA11_Ames,none
ClC(Cl)=C(Cl)C(Cl)=C(Cl)Cl,III,0,,III
CCCC(=O)OCC(C)OC(=O)CCC,I,0,,none
CCCCOCC(C)O,III,0,,none
CCCCCCCCC=CC(C)=O,II,1,SA10_Ames,none
C1CCNC1,II,0,,III
FCF,III,0,,III
C=C(C)C1CCC(C)=C1CC(C)(C)COC(=O)CC,I,0,,none
S,III,0,,none
CCOC(=O)C1OC1(C)c1ccc(OC)cc1,III,1,SA7_Ames,none
Nc1ccccc1C(=O)O,III,0,,III
CC1(C)[C@H]2CC=C(CO)[C@@H]1C2,I,0,,none
CC1(C)C2CC=C(CO)C1C2,I,0,,none
CC1(C)S[C@@H]2[C@H](NC(=O)[C@H](N)c3ccccc3)C(=O)N2[C@H]1C(=O)O.O.O.O,III,0,,III
CCC/C=C/CCC(C)=O,III,0,,none
CCCC=CCCC(C)=O,III,0,,none
CC(C)COC(=O)C(C)C,I,0,,none
C=CCCCCC(C)=O,I,0,,none
CCOc1ccc(N(C)C(N)=O)cc1,III,0,,II
O=C(CO)CO,III,0,,none
CCCc1scnc1CC,II,0,,none
CC[C@]12CCCN3CCc4c(n(c5ccccc45)[C@](O)(C(=O)OC)C1)[C@@H]32,III,0,,II
CCCCC(=O)[O-].[NH4+],III,0,,none
CCCCC(C)OC(C)=O,I,0,,none
c1ccc2c(c1)cc1ccc3c4ccccc4cc4ccc2c1c43,III,1,SA18_Ames,none
OCCc1cccc2ccccc12,III,0,,none
CC(C)CCOCc1ccccc1,III,0,,none
COc1cc(CCCS(=O)(=O)[O-])ccc1OC(Cc1cccc(OC)c1O)CS(=O)(=O)[O-].[Ca+2],I,0,,none
O=P([O-])([O-])[O-].[Na+].[Na+].[Na+],III,0,,none
ClSC(Cl)(Cl)Cl,III,0,,III
[Cu],III,0,,none
C1COCCO1,II,0,,none
CC(=O)CC(=O)OCC=C(C)CCC=C(C)C,I,0,,none
CC(=O)CC(=O)OC/C=C(\C)CCC=C(C)C,I,0,,none
O=C(NC(=O)c1c(F)cccc1F)Nc1ccc(Oc2ccc(C(F)(F)F)cc2Cl)cc1F,III,0,,I
CCC(C)(C)C(=O)OC1CC(C)C=C2C=CC(C)C(CCC3CC(O)CC(=O)O3)C21,III,0,,none
C=C(C)c1cc(C(C)=O)ccn1,II,0,,none
CCCCCCCCCCCC1CCC(=O)O1,I,0,,none
C/C(=C/CCC(C)CCO)CCc1ccccc1,II,0,,none
CC1CCC2C(C1)C(C(C)C)CCC2(C)O,I,0,,none
Cn1c(=O)c2c(ncn2C)n(C)c1=O,III,0,,II
CSCCCC=O,I,1,SA11_Ames,none
CC(O)C(=O)NCCO,I,0,,none
CCCCCCC/C=C/C=C/CO,I,0,,none
CN(C)C(=O)Nc1cccc(C(F)(F)F)c1,III,0,,I
CCCCCCCCCCCCCCCCCC,I,0,,none
CC(C)COC(=O)c1ccccc1C(=O)[O-],I,0,,none
CCCCC(O)CC,I,0,,none
CCCC[C@@H](O)CC,I,0,,none
CC(C)(C)C(=O)C1C(=O)c2ccccc2C1=O,II,0,,none
CCCCCCCC/C=C\CCCCCCCC(=O)OCC(O)CO,I,0,,none
C[C@@H]1CCCC(=O)O1,I,0,,none
CC1CCCC(=O)O1,I,0,,none
CC(=O)Nc1ccc(O)cc1,III,1,SA28ter_Ames,none
C/C=C(/C)C(=O)OCCC,I,0,,none
C/C=C(\C)C(=O)OCCC,I,0,,none
CCC(=O)Cl,III,1,SA1_Ames,III
CCC(O)/C(C)=C/C1(C)CC2C=CC1C2,I,0,,none
C=CCOC(=O)C=CCCCCCC,III,0,,none
Cc1ccc(N)cc1,III,1,SA28_Ames,III
CCCCCCCCC1CCCC(=O)O1,I,0,,none
CCCCC1COC2(CCCC2)O1,I,0,,none
CCC(C)(O)CC/C=C(\C)CC/C=C(\C)CCC=C(C)C,I,0,,none
CCCCC(CC)CNCC(CC)CCCC,III,0,,III
CCCOC(CC(C)C)OCCC,I,0,,none
CCCCC(CC)COC(=O)CCCCC(=O)OCC(CC)CCCC,I,0,,none
CC(C)CCCC(C)CC#N,III,0,,none
CNCCc1ccccc1,III,0,,III
O=Cc1ccc2c(c1)OCO2,III,1,SA11_Ames,none
COC1C(O)COC(OCC2OC(OC3C(O)C(C)OC(CO)C3O)C(O)C(OC)C2O)C1O,III,0,,none
CC/C=C\C=C\C=O,II,1,SA10_Ames,none
CCC=CC=CC=O,II,1,SA10_Ames,none
CC/C=C/C=C/C=O,II,1,SA10_Ames,none
C=CC(C)(O)CCC1OC1(C)C,III,1,SA7_Ames,none
CC(c1ccccc1)C1OCCO1,I,0,,none
CCC/C=C/COC(=O)CC(C)C,I,0,,none
COCCOCCO,I,0,,none
O=C1CC(c2ccc(O)c(O)c2)Oc2cc(O)cc(O)c21,II,0,,none
CSC(C)C(=O)O,I,0,,none
CCOc1ccccc1C(N)=O,III,0,,II
CCC1SSSC(CC)S1,I,0,,none
CC(C)CC1OC(CC(C)C)OC(CC(C)C)O1,III,0,,none
CCCSC(C)=O,III,0,,none
Cl/C=C/c1ccccc1,III,1,SA4_Ames,III
COCCOCCOC,III,0,,none
OC1COC(Cc2ccccc2)OC1,I,0,,none
C=CCc1ccc(OC(C)=O)c(OC)c1,I,1,SA38_Ames,none
CC(C)(C)C1CCC2(CC1)OCCO2,I,0,,none
O=C([O-])CC(O)(CC(=O)[O-])C(=O)[O-].[Co+3],III,0,,none
CC(=O)[O-].[K+],I,0,,none
C/C=C/C=C/C(=O)OCCCC,I,0,,none
CC(Cl)Cl,III,1,SA8_Ames,III
CCCCCOC(=O)C(C)CCC,I,0,,none
CCCOC(=O)CCC(C)C,I,0,,none
CCCCCC(=O)CCCC(=O)O,I,0,,none
CC(C)=C(CO)CCC(C)C,I,0,,none
CC(C)=CCCC(C)(C)C(=O)O,I,0,,none
F[Si](F)(F)[Si](F)(F)F,III,0,,III
C[C@@H](C=O)Cc1ccc(C(C)(C)C)cc1,I,1,SA11_Ames,none
C[C@H](C=O)Cc1ccc(C(C)(C)C)cc1,I,1,SA11_Ames,none
CC(C=O)Cc1ccc(C(C)(C)C)cc1,I,1,SA11_Ames,none
CCCc1nc(C)c(C)o1,II,0,,none
Nc1ccc(Cl)c(Cl)c1,III,1,SA28_Ames,III
CCC/C=C\CCO,I,0,,none
CCC/C=C/CCO,I,0,,none
CCCC=CCCO,I,0,,none
CCOc1c([N+](=O)[O-])cc(C=O)cc1C(C)(C)C,III,1,SA11_Ames;SA27_Ames,II
CCC(C)CC(O)CC,I,0,,none
CN1CCCC1=O,II,0,,II
CCC(C)COC(=O)/C=C/c1ccccc1,I,0,,none
CCCCC(CC)COP(=O)([O-])OCC(CC)CCCC,III,0,,none
CCCCC(CC)COP(=O)(O)OCC(CC)CCCC,III,0,,none
CCOC(OCC)c1ccco1,II,0,,none
O=C(O)Cc1c[nH]c2ccccc12,II,0,,none
CC(C)=CC=O,II,1,SA10_Ames,none
CC1(C)COC(=O)[C@@H]1O,I,0,,none
CC1(C)COC(=O)C1O,I,0,,none
OCC(O)[C@@H](O)[C@H](O)[C@H](O)CO[C@H]1O[C@H](CO)[C@@H](O)[C@H](O)[C@H]1O,I,0,,none
OC[C@@H](O)[C@@H](O)[C@H](O)[C@H](O)CO[C@H]1O[C@H](CO)[C@@H](O)[C@H](O)[C@H]1O,I,0,,none
OCC(O)C(O)C(O)C(O)COC1OC(CO)C(O)C(O)C1O,I,0,,none
O=C(OCc1ccccc1)c1ccccc1,I,0,,none
COC(CC(C)CCC=C(C)C)OC,I,0,,none
C=C(C)C1CCC(C)=CC1=O,II,1,SA10_Ames,none
CCCCCCCCCCCCCCN(C)C,I,0,,II
C=Cc1ccccc1OC,I,0,,none
C=C1CCCC(C)(C)C1/C=C/C(C)=O,II,1,SA10_Ames,none
CCCCCC=CC=CC(=O)OC,I,0,,none
CCCCC/C=C\C=C\C(=O)OC,I,0,,none
CC(C)CCC(CO)C(C)C,I,0,,none
NC[C@H](O)c1ccc(O)c(O)c1,III,0,,III
CCCCCCCCCCCCOCCO,I,0,,none
CCCCCCCCCCCCCCCCCC[N+](C)(C)Cc1ccccc1.[Cl-],III,0,,III
OC1CCCCCCCCCCC1,I,0,,none
O=C(Cc1ccccc1)OC/C=C/c1ccccc1,I,0,,none
O=C(Cc1ccccc1)OCC=Cc1ccccc1,I,0,,none
CCCCCC=CC=CO,III,0,,none
FS(F)(F)(F)(F)F,III,0,,III
CC1=C(C=O)C(C)(C)CC=C1,II,1,SA10_Ames,none
N[C@@H](Cc1ccc(N(CCCl)CCCl)cc1)C(=O)O,III,1,SA5_Ames,III
NC(Cc1ccc(N(CCCl)CCCl)cc1)C(=O)O,III,1,SA5_Ames,III
CCC(CC)C1CC(C)(O)CCO1,II,0,,none
CCCCN(CC)C(=O)SCCC,III,1,SA16_Ames,II
CCCCCCOC(=O)CCC(C)C,I,0,,none
CCCCCN=C=S,III,1,SA15_Ames,none
C[N+](C)(C)CCO.[Cl-],III,0,,III
CCC#CC(C)C.O=C(O)O,III,0,,none
CC=CCOCC/C=C\CC,III,0,,none
CCOC(=O)CC1CCC2CCCCC2C1,I,0,,none
Cc1ccc(CC(C)C=O)cc1,I,1,SA11_Ames,none
CC1CCC2(C)C(C1)C2(C#N)C#N,III,0,,none
CC1CCCC(C)C1,I,0,,none
C=CCCC(=O)OC,I,0,,none
CC[N+](CC)(CC)CCOc1cccc(OCC[N+](CC)(CC)CC)c1OCC[N+](CC)(CC)CC.[I-],III,0,,none
CCCSSSCC,III,0,,none
C/C(C=O)=C\CCC1(C)C2CC3C(C2)C31C,II,1,SA10_Ames,none
CC(C=O)=CCCC1(C)C2CC3C(C2)C31C,II,1,SA10_Ames,none
CCCCCCCCC(=O)OCCC(C)C,I,0,,none
COc1ccc(CC2CC2)cc1,II,0,,none
CC(=O)C=C(C)C,II,1,SA10_Ames,none
CCCC(=O)OC(C)(C)Cc1ccccc1,I,0,,none
CC(C)CC=NCCc1ccccc1,III,0,,none
CC1OC(C)C2Cc3ccccc3C2O1,II,0,,none
O=C([O-])CN(CCN(CC(=O)[O-])CC(=O)[O-])CC(=O)[O-].[Ca+2].[Na+].[Na+],III,0,,II
C[C@H]1O[C@H](O)[C@H](O)[C@@H](O)[C@@H]1O,I,0,,none
C[C@@H]1OC(O)[C@H](O)[C@H](O)[C@H]1O,I,0,,none
CCCCCC(=O)OCC,I,0,,none
C=C(C)c1ccc(C)c(OC)c1,I,0,,none
CCCCCCC(=O)CCOC(C)=O,I,0,,none
C=CCOC(=O)CCCC1CCCCC1,III,0,,none
c1ccc2[nH]ccc2c1,III,0,,none
COC1=C(C)O[C@@H](C)C1=O,II,1,SA10_Ames,none
COC1=C(C)O[C@H](C)C1=O,II,1,SA10_Ames,none
COC1=C(C)OC(C)C1=O,II,1,SA10_Ames,none
Cc1cc(C(C)(C)C)c2oc(=O)cc(C)c2c1,III,1,SA30_Ames,none
Cl[Si](Cl)(Cl)C1CCCCC1,III,0,,III
CCCCC(CC)COC=O,I,0,,none
CC(=O)OC12CCCC(C)(CCC3C1CC3(C)C)C2,I,0,,none
CC(=O)O[C@@]12CCC[C@@](C)(CC[C@@H]3[C@@H]1CC3(C)C)C2,I,0,,none
CC1(C)CCC(CO)C23C4CC(CC412)C3(C)C,II,0,,none
CCCCCCC(C)OC(C)=O,I,0,,none
SCc1ccccn1,III,0,,none
C=CCc1ccc(OC(=O)/C=C/c2ccccc2)c(OC)c1,I,1,SA38_Ames,none
C=CCc1ccc(OC(=O)C=Cc2ccccc2)c(OC)c1,I,1,SA38_Ames,none
CCCCCCCCCC1OCC(C)O1,I,0,,none
CC(CO)Cc1ccc(C(C)(C)C)cc1,I,0,,none
C=CCCCCCCCCC(=O)OC(C)C,I,0,,none
C=C(C)C(=O)OC(C)(C)C,I,0,,none
C=CCC#N,III,0,,none
COC(=O)COC/C=C(\C)CCC=C(C)C,III,0,,none
O=C(c1ccccc1)c1ccc2ccccc2c1,III,0,,none
CC1CCC(C(C)C)C(OC(=O)c2ccccc2O)C1,I,0,,none
CCCC(=O)CC(=O)OC,I,0,,none
CN1CCOCC1,II,0,,II
C=CCOC(=O)c1ccco1,III,0,,none
CCCC=CC(=O)OCC,I,0,,none
CCC/C=C/C(=O)OCC,I,0,,none
CCCCCC[C@@H](C)O,I,0,,none
CCCCCC[C@H](C)O,I,0,,none
CCCCCCC(C)O,I,0,,none
C=CCOC(=O)CCCCCC,III,0,,none
C1=CC2C=CC1C2,I,0,,none
O=C(O)CCCO,I,0,,none
CCCCCCCC/C=C/CO,I,0,,none
CCCCCCCCC=CCO,I,0,,none
CCC(=O)C(O)CC,I,0,,none
FC(F)(Cl)CCl,III,1,SA8_Ames,I
O=C(Cl)c1ccc([N+](=O)[O-])cc1,III,1,SA1_Ames;SA27_Ames,III
CCCCOC(=O)CS,I,0,,none
O=Cc1ccc(N=C=S)cc1,III,1,SA11_Ames;SA15_Ames,none
C=CCCN=C=S,III,1,SA15_Ames,none
COC(=O)C(C)C[Si](C)(Cl)Cl,III,0,,III
CCCC(=O)OC[C@@H](C)c1ccccc1,I,0,,none
CCCC(=O)OCC(C)c1ccccc1,I,0,,none
COc1ccc(OC(C)C(=O)[O-])cc1.[Na+],III,0,,none
NC(=O)OCC(O)COc1ccc(Cl)cc1,III,1,SA16_Ames,III
CCCCCCCCCC1CCCC(=O)O1,I,0,,none
CCc1ccc(=O)oc1,III,0,,none
CSCc1ccco1,III,0,,none
CCCCCCCCCCCCCC(=O)OCC(C)C,I,0,,none
C=C(C)CCC[C@H](C)CCOC(=O)Cc1ccccc1,I,0,,none
C=C(C)CCCC(C)CCOC(=O)Cc1ccccc1,I,0,,none
NC(=O)c1ccccc1O,III,0,,II
CCC(=O)/C=C/c1ccc(OC)cc1,II,0,,none
CCC(=O)C=Cc1ccc(OC)cc1,II,0,,none
FC(F)(Cl)C(Cl)(Cl)Cl,III,0,,I
CC1CCC(C(C)C)C(OC(=O)C2CCC(=O)N2)C1,II,0,,none
CC(C)COC(=O)C(C)c1ccccc1,I,0,,none
CC(O)CN(CC(C)O)CC(C)O,III,0,,II
CC/C=C(\C)COC(C)=O,I,0,,none
CCC=C(C)COC(C)=O,I,0,,none
CC(C)C(C=O)=Cc1ccc(C(C)C)cc1,II,0,,none
CCOC(=O)c1ccccc1NC(C)=O,III,1,SA28ter_Ames,none
CCCC(CCOC)[SH]=C(O)OCC,III,0,,none
CCC/C=C/COC=O,I,0,,none
NCCCCCC(=O)O,I,0,,III
CCC1CCC(CC)CC1,I,0,,none
C=C(C)COC(=O)C(C)C,I,0,,none
CCC(OC(C)=O)C(=O)OC,I,0,,none
CCCCN(CC)c1c([N+](=O)[O-])cc(C(F)(F)F)cc1[N+](=O)[O-],III,1,SA27_Ames,I
CCC(C)C(=O)C(=O)[O-].[Na+],I,0,,none
C=C1CCCC(C)(C)C1C(=O)OC,I,0,,none
O=C(O)c1ccco1,II,0,,none
CC1=CCC(C(C)(C)OC(=O)C(C)C)CC1,I,0,,none
O=Cc1ccccc1O,I,1,SA11_Ames,none
SCCCCS,III,0,,none
Cc1ccc2ccccc2n1,III,0,,none
c1ccc2ncccc2c1,III,1,SA69_Ames,none
O=C([O-])COc1cc(Cl)c(Cl)cc1Cl,III,0,,III
O=C(O)COc1cc(Cl)c(Cl)cc1Cl,III,0,,III
CCOC(=O)Oc1ccc(C)cc1,I,0,,none
CC1=CCC(C(C)(C)OC(=O)c2ccccc2)CC1,I,0,,none
CCCSSCC,III,0,,none
Ic1ccccc1,III,0,,none
CN1CCCC1c1cccnc1,III,0,,II
O=[N+]([O-])OCC(CO[N+](=O)[O-])O[N+](=O)[O-],III,0,,II
COc1scnc1CC(C)C,II,0,,none
CCCCCc1csc(C)n1,III,0,,none
CCCCCCCCCc1ccccc1O,II,0,,none
CCCCCCCCOCCCCCCC,III,0,,none
CCCCCCCCCCCC,I,0,,none
Cc1nc(CC(C)C)oc1C,II,0,,none
CP(=O)(F)OC1CCCCC1,III,0,,III
CCCC(=O)OC(CC)c1ccccc1,I,0,,none
O=c1c2ccccc2ccc2ccccc12,III,1,SA18_Ames,none
COC(=O)C(C)S,I,0,,none
C=C(C)C(=O)OCCCC,I,0,,none
O=C(CCl)OCc1ccccc1,III,1,SA8_Ames,III
N#C[S-].[NH4+],III,0,,none
CSc1ccccc1O,I,0,,none
CC(C)=CCC/C(C)=C/COC(=O)CC(C)C,I,0,,none
CC(C)=CCCC(C)=CCOC(=O)CC(C)C,I,0,,none
CC(C)=CCC/C(C)=C\COC(=O)CC(C)C,I,0,,none
Cc1cnc(CC(C)C)s1,II,0,,none
CC1CCC(C(C)C)C(OC(=O)c2ccccc2N)C1,III,1,SA28_Ames,III
O=C(O)/C=C\C(=O)CC(=O)O,II,1,SA10_Ames,none
CN(C)CCC(c1ccc(Cl)cc1)c1ccccn1,III,0,,III
[Mg+2].[O-][O-],III,0,,none
CC1=C2C(CC1)[C@H](C)CC[C@@H]1[C@H]2C1(C)C,I,0,,none
CC1=C2C3C(CC[C@@H](C)[C@H]2CC1)C3(C)C,I,0,,none
COC(C)OC,I,0,,none
CCOC(C)OCCC(C)CCC=C(C)C,I,0,,none
CCC(=O)C=CC=C(C)CCC=C(C)C,II,1,SA10_Ames,none
Cc1c([N+](=O)[O-])cc([N+](=O)[O-])cc1[N+](=O)[O-],III,1,SA27_Ames,II
[SeH2],III,0,,none
COc1ccc(Nc2nnc(-c3ccc(N)cc3)s2)cc1,III,1,SA28_Ames,III
CCCCCCl,III,1,SA8_Ames,III
CC(=O)CCC1=C(C)C=CCC1(C)C,I,0,,none
CC(CCO)c1ccccc1,I,0,,none
O=[N+]([O-])[O-].[Ag+],III,0,,II
CC(=O)C=CC1=CC(C)(C)CCCC1C,II,1,SA10_Ames,none
Cc1cc(C)c(C)cc1C,I,0,,none
CC(C)CC(=O)OC1CCCCC1,I,0,,none
CC(=O)OC(C(C)=O)C(O)CO,I,0,,none
O=S(=O)([O-])[O-].[Mn+2],III,0,,none
CC12CCC(C(=O)O1)C2(C)C,I,0,,none
CC1=CCC2(CC1)COC(C)OC2,I,0,,none
CC(=O)c1oc(C)cc1C,II,0,,none
CC1OC(C)OC(C)O1,III,0,,none
O[C@@H]1[C@@H](O)[C@@H](O)OC[C@H]1O,I,0,,none
OC1COC(O)C(O)C1O,I,0,,none
CCCCCCCCCCCCC1CCC(=O)O1,I,0,,none
CC(=O)[n+]1cc(C)nc(C)c1,II,0,,none
C1CCCCCCCCCCCCCC1,II,0,,none
CCC=C(C)C(=O)OC,I,0,,none
CCC#CCCCCC,III,0,,none
CCCCCCCC(=O)OOC(=O)CCCCCCC,III,0,,none
O=S(=O)(O)c1ccccc1,III,0,,none
CSSc1ccoc1C,III,0,,none
SCCCCCCS,III,0,,none
CC1=CC(C)(C)C=C(C)C1=O,II,1,SA10_Ames,none
CCCCCCCCC[Si](Cl)(Cl)Cl,III,0,,III
CC(C)OC(=O)Cc1ccccc1,I,0,,none
CCCCCCCCC/C=C\C=O,II,1,SA10_Ames,none
CCCCCCCCCC=CC=O,II,1,SA10_Ames,none
CCCCCCCCC/C=C/C=O,II,1,SA10_Ames,none
CCC/C=C/CCC(=O)OC,I,0,,none
CCC/C=C\CCC(=O)OC,I,0,,none
Cc1ccc(Oc2ccccc2)cc1,III,0,,none
Cc1ccc(C(=O)C=Cc2ccccc2)cc1,III,1,SA38_Ames,none
c1ccc(CC2OCCO2)cc1,I,0,,none
CCCCOP(=O)(OCCCC)OCCCC,III,1,SA2_Ames,none
CCCC1COC(Cn2cncn2)(c2ccc(Cl)cc2Cl)O1,III,0,,III
C=C(C)C=O,II,1,SA10_Ames,none
CCCCCC(CC)OC(C)=O,I,0,,none
COc1c(C(C)(C)C)cc([N+](=O)[O-])c(C)c1[N+](=O)[O-],III,1,SA27_Ames,II
CCCCCCCCCC(=O)OC(C)CCC,I,0,,none
CCCCCCCCCCCCCCCCCCCCCCCCCCCCCCCCC,I,0,,none
CCCC(=O)OC1=C(C)CCC1=O,II,1,SA10_Ames,none
C=C(C)/C=C/[C@@H]1C[C@@H](C)CO1,II,0,,none
C=C(C)C=CC1CC(C)CO1,II,0,,none
CCCCC(CC)COC(=O)CCS,I,0,,none
C=CCC(CC)C(=O)CC,III,0,,none
C=C(C)C(=O)OCC,I,0,,none
O=C(Oc1cccc(OC(=O)c2ccccc2)c1)c1ccccc1,I,0,,none
C=C(C)C1=CC=C(C)C(O)C1,I,0,,none
N#CCc1ccccc1,III,0,,none
CCCS,III,0,,none
CCCCCCOC(=O)CC(=O)c1ccccc1,I,0,,none
C=C1CC[C@H]2C[C@H]1C2(C)C.CC(C)C1=CCC(C=O)=CC1.CC(C)c1ccc(C=O)cc1.Cc1ccc(C(C)C)cc1,II,1,SA10_Ames;SA11_Ames,none
CC(C)COC(=O)CCc1ccco1,II,0,,none
CC(C)=CCCC(C)=CCCC(C)CO,I,0,,none
CC(C)CCC(=O)OC(C)C,I,0,,none
CC1C(C)(C)C2CCCC3OC(C)(C)CC32C1(C)C,III,0,,none
CC(C)CCOC(Cc1ccccc1)OCCC(C)C,I,0,,none
CCOCCOC(C)=O,I,0,,none
O.O=[Al]O[Al]=O.O=[Si]=O,III,0,,none
CC(O)CC(C)(C)O,I,0,,none
C[C@@H]1CC[C@H]2C(C)(C)[C@H]3C[C@@]12CC[C@@]3(C)O,I,0,,none
CC(C)C1=CCC(C(=O)O)CC1,I,0,,none
C=CC(C)(CCC1OC1(C)C)OC(C)=O,III,1,SA7_Ames,none
CC(C)C1OCC(C)(C)C(C(C)C)O1,I,0,,none
CN(C)C1CCCCC1,III,0,,II
CC(=O)OOC(C)(C)C,III,0,,none
CCCCCCCCCCOCC=O,III,1,SA11_Ames,none
C[C@]1(O)C[C@H]2CC(=O)[C@]34CCCN3CCC[C@]24[C@@H](O)C1,III,0,,II
Sc1cccs1,III,0,,none
CCOc1cc(C=O)ccc1O[C@@H]1O[C@H](CO)[C@@H](O)[C@H](O)[C@H]1O,I,1,SA11_Ames,none
Nc1cc(Cl)ccc1O,III,1,SA28_Ames,III
O=C(/C=C/c1ccc(O)c(O)c1)O[C@@H](C(=O)O)[C@@H](O)C(=O)O,III,0,,none
C=C(C)C1CCCCC1,I,0,,none
[Br-].[NH4+],III,0,,III
CC1=CCOC(c2ccccc2)C1,II,0,,none
[He],III,0,,none
CCCCOC(C)OCCCC,I,0,,none
Cc1ccc2c(c1)OCC(=O)CO2,II,0,,none
CCCCCCCCOC(=O)CCC(C)C,I,0,,none
CC(=O)CC(C)(C)O,I,0,,none
CC(C)=CCCC(C)=CC=CC(=O)CC(C)C,II,1,SA10_Ames,none
CSCc1cccs1,III,0,,none
CCCCCCCc1ccc(S)cc1,II,0,,none
CSCCC(=O)C(=O)O,I,0,,none
CC(CO)CC(C)c1ccccc1,I,0,,none
[CH2]CCCO,I,0,,none
C/C=C\CCCOC(C)=O,I,0,,none
CCCCCCOC(=O)C(CC)CC,I,0,,none
S=P(Cl)(Cl)c1ccccc1,III,0,,III
CCC/C=C/COC(=O)C(C)CC,I,0,,none
CCC(C(c1ccc(Cl)cc1)c1ccc(Cl)cc1)[N+](=O)[O-],III,0,,III
CN1CCNc2ccccc21,II,0,,III
C=CCC1(C)C(=O)CC2(C)CCC1C2,I,0,,none
CCCCCCCCCOC(=O)C(C)C,I,0,,none
CC(=S)Oc1ccccc1C,III,0,,none
O=CCCCC=O,I,1,SA11_Ames,none
O=C1CCCCCCCCCCC1,I,0,,none
C=Cc1ccc2oc(=O)oc2c1,I,0,,none
CC(=O)C(C)C,I,0,,none
Cc1ccc(O)c([N+](=O)[O-])c1,III,1,SA27_Ames,II
C[N+]([O-])(CCCl)CCCl.Cl,III,1,SA5_Ames,III
CC(CCCC(C)(C)O)CC(c1c[nH]c2ccccc12)c1c[nH]c2ccccc12,III,0,,none
CC(=O)CC(C)c1ccccc1,I,0,,none
CCCCCCCCCCOC(=O)C=Cc1ccccc1,I,0,,none
CC1=CCC(C/C=C(\C)C(C)O)C1(C)C,I,0,,none
[Rn],III,0,,none
CCCOC(C(=O)O)c1ccccc1,III,0,,none
CC(C)=CCC/C(C)=C/CC=CC(C)(O)CCC=C(C)C,I,0,,none
COC[C@@H](CC(C)C)NC(=O)c1ccc(C)c(C)c1,III,0,,none
O=S(=O)([O-])[O-].[Hg+2].[Hg+2].[Hg+2].[O-2].[O-2],III,0,,none
CCC(S)C(C)=O,I,0,,none
CC[C@H](S)C(C)=O,I,0,,none
CCCCCCCCCCCC(=O)OCC(C)C,I,0,,none
CC(C)CC(=O)C(S)C(C)C,I,0,,none
CCCCCCCCCCCCC(=O)O,I,0,,none
CCCOC(=O)CCC(=O)OCCC,I,0,,none
OCCCl,III,1,SA8_Ames,III
CC[NH+](CC)CCOC(=O)c1ccc(N)cc1Cl.[Cl-],III,1,SA28_Ames,III
COC(=O)[C@H]1[C@H]2C[C@@H]3c4[nH]c5cc(OC)ccc5c4CCN3C[C@H]2C[C@@H](OC(=O)C=Cc2cc(OC)c(OC)c(OC)c2)[C@@H]1OC,III,0,,II
CCCOC(=O)C(C)S,I,0,,none
CC=C(C)CCO,I,0,,none
CC(C)C(=O)OCc1ccco1,II,0,,none
O=C(c1cccc2ccccc12)c1cn(CCN2CCOCC2)c2ccccc12,III,0,,II
CC1=CCC2C(C)(C)CCCC2(C)C1CC=O,I,1,SA11_Ames,none
OCCCOCCCO,III,0,,none
CN(C)C.Cl,III,0,,III
ClC(Cl)=Nc1ccccc1,III,0,,III
Cl[Si](Cl)(Cl)C1CC=CCC1,III,0,,III
CC1CCC(C(C)C)C(OC(=O)c2ccccc2)C1,I,0,,none
CC1C(C)(C)C2CCCCC2C1(C)C,I,0,,none
Cc1cc(C)cc(O)c1,I,0,,none
N#CSCSc1nc2ccccc2s1,III,0,,none
CC1CC(CC2C3CCC(C3)C2(C)C)CCC1=O,I,0,,none
CCOC(=O)C1C(C)CCCC1(C)C,I,0,,none
CCOC(=O)[C@@H]1[C@@H](C)CCCC1(C)C,I,0,,none
CC[C@@H](C)N=C=S,III,1,SA15_Ames,none
CCC(C)N=C=S,III,1,SA15_Ames,none
CC[C@H](C)N=C=S,III,1,SA15_Ames,none
CC/C=C\CCCC(=O)OC,I,0,,none
O.O=[Si]([O-])O.O=[Si]([O-])O.O=[Si]([O-])[O-].[Mg+2].[Mg+2],III,0,,none
CC(=O)O.CCC=CCCCCO,I,0,,none
CCCCCCCCCCCCCC(=O)OCc1ccccc1,I,0,,none
CP(=S)(Cl)Cl,III,0,,III
CCCCCCCCCCCCCC(=O)O,I,0,,none
CCCCOC(=O)c1ccc(O)c(OC)c1,I,0,,none
Cc1c(C(C)C)cc(C=O)cc1C(C)C,I,1,SA11_Ames,none
CCCCP(CCCC)CCCC,III,0,,none
C=C(C)C1CCC(C)C(OC(C)=O)C1,I,0,,none
C=C(C)[C@H]1CC[C@@H](C)[C@@H](OC(C)=O)C1,I,0,,none
CC12CCC3(CCCC(C)(C)C3C1)OC2=O,I,0,,none
CC(C)CCOC(OCCC(C)C)c1ccccc1,I,0,,none
C#CCO,III,0,,none
CCOc1ccccc1C(C)=O,I,0,,none
C=CC(C=CC)SSC(C=C)C=CC,III,0,,none
CC(C)CC(=O)OCC1=CCC2CC1C2(C)C,I,0,,none
COC=CCc1ccc(C)cc1,III,1,SA24_Ames;SA38_Ames,none
Cc1ccc(=O)oc1,III,0,,none
C=CCSC(=O)CCCCC,III,0,,none
CCCCCCCC,I,0,,none
CCCCCCC(=O)OCC,I,0,,none
CCCCCC(OCC)OCCC(C)C,I,0,,none
CC/C=C\CCOCCC#N,III,0,,none
CCCCCCCCCCCCCCCC(C)=O,I,0,,none
CCC(Cc1ccccc1)OC(C)=O,I,0,,none
Cc1ccc2c(c1)CCC(=O)O2,I,0,,none
COC(=O)Nc1nc2ccccc2[nH]1,III,0,,none
COC(=O)c1cnccn1,II,0,,none
CCOC(=O)COCCCc1ccccc1,III,0,,none
CC(C)CCCCCCCCCCCCCC=O,I,1,SA11_Ames,none
CCOC(=O)c1ccccc1N,III,1,SA28_Ames,III
O=[Al]O[Al]=O,III,0,,none
CCC(=O)C(C)S,I,0,,none
CCCCCOC(=O)CC,I,0,,none
CC(=O)OCC(CO)OC(C)=O.CC(=O)OCC(O)COC(C)=O,I,0,,none
CCCCOC(=O)CC(O)(CC(=O)[O-])C(=O)[O-],III,0,,none
C[C@H]1CC[C@@H](C(C)(C)O)CC2=C1CC[C@@H]2C,I,0,,none
C[C@@H]1CC[C@H](C(C)(C)O)CC2=C1CC[C@H]2C,I,0,,none
CCCCCCCCOC(=O)CC(=O)[O-],III,0,,none
CC(S)C(C)S,III,0,,none
CC(C)OC(C)OC(C)C,I,0,,none
C=CCOC(=O)CCC1CCCCC1,III,0,,none
CCOC(=O)CC(C)CC,I,0,,none
CCOC(=O)C[C@@H](C)CC,I,0,,none
c1ccc2c(c1)oc1ccccc12,III,1,SA19_Ames,none
FC(F)(F)F,III,0,,I
CC(=O)OCC1CCC2C3CCC(C3)C12,I,0,,none
CC(=O)c1ccc(O)cc1,I,0,,none
COC(CCCCCCC(OC)OC)OC,I,0,,none
CCCCCCOC(C)OCCCC,I,0,,none
CCOC(=O)C(O)C(C)CC,I,0,,none
C=CC(C)(CC/C=C(\C)CCC=C(C)C)OC(=O)C(C)C,I,0,,none
C=CC(C)(CC/C=C(/C)CCC=C(C)C)OC(=O)C(C)C,I,0,,none
C=CC(C)(CCC=C(C)CCC=C(C)C)OC(=O)C(C)C,I,0,,none
CN(C)CCc1ccccc1,III,0,,II
Cc1ccc(C#N)c(C)c1C,III,0,,none
CC(=O)C1(C)CC2(O)OC(C)(C(C)=O)OC2(C)O1,III,0,,none
C/C=C/C(=O)CCC,II,1,SA10_Ames,none
CC=CC(=O)CCC,II,1,SA10_Ames,none
O=C(O)C1CCC1,I,0,,none
CC1CCC(C(C)C)C(C(=O)NC2CC2)C1,I,0,,none
CCCCCC(=O)CCC,I,0,,none
C=C/C(C)=C/CC(O)C(=C)C,II,0,,none
C=CC(C)=CCC(O)C(=C)C,II,0,,none
CCC(=O)C(=O)O,I,0,,none
O=C([O-])O.[K+],III,0,,none
Nc1ccc([N+](=O)[O-])cc1,III,1,SA27_Ames;SA28_Ames,III
O=C(O)c1cc(O)c2ccc(O)c(O)c2n1,III,0,,none
O=C1C(O)=C(O)O[C@@H]1[C@H](O)CO,II,1,SA10_Ames,none
O=C1C(O)=C(O)OC1C(O)CO,II,1,SA10_Ames,none
CCC(=O)c1nccs1,II,0,,none
CCCCCCC1OCC(CO)O1,I,0,,none
CCOc1nccnc1CC,II,0,,none
CC(=O)OC(C)/C(C)=C/C1C(C)=CCCC1(C)C,I,0,,none
CCC[C@H](S)CCO,I,0,,none
CCCC(S)CCO,I,0,,none
CCC[C@@H](S)CCO,I,0,,none
O=S(=O)([O-])[O-].[Ba+2],III,0,,none
C=C1C(=O)C[C@H]2C[C@@H]1C2(C)C,II,1,SA10_Ames,none
C=C1C(=O)CC2CC1C2(C)C,II,1,SA10_Ames,none
CCC(CC)CC1CCOC1=O,I,0,,none
CCCOC(=O)C(C)CC,I,0,,none
COC=O,I,0,,none
CC(=O)CCc1ccc2c(c1)OCO2,III,0,,none
CCC(=O)C(C)=O,III,0,,none
C1CCCCCCCCNCCCCCCC1,II,0,,III
CCCC(=O)OCCC(S)CCC,I,0,,none
CCOC(C)OCC(C)OC(C)OCC,I,0,,none
CCCCCCCOC(=O)CCCCCCC,I,0,,none
CCC(CC)CO,I,0,,none
CCOC(CCCCCC(C)C)OCC,I,0,,none
CC(=O)/C=C\c1cc(C)cc(C)c1C,II,0,,none
CCCCC(CC)COC(=O)c1ccccc1,I,0,,none
CC1CCCCC1,I,0,,none
COC(=O)CCC(C)=O,III,0,,none
C=CC(=C)CCC=C(C)C,I,0,,none
CCOC(=O)CC(C)CCC=C(C)C,I,0,,none
C=Cc1ccc(OC)cc1,I,0,,none
CC(=O)OC[C@@H](OC(C)=O)[C@@H](OC(C)=O)[C@H](OC(C)=O)[C@H](C=O)OC(C)=O,I,1,SA11_Ames,none
CC(C)NC(C)C,III,0,,III
CCOCCOCCC(C)C,III,0,,none
O=C(OC/C=C/c1ccccc1)c1ccccc1,I,0,,none
O=C(OCC=Cc1ccccc1)c1ccccc1,I,0,,none
CC(=O)OC1C=C(C)C2CC(=C(C)C)CC2C(C)C1,I,0,,none
CCC(OC(C)=O)c1ccc(OC(C)=O)cc1,I,0,,none
CC=C1CC2CC1C1CCCOC21,III,0,,none
C/C=C1/CC2CC1C1CCCOC21,III,0,,none
C=CCSSSCC=C,III,0,,none
CCCCCCCCCCCCCCCCCCO.CCCCCCCCCCCCCCCCO,III,0,,none
C=CCSCC=C,I,0,,none
CC(=O)OCC1CC(C)=CC(C)C1,I,0,,none
CCCCC(=O)OCCC(C)C,I,0,,none
N#CC1=C(S)N[C@@](O)(c2ccccc2)[C@H]([n+]2ccc3ccccc3c2)[C@H]1c1ccc(Cl)c(Cl)c1,III,0,,III
ClCC(Cl)Cl,III,1,SA8_Ames,III
O=c1cccc[nH]1,II,0,,none
NS(=O)(=O)Cc1noc2ccccc12,III,0,,III
CC(C)CCCOC(=O)CC(C)C,I,0,,none
CC(=O)CCC(C)c1ccccc1,I,0,,none
CC(O)CCC(CCC(C)O)C(C)C,I,0,,none
CC(=O)COC(=O)CCC(=O)OCC(C)=O,I,0,,none
C=CCOC(=O)c1ccccc1N,III,1,SA28_Ames,III
CC(C)(COP(=O)(O)OP(=O)(O)OC[C@H]1O[C@@H](n2cnc3c(N)ncnc32)[C@H](O)[C@@H]1OP(=O)(O)O)[C@@H](O)C(=O)NCCC(=O)NCCCC(=O)NO,III,1,SA28_Ames;SA64_Ames,III
CC(=O)C1NCCS1,II,0,,III
CCC(C)CCCC(C)(C)OC(C)=O,I,0,,none
C/C=C(\C)C(=O)OCCC(C)CCC=C(C)C,I,0,,none
CC=C(C)C(=O)OCCC(C)CCC=C(C)C,I,0,,none
CC(=O)c1ncc(C)nc1C,II,0,,none
CCCCC(CC)CS,III,0,,none
CC(C)C=NCc1ccco1,III,0,,none
NCCC(=O)O,I,0,,III
CC(C)c1ccc(CC(C)(C)O)cc1,I,0,,none
C=CCOc1ccccc1OCC,III,0,,none
O=C(CSCc1nc2ccccc2[nH]1)Nc1ccc2ccccc2c1,III,0,,none
CC/C(C=O)=C\c1ccco1,II,0,,none
CCC(C=O)=Cc1ccco1,II,0,,none
CCCC(=O)C(CC)SC,I,0,,none
CC1=CCC2CC1(O)C2(C)C,I,0,,none
CC(C)CCCC(C)CC=O,I,1,SA11_Ames,none
CNC[C@@H](O)c1ccc(O)c(O)c1,III,0,,III
CNCC(O)c1ccc(O)c(O)c1,III,0,,III
CNC[C@H](O)c1ccc(O)c(O)c1,III,0,,III
CCC(=O)OC(c1ccccc1)C(Cl)(Cl)Cl,III,0,,III
CC1CCCCCCCCCCCC(=O)OC1,I,0,,none
C=C1[C@H]2C[C@@H](C[C@H]1OC(C)=O)C2(C)C,II,0,,none
C=C1C(OC(C)=O)CC2CC1C2(C)C,II,0,,none
CCC1CCCC(C)C1,I,0,,none
CCCOC(=O)c1ccccc1,I,0,,none
COc1ccc2c(C)cc(=O)oc2c1,III,1,SA30_Ames,none
CCCCCC1=CCCCC1=O,II,1,SA10_Ames,none
Cl[As](Cl)c1ccccc1,III,0,,III
O=C1c2ccccc2C(=O)C1C(=O)C(c1ccccc1)c1ccc(Cl)cc1,III,0,,III
O=S(=O)([O-])NC1CCCCC1.[Na+],III,0,,III
CCCC1NCCS1,II,0,,III
O=C1C(=Cc2ccc([N+](=O)[O-])cc2)NC(=S)N1c1cccc(Cl)c1,III,1,SA27_Ames,III
CCC(C=O)CCC1C(C)CCCC1(C)C,I,1,SA11_Ames,none
Cc1cccc(Oc2ccccc2)c1,III,0,,none
CC(C)=CCCC(C)CCOC(=O)c1ccccc1,I,0,,none
COC(=O)CCCCC(=O)OC,I,0,,none
CCCCCCOC(CCCCC)OCCCC,I,0,,none
C=CCOC(=O)CC1CCCCC1,III,0,,none
CCCCCCC(=O)OCc1ccccc1,I,0,,none
C/C=C(\C)C(=O)OC/C=C/CCC,I,0,,none
CN(C)CCO,I,0,,II
CC(C)=CCCC(C)CCCC(C)C=O,I,1,SA11_Ames,none
CCCCCCCCCC/C=C/COC(C)=O,I,0,,none
CCCCCCCCCC/C=C\COC(C)=O,I,0,,none
CC1(C)CCCCC1(C)O,I,0,,none
SCc1ccccc1,III,0,,none
CCOC(=O)CC1C=CCC1,I,0,,none
O=C(O)c1ccccc1O.OCCN(CCO)CCO,III,0,,II
C#Cc1ccccc1,III,0,,none
CP(C)c1ccccc1.CP(C)c1ccccc1.Cl[Pt+].[CH3-],III,0,,III
Cc1cccc(C)c1N,III,0,,III
CCCCCCCCCCCCCCCCCC(=O)OC1CC(C)CCC1C(C)C,I,0,,none
[2HH],I,0,,none
[2H][2H],I,0,,none
CN(C)CCN(Cc1ccccc1)c1ccccn1,III,0,,II
CC/C=C\CCO,I,0,,none
CC/C=C/CCO,I,0,,none
CCC=CCCO,I,0,,none
O=[N+]([O-])[O-].O=[N+]([O-])[O-].[Co+2],III,0,,II
CC(C1CC1)C(O)(Cn1cncn1)c1ccc(Cl)cc1,III,0,,III
COC(OC)C(C)c1ccccc1,I,0,,none
CCCCCCCCCCCC(=O)OCCCCCCC,I,0,,none
O=COCC(COC=O)OC=O,I,0,,none
c1ccc2ccccc2c1,III,0,,none
C=Cc1ccc(C=O)cc1.CC,I,1,SA11_Ames,none
C1CCC([Sn](C2CCCCC2)C2CCCCC2)CC1.O,III,0,,none
CCCC=C(C=O)Cc1ccccc1,II,1,SA10_Ames;SA38_Ames,none
FC(Cl)(Cl)C(F)(Cl)Cl,III,0,,III
CC=CCN=C=S,III,1,SA15_Ames,none
CCOC(CCCCC(C)C)OCC,I,0,,none
[C-]#[O+],III,0,,none
CCCCCCCOC(=O)c1ccccc1O,I,0,,none
C=CC(O)C#CC#CCC=CCCCCCCC,III,0,,none
CC(C)=CCC/C(C)=C/COCC(=O)O,III,0,,none
CC(C)=CCCC(C)CCCC(C)CO,I,0,,none
O=C1C(Cl)=C(Cl)C(=O)C(Cl)=C1Cl,III,1,SA12_Ames,III
CCCCCCC(OCC)OCC,I,0,,none
ClC1=C(Cl)C2(Cl)C3CCC4C(CCC3C1(Cl)C2(Cl)Cl)C1(Cl)C(Cl)=C(Cl)C4(Cl)C1(Cl)Cl,III,0,,III
O=C([O-])CCC(=O)OCc1ccccc1,III,0,,none
O=S(=O)(O)O.[Cu],III,0,,none
Cc1ncc2c(n1)C(C)OC2C,III,0,,none
Cc1occc1SSC1CCCCC1,III,0,,none
CCC(=O)O.CCC1CCCCC1,I,0,,none
CCF,III,0,,III
[O-][O-].[Sr+2],III,0,,none
Nc1ccn([C@@H]2O[C@H](CO)[C@@H](O)[C@@H]2O)c(=O)n1,III,1,SA28_Ames,III
Nc1ccn(C2O[C@H](CO)[C@@H](O)[C@@H]2O)c(=O)n1,III,1,SA28_Ames,III
Nc1ccn(C2OC(CO)C(O)C2O)c(=O)n1,III,1,SA28_Ames,III
CC(C)CCc1ccccn1,III,0,,none
CC(=O)CCC=C(C)C,III,0,,none
Nc1nc2ccccc2s1,III,1,SA28_Ames,III
CCC(O)CC(O)C=O,I,1,SA11_Ames,none
CC/C=C\CC/C=C/COC(C)=O,I,0,,none
CCC=CCCC=CCOC(C)=O,I,0,,none
c1ccccc1,III,0,,none
O=CC1CCC2CCCCC2C1,I,1,SA11_Ames,none
CCCCCCCCCCCCCC=O,I,1,SA11_Ames,none
CC1=CCC(C(C)(C)OC(=O)c2ccccc2N)CC1,III,1,SA28_Ames,III
CC(=O)[O-].CC(=O)[O-].CCC(=O)c1ccc(F)c([C@@H]2C[C@@H]2NC(=O)Nc2ccc(C#N)cn2)c1O.[Zn+2],III,0,,III
Cc1c([N+](=O)[O-])cc2c(c1[N+](=O)[O-])C(C)(C)CC2(C)C,III,1,SA27_Ames,II
CNC(=O)ON=C(C)SC,III,0,,none
ClP(Cl)(Cl)(Cl)Cl,III,0,,III
O=C(O)c1ccc(O)cc1O,I,0,,none
OOC1(OOC2(O)CCCCC2)CCCCC1,III,1,SA61_Ames,none
C=CCC1CCCCC1.CC(=O)O,I,0,,none
C/C=C(/C)C(=O)O,I,0,,none
C/C=C(\C)C(=O)O,I,0,,none
CC=C(C)C(=O)O,I,0,,none
CCCC(=O)OC1CC(C)CC(C)(C)C1,I,0,,none
CCOC(OCC(C)C)C(C)C,I,0,,none
CCC(C)C(C)=O,I,0,,none
CC(CC#N)CCc1ccccc1,III,0,,none
O=C([O-])O.[Na+],III,0,,none
CC(C)C(=O)OCc1ccccc1,I,0,,none
NCCCN1CCOCC1,III,0,,III
CCCCC(OCC(C)C)OCC(C)C,I,0,,none
CCCCCCCCCC=COC=O,III,1,SA24_Ames,none
COc1ccc(C(C)=O)c(O)c1,I,0,,none
C=C(CO)[C@H]1CC=C(C)CC1,I,0,,none
C=C(CO)C1CC=C(C)CC1,I,0,,none
CCC(OC)OC,I,0,,none
COC(=O)c1ccc(C)cc1O,I,0,,none
CO[C@@H]1O[C@H](COCCO)C(OCCO)C(OCCO)C1OCCO,III,0,,none
C/C=C/CC(=O)O,I,0,,none
C=CSC=C,I,0,,none
C=CCCCCO,I,0,,none
Cc1cnc(Nc2cccc(Cl)c2)nc1Nc1cccc(Cl)c1,III,0,,III
CC1CCCC(=O)C1,I,0,,none
COc1ccc(C)cc1C,I,0,,none
CCCCCCCOCCCCCCC,III,0,,none
CC/C=C/CCC1CCCC(=O)O1,I,0,,none
FC(Cl)C(F)(F)C(F)(F)Cl,III,1,SA8_Ames,I
FOF,III,0,,III
CC(C)[C@@H]1CC[C@@H](C)C[C@H]1OC(=O)[C@H](C)O,I,0,,none
CC(O)C(=O)O[C@@H]1C[C@H](C)CC[C@H]1C(C)C,I,0,,none
CC1CCC(C(C)C)C(OC(=O)C(C)O)C1,I,0,,none
CC(C)[C@@H]1CC[C@@H](C)C[C@H]1OC(=O)[C@@H](C)O,I,0,,none
CCCCCCCCCCCC(=O)OC(C)C,I,0,,none
CCCC(SCc1ccccc1)SCc1ccccc1,III,0,,none
CSCCSC,I,0,,none
CCCC/C=C/CCCC(=O)O,I,0,,none
CCCCC=CCCCC(=O)O,I,0,,none
CCCC/C=C\CCCC(=O)O,I,0,,none
CC1=CCCC(C)(C)C1C=CC=O,II,1,SA10_Ames,none
CCCC(O)SCC,III,0,,none
CCCCCCC(=O)CCC=O,III,1,SA11_Ames,none
CC(C)C(C=O)c1ccccc1,I,1,SA11_Ames,none
CSCC(C)=O,I,0,,none
CCOc1ccc(CO)cc1,I,0,,none
[I-].[NH4+],III,0,,none
CCC(=O)c1nc(C)cs1,II,0,,none
O=S(=O)([O-])NC1CCCCC1.O=S(=O)([O-])NC1CCCCC1.[Ca+2],III,0,,III
C=CC(C)(C#N)Cc1ccccc1,III,0,,none
CC(C)=CCC/C(C)=C/CNC(=O)C1CC1,III,0,,none
CN(C)CCN(C)CCN(C)C,I,0,,II
CN1CCN(C(c2ccccc2)c2ccccc2)CC1.Cl,III,0,,III
CCC1=C(C)C(C)(C)C(C)CC1=O,II,1,SA10_Ames,none
Cc1ccc(N=C=O)cc1Cl,III,1,SA15_Ames;SA28_Ames;ar-N=CH2,III
S1[As]2S[As]1S2,III,0,,none
O=[Hg],III,0,,none
C/C=C(/C)C(=O)OCCC(C)CC,I,0,,none
O=C1C[C@@H](C(=O)O)[C@H](C(=O)O)O1,III,0,,none
Cc1cc(CC(C)C)ccc1CCC=O,I,1,SA11_Ames,none
CCCCCCCCCCCCCCCCCC(=O)OCCCC,I,0,,none
C=C(C)[C@@H]1CC=C(C)C(=O)C1,II,1,SA10_Ames,none
C=C(C)C1CC=C(C)C(=O)C1,II,1,SA10_Ames,none
C=C(C)[C@H]1CC=C(C)C(=O)C1,II,1,SA10_Ames,none
O=C1COc2ccccc2O1,III,0,,none
CC(=O)c1cnc(C)nc1C,II,0,,none
CC[C@H]1OC(=O)[C@H](C)[C@@H](O[C@H]2C[C@@](C)(OC)[C@@H](O)[C@H](C)O2)[C@H](C)[C@@H](O[C@@H]2O[C@H](C)C[C@H](N(C)C)[C@H]2O)[C@](C)(O)C[C@@H](C)C(=O)[C@H](C)[C@@H](O)[C@]1(C)O,III,0,,II
CCCCCCC(=O)CCCCCC,I,0,,none
C=CCS,III,0,,none
CCCCCCCCC=CC(OC)OC,II,0,,none
CC(C)[C@H]1CC[C@H](C)[C@@H](O)C1,I,0,,none
CC(C)[C@@H]1CC[C@@H](C)[C@H](O)C1,I,0,,none
CCCCCC(C=O)=Cc1ccc(OC)cc1,II,0,,none
CCCCOC(CC(C)CCCC(C)(C)O)OCCCC,I,0,,none
CC(C)C=C(C=O)c1ccccc1,II,1,SA10_Ames,none
CC(C)/C=C(/C=O)c1ccccc1,II,1,SA10_Ames,none
CC(C)/C=C(\C=O)c1ccccc1,II,1,SA10_Ames,none
O=c1oc2ccccc2c(O)c1C1CCCc2ccccc21,III,1,SA30_Ames,none
C=C(C)C(=O)OCCC(C)C,I,0,,none
CC(C)Cl,III,1,SA8_Ames,III
CCC/C=C/COC(C)OCC,I,0,,none
CC1=CCC(C(C)C=O)CC1,I,1,SA11_Ames,none
C/C=C/c1ccc(O)cc1,I,0,,none
CN(C)N=O,III,1,SA21_Ames,II
CCCCCCCOC(=O)c1ccccc1,I,0,,none
CCCC(C)COC(=O)C(C)CCC,I,0,,none
NC(N)=S,III,0,,III
COC(OC)C(C)Cc1ccccc1,I,0,,none
CC(=O)CCc1ccc(OC(C)=O)cc1,I,0,,none
C#CCCCCCC,III,0,,none
O=C1Cc2ccccc2C1,II,0,,none
CCCCC/C=C\C=C\C(=O)OCCCC,I,0,,none
CCCN(CCC)c1c([N+](=O)[O-])cc(S(C)(=O)=O)cc1[N+](=O)[O-],III,1,SA27_Ames,II
FC(Cl)Cl,III,1,SA8_Ames,III
CCOC(=O)COc1ccc(C)cc1,III,0,,none
Oc1cccc(Cl)c1Cl,III,0,,III
C1CC2CCC1C2,I,0,,none
CCOC(=O)C1OC1c1ccc(C)cc1,III,1,SA7_Ames,none
N[C@@H](CCC(=O)O)C(=O)[O-].N[C@@H](CCC(=O)O)C(=O)[O-].[Ca+2],III,0,,III
CC(COC(=O)c1ccccc1)OC(=O)c1ccccc1,I,0,,none
CCCN(CCC)c1c([N+](=O)[O-])cc(S(N)(=O)=O)cc1[N+](=O)[O-],III,1,SA27_Ames,III
CCC(=O)/C(C)=C/C1C(C)=CCCC1(C)C,II,1,SA10_Ames,none
COC(OC)c1ccc2c(c1)OCO2,III,0,,none
CC(C)CC(C)N,I,0,,III
CCC(CC)C(=O)OC,I,0,,none
C=CCCCCCC(Br)C(Cl)CCC,III,1,SA8_Ames,III
CC(=O)c1cc(C(C)C)cc(C(C)C)c1,I,0,,none
CCC(C=O)CC,I,1,SA11_Ames,none
CCC1CC2CC1CC2OC,III,0,,none
OCC(O)C(O)CO,I,0,,none
OC[C@@H](O)[C@@H](O)CO,I,0,,none
CCCCCC1=CC(=O)CCC1,II,1,SA10_Ames,none
CC1=C(O)C(=O)OC1C,I,0,,none
O=C1CCCCC1C1CCCCC1,I,0,,none
CC(Cl)(Cl)Cl,III,0,,III
CC1CCC(C(C)(C)O)CC1,I,0,,none
COC1CC2CC1C1CC(C=O)CC21,III,1,SA11_Ames,none
Cc1ccc(C)c(C)c1C,I,0,,none
ClC=CCCl,III,1,SA4_Ames;SA8_Ames,III
CC(=O)C(O)O,I,0,,none
CCC(CC(C)C)C(=O)OC(C)C,I,0,,none
CC(C)NP(=O)(F)NC(C)C,III,0,,III
COc1nn(C(=O)[N-]S(=O)(=O)c2ccccc2OC(F)(F)F)c(=O)n1C.[Na+],III,0,,I
CCC=CCCCC(=O)OC(C)C,I,0,,none
O=C1C2CCCC1C2c1ccccc1,II,0,,none
CCCCCCOCCO,I,0,,none
CCCCC1OC(=O)C2=CCCCC21,III,0,,none
O[C@H]1CC[C@@H]2CCCC[C@H]2C1,I,0,,none
OC1CCC2CCCCC2C1,I,0,,none
O=C=Nc1ccc(Cc2ccc(N=C=O)cc2)cc1,III,1,SA15_Ames;SA28_Ames;ar-N=CH2,none
N#Cc1cc(Br)c(O)c(Br)c1,III,0,,III
Cc1ccc(OC(=O)C(C)C)cc1,I,0,,none
CCOC(=O)C(C)C(=O)OCC,I,0,,none
CCC(C)Br,III,1,SA8_Ames,III
CCCCOC(C)OCC(C)CC,I,0,,none
c1csc(COCc2cccs2)c1,III,0,,none
CCCCCCCCCCCCCCCCC(C)CCCCCCCCCCCCCC,I,0,,none
CCCCCCCCCCCC(=O)OC,I,0,,none
[Na+].[Na+].[O-]B1OB2OB([O-])OB(O1)O2,III,0,,none
CC(CC#N)CCCC(C)(C)O,III,0,,none
CCCCCCCCN(C)C,I,0,,II
CCCCCCCCCOC(=O)CCCCC,I,0,,none
CCC/C=C\COC(=O)CCCCC,I,0,,none
CCCC=CCOC(=O)CCCCC,I,0,,none
CCC/C=C/COC(=O)CCCCC,I,0,,none
CCCCCCCC#CC(=O)OC,III,0,,none
O=S(=O)(O)F,III,0,,III
Cc1cccc(C)c1CCO,I,0,,none
CC(C=O)C1CCCCC1,I,1,SA11_Ames,none
CCCCC[C@@H]1C(=O)CC[C@H]1C(=O)OC,I,0,,none
O=[N+]([O-])OCCO[N+](=O)[O-],III,0,,II
CCN(CCCl)CCCl,III,1,SA5_Ames,III
CC(=O)OCC(COC(C)=O)OC(C)=O,I,0,,none
C[C@H]1C[C@H]2[C@@H]3CCC4=CC(=O)C=C[C@]4(C)[C@@]3(F)[C@@H](O)C[C@]2(C)[C@@]1(O)C(=O)CO,III,1,SA10_Ames,III
CC=Cc1ccc(OC(=O)c2ccccc2)c(OC)c1,I,0,,none
CC(=O)OC(C)C(C)CC1C(C)CCCC1(C)C,I,0,,none
O=[Si]([O-])[O-].O=[Si]([O-])[O-].[Al+3].[Na+],III,0,,none
CC=C(C)CCC(=O)OC,I,0,,none
Cc1ccc(C)cc1,I,0,,none
CCCC1CC(=O)C=C(C)C1,II,1,SA10_Ames,none
CCCCCCCOCc1ccccc1,II,0,,none
C=C(C)C1CCC(C)(OC(C)=O)CC1,I,0,,none
C1=C\CCCCCC/1,I,0,,none
CN1CC[C@]23c4c5ccc(O)c4O[C@H]2[C@@H](O)C=C[C@H]3[C@H]1C5.CN1CC[C@]23c4c5ccc(O)c4O[C@H]2[C@@H](O)C=C[C@H]3[C@H]1C5.O=S(=O)(O)O,III,0,,II
CC1=CC[C@H]2C(C)=CC[C@@H](C(C)C)[C@@H]2C1,I,0,,none
CC1=CCC2C(C)=CCC(C(C)C)C2C1,I,0,,none
O=S(=O)([O-])OOS(=O)(=O)[O-].[K+].[K+],III,0,,none
c1ccc(Oc2ccccc2)cc1,III,0,,none
C=CCC1CCOC1=O,I,0,,none
CC(C)[C@]12CC(=O)[C@H](C)[C@H]1C2,I,0,,none
CC1C(=O)CC2(C(C)C)CC12,I,0,,none
CC(C)[C@]12CC(=O)[C@@H](C)[C@H]1C2,I,0,,none
CN(c1c(Br)cc(Br)cc1Br)c1c([N+](=O)[O-])cc([N+](=O)[O-])cc1C(F)(F)F,III,1,SA27_Ames,I
O=CC1CCC2C3CCC(C3)C12,I,1,SA11_Ames,none
CCCCCC(CC)OC(=O)CCC,I,0,,none
CC(=O)CS,I,0,,none
CCOC(=O)C1(c2ccccc2)OC1(C)CC,III,1,SA7_Ames,none
CCC(OCC(C)C)OCC(C)C,I,0,,none
CSc1nc2ccccc2s1,II,0,,none
CCCCCCCOCC,I,0,,none
CCCOC(=O)C(C)c1ccccc1,I,0,,none
CC1CCOC(C2CCCCC2)S1,II,0,,none
CCCCOC(=O)/C=C\C(=O)[O-],III,0,,none
CCCc1ncc(C)nc1C,II,0,,none
CC(C)=CCc1occc1C,III,0,,none
COC(=O)c1ccccc1N=CCc1ccccc1,III,0,,none
CCOC(=O)C(C)c1ccccc1,I,0,,none
CCOC(=O)C=C(C)C,I,0,,none
CCCCC1(O)C(C)=CC(=O)CC1(C)C,II,1,SA10_Ames,none
O=C(O)CNC(=O)Cc1ccccc1,III,0,,none
CC(=O)n1ccc2ccccc21,II,0,,none
CCCCCCOC(=O)c1ccccc1,I,0,,none
CCCCCCCCCCOC(=O)CCCCCCCCCCCCCCC(C)C,I,0,,none
CCCC(=O)OC,I,0,,none
N#CC(Br)(Br)C(N)=O,III,0,,III
CC(C)CCCOC(=O)c1ccccc1,I,0,,none
COC(=O)c1c(C)cc(O)c(C)c1O,I,0,,none
CC(C)=CCCC(C)C1OCC(C)O1,I,0,,none
CC/C=C\CCCCC(OC)OC,I,0,,none
COc1ccc(C(=O)OC(C)C)cc1,I,0,,none
CCCC(OCC)OCC,I,0,,none
CCCCCCC=CC=CC=O,II,1,SA10_Ames,none
CCCCCC/C=C/C=C/C=O,II,1,SA10_Ames,none
CN1CCN(C(c2ccccc2)c2ccccc2)CC1,II,0,,II
C=C(C)c1ccc(O)c(OC)c1,I,0,,none
CCCCCC=CC(=O)OCCC,I,0,,none
O=C(O)CSCC(=O)O,I,0,,none
CC(C)CC(=O)OC1C2(C)CCC(C2)C1(C)C,I,0,,none
O=[N+]([O-])c1ccc([N+](=O)[O-])c(O)c1,III,1,SA27_Ames,II
OCCOCCOCCOCCO,III,0,,none
CC(=O)OCC1CCC2CC1C2(C)C,I,0,,none
C=C[C@](C)(CCC=C(C)C)OC(C)=O,I,0,,none
C=C[C@@](C)(CCC=C(C)C)OC(C)=O,I,0,,none
C=CC(C)(CCC=C(C)C)OC(C)=O,I,0,,none
CCOCc1ccc(O)cc1,III,0,,none
O=[As]([O-])([O-])O.[Pb+2],III,0,,none
Cc1ncsc1C,II,0,,none
Cc1ccc2c(c1)CC(C)(CO)C2,II,0,,none
C=CC(C)(CCC=C(C)C)OC(=O)C(C)=O,I,0,,none
CSc1cncc(C)n1,II,0,,none
CCCCCCC(=O)OCCC,I,0,,none
CC(C)=CCC/C(C)=C/COC(=O)Cc1ccccc1,I,0,,none
CC(C)=CCCC(C)=CCOC(=O)Cc1ccccc1,I,0,,none
CC(C)=CCC/C(C)=C\COC(=O)Cc1ccccc1,I,0,,none
CCC=S,III,0,,none
O=P(Br)(Br)Br,III,0,,III
CC(=O)OCC(CO)OC(C)=O,I,0,,none
CCCC[C@@H]1OC(=O)[C@@H]2C=CCC[C@H]12,I,0,,none
CC(c1ccccc1)c1cc(C(=O)O)c(O)c(C(C)c2ccccc2)c1,III,0,,none
COc1nccnc1CC(C)C,II,0,,none
COC(=O)CCc1ccco1,II,0,,none
OCCCCCCCc1ccccc1,II,0,,none
CC1SCCSS1,I,0,,none
CCCCCC(=O)OCC(C)C,I,0,,none
CC(=O)O.NCCN1CCNCC1,III,0,,III
[Ca+2].[Cl-].[Cl-],III,0,,III
CC12CCC(C1)C(C)(C)C2OC=O,I,0,,none
Oc1c(I)cc(I)c2cccnc12,III,0,,none
C=C(C)C1C=C(C)CCC1,I,0,,none
CCC/C=C(/C#N)c1ccccc1,III,0,,none
CCC/C=C(\C#N)c1ccccc1,III,0,,none
CCCC(CC(=O)OCC)OC(C)=O,I,0,,none
CC(=O)c1ccc(C(C)(C)C)cc1,I,0,,none
CCCCCOC(=O)C(C)C,I,0,,none
[NH4+].[NH4+].[S-2],III,0,,none
c1coc(CSCc2ccco2)c1,III,0,,none
C=CN,I,0,,III
CCOC(CC(C)C)OCCC(C)C,I,0,,none
CC(=O)CCC(CCC(C)O)C(C)C,III,0,,none
CC1CCC2OC23CCC2C(C2(C)C)C13C,III,1,SA7_Ames,none
C[N+](C)(C)[O-],III,0,,none
COC(=O)c1ccccc1NC(C)=O,III,1,SA28ter_Ames,none
COC(=O)C(C)C(C)OC(C)=O,I,0,,none
O=C[C@H](O)[C@H]1OC(=O)[C@@H](O)[C@H]1O,I,1,SA11_Ames,none
CC(C)c1cc2c(c(C(C)C)c1O)C(C)(C)CC2,II,0,,none
CCCCCCOC(=O)C=Cc1ccccc1,I,0,,none
CCCCCCOC(=O)/C=C/c1ccccc1,I,0,,none
O=COCc1ccccc1,I,0,,none
CCC(=O)Oc1ccccc1OC,I,0,,none
CCCC(=O)OCC(COC(=O)CCC)OC(=O)CCC,I,0,,none
CC(C)=CCC/C(C)=C/C(=O)OCCC(C)C,I,0,,none
CC(C)=CCCC(C)=CC(=O)OCCC(C)C,I,0,,none
CC(C)=CCCC(C)CCOC(Cc1ccccc1)OCCC(C)CCC=C(C)C,I,0,,none
CC/C=C\CCCCCC=O,I,1,SA11_Ames,none
CC(=O)/C=C/C1C(C)=CCCC1(C)C,II,1,SA10_Ames,none
CC(=O)C=CC1C(C)=CCCC1(C)C,II,1,SA10_Ames,none
O=[N+]([O-])N1CN([N+](=O)[O-])CN([N+](=O)[O-])CN([N+](=O)[O-])C1,III,0,,II
CC/C=C\CCOC(=O)C/C=C\CC,I,0,,none
CC1=C(C)C(=O)CC1,II,1,SA10_Ames,none
CCOC(=O)CCCCC(=O)[O-],III,0,,none
CC1C=CCCC1,I,0,,none
C=C(C)CCC[C@@H](C)[C@]1(O)CC=C(C)CC1,III,0,,none
C=C(C)CCC[C@H](C)[C@@]1(O)CC=C(C)CC1,III,0,,none
CC(O)CCC1C(C)CCCC1(C)C,I,0,,none
CC(=O)CC(c1ccc([N+](=O)[O-])cc1)c1c(O)c2ccccc2oc1=O,III,1,SA27_Ames;SA30_Ames,II
CC(=O)OC1(C(C)C)C=CC(C)CC1,I,0,,none
Oc1ccccc1Br,III,0,,III
C=CCc1ccc(O[C@@H]2O[C@H](CO)[C@@H](O)[C@H](O)[C@H]2O)c(OC)c1,I,1,SA38_Ames,none
C=C(C)CC(C)=O,I,0,,none
CCC1(C)CC(C)(C)c2ccccc21,II,0,,none
CCCCOC(=O)C(C)Oc1ccc(Oc2ccc(C(F)(F)F)cn2)cc1,III,0,,I
O=C(OCc1ccccc1)C(Cl)Cl,III,1,SA8_Ames,III
OCCCc1ccccc1,I,0,,none
COC(=O)c1ccccc1N,III,1,SA28_Ames,III
Cc1ncc([N+](=O)[O-])n1CCO,III,1,SA27_Ames,II
Cc1ccc(C=O)s1,III,1,SA11_Ames,none
C=C(C)OC(=O)CCC(C)=O,III,0,,none
CCN(CC)C(=O)[C@@H]1C=C2c3cccc4[nH]cc(c34)C[C@H]2N(C)C1,III,0,,II
CCN(CC)C(=O)C1C=C2c3cccc4[nH]cc(c34)CC2N(C)C1,III,0,,II
CC(=O)O[C@@H]1CC(C)=C2[C@H]1[C@H](C)CC[C@H]2/C=C(\C)C(=O)O,I,0,,none
C=C(C)CCC(C)=O,III,0,,none
CCCCCCCCCCCCCCCCCC(=O)OCC(O)CO,I,0,,none
CCCCCC(=O)CCSC,I,0,,none
Nc1ccccc1C(F)(F)F,III,1,SA28_Ames,I
C=C(C)CC(C)OC(=O)c1ccccc1O,I,0,,none
C=C1CCCC(C)(C)C1C=CC(=O)CC,II,1,SA10_Ames,none
CCCCCCCC1CCCO1,II,0,,none
CC(C)C(=O)OCCCc1ccccc1,I,0,,none
F[Sb](F)(F)(F)F,III,0,,III
CC1=CC(S)C(C(C)C)CC1,III,0,,none
CC(=O)SC1CC(C)OC1C,III,0,,none
CC(=O)CCC=CC(C)C,III,0,,none
C=C(CCCCC)C(C)=O,II,1,SA10_Ames,none
O=C(C(F)(F)F)C(F)(F)F,III,0,,I
C=C1CCC[C@H](C)C2CC(C(C)(C)O)CC12,I,0,,none
CCCc1nc(C)c(C)s1,II,0,,none
CCCCn1cc(C(=O)c2cccc3ccccc23)c2ccccc21,III,0,,none
CCOC(=O)C(=O)OCCC(C)CCC=C(C)C,I,0,,none
CC(C)[C@@H](C(=O)O)[C@@H](O)[C@H](O)[C@@H](N)CC1CCCCC1,III,0,,III
SC(S)CCSCCC(S)S,I,0,,none
C/C=C/C(=O)OC(C)CC(C)C,I,0,,none
CC1(C)[C@H]2CC[C@]3(C2)[C@@H]1C(=O)CCC3(C)C,I,0,,none
CC1(C)C2CCC3(C2)C1C(=O)CCC3(C)C,I,0,,none
CCN(CC)c1ccc(N=Nc2c(I)cc([N+](=O)[O-])cc2[N+](=O)[O-])c(NC(C)=O)c1,III,1,SA27_Ames;SA28bis_Ames;SA28ter_Ames;SA29_Ames;aN=Na,II
c1ccc2c(c1)Oc1ccccc1[As]2O[As]1c2ccccc2Oc2ccccc21,III,0,,none
C=CCCCCCCCCCOC(C)=O,I,0,,none
COc1ccc(COC(=O)Cc2ccccc2)cc1,I,0,,none
CCN(CC)CCOC(=O)c1ccc(N)cc1Cl,III,1,SA28_Ames,III
CC(=O)c1cc2c(cc1C)C(C)(C)C(C)C2(C)C,II,0,,none
CC/C=C\CCCCO,I,0,,none
CC/C=C/CCCCO,I,0,,none
CCC=CCCCCO,I,0,,none
CCCCCSSC,III,0,,none
CCC(C)(C)C1CCC(O)CC1,I,0,,none
O=C(O)c1ccc2c(c1)OCO2,III,0,,none
CCCCCC(=O)OC1CC(C)CCC1C(C)C,I,0,,none
CCCCCC=C1CCCCC1=O,II,1,SA10_Ames,none
CCCCCCOCC#N,III,0,,none
CCCCCCCCOC(=O)c1ccccc1,I,0,,none
CCCCCCCOCCCC,III,0,,none
CCOP(=S)(OCC)SCSc1ccc(Cl)cc1,III,0,,III
CC(C)=CC1C(C(=O)OCc2coc(Cc3ccccc3)c2)C1(C)C,III,0,,none
CC(=O)c1ccc2c(c1)CCCC2,II,0,,none
CCCOC(=O)C(CC)c1ccccc1,I,0,,none
CCOC(=O)CCl,III,1,SA8_Ames,III
O=c1oc2ccccc2c(O)c1C1CC(c2ccc(-c3ccc(Br)cc3)cc2)Cc2ccccc21,III,1,SA30_Ames,III
Cl,III,0,,III
CCC(=O)CC(C)(C)c1ccccc1,I,0,,none
O=C1CCO1,I,1,SA6_Ames,none
CC(C)CCOC(=O)C(C)C,I,0,,none
CCCCCl,III,1,SA8_Ames,III
C=CCC(O)C1CC=C(C)CC1C,I,0,,none
O.[Ag].[Ag],III,0,,none
C=CC(=C)CCC(COC(C)=O)C(=C)C,I,0,,none
O=C(Cl)CCl,III,1,SA1_Ames;SA8_Ames,III
CCCCCCC1=CCCC1=O,II,1,SA10_Ames,none
O=C(CCc1ccc(O)cc1)c1c(O)cc(O)cc1O,III,0,,none
CCCCCC(=O)CCO,I,0,,none
C=C,I,0,,none
CCC(C)C(=O)OCCC(C)C,I,0,,none
CNC1CCC(c2ccc(Cl)c(Cl)c2)c2ccccc21,III,0,,III
CCC(O)(/C=C/CO)CCC1C(C)=CCCC1(C)C,I,0,,none
CCCCCCCCCCCCCCCC(=O)OC1CC(C)CCC1C(C)C,I,0,,none
CC(C)=CCCC(C)CC=O.c1ccc2[nH]ccc2c1,III,1,SA11_Ames,none
CCc1nc(C)cs1,II,0,,none
CC1CCC(=O)CC1,I,0,,none
Oc1c(Cl)cc(Cl)c(Cl)c1Cl,III,0,,III
CCCCCC(O)CC(=O)OCC,I,0,,none
CCC(=O)Nc1ccccc1C(=O)OC,III,0,,none
CCCCCCCCOC(=O)Cc1ccccc1,I,0,,none
CC(=O)c1ccc(S(=O)(=O)NC(=O)NC2CCCCC2)cc1,III,0,,none
CC(=O)C=CC1C(C)=CCCC1(C)C.CC(C)=O.CCC(=O)C=CC=C(C)CCC=C(C)C,III,1,SA10_Ames,none
CC(=O)/C=C/C1C(C)=CCCC1(C)C.CC(C)=O.CCC(=O)/C=C/C=C(\C)CCC=C(C)C,III,1,SA10_Ames,none
CC(C)N=C=S,III,1,SA15_Ames,none
CCCCC/C(C=O)=C/c1ccc(C)cc1,II,0,,none
CCCCC/C(C=O)=C\c1ccc(C)cc1,II,0,,none
CCCC(=O)OCCCC1CCCCC1,I,0,,none
CCOC(=O)OC/C=C(\C)CCC=C(C)C,I,0,,none
ClC(Cl)(Cl)C(Cl)(Cl)Cl,III,0,,III
COc1ccc(-c2ccccc2)cc1NNC(=O)OC(C)C,III,1,SA13_Ames,III
CCC(=O)OCc1ccccc1,I,0,,none
CCCCCCCCCCCCCCCCCCCCCCCCCCCCCCCCCCC,I,0,,none
NCCCCCN,I,0,,III
CC1CC2C(C(O)CC3(C)C2CCC3(O)C(=O)CO)C2(C)C=CC(=O)C=C12,III,1,SA10_Ames,none
CC1=C(CC=O)C(C)(C)CCC1,I,1,SA11_Ames,none
O=C1CCCCCCCCCCCC1,II,0,,none
[NH4+].[OH-],III,0,,none
[15NH4+].[OH-],III,0,,none
C=CC(O)CC,II,0,,none
C/C=C/c1ccc2c(c1)OCO2,III,0,,none
CC=Cc1ccc2c(c1)OCO2,III,0,,none
CC1=CC(C)(C)CCC1=O,II,1,SA10_Ames,none
CCc1cccc(CC)c1CC,I,0,,none
O=C1C=CCO1,I,0,,none
COC1C=C2C(C)(C)C3CCC2(C3)C(C)(C)C1,III,0,,none
Cc1cc2ccccc2oc1=O,III,1,SA30_Ames,none
CC=CC(=O)C1=C(C)CCCC1,II,1,SA10_Ames,none
C#C[C@]1(O)CC[C@H]2[C@@H]3CCC4=CC(=O)CC[C@@H]4[C@H]3CC[C@@]21C,III,1,SA10_Ames,none
CCCCCCC=C(C=O)CCCCC,II,1,SA10_Ames,none
CCCCCCCCOC(=O)/C=C/c1ccccc1,I,0,,none
CCCCCCCCOC(=O)C=Cc1ccccc1,I,0,,none
NCCNCCNCCN,III,0,,III
CCOC(=O)C1C(C=C(C)C)C1(C)C,I,0,,none
CCOC(=O)[C@@H]1[C@@H](C=C(C)C)C1(C)C,I,0,,none
CCCC(=O)OC1CC2CCC1(C)C2(C)C,I,0,,none
CCCC(=O)O[C@H]1C[C@H]2CC[C@@]1(C)C2(C)C,I,0,,none
CCCC(CCOC(C)=O)SC,I,0,,none
CCC1(CCC(C)C)C(=O)NC(=O)NC1=O,III,0,,none
CC(=O)C1CCC(C)CC1O,I,0,,none
CC(C)CCOC(=O)CCC(=O)OCCC(C)C,I,0,,none
CCCCSSCCC,III,0,,none
Nc1cccc(C(F)(F)F)c1,III,1,SA28_Ames,I
CCCC(CC=O)SC,I,1,SA11_Ames,none
CCOC(=O)CCCCC(=O)OCC,I,0,,none
CC(=O)OC1CCC(C)CC1,I,0,,none
C=C/C=C\C#CCCCCC,III,0,,none
C=C/C=C/C#CCCCCC,III,0,,none
CC(=O)O.O=CC(O)C(O)C(O)C(O)CO,III,1,SA11_Ames,none
C=CCCCCCC=C,I,0,,none
CCCOC(=O)CCC1CCCCC1,I,0,,none
CCC1(CC)CSSS1,I,0,,none
CCCCOC(=O)C(=O)[O-],III,0,,none
C=C(C)[C@@H]1[C@H]2OC(=O)[C@@H]1[C@]1(O)C[C@H]3O[C@]34C(=O)O[C@H]2[C@]14C.CC(C)(O)C1C2OC(=O)C1C1(O)CC3OC34C(=O)OC2C14C,III,1,SA7_Ames,none
C=CCCCCCCCCC(=O)OCC=C,III,0,,none
CC[C@@H](C)CN,I,0,,III
CCC(C)CN,I,0,,III
CCCCCC(=O)OCCc1scnc1C,II,0,,none
O=C([O-])C(=O)OCCc1ccccc1,III,0,,none
CCc1ccncc1,III,0,,none
CCCSP(=O)(OCC)SCCC,III,0,,none
CC1=CCC(C(C)CC=O)CC1,I,1,SA11_Ames,none
COc1nc(C)nc(NC(=O)NS(=O)(=O)c2ccccc2Cl)n1,III,0,,III
CCCCCC(C)OC(C)=O,I,0,,none
CCN(CC)CCOCCO,I,0,,II
CCCCCCCC(C)=O,I,0,,none
CCCCCCCOc1ccccc1,II,0,,none
CCCCCCCCCCOC(=O)CC(C)C,I,0,,none
COc1nccnc1C,II,0,,none
CCCCC#CCC(=O)OC,III,0,,none
CCOC(=O)CC(O)C(=O)OCC,I,0,,none
CC1=CCC2C3CC(C2C1)C1(C3)OC1C,III,1,SA7_Ames,none
CCNc1ccccc1C(=O)OCC,III,1,SA28bis_Ames,III
CCOCC.Cc1ccc(O)cc1,III,0,,none
CC(=O)Cc1ccc[nH]1,II,0,,none
C1N2CN3CN1CN(C2)C3,III,0,,II
CSSC(C)(C)C=O,III,1,SA11_Ames,none
CCCCOCc1ccc(O)c(OC)c1,III,0,,none
COc1ccc(CC(C)C=O)cc1,I,1,SA11_Ames,none
CC(C)c1cccc(O)c1,I,0,,none
CCCC(C)CC,I,0,,none
CCCCCC,I,0,,none
CCCCC(CC)C(=O)OC(C)COCc1ccccc1,III,0,,none
CCC(=O)C(C)(C)C,I,0,,none
CCCCCCCC(=O)OCC(COC(=O)CCCCCCC)OC(=O)CCCCCCC,I,0,,none
CCOC(=O)C1OC1c1ccc(OC)cc1,III,1,SA7_Ames,none
CCC[C@H]1CCC(=O)O1,I,0,,none
CCCC1CCC(=O)O1,I,0,,none
CCC[C@@H]1CCC(=O)O1,I,0,,none
[O-][Cl+3]([O-])([O-])O,III,0,,III
C/C(C=O)=C/c1ccccc1,II,0,,none
CC(C=O)=Cc1ccccc1,II,0,,none
C/C(C=O)=C\c1ccccc1,II,0,,none
CC(C)(O)CCCc1ccccc1,I,0,,none
C=CC(C)(CC=C(C)C)C(C)O,I,0,,none
CC1=CC[C@H]2[C@H]3[C@@H]1[C@]2(C)CC[C@H]3C(C)C,I,0,,none
CC1=CC[C@@H]2C3C(C(C)C)CCC2(C)[C@@H]13,I,0,,none
CC1=CCC2C3C(C(C)C)CCC2(C)C13,I,0,,none
CC1=CC[C@H]2[C@H]3C1[C@@]2(C)CC[C@H]3C(C)C,I,0,,none
CC1=CCC2C3C(C(C)C)CC[C@@]2(C)C13,I,0,,none
COc1ccc(NS(=O)(=O)c2ccc(N)cc2)nn1,III,1,SA28_Ames,III
CCOC(=O)c1ccoc1-c1ccccc1,II,0,,none
C=C(C)CCCC(C)CCOC=O,I,0,,none
CC(=O)[O-].[Na+],I,0,,none
CC(CO)OC(C)CO,III,0,,none
CC(C)(C)c1ccc(CC=O)cc1,I,1,SA11_Ames,none
CC(=O)Nc1ccc(C(=O)CCl)cc1,III,1,SA28ter_Ames;SA8_Ames,III
CCCCC(OC)OC,I,0,,none
COc1ccccc1N,III,1,SA28_Ames,III
Cl[Sb](Cl)(Cl)(Cl)Cl,III,0,,III
CCCCCCCCCCC=CC=O,II,1,SA10_Ames,none
CCCCCCCCCC/C=C/C=O,II,1,SA10_Ames,none
O=C1CCc2ccccc2O1,I,0,,none
CC1OC(Cc2ccccc2)OC1C,III,0,,none
CC(C)=CCCC(C)c1ccc(C)cc1,II,0,,none
O=C(Cl)Cc1ccccc1,III,1,SA1_Ames,III
CCC(=O)c1occc1C,II,0,,none
[Br-].[Br-].[Zn+2],III,0,,III
Clc1ccccc1C(c1ccccc1)(c1ccccc1)n1ccnc1,III,0,,III
CC(C)(CO)Cc1ccccc1,I,0,,none
CSC(C)c1ccco1,III,0,,none
CCCOC,I,0,,none
O=C1CC=CCC1,I,0,,none
C,I,0,,none
CCCCCC1CCCC1=O,I,0,,none
C=C(CC)CCCC(C)(C)O,I,0,,none
CC(C)CCOC(=O)C(O)C(O)C(=O)OCCC(C)C,III,0,,none
CC(=O)c1ccc(C)[nH]1,II,0,,none
CC1(C)CC(=O)C2OC2(C)C1=O,III,1,SA7_Ames,none
C=CC(C)(O)CCC=C(C)C.CC(C)C12CCC(C)(O)C1C2.CC1=CCC(C(C)(C)O)CC1.Cc1ccc(C(C)C)c(O)c1.Cc1ccc(C(C)C)cc1,II,0,,none
CCc1ccc(C)s1,III,0,,none
COC1=C(C)C(C)C2C3CCC(C3)C12,III,0,,none
CC(C)=CCN1CC[C@]2(C)c3cc(O)ccc3C[C@H]1[C@H]2C,III,0,,II
CC(C)=CCN1CC[C@@]2(C)c3cc(O)ccc3C[C@@H]1[C@@H]2C,III,0,,II
CC(C)=CCN1CCC2(C)c3cc(O)ccc3CC1C2C,III,0,,II
CC1=C(O)C(=O)C(O)CO1,II,1,SA10_Ames,none
CCCC(=O)OCc1ccccc1,I,0,,none
COP(C)(=O)OC,III,1,SA2_Ames,none
FC(F)Cl,III,1,SA8_Ames,III
C1CS1,III,0,,none
O=C(OC1CCCCC1)c1ccccc1C(=O)OC1CCCCC1,I,0,,none
Cc1ccc(C)c(N)c1,III,1,SA28_Ames,III
O=C(O)C(O)Cc1ccccc1,I,0,,none
C[C@]12CC[C@@H]3c4ccc(O)cc4CC[C@H]3[C@@H]1CC[C@@H]2O,II,1,SA39_Ames,none
Cc1ccc(CO)o1,II,0,,none
C=C(C)C(=O)OCC1CO1,III,1,SA7_Ames,none
O=C1CSC(=S)N1CCS(=O)(=O)[O-].[K+],III,0,,II
Cc1ccc(C2OCC(C)O2)cc1,I,0,,none
O=NCl,III,0,,III
C/C1=C\C2C(CC/C(C)=C/CC1)C2(C)C,I,0,,none
C/C1=C/[C@H]2[C@@H](CC/C(C)=C\CC1)C2(C)C,I,0,,none
CCCCC/C=C\CC/C=C/C=O,II,1,SA10_Ames,none
CCCCC/C=C/CC/C=C/C=O,II,1,SA10_Ames,none
CCCCCC=CCCC=CC=O,II,1,SA10_Ames,none
CC/C=C(\C)C(=O)CCCCC,II,1,SA10_Ames,none
CCCCCCCS,III,0,,none
CCCOC(C)OCCC(C)C,I,0,,none
C[N+](C)(C)CCOC(N)=O,III,1,SA16_Ames,II
CC(=O)OC1=C(C)O[C@@H](C)C1=O,II,1,SA10_Ames,none
CC(=O)OC1=C(C)OC(C)C1=O,II,1,SA10_Ames,none
CCC(=O)/C=C/C1C(C)=CCCC1(C)C,II,1,SA10_Ames,none
CCC(=O)C=CC1C(C)=CCCC1(C)C,II,1,SA10_Ames,none
CCC(=O)/C=C/[C@H]1C(C)=CCCC1(C)C,II,1,SA10_Ames,none
Oc1cc(Cl)cc(Cl)c1,III,0,,III
CCC1CCC(O)O1,I,0,,none
CC(C)C1CCC2(CCC(=O)O2)CC1,I,0,,none
CC1CC=CCC12COC(C)(C)OC2,I,0,,none
CCCCCCCCCC/C=C\CO,I,0,,none
CCCCCCCCCCC=CCO,I,0,,none
CCCCCCCCCC/C=C/CO,I,0,,none
C=CCN(CC=C)CC=C,I,0,,II
CCCCCC#CC(=O)OCc1ccccc1,III,0,,none
CCCOS(C)=S,III,0,,none
SCc1cnccn1,III,0,,none
c1ccc(-c2ccccn2)cc1,III,0,,none
CC1(C)CC[C@H]2O[C@]23C(C)(C)[C@H]2CC[C@@]13C2,III,1,SA7_Ames,none
CC1(C)CCC2OC23C(C)(C)C2CCC13C2,III,1,SA7_Ames,none
OCC(O)C(O)C(OC1OC(CO)C(O)C(O)C1O)C(O)CO,I,0,,none
Cc1ccco1,III,0,,none
CC(C)C1=CCC(CCOC=O)=CC1,I,0,,none
O=C([O-])/C=C\C(=O)Nc1cccc(O)c1,III,1,SA10_Ames,none
CCOCOC1CCCCCCCCCCC1,III,0,,none
C=CCCCCCCCCCCC,I,0,,none
N#CCCNC(=O)CC[C@H](N)C(=O)O,III,0,,III
Cc1ccccc1CCl,III,1,SA8_Ames,III
CCCCCCCCCCCCCOC(=O)[C@H](CC(C)C)NC(=O)OC,III,1,SA16_Ames,none
O=NOS(=O)(=O)O,III,0,,none
C=C(C)C,I,0,,none
CCCCCCCC(C)(C)O,I,0,,none
CCC1SC(CC(C)C)=NC1C,II,0,,none
N#C[S-].N#C[S-].[Pb+2],III,0,,none
CCC(C=O)Cc1ccc(C(C)C)cc1,I,1,SA11_Ames,none
O=C(O)/C=C/C(=O)O.[Na+],III,0,,none
Cc1occc(=O)c1OC(=O)C(C)C,II,0,,none
CCOC(C)CC,I,0,,none
CCCCCOC(=O)CCSC,I,0,,none
CCCCCCOC(C)OCCCCCC,I,0,,none
CC(=O)[O-].CC(=O)[O-].[Ca+2],I,0,,none
Sc1ccsc1,III,0,,none
Cc1cccc2ccc(=O)oc12,III,1,SA30_Ames,none
CNC.O=C(C(Cl)(Cl)Cl)C(Cl)(Cl)Cl.O=C(O)COc1ccc(Cl)cc1Cl,III,0,,III
CC(O)C(C)Cc1ccccc1,I,0,,none
C=C[C@@H](O)CCCCC,II,0,,none
C=C[C@H](O)CCCCC,II,0,,none
C=CC(O)CCCCC,II,0,,none
NC(=O)NO,III,1,SA64_Ames,II
CCCC(C)C(=O)OCC(C)C,I,0,,none
CCCCC(=O)OCc1ccc(OC)cc1,I,0,,none
CCCCCC(C)N,I,0,,III
CC(C)OC(=O)c1cccnc1,II,0,,none
CCCCCC1COCCC1OC(C)=O,II,0,,none
OCC1CCCCC1,I,0,,none
CC1=C(CC[C@@H](C)O)C(C)(C)CCC1,I,0,,none
CC1=C(CC[C@H](C)O)C(C)(C)CCC1,I,0,,none
CC1=C(CCC(C)O)C(C)(C)CCC1,I,0,,none
CC(C)(S)CCOC=O,I,0,,none
c1coc(COCc2cccs2)c1,III,0,,none
CC=Cc1ccc(OCCCC)c(OC)c1,III,0,,none
CC(C(=O)Oc1ccccc1N)c1ccccc1,III,1,SA28_Ames,III
[Mg+2].[OH-].[OH-],III,0,,none
C/C=C\CCCO,I,0,,none
C/C=C/CCCO,I,0,,none
CC=CCCCO,I,0,,none
CC/C=C/CC(=O)OCC,I,0,,none
CCC=CCC(=O)OCC,I,0,,none
CC/C=C\CC(=O)OCC,I,0,,none
CCCCCCCCCCS,III,0,,none
O=C([O-])[O-].[Ca+2],III,0,,none
CCC(C)(C)C(=O)O,I,0,,none
C=CCOC(=O)COc1ccccc1,III,0,,none
CC(C)C/C=C(/CO)C(C)C,I,0,,none
CC(C)CC=C(CO)C(C)C,I,0,,none
Clc1ccc(C=Cc2ccc(Cl)cc2Cl)c(Cl)c1,III,0,,III
CCCCCCCCCOC(=O)c1ccccc1,I,0,,none
CC(C)=CCCC1=CCC(C)(C=O)CC1,I,1,SA11_Ames,none
CCCCOC(C)OCC,I,0,,none
ClC1=C(Cl)C(Cl)(Cl)C(Cl)=C1Cl,III,0,,III
CCCCC/C=C\CCCO,I,0,,none
CCCCC/C=C/CCCO,I,0,,none
CCNC(=O)C1CC(C)CCC1C(C)C,I,0,,none
C/C=C(\C)C(=O)OC(C)C,I,0,,none
O=C1CCCCCCCCCCCCCOC1,II,0,,none
O=[Os](=O)(=O)=O,III,0,,none
CC1=C2CCC(C)CC2OC1=O,I,0,,none
CC1CCC(C(C)C)C2(C1)OC(=O)C(C)O2,III,0,,none
O=COC1CCCCC1,I,0,,none
Cc1cccc(N)c1C,III,1,SA28_Ames,III
CCCCCOC(=O)c1ccc(C)cc1O,I,0,,none
CCCCCCC/C=C/C(=O)OC,I,0,,none
CCCCCCCC=CC(=O)OC,I,0,,none
CC(C)=CCCC(C)C1C=CC(C)(O)CC1,III,0,,none
CC(=O)OC1(C)CCCCC1,I,0,,none
CC/C=C\CCC=O,I,1,SA11_Ames,none
CC/C=C/CCC=O,I,1,SA11_Ames,none
CCC=CCCC=O,I,1,SA11_Ames,none
C=CCN,III,0,,III
CC(=O)OCCCCS,I,0,,none
C=C(C)C1CC=C(C)C(C(=O)OCC)C1,I,0,,none
CCCCCCCCCCCCC1CCC1=O,III,0,,none
CCCCCCCCCCCCCC1CCCC(=O)O1,I,0,,none
C=CCc1ccc(O)c(-c2cc(CC=C)ccc2O)c1,III,1,SA38_Ames,none
C=C(C)C(=O)OC,I,0,,none
CC(=O)OC(C)C(C)OC(C)=O,III,0,,none
CSCC/C=C(\C=O)CSC,II,1,SA10_Ames,none
CSCC/C=C(/C=O)CSC,II,1,SA10_Ames,none
CN1c2c(nc(N)[nH]c2=O)NC[C@@H]1CNc1ccc(C(=O)N[C@@H](CCC(=O)[O-])C(=O)[O-])cc1.[Ca+2],III,1,SA28_Ames,III
O=[N+]([O-])[O-].[Na+],III,0,,II
CC1CC2C3CCC(C3)C2CC1=O,I,0,,none
COc1cc2c(cc1OC)[C@@]13CCN4CC5=CCO[C@H]6CC(=O)N2[C@H]1[C@H]6[C@H]5C[C@H]43.O.O,III,0,,II
CC(C)(C)NCC(O)COc1cccc2c1C[C@H](O)[C@H](O)C2,II,0,,III
CC(C)(C)NCC(O)COc1cccc2c1CC(O)C(O)C2,II,0,,III
[Y],III,0,,none
O=C([O-])c1ccccc1.[NH4+],III,0,,none
CC[N+](CC)(CC(=O)Nc1c(C)cccc1C)Cc1ccccc1.O=C([O-])c1ccccc1,III,0,,none
CCC(=O)C(C)=CC1C(C)CC=CC1(C)C,II,1,SA10_Ames,none
CCC(=O)/C(C)=C/C1C(C)CC=CC1(C)C,II,1,SA10_Ames,none
C=CC(=O)C/C=C/CC,II,1,SA10_Ames,none
C=CC(=O)CC=CCC,II,1,SA10_Ames,none
C=CC(=O)C/C=C\CC,II,1,SA10_Ames,none
CCCCCCCCCCCC#N,III,0,,none
CCCCCCC/C(C=O)=C/c1ccccc1,II,0,,none
CCCCCCCC(C=O)=Cc1ccccc1,II,0,,none
O=C([O-])CC([S-])C(=O)[O-].[Au+].[Na+].[Na+],III,0,,none
CC(=O)[C@@]1(O)CC[C@H]2[C@@H]3C=C(C)C4=CC(=O)CC[C@]4(C)[C@H]3CC[C@@]21C,III,1,SA10_Ames,none
NC(=O)CCl,III,1,SA8_Ames,III
O=c1cc(O)c2ccccc2o1,III,1,SA30_Ames,none
C=CCC,I,0,,none
CC(C)OC(=O)Nc1ccccc1,III,0,,none
CCCCOCCOCCOC(C)=O,III,0,,none
C[As](Cl)Cl,III,0,,III
Cc1cc(C)c(O)cc1C,I,0,,none
CCC(O)(CC)Cc1ccccc1,I,0,,none
CCC(C)CCCCCCC=O,I,1,SA11_Ames,none
CCCCC(C(=O)OCC)c1ccccc1,I,0,,none
CCCCCC(C=O)=Cc1ccco1,III,0,,none
CSC#N,III,0,,none
CCOC(C=Cc1ccccc1)OCC,II,0,,none
CCOC(/C=C/c1ccccc1)OCC,II,0,,none
CCCCC1C(=O)N(c2ccccc2)N(c2ccccc2)C1=O,II,0,,II
SCCS,III,0,,none
CCCCCCC(CC)C(=O)OC,I,0,,none
O=[Si]=O,III,0,,none
Oc1ccc(OCc2ccccc2)cc1,III,0,,none
CC(C)CC(=O)OC1CC(C)CCC1C(C)C,I,0,,none
O=CCC1CCOC1=O,I,1,SA11_Ames,none
O=C(O)C=Cc1ccsc1,III,0,,none
COC(=O)c1ccccc1N=Cc1ccc(OC)cc1,III,0,,none
CCCCN(CCCC)CCNc1ccc(Cl)c2oc3cc(C)ccc3c(=O)c12.Cl,III,1,SA19_Ames,III
C1=C\CC/C=C\CC/1,I,0,,none
Cc1ccccc1OC(=O)Cc1ccccc1,I,0,,none
O=[N+]([O-])c1ccc(Cl)c([N+](=O)[O-])c1,III,1,SA27_Ames,III
[Cr],III,0,,none
O=C(O)/C=C/C(=O)O,I,0,,none
O=C(O)C=CC(=O)O,I,0,,none
O=C(O)/C=C\C(=O)O,I,0,,none
COC(=O)c1cccc(N)c1,III,1,SA28_Ames,III
O=S(=O)([O-])[O-].O=S(=O)([O-])[O-].[Ce+4],III,0,,none
ClC(Cl)(Cl)Cl,III,0,,III
CCC(C)(C)c1ccc(OCC=O)cc1,III,1,SA11_Ames,none
CCCC(=O)OC1CCCCC1,I,0,,none
CC(Cl)CO,III,1,SA8_Ames,III
O=C/C=C/c1ccco1,II,0,,none
O=CC=Cc1ccco1,II,0,,none
CCOCCCC(=O)[O-],III,0,,none
CCOC1CCC=CO1,III,0,,none
O=[Mn](=O)(=O)[O-].[K+],III,0,,none
CC(=O)OC1CCC(C(C)(C)C)CC1C,I,0,,none
CCCCCCC(=O)OCc1ccco1,II,0,,none
CCCCN(CCC(=O)OCC)C(C)=O,I,0,,II
CC/C=C\CCOC(=O)c1ccccc1N,III,1,SA28_Ames,III
CCC=CCCOC(=O)c1ccccc1N,III,1,SA28_Ames,III
CCCCCCCCCCCCOC(C)=O,I,0,,none
Cc1nccs1,II,0,,none
CC(C)C1CC=C(CCC=O)CC1,I,1,SA11_Ames,none
[Pb],III,0,,none
COC(C)COC(C)COC(C)CO,III,0,,none
C=C(C)CCCC(C)CCOC(=O)c1ccccc1,I,0,,none
C[C@@H](O)c1ccccc1,I,0,,none
CC(O)c1ccccc1,I,0,,none
C[C@H](O)c1ccccc1,I,0,,none
C=CC(C)(CCC=C(C)C)OC(=O)CC,I,0,,none
C=C1CC(=O)O1,I,1,SA6_Ames,none
C=CC(OC(C)=O)c1ccccc1,II,1,SA38_Ames,none
CCCCCCCCC=CC(=O)OCCCC,I,0,,none
CCc1cnc(CC)cn1,III,0,,none
N#CC(=Cc1ccc(-c2cccc(C(F)(F)F)c2)o1)C(N)=O,III,0,,I
CC(C)CCCCCCCCCCOC(=O)CC(C)CC(C)(C)C,I,0,,none
CC/C=C\CCOC(=O)/C=C/CCC,I,0,,none
CSCCO,I,0,,none
ClCC(Br)CBr,III,1,SA8_Ames,III
CC1CC(S)C(C)O1,III,0,,none
CCOC=O,I,0,,none
CCCC(=O)CC(=O)c1ccccc1,I,0,,none
CC(C)COC(=O)C(C)O,I,0,,none
CCOC(=O)c1ccccc1NC,III,1,SA28bis_Ames,III
O.O.O.O=C([O-])[C@H]([O-])[C@@H]([O-])C(=O)[O-].O=C([O-])[C@H]([O-])[C@@H]([O-])C(=O)[O-].[K+].[K+].[Sb+3].[Sb+3],III,0,,none
C=C(C)C(CC=C(C)C)COC(=O)C(C)CC,I,0,,none
O=C(O)C=Cc1ccccc1,I,0,,none
O=C(O)/C=C/c1ccccc1,I,0,,none
CC1=CC(=O)[N-]S(=O)(=O)O1.[K+],III,1,SA10_Ames,none
CC(C)=CCCC1(C)OCC(C)O1,III,0,,none
C/C=C\CO,I,0,,none
C=CC(C)(CCC=C(C)C)OC(=O)CC(C)C,I,0,,none
CC(C)C(=O)OC(C)(C)CCc1ccccc1,I,0,,none
CCCCCCCC(=O)OC(C)C,I,0,,none
CC(C)SCc1ccco1,III,0,,none
CCC(=O)OC(C)c1ccccc1,I,0,,none
CCC(=O)O[C@@H](C)c1ccccc1,I,0,,none
CCCCCCCCOC(=O)c1ccccc1O,I,0,,none
CC(=O)OC(O)CC(C)CCC=C(C)C,I,0,,none
Cc1ccccc1Oc1ccccc1,III,0,,none
Cc1occc1SSSSc1ccoc1C,III,0,,none
[Cl-].[K+],III,0,,III
COc1c(Cl)cc(Cl)cc1Cl,III,0,,III
CC(=NC#N)N(C)Cc1ccc(Cl)nc1,III,0,,III
CC1=C(C)C(C)CCC1,I,0,,none
CCCCSC,I,0,,none
CC(=O)OCC(OC(C)=O)c1ccccc1,I,0,,none
CCOC(C)Oc1ccccc1,I,0,,none
CCOC(=O)C(C)C,I,0,,none
CC(=O)OCc1ccc(C)cc1,I,0,,none
O=[N+]([O-])c1cccc([N+](=O)[O-])c1,III,1,SA27_Ames,II
Nc1ccc(Br)cc1,III,1,SA28_Ames,III
[Ba+2].[Cl-].[Cl-],III,0,,III
C[C@H]1O[C@@H](O[C@H]2[C@@H](O)C[C@H](O[C@H]3[C@@H](O)C[C@H](O[C@H]4CC[C@@]5(C)[C@H](CC[C@@H]6[C@@H]5CC[C@]5(C)[C@H](C7=CC(=O)OC7)CC[C@]65O)C4)O[C@@H]3C)O[C@@H]2C)C[C@H](O)[C@@H]1O,III,0,,none
C[C@H]1O[C@H](O[C@@H]2[C@@H](O)C[C@@H](O[C@@H]3[C@@H](O)C[C@H](O[C@H]4CC[C@]5(C)[C@H](CC[C@H]6[C@@H]5CC[C@]5(C)[C@H](C7=CC(=O)OC7)CC[C@]65O)C4)O[C@@H]3C)O[C@@H]2C)C[C@H](O)[C@H]1O,III,0,,none
C[C@H]1O[C@@H](O[C@H]2[C@@H](O)C[C@H](O[C@H]3[C@@H](O)C[C@H](O[C@H]4CC[C@@]5(C)[C@H](CC[C@@H]6[C@@H]5CC[C@]5(C)[C@@H](C7=CC(=O)OC7)CC[C@]65O)C4)O[C@@H]3C)O[C@@H]2C)C[C@H](O)[C@@H]1O,III,0,,none
CCc1nn(-c2ccccc2)[n+](-c2ccccc2)n1.[Cl-],III,0,,III
CC(C)CCCCCCC=O,I,1,SA11_Ames,none
Oc1ccc(Cl)c(Cl)c1,III,0,,III
COC1CCCCCCCCCCC1,III,0,,none
CCCC/C=C\CC=O,I,1,SA11_Ames,none
CCC/C=C/COC(=O)CCCC,I,0,,none
CCOC(=O)CC(CC(=O)OCC)(OC(C)=O)C(=O)OCC,III,0,,none
CCSCCSP(=O)(OC)OC,III,0,,none
CC12CCC(CC1)C(C)(C)O2,II,0,,none
CC(=O)c1cccnc1,II,0,,none
CCCOC(=O)c1ccc(OC)cc1,I,0,,none
CCCNCCC,III,0,,III
COC(=O)CCC(C)CCCC(C)C,I,0,,none
CCOCC.Cc1cccc(O)c1,III,0,,none
CCCCCCC(=O)CCCC,I,0,,none
OCCCCO,III,0,,none
O.O=P([O-])([O-])[O-].O=P([O-])([O-])[O-].[Mg+2].[Mg+2].[Mg+2],III,0,,none
C=CC(C)(CCC=C(C)C)OC(=O)c1ccccc1O,I,0,,none
CC(=O)CCC(=O)OCC(C)C,III,0,,none
CC(=O)Cl,III,1,SA1_Ames,III
C[C@@H]1CC(C)(C)CC(=O)C1=O,III,0,,none
CC#N,III,0,,none
CCCC(C)C1(CC)C(=O)NC(=O)NC1=O,III,0,,none
CC1=CCCC(C)(C)C1CO,I,0,,none
CCCCCC/C=C/COC(C)=O,I,0,,none
O=C(Cc1ccccc1)OCC1CCCO1,II,0,,none
CC(=O)OC(C)=O,I,0,,III
O=CCC/C=C1\CC2CC1C1CCCC21,I,1,SA11_Ames,none
CC(=O)C(=O)OCC(C)C,I,0,,none
CCCCCCc1ccc(O)cc1O,I,0,,none
CC(=O)Oc1cc(C)ccc1C(C)C,I,0,,none
CCCC(=O)OCCc1ccccc1,I,0,,none
O=[N+]([O-])[N+](=O)[O-],III,0,,II
CCCC(C)(C)O,I,0,,none
CCOCCOCCOCCO,III,0,,none
COc1ccc(CC(C)=O)cc1,I,0,,none
CCOC(C)OC(C)(C)CCCC(C)CC=O,I,1,SA11_Ames,none
CC(C)=CCCC(C)CO,I,0,,none
CC1CC(=O)C(=O)C1C,III,0,,none
C[C@@H]1C(=O)C(=O)C[C@@H]1C,III,0,,none
C/C=C/C(O)CCCC,I,0,,none
CC=CC(O)CCCC,I,0,,none
CCC(C)C(C)C,I,0,,none
CCCCC=COC,I,1,SA24_Ames,none
O=COC1CCCCCCCCCCC1,I,0,,none
CCC=CCOC(C)=O,I,0,,none
O=Cc1ccccc1OCCO,II,1,SA11_Ames,none
CCC(C)CCCCCCC(=O)O,I,0,,none
O=[Cr](=O)=O,III,0,,none
CCCCCCCC[C@@H]1CCC(=O)O1,I,0,,none
CCCCCCCC[C@H]1CCC(=O)O1,I,0,,none
CCCCCCCCC1CCC(=O)O1,I,0,,none
CCSCc1ccco1,III,0,,none
CCC(C)CS,III,0,,none
CC[C@H](C)CS,III,0,,none
NCc1ccccc1,III,0,,III
CC(=O)O.Cc1cc(NC(=O)[C@H](CCCN=C(N)N)NC(=O)[C@H](CO)NC(=O)[C@H](Cc2ccccc2)NC(=O)OC(C)(C)C)cc2oc(=O)ccc12,III,1,SA16_Ames;SA30_Ames,III
CCCN,I,0,,III
COCC(C)OCC(C)O,III,0,,none
CCCCCCC1OCCC(C)O1,I,0,,none
CC(O)CC(=O)O,I,0,,none
CN(C)C(=S)[S-].CN(C)C(=S)[S-].CN(C)C(=S)[S-].[Fe+3],III,0,,II
CC(=O)OCCOc1ccccc1,II,0,,none
CC(C)(S)CC=O,I,1,SA11_Ames,none
CC=Cc1ccccc1O,I,0,,none
OC[C@H]1O[C@@H]2O[C@H]3C(O)[C@@H](O)[C@@H](O[C@H]4[C@H](O)[C@@H](O)[C@@H](O[C@H]5[C@H](O)[C@@H](O)[C@@H](O[C@H]6[C@H](O)[C@@H](O)[C@@H](O[C@H]7[C@H](O)[C@@H](O)[C@@H](O[C@H]8[C@H](O)[C@@H](O)[C@@H](O[C@H]1[C@H](O)[C@H]2O)O[C@@H]8CO)O[C@@H]7CO)O[C@@H]6CO)O[C@@H]5CO)O[C@@H]4CO)O[C@@H]3CO,I,0,,none
OC[C@H]1O[C@@H]2O[C@H]3[C@H](O)[C@@H](O)[C@@H](O[C@H]4[C@H](O)[C@@H](O)[C@@H](O[C@H]5[C@H](O)[C@@H](O)[C@@H](O[C@H]6[C@H](O)[C@@H](O)[C@@H](O[C@H]7[C@H](O)[C@@H](O)[C@@H](O[C@H]8[C@H](O)[C@@H](O)[C@@H](O[C@H]1[C@H](O)[C@H]2O)O[C@@H]8CO)O[C@@H]7CO)O[C@@H]6CO)O[C@@H]5CO)O[C@@H]4CO)O[C@@H]3CO,I,0,,none
OC[C@H]1O[C@@H]2O[C@H]3[C@H](O)[C@@H](O)[C@@H](O[C@H]4[C@H](O)[C@@H](O)[C@@H](O[C@H]5[C@@H](O)[C@@H](O)[C@@H](O[C@H]6[C@H](O)[C@@H](O)[C@@H](O[C@H]7[C@H](O)[C@@H](O)[C@@H](O[C@H]8[C@H](O)[C@@H](O)[C@@H](O[C@H]1[C@H](O)[C@H]2O)O[C@@H]8CO)O[C@@H]7CO)O[C@@H]6CO)O[C@@H]5CO)O[C@@H]4CO)O[C@@H]3CO,I,0,,none
CC(=O)OC(C)C=CC1C(C)=CCCC1(C)C,I,0,,none
Brc1c(Br)c(Br)c(Oc2c(Br)c(Br)c(Br)c(Br)c2Br)c(Br)c1Br,III,0,,III
C=CC(C)(CCC=C(C)C)OC(=O)c1ccccc1N,III,1,SA28_Ames,III
CCC(C)=NO,III,0,,none
COCC1OC(OC)C(OC)C(OC)C1OC1OC(CO)C(OC)C(O)C1O,III,0,,none
C=CC(C)(CCC=C(C)C)OC(=O)CCCCCCCC,I,0,,none
Cc1cc(Cl)ccc1OCC(=O)O,III,0,,III
CCc1nc(C)cnc1C,III,0,,none
C=CN1CCCC1=O,II,0,,II
CCCCCCCCCCC/C=C/C=O,II,1,SA10_Ames,none
CCCCCCCCCCCC=CC=O,II,1,SA10_Ames,none
CC1CC2C(CC1=CCC#N)C2(C)C,III,0,,none
CC1CC2C(C/C1=C/CC#N)C2(C)C,III,0,,none
CCN(CC)CCCC(C)Nc1ccnc2cc(Cl)ccc12,III,0,,III
N[C@H](CCC(=O)O)C(=O)O,I,0,,III
NC(CCC(=O)O)C(=O)O,I,0,,III
N[C@@H](CCC(=O)O)C(=O)O,I,0,,III
CC(=O)CCCC(C)CCCC(C)CCCC(C)C,I,0,,none
[Li],III,0,,none
O=CC1CC2C3CCC(C3)C2C1,I,1,SA11_Ames,none
c1ccc(CC2OCC(c3ccccc3)O2)cc1,I,0,,none
CCCCCCCC/C=C\CCCCCCCC(=O)OCCCC,I,0,,none
CCC(S)CC,III,0,,none
CCC(Cl)Cl,III,1,SA8_Ames,III
CCCCCCCOC(C)C,III,0,,none
O=C1[N-]S(=O)(=O)c2ccccc21.[Na+],III,0,,none
CC(C)C(=O)C(=O)[O-].[Na+],I,0,,none
CCCCCCCC/C=C/COC(C)=O,I,0,,none
COC(=O)C(C)(C)c1ccccc1,I,0,,none
CC1CCCC(C)(C)C1CO,I,0,,none
CCOCC.Oc1ccccc1O,III,0,,none
COc1ccc(OC)c(C(O)C(C)N)c1,III,0,,III
COc1cccc(CCN)c1,III,0,,III
c1ccc2[nH]c(-c3cscn3)nc2c1,III,0,,none
CC1(C)Cc2cccc(O)c2O1,II,0,,none
CC1C=COC2(CCCCC2)C1,II,0,,none
O=CC=C1CCCCC1,II,1,SA10_Ames,none
CC(C)(C)c1ccccc1O,I,0,,none
CC(=O)OCC=Cc1ccccc1,I,0,,none
CC(=O)OC/C=C/c1ccccc1,I,0,,none
CC(=O)OC/C=C\c1ccccc1,I,0,,none
C1CCCCCCC1,I,0,,none
COc1ccc(C=O)cc1OC,I,1,SA11_Ames,none
CCC1CCCC(CC)C1,I,0,,none
C=CCCC(=O)C(=C)C1CCCCC1,III,1,SA10_Ames,none
CCCCCCCN,I,0,,III
CCOC([O-])[O-],III,0,,none
CC1=CC2C3CC(CC3O)C2C1C,I,0,,none
CCCCCCCOCC(C)C,III,0,,none
CCCCCCCCC(CC)C(=O)O,I,0,,none
C=CC(C)CCCC(C)(C)OC,I,0,,none
NC(=O)OCC(COC(N)=O)c1ccccc1,III,1,SA16_Ames,II
CC(CO)C1CCCCCCCCCCC1,I,0,,none
COc1cc(C(=O)O)ccc1O,I,0,,none
CCC(=O)C(C)CC=C(C)C,III,0,,none
COc1ccc(OC(=O)C(C)C)cc1,I,0,,none
CCC(C)(C=O)Sc1ccco1,II,1,SA11_Ames,none
CCc1nc(N)nc(N)c1-c1ccc(Cl)cc1,III,1,SA28_Ames,III
CCCCCCCCCCC=CC#N,III,0,,none
COc1cnccn1,II,0,,none
C=C(C=O)C(C)CC(C)(C)C,II,1,SA10_Ames,none
CCCCCC(C)OC(=O)CC(C)C,I,0,,none
CNc1ccccc1C(=O)OCC(C)C,III,1,SA28bis_Ames,III
C=C(C)C1CCC(C)(O)C(O)C1,I,0,,none
C=C(C)[C@@H]1CC[C@](C)(O)[C@@H](O)C1,I,0,,none
CCC(C)(CCC=C(C)C)OC(C)=O,I,0,,none
CC[C@H](C)C(=O)O,I,0,,none
CC[C@@H](C)C(=O)O,I,0,,none
CCC(C)C(=O)O,I,0,,none
C=C(C)C1CC=C(C2OCC(C)O2)CC1,II,0,,none
Cc1ccc(S)cc1,III,0,,none
CC(Cl)=CCCl,III,1,SA4_Ames;SA8_Ames,III
CCC(CSC(C)=O)(CSC(C)=O)NS(=O)(=O)c1ccc(C)cc1,III,0,,III
O=C(O)CCCCCC(=O)O,I,0,,none
O=C([O-])Cc1ccccc1,I,0,,none
O=C(O)Cc1ccccc1,I,0,,none
CC=CCSC(C(=O)CC(C)C)C(C)C,I,0,,none
CCOC(=O)C(C)(C)CCC=C(C)C,I,0,,none
NS(=O)(=O)[O-].NS(=O)(=O)[O-].[Co+2],III,0,,III
O=C(OCCOc1ccccc1)c1ccccc1,II,0,,none
C/C=C(\OCC)C(=O)OCC,I,0,,none
CCC/C=C1/OC(=O)c2ccccc21,III,0,,none
CCC/C=C1\OC(=O)c2ccccc21,III,0,,none
CCCC=C1OC(=O)c2ccccc21,III,0,,none
CC(O)CC1(C)CCC(C(C)C)C(OC(=O)OC2CC(C)(CC(C)O)CCC2C(C)C)C1,I,0,,none
C=C(CC)CC(CC)CC,I,0,,none
[Al+3].[Mg+2].[O-][Si]([O-])([O-])[O-],III,0,,none
FC(F)(F)C(F)(F)F,III,0,,I
CCOC(CC)OCCC(C)C,I,0,,none
CC1=C(O)C(=O)CC1.CC1CCC(=O)C1=O,III,1,SA10_Ames,none
CC1=C2C[C@H](C(C)(C)O)CC[C@]2(C)CCC1,I,0,,none
CC1=C2C[C@H](C(C)(C)O)CC[C@@]2(C)CCC1,I,0,,none
CC(=O)OC(C)(C)C,I,0,,none
COc1cccc(C=O)c1,I,1,SA11_Ames,none
CCC/C=C/C(OCC)OCC,II,0,,none
CCCC=CC(OCC)OCC,II,0,,none
CC(=O)c1ccncc1,II,0,,none
CCC/C=C/C1OCC(C)O1,II,0,,none
CC(C)(C)S,III,0,,none
COc1cccc(C)c1OC,I,0,,none
CCCCCCCCCCCCS,III,0,,none
CC/C=C\CCOCC=O,III,1,SA11_Ames,none
CC/C=C/CCOCC=O,III,1,SA11_Ames,none
Cc1ccccc1C(O)O.OCC(O)CO,I,0,,none
CCCCCC(OCC)OCC,I,0,,none
C=CCOC(=O)/C=C/C,III,0,,none
COC(Cc1ccccc1)OC,I,0,,none
O=C([O-])CCCCC(=O)[O-],III,0,,none
O=C(O)CCCCC(=O)O,I,0,,none
CC(C)=CCCC(C)=CCC(C)(C)C=O,I,1,SA11_Ames,none
CCC(C)(OC(C)=O)c1ccccc1,I,0,,none
N[C@@H](CCC(=O)[O-])C(=O)[O-].[Mg+2],I,0,,III
Cc1cc(Cl)ccc1OC(C)C(=O)O,III,0,,III
CCCC[C@H]1OC(=O)C[C@H]1C,I,0,,none
CCCC[C@H]1OC(=O)C[C@@H]1C,I,0,,none
CCCCC1OC(=O)CC1C,I,0,,none
CCCC[C@@H]1OC(=O)C[C@@H]1C,I,0,,none
C=C(C)CCCC(C)CCOC(C)=O,I,0,,none
C1COCO1,III,0,,none
O=C1OCc2ccccc21,III,0,,none
COC(=O)C1OC1(C)/C=C/C1C(C)=CCCC1(C)C,III,1,SA7_Ames,none
COC(=O)C1OC1(C)C=CC1C(C)=CCCC1(C)C,III,1,SA7_Ames,none
CC(=O)OC(C)/C=C/C1=C(C)CCCC1(C)C,I,0,,none
CC(=O)OC(C)C=CC1=C(C)CCCC1(C)C,I,0,,none
CC(=O)CC(=O)OCc1ccccc1,I,0,,none
C/C1=C\CC/C(C)=C2\CCC2=CC1.C=C(CC(C)C)C1=C(O)C(CC=C(C)C)=C(O)C(O)(CC=C(C)C)C1=O.CC(C)=CCC1=C(O)C(CC=C(C)C)(CC=C(C)C)C(=O)C(C(=O)CC(C)C)=C1O,III,1,SA10_Ames,none
CCCCCCCCCC(=S)OC,III,0,,none
CC1=C[C@H](O)C2CC1C2(C)C,I,0,,none
CC1=C[C@@H](O)[C@@H]2C[C@H]1C2(C)C,I,0,,none
CC1=CC(O)C2CC1C2(C)C,I,0,,none
CC1=C[C@H](O)[C@H]2C[C@@H]1C2(C)C,I,0,,none
O=C1CCC=C1O,II,1,SA10_Ames,none
CCCCCC/C=C/C#N,III,0,,none
CCCCCC/C=C\C#N,III,0,,none
CCCCCCC=CC#N,III,0,,none
CCCC(=O)CO,I,0,,none
CCCCCCCCCCCCCCCC[N+](C)(C)C.[Cl-],III,0,,III
CCCCC(CC)COC(C)=O,I,0,,none
COC(=O)c1ccc(C(=O)OC)cc1,I,0,,none
N#CI,III,0,,none
C=CCCC(=O)C1=CCCC2(CCCC2)C1,II,1,SA10_Ames,none
CCCCCc1cccnc1,III,0,,none
C[C@@H](CC=O)CCCC(C)(C)O,I,1,SA11_Ames,none
CC(CC=O)CCCC(C)(C)O,I,1,SA11_Ames,none
C[C@H](CC=O)CCCC(C)(C)O,I,1,SA11_Ames,none
CC1=CCC(C(C)C)CC1=O,II,1,SA10_Ames,none
CC1=CC[C@H](C(C)C)CC1=O,II,1,SA10_Ames,none
CCc1cnc(OC)cn1,II,0,,none
CC1=C(CCC(C)O)C(C)(C)CC=C1,I,0,,none
CCCC(C)=CCOC(C)=O,I,0,,none
CCCC(=O)C(CC)SC(C(=O)CC(C)C)C(C)C,I,0,,none
C=CC(C)(C)C(O)C=C(C)C,I,0,,none
C/C=C/SSSC,III,0,,none
CC=CSSSC,III,0,,none
CCCCCCCCCCCCOC=O,I,0,,none
O=C([O-])CC(O)C(=O)[O-].[Na+].[Na+],I,0,,none
COc1c(C=O)c(C)cc2c1C(C)(C)CCC2(C)C,II,1,SA11_Ames,none
CCCc1nccnc1OC,II,0,,none
c1cc(OCC2CO2)cc(OCC2CO2)c1,III,1,SA7_Ames,none
C/C(=C/CCC(C)CCO)C(C)C,I,0,,none
O=C([O-])c1ccccc1,I,0,,none
O=C(O)c1ccccc1,I,0,,none
CC(C)=CCC(CC(C)C)OCC=O,III,1,SA11_Ames,none
OCC(S)CS,I,0,,none
C1CSCSC1,II,0,,none
CCCCS,III,0,,none
COc1ccc([C@@H]2COc3cc(O)ccc3C2=O)c(O)c1,II,0,,none
Cc1cc(SSCCC(C)C)c(C)o1,III,0,,none
CCCCCCCCCCCCCCC(=O)O,I,0,,none
COC(=O)C=C(C)C(=O)OC,I,0,,none
Oc1cccc(O)c1O,I,0,,none
Cc1occ2c1SCC2,III,0,,none
Brc1ccccc1Br,III,0,,III
CSSC,III,0,,none
CCCCC[C@@H](C)CCC(=O)O,I,0,,none
CCCCCC(C)CCC(=O)O,I,0,,none
CCCCC[C@H](C)CCC(=O)O,I,0,,none
CC(C)CCOCCC=O,III,1,SA11_Ames,none
CCC1SSC(CC)S1,I,0,,none
S=P(Cl)(Cl)Cl,III,0,,III
OC[C@H]1O[C@@H](O)[C@H](O)[C@@H](O)[C@@H]1O,I,0,,none
CSCSSc1ccoc1C,III,0,,none
CC1C(O)C=C2CC(C)(C)C=CC21C,I,0,,none
COC(=S)C(C)C,III,0,,none
CCOCOCc1ccc(OC)cc1,III,0,,none
Nc1ccn(C2CCC(CO)O2)c(=O)n1,III,1,SA28_Ames,III
CCCCCCC(=O)OC1CCCCC1,I,0,,none
C=CCCCCN=C=S,III,1,SA15_Ames,none
CCC(C)CCCC(C)(C)O,I,0,,none
CCCCCOC(=O)CCCCC,I,0,,none
C=C1CC[C@H](C(C)C)[C@H]2C=C(C)CC[C@@H]12,I,0,,none
C=C1CC[C@H](C(C)C)[C@H]2C=C(C)CC[C@H]12,I,0,,none
C=C1CCC(C(C)C)C2C=C(C)CCC12,I,0,,none
C=C1CC[C@H](C(C)C)C2C=C(C)CCC12,I,0,,none
C=C1CC[C@@H](C(C)C)[C@@H]2C=C(C)CC[C@H]12,I,0,,none
CC/C(C)=C(/C)C(C)=O,II,1,SA10_Ames,none
OCCc1ccccc1,I,0,,none
CCC(C)Cn1cccc1,III,0,,none
COC(=O)CC(C)=O,I,0,,none
COc1ccc(/C=C/C(C)=O)cc1,II,0,,none
COc1ccc(C=CC(C)=O)cc1,II,0,,none
CCCC1OCC(C)O1,I,0,,none
O.O.O.O.O.O.O.O=S(=O)([O-])[O-].[Mg+2],III,0,,none
CCC/C=C\CCC(=O)OCC,I,0,,none
CCC/C=C/CCC(=O)OCC,I,0,,none
Cc1ccc(F)cc1,III,0,,III
[Cl-].[Hg+2].[NH2-],III,0,,III
NCCN1CCCC1,III,0,,III
CCCCCCCCCC(C)(O)c1ccccc1,II,0,,none
CC1=CC[C@@](O)(C(C)C)CC1,I,0,,none
CC1=CC[C@](O)(C(C)C)CC1,I,0,,none
CC1=CCC(O)(C(C)C)CC1,I,0,,none
Cc1ccc(Cl)cc1N,III,1,SA28_Ames,III
CC1(C)C(=O)N(CO)C(=O)N1CO,III,1,SA3_Ames,II
C=O,III,0,,mutagen
CCCCC(=O)CCCC,I,0,,none
N#CCCO,III,0,,none
C=CCCCCCCCCC(=O)OCCC,I,0,,none
ClCCCl,III,1,SA8_Ames,III
CCOC(=O)CC(SP(=O)(OC)OC)C(=O)OCC,III,0,,none
CC1CC(OC(=O)c2ccccc2O)CC(C)(C)C1,I,0,,none
CC/C=C(\C)C(O)CCCCC,I,0,,none
CCCCOC(OCCCC)c1ccccc1,I,0,,none
C/C=C/C=C\C(=O)O,I,0,,none
C/C=C/C=C/C(=O)O,I,0,,none
CC=CC=CC(=O)O,I,0,,none
COc1ccccc1CCN,III,0,,III
CCOc1ccc(C)cc1,I,0,,none
C=C1CC[C@H]2C[C@@H]1C2(C)C,I,0,,none
C=C1CC[C@@H]2C[C@H]1C2(C)C,I,0,,none
C=C1CCC2CC1C2(C)C,I,0,,none
C/C=C/C(=O)CCCCC,II,1,SA10_Ames,none
CC=CC(=O)CCCCC,II,1,SA10_Ames,none
N[C@@H](Cc1ccc(O)c(O)c1)C(=O)O,III,0,,III
NC(Cc1ccc(O)c(O)c1)C(=O)O,III,0,,III
N[C@H](Cc1ccc(O)c(O)c1)C(=O)O,III,0,,III
C/C=C(\C)C(=O)OCC=C(C)C,I,0,,none
FB(F)F,III,0,,III
CC(C)=CCC/C(C)=C/C=O,II,1,SA10_Ames,none
CC(C)=CCCC(C)=CC=O,II,1,SA10_Ames,none
CC(C)=CCC/C(C)=C\C=O,II,1,SA10_Ames,none
C=C(C)[C@@H]1CCC2=CC(=O)C[C@@H](C)[C@]2(C)C1,II,1,SA10_Ames,none
C=C(C)[C@H]1CCC2=CC(=O)C[C@H](C)[C@@]2(C)C1,II,1,SA10_Ames,none
C=C(C)C1CCC2=CC(=O)CC(C)C2(C)C1,II,1,SA10_Ames,none
CC(CC=O)CC(C)(C)C,I,1,SA11_Ames,none
CCCCCCCC(=O)CCCC(=O)O,I,0,,none
O=C1OCCCCCCCCCCCCO1,III,0,,none
CCCCC/C=C\C/C=C\CCCCCCCC(=O)OC,I,0,,none
CC(C)=CCCC(C)C1(O)CC=C(C)CC1,III,0,,none
CC(C)c1ccc(C=O)cc1,I,1,SA11_Ames,none
COC(=O)[C@H]1[C@H]2C[C@@H]3c4[nH]c5cc(OC)ccc5c4CCN3C[C@H]2C[C@@H](OC(=O)c2cc(OC)c(OC)c(OC)c2)[C@@H]1OC.NNc1nncc2ccccc12,III,1,SA13_Ames,III
C=C(C)C1CC=C(COC(C)=O)CC1,I,0,,none
CC1(O)CCOC2(CCCCC2)C1,II,0,,none
CCCCC1OCC(C)O1,I,0,,none
Nc1ccc(C(=O)O)c(O)c1,III,1,SA28_Ames,III
CCCCC=COC(=O)C(C)C,III,1,SA24_Ames,none
CCC1C(=O)OC2CCCCC21,I,0,,none
NCCCO,I,0,,III
CCCCCCC=Nc1ccccc1C(=O)OC,III,0,,none
CCCCCCCCCCCCCCCCOC(=O)C(C)O,I,0,,none
C=CC/C=C/CCC(=O)OC,I,0,,none
CC1=CC[C@@H](C(C)(C)O)CC1,I,0,,none
CC1=CCC(C(C)(C)O)CC1,I,0,,none
CC1=CC[C@H](C(C)(C)O)CC1,I,0,,none
CC(C)(C)C(=O)C(Oc1ccc(Cl)cc1)n1cncn1,III,0,,III
CC(=O)C1(C)CCCC1,I,0,,none
CC(C)SSSC(C)C,III,0,,none
CC/C=C/CCOC(=O)CCC(C)=O,III,0,,none
C=CC1(C)CCC(COC(C)=O)C(C)(C)C1C(=C)C,I,0,,none
OCc1ccccc1,I,0,,none
SC1CCCC1,III,0,,none
C1CCC(C2CCCCC2)CC1,I,0,,none
CSc1ncc(C)nc1C,II,0,,none
CN1CC[C@]23c4c5ccc(O)c4O[C@H]2C(=O)CC[C@H]3[C@H]1C5,III,0,,II
CCC1(C)CC(=O)C(C)=C(C)C1C,II,1,SA10_Ames,none
CCCCCCCCC#CC(=O)OCC,III,0,,none
CCCCCCCCC(=O)OC/C=C(\C)CCC=C(C)C,I,0,,none
C=C1[C@H]2C[C@H]([C@H]3CC=C(C)[C@H]32)[C@H]1OC(C)=O,II,0,,none
CC(C)CCCCCCCCCCCCCCC(=O)OCC(O)COCC(O)CO,III,0,,none
CC(C)OC(=O)C(C)C,I,0,,none
CCCCCCCCOC(=O)c1ccco1,II,0,,none
Cc1cnc(C)s1,II,0,,none
CC(C)=CCCC(C)CCOC(=O)CCl,III,1,SA8_Ames,III
CC/C=C\C/C=C\C/C=C\CCCCCCCC(=O)O.CCCCC/C=C\C/C=C\CCCCCCCC(=O)O,I,0,,none
CCCCCCCCCCOC(=O)CCCCCCC,I,0,,none
COC(=O)c1ccccc1C,I,0,,none
CC1CC(C)c2nccnc21,III,0,,none
CC(C)C1OC(C)(C)OCC1(C)C,I,0,,none
CC(C)CC(C)O,I,0,,none
CCC1=CCC(=O)O1,I,0,,none
Cc1cnc(C)c(CCC(C)C)n1,III,0,,none
CCCCCCCCCOC(=O)CCCCCCCC,I,0,,none
Oc1cc(Cl)cc(Cl)c1Cl,III,0,,III
C/C(=C\c1ccc(C)cc1)CO,I,0,,none
CCCCCCCC=C1CCCC1=O,III,1,SA10_Ames,none
Cc1ccccc1C(C)C,I,0,,none
CC1C=Cc2nccnc21,III,0,,none
CCCCCCCCCCCCCCCCCC(=O)NCCCN(C)C,I,0,,II
CC(=O)CSCc1ccco1,III,0,,none
C#C[C@@]1(O)CC[C@@H]2[C@H]3CCC4=CC(=O)CC[C@H]4[C@@H]3CC[C@]21CC,III,1,SA10_Ames,none
C#C[C@]1(O)CC[C@H]2[C@@H]3CCC4=CC(=O)CC[C@@H]4[C@H]3CC[C@@]21CC,III,1,SA10_Ames,none
CCCCCCCC(=O)O,I,0,,none
CC1CCC(C(C)C)C(C(=O)NCCc2ccccn2)C1,III,0,,none
CCCCCCC/C=C/C(=O)O,I,0,,none
CCCCCCC/C=C\C(=O)O,I,0,,none
CCCCCCCC=CC(=O)O,I,0,,none
CC(=O)c1c(C)c([N+](=O)[O-])c(C(C)(C)C)c([N+](=O)[O-])c1C,III,0,,II
CCSC,I,0,,none
CC(=O)/C=C1/CC[C@H]2C(C)(C)[C@@H]3C[C@]12CC[C@H]3C,II,1,SA10_Ames,none
CC=CC(=S)OCC,III,0,,none
Cc1ccc(S(=O)(=O)OC2CC3CCC2C3)cc1,III,0,,none
CCCCCCC(=O)OCc1ccc(OC)cc1,I,0,,none
CCCCCCCCCOCCCCCCC,III,0,,none
O=C([O-])c1ccccc1.[Na+],I,0,,none
Oc1ccc(Cl)cc1,III,0,,III
CC1=CC[C@]2(C)CCCC(C)(C)[C@@]23C[C@@H]13,I,0,,none
CC#CC#CCc1ccccc1,II,0,,none
O=C(Nc1ccccc1C(=O)O)c1ccccc1,III,0,,none
COc1ccc(C)cc1N,III,1,SA28_Ames,III
CCCCCCN=C=S,III,1,SA15_Ames,none
OCC(CO)(CO)CO,I,0,,none
CCOC(=O)C(=O)OCC,I,0,,none
C=CCc1ccc2c(c1)OCC(=O)CO2,II,1,SA38_Ames,none
O=C(Nc1ccccc1-c1ccc(Cl)cc1)c1cccnc1Cl,III,0,,III
CC(C)CC(C)(C#N)N=NC(C)(C#N)CC(C)C,III,1,SA14_Ames,none
CCOC(=O)[C@@](NCc1ccc2c(c1)OCO2)(NC(=O)c1ccccc1)C(F)(F)F,III,0,,I
CC(=O)c1cccs1,III,0,,none
Nc1cnn(-c2ccccc2)c(=O)c1Cl,III,1,SA28_Ames,III
COc1ccccc1CO,I,0,,none
CCOP(=O)(OCC)Oc1ccc([N+](=O)[O-])cc1,III,1,SA27_Ames;SA2_Ames,II
CC(C)CC=NCCC(C)C,III,0,,none
CCCC/C=C/CCCCO,I,0,,none
CCCC/C=C\CCCCO,I,0,,none
CCCC(=O)OCCCOc1ccccc1,III,0,,none
CC(O)Cc1ccccc1,I,0,,none
CC1=CCC(C)C(C)C12C=CC(C)O2,II,0,,none
CCO[C@@H]1O[C@H](CO)[C@@H](O)[C@H](O)[C@H]1O,I,0,,none
C1CCOC1,II,0,,none
CCC(=O)OC(=O)CC,I,0,,III
Nc1nc(=S)c2[nH]cnc2[nH]1,III,1,SA28_Ames,III
CC(C)CC(=O)OC(C)c1ccccc1,I,0,,none
CC(=O)[O-].CC(=O)[O-].CC(=O)[O-].[Cr+3],III,0,,none
CC(=O)[C@H]1C[C@H]2[C@@H](C[C@H]2C)[C@H](C)CC/C=C/1C,I,0,,none
C[C@H]1[C@H](NC(=O)/C(=N/OC(C)(C)C(=O)O)c2csc(N)n2)C(=O)N1S(=O)(=O)O,III,1,SA28_Ames,III
CCCCCC=C1CCCC1=O,II,1,SA10_Ames,none
CCCCCCCC(CC=O)SC,I,1,SA11_Ames,none
C=C(O)C(C)CCCC(C)C,I,0,,none
CC(=O)c1cc(C(C)(C)C)cc(C(C)(C)C)c1,I,0,,none
CC(C)=CCCC(C)CCOC(=O)CC(C)C,I,0,,none
COc1ccc(C=O)c(O)c1,I,1,SA11_Ames,none
CCCCCOC(=O)CCCCCCCCC(=O)OCCCCC,I,0,,none
CCCCC/C=C\CCCCCCC=O,I,1,SA11_Ames,none
[Al],III,0,,none
FC(F)(F)C(Cl)C(F)(F)Cl,III,1,SA8_Ames,I
CCC(=O)OCCC(C)C,I,0,,none
CCCCCCOC(=O)CCC,I,0,,none
CC(C)CCOC(=O)C=Cc1ccco1,II,0,,none
CCC1CCCCC1C,I,0,,none
CCC(CC)C(=O)N(C)c1cccc(C)c1,III,0,,II
O=[N+]([O-])CCc1ccccc1,III,0,,II
CCCc1nccnc1C,II,0,,none
CCCCCCCCOC(=O)CCCCCC,I,0,,none
Cc1ccc(Cl)c(O)c1C,III,0,,III
CCCCCCC(O)S,I,0,,none
CCC(=O)O,I,0,,none
CCCCCCCCCCCc1ccccc1,II,0,,none
CC(C)=CCC/C(C)=C1\CC=C(C)CC1,I,0,,none
CC(C)=CCC/C(C)=C1/CC=C(C)CC1,I,0,,none
CC(C)=CCCC(C)=C1CC=C(C)CC1,I,0,,none
c1ccc(-c2nc3ccccc3s2)cc1,III,0,,none
CCOC(=O)c1cccnc1,II,0,,none
CCOc1cncc(C)n1,II,0,,none
C1CCC(NC2CCCCC2)CC1,III,0,,III
Cl[Cr]Cl,III,0,,III
C=CC(CCC)OC(C)=O,II,0,,none
CCCCCC(=O)C(C)=O,III,0,,none
CCOCC.Cc1ccc(C(C)C)c(O)c1,III,0,,none
CC1=CC(O)C[C@@H](C)[C@]12CCC(=C(C)C)C2,I,0,,none
C1=CC2C(C1)C1CC2C2C3C=CC(C3)C12,III,0,,none
OC1CCCC1,I,0,,none
CC(C)[C@@H]1CC[C@H](C)C[C@H]1OCC(C)(O)CO,III,0,,none
CC(C)[C@@H]1CC[C@@H](C)C[C@H]1OCC(C)(O)CO,III,0,,none
C=C(C)C1CC=C(C=NO)CC1,III,0,,none
C=C(C)COC(=O)CC,I,0,,none
C=C1CC2CCC1C2(C)C,I,0,,none
CCCCCCCCCOC(=O)CCCCCC,I,0,,none
CCc1cccc(CC)c1N(COC)C(=O)CCl,III,1,SA8_Ames,III
C=CC(C)(O)CC/C=C(\C)CCC/C=C/C(=C)C,I,0,,none
C=C(C)c1ccc(OC)cc1,I,0,,none
CCCCC(OCC)OCC,I,0,,none
C=CCOC(=O)COCCC(C)C,III,0,,none
CCCCCCCCCCCCCCC(C)=O,I,0,,none
CCCCC/C=C/C/C=C/C=O,II,1,SA10_Ames,none
COC(C)OC(C)OCc1ccccc1,I,0,,none
CC(C)(C)c1ccc2c(c1)CCCC2,II,0,,none
c1cnc2c(n1)CCCC2,III,0,,none
COc1cc(C2C3=C(CCCC3=O)Nc3[nH]c(SC(C)C)nc(=O)c32)cc(OC)c1OC,III,1,SA10_Ames,III
O=C(O)CNCP(=O)(O)O,III,0,,III
C/C=C(\C)C(=O)OCC(C)C,I,0,,none
C/C=C(/C)C(=O)OCC(C)C,I,0,,none
CCCCCCCC(=O)CCO,I,0,,none
CCCCC(=O)Oc1ccc(C)cc1,I,0,,none
COc1ccc(C#N)cc1,III,0,,none
C/C(=C\C=O)CCC1CC1(C)C,II,1,SA10_Ames,none
C/C(=C/C=O)CCC1CC1(C)C,II,1,SA10_Ames,none
CCCCCC(=O)OC(C)c1ccccc1,I,0,,none
CC(=O)OCC(C)Cc1ccc(C(C)C)cc1,I,0,,none
CC(C)CCCCCCCCCCCCCCC(=O)O,I,0,,none
CCCCCCCCCC(=O)OCCC(C)C,I,0,,none
C/C=C\C(=O)OCC(C)C,I,0,,none
C/C=C/C(=O)OCC(C)C,I,0,,none
CC=CC(=O)OCC(C)C,I,0,,none
N=C(N)c1ccc(OCCCCCOc2ccc(C(=N)N)cc2)cc1,III,0,,III
C1CCCCC1,I,0,,none
CC1=CCC2(CC1)C(C)CCC2C(C)(C)O,I,0,,none
CC1=CC[C@@]2(CC1)[C@H](C)CC[C@H]2C(C)(C)O,I,0,,none
CCOC(=O)[C@@H](Cc1ccccc1)C(C)=O,I,0,,none
CCOC(=O)C(Cc1ccccc1)C(C)=O,I,0,,none
CCCc1ccc(OCC)c(O)c1,I,0,,none
CC/C=C\CC(=O)OC,I,0,,none
CC/C=C/CC(=O)OC,I,0,,none
CCCCCCCOC=O,I,0,,none
CC(=O)O[Hg]c1ccccc1,III,0,,none
CC(O)C(C)C(C)C(C)C(C)(C)C,I,0,,none
Oc1cc(Cl)ccc1Oc1ccc(Cl)cc1Cl,III,0,,III
CNC(=O)Oc1cccc2c1OC(C)(C)O2,III,0,,none
CC=CCc1ccc(OC)cc1,III,1,SA38_Ames,none
C/C=C/C(=O)C1C(C)C=CCC1(C)C,II,1,SA10_Ames,none
C/C=C/C(=O)[C@@H]1[C@@H](C)C=CCC1(C)C,II,1,SA10_Ames,none
CC=CC(=O)C1C(C)C=CCC1(C)C,II,1,SA10_Ames,none
CCOC(C)=O,I,0,,none
CCSSSC,III,0,,none
CCC(Cl)[N+](=O)[O-],III,1,SA8_Ames,III
ClC(Cl)(Cl)c1ccccc1,III,0,,III
CCNC(=O)NC(=O)C(C#N)=NOC,III,0,,none
CCNC(=O)NC(=O)/C(C#N)=N/OC,III,0,,none
CC(C)(C)c1ccc(O)c(O)c1,I,0,,none
CC1CCC(C(C)C)C(OC=O)C1,I,0,,none
O=CCOc1ccccc1,III,1,SA11_Ames,none
CC(C)OC(=O)CCCCCCCCC(=O)OC(C)C,I,0,,none
NCCCN,I,0,,III
Cc1cc(SC(=O)CC(C)C)c(C)o1,III,0,,none
CC(=O)OCCC(C)CCCC(C)C,I,0,,none
COC/C(C)=C\CCC(C)CC=O,I,1,SA11_Ames,none
O=C1CCCCCCCCC(=O)OCCO1,I,0,,none
CCCCCCCCCCCCCO,I,0,,none
CC1OCC2(CC=CCC2C)CO1,I,0,,none
Oc1c(Cl)ccc(Cl)c1Cl,III,0,,III
CCCC(CCC)C(=O)OC1C[C@H]2CC[C@@H](C1)[N+]2(C)C,III,0,,none
C=C(C)C(=S)OCCCC,III,0,,none
CCCCC(=O)Cl,III,1,SA1_Ames,III
CCC(C)(O)c1ccccc1,I,0,,none
CCCCCCCCCCCCCCC=O,I,1,SA11_Ames,none
CC1=CC(C)C(CO)CC1,I,0,,none
C=C/C=C/CCC(O)C(C)(C)C,I,0,,none
CC1=CC=CC(C)(C)C12CC(=O)C(C)O2,II,0,,none
C[C@H]1C(c2ccc(Cl)cc2)SC(=O)N1C(=O)NC1CCCCC1,III,0,,III
CC/C=C\C=C/C=C\C=O,II,1,SA10_Ames,none
CCC=CC=CC=CC=O,II,1,SA10_Ames,none
Nc1nc(=O)n([C@H]2O[C@@H](CO)[C@H](O)[C@@H]2Cl)cc1I,III,1,SA28_Ames,III
CC1=NC(C)OC1,II,0,,none
CN1CC[C@]23c4c5ccc(O)c4O[C@H]2C(=O)CC[C@H]3[C@H]1C5.Cl,III,0,,III
CCC(C)COC(C)=O,I,0,,none
CNc1ccccc1C(=O)OCCc1ccccc1,III,1,SA28bis_Ames,III
CCOCCCO,I,0,,none
CC(=CCC(C)C=O)C(C)C,I,1,SA11_Ames,none
C/C(=C\CC(C)C=O)C(C)C,I,1,SA11_Ames,none
COc1cccc(C(=O)O)c1,I,0,,none
CC(=O)CC(=O)OCCC(C)C,I,0,,none
CC(=O)Nc1ccc(-c2cc(N)n[nH]2)cc1,III,1,SA28_Ames;SA28ter_Ames,III
CCCCOc1ccc(C=O)cc1,III,1,SA11_Ames,none
O=P(Cl)(Cl)Cl,III,0,,III
CCOC(COc1ccc2ccccc2c1)OCC,III,0,,none
CC(=O)O[C@@H]1C[C@H](C)CC[C@H]1C(C)C,I,0,,none
CC(=O)OC1CC(C)CCC1C(C)C,I,0,,none
CC(=O)O[C@H]1C[C@H](C)CC[C@H]1C(C)C,I,0,,none
COc1cccc(/C=C/C=O)c1,II,0,,none
C=CC1(C)CCC(C(=C)C)O1,II,0,,none
CCCCCC(C(C)=O)C(=O)OCC,I,0,,none
CC(C)CCOC(=O)CC(C)C,I,0,,none
CC(=CC=O)CCC=C(C)CCC(C)C,II,1,SA10_Ames,none
CCCCCCCCCCCCCCCC(=O)OCC,I,0,,none
CCCCCCCCCCCCCCC(=O)OC,I,0,,none
CC(=O)/C=C/c1ccc2c(c1)OCO2,III,0,,none
CC1CCCCCCCCCCCCCC1=O,II,0,,none
Cl[Ti](Cl)(Cl)Cl,III,0,,III
Nc1c2ccccc2nc2ccccc12,III,1,SA19_Ames;SA28_Ames,III
CC/C=C\CCOC=O,I,0,,none
CC/C=C/CCOC=O,I,0,,none
CCC=CCCOC=O,I,0,,none
CC/C=C\CCCCCO,I,0,,none
CCC=CCCCCCO,I,0,,none
O=C([O-])CC([S-])C(=O)[O-].[Au+],III,0,,none
O=C(O)CC([S-])C(=O)O.[Au+],III,0,,none
CCCCSCC,I,0,,none
CCOC(=O)C(C)(C)Cc1ccccc1,I,0,,none
C=C(C)C1CCC(C)CC1C(=O)NCC,I,0,,none
CCCCCCCC(=O)CC,I,0,,none
CCOC(C)OC/C=C(\C)CCC=C(C)C,I,0,,none
C=C/C(C)=C/CCC(=C)C,I,0,,none
C=COC,I,1,SA24_Ames,none
COCCl,III,1,SA8_Ames,III
C/C=C(/C)C(=O)OCCCCC,I,0,,none
C/C=C(\C)C(=O)OCCCCC,I,0,,none
CC(C)C1=CCC(C)(O)CC1,I,0,,none
CCCCCCCC=CO,III,0,,none
COc1cccc(CCN)c1OC,III,0,,III
CC=Cc1cc(OC)c2c(c1OC)OCO2,III,0,,none
CC(=O)OC1CCC2CCCCC2C1,I,0,,none
Clc1cc(Cl)cc(Cl)c1,III,0,,III
CCCCCC[C@@H](O)C/C=C\CCCCCCCC(=O)OC,I,0,,none
CCCCC(=O)c1ccccc1,I,0,,none
CON(C)C(=O)Nc1ccc(Cl)c(Cl)c1,III,0,,III
Nc1ccc([As](=O)(O)O)cc1,III,1,SA28_Ames,III
C=C1CCC(C)C(C)(C)C1CCC(C)=O,I,0,,none
CC(C)OC(=O)c1ccccc1N,III,1,SA28_Ames,III
CCCOC(C)OCC,I,0,,none
[Ar],III,0,,none
CCCCCCCC(=O)OCCC(C)C,I,0,,none
CC(C)CCOC=O,I,0,,none
O=[N+]([O-])c1ccc(C(F)(F)F)cc1,III,1,SA27_Ames,I
CCCCC/C=C\CCC(=O)O,I,0,,none
CCCCCC=CCCC(=O)O,I,0,,none
CCCCC/C=C/CCC(=O)O,I,0,,none
CCCCCC(CO)C(C)=O,I,0,,none
CC(=O)OC(CC(C)C)CC(C)C,I,0,,none
COCCOC(C)=O,I,0,,none
CC(=O)[C@H](C)S,I,0,,none
CC(=O)C(C)S,I,0,,none
O=[Zn],III,0,,none
Cc1ccc(C(C)(C)O)cc1,I,0,,none
CC(=O)CO,I,0,,none
CCSSC,III,0,,none
Cc1cccc(C2OCC(CO)O2)c1,I,0,,none
CC(C)CC(CCCC(=O)O)(CC(C)C)C(=O)O,I,0,,none
O,III,0,,none
[2H]O[2H],III,0,,none
I,III,0,,none
CC1=CCCC(C)(C)C1C/C(C)=C(\C)C=O,II,1,SA10_Ames,none
CCCCCCCCOC(=O)CCCCCCCC,I,0,,none
CC(S)CCS,III,0,,none
C=C(C)[C@H]1CC=C(C)CC1,I,0,,none
C=C(C)[C@@H]1CC=C(C)CC1,I,0,,none
C=C(C)C1CC=C(C)CC1,I,0,,none
O=C(O)CCc1ccccc1,I,0,,none
COC(=O)Cl,III,1,SA1_Ames,III
CCC(C)(CCCC(C)C=O)OC,I,1,SA11_Ames,none
CC/C=C\CC1=C(C)CCC1=O,II,1,SA10_Ames,none
CC/C=C/CC1=C(C)CCC1=O,II,1,SA10_Ames,none
CCC=CCC1=C(C)CCC1=O,II,1,SA10_Ames,none
CC(C)(OOC(C)(C)c1ccccc1)c1ccccc1,III,0,,none
COc1ccc(C2OC(C)C(C)O2)cc1,III,0,,none
C=CC(C)(CC=C(C)C)C(=O)OC,I,0,,none
CCCCCCCCCC#CC(=O)OC,III,0,,none
CC1=CC(S)CS1,II,0,,none
CN(C)C(=O)Nc1ccc(Cl)c(Cl)c1,III,0,,III
CCCCCCCCCC(C)O,I,0,,none
Cc1c([N+](=O)[O-])c(C)c([N+](=O)[O-])c(C(C)(C)C)c1[N+](=O)[O-],III,0,,II
O=[Cr](=O)([O-])[O-].[K+].[K+],III,0,,none
CC(C)C(O)CCc1ccccc1,I,0,,none
CC1(C)CSSC1=O,III,0,,none
CCCCCCC(=O)OC,I,0,,none
COC(C)OC(=O)c1ccccc1,I,0,,none
O=C(O)c1ccccc1C(=O)O,I,0,,none
CC(C)=CCCc1ccoc1,III,0,,none
C=CCOC(Cc1ccccc1)OCC=C,III,0,,none
Cc1cn(C2C=CC(CO)O2)c(=O)[nH]c1=O,III,0,,II
CCCC(C)=O,I,0,,none
C=C(C)C1=CC=C(C)CC1,I,0,,none
CC#CC,III,0,,none
CCCCCCCCCC=COC(C)=O,III,1,SA24_Ames,none
CCCCCCC1OC(=O)CC1C,I,0,,none
COCCO,I,0,,none
C=CCSSC,III,0,,none
NCCS(=O)(=O)O,III,0,,III
CCOC,I,0,,none
CCCCOC(=O)C(C)S,I,0,,none
CCC1CCC(C)NC1,II,0,,III
C[C@]12C=CC(=O)C=C1CC[C@@H]1[C@@H]2C(=O)C[C@@]2(C)[C@H]1CC[C@]2(O)C(=O)CO,III,1,SA10_Ames,none
CC(C)COc1ccc2ccccc2c1,III,0,,none
CC(C)Cc1c[nH]c2ccccc12,II,0,,none
CCOC(CC(C)CCCC(C)(C)O)OCC,I,0,,none
CC(C)CCCC(C)CCCC(C)CCCC(C)C,I,0,,none
Cc1ccc2c(c1)CCCN2,II,0,,III
CC1CCC2CC1C2(C)C,I,0,,none
C[C@@H]1CC[C@H]2C[C@@H]1C2(C)C,I,0,,none
C[Pb](C)(C)C,III,0,,none
CSCCCOC(=O)CC(C)C,I,0,,none
Cc1ccc(C(C)(C)C)c(O)c1,I,0,,none
CC(=O)OCC1C=CC(C(C)C)=CC1,I,0,,none
NC(=O)/N=N/C(N)=O,III,1,SA14_Ames,II
NC(=O)N=NC(N)=O,III,1,SA14_Ames,II
CCCCCCCCC(C)C#N,III,0,,none
Cc1occc(=O)c1O,II,0,,none
COc1ccc(COC=O)cc1,I,0,,none
O=C(O)c1ccc(S(=O)(=O)N(Cl)Cl)cc1,III,0,,III
FC(F)F,III,0,,I
C=C(C)C1CC(=O)C(C)=C(O)C1,II,1,SA10_Ames,none
NC(=O)NC(=O)Cc1ccccc1,III,0,,II
CC/C=C\CCOC(=O)CCCC,I,0,,none
CC/C=C/CCOC(=O)CCCC,I,0,,none
CCC=CCCOC(=O)CCCC,I,0,,none
OCc1ccco1,II,0,,none
C=CCC(O)/C=C/CCCCC,I,0,,none
C=CCC(O)C=CCCCCC,I,0,,none
CC(=O)OC(C)(C)c1ccccc1,I,0,,none
CC/C=C\CC1CCCC(=O)O1,I,0,,none
CC/C=C/CC1CCCC(=O)O1,I,0,,none
CCCCCCCCCCC(=O)OC,I,0,,none
CCc1scnc1C,II,0,,none
CCCCCCCC1CC=CC(=O)O1,I,0,,none
CSCCCCC#N,III,0,,none
COc1ccncc1,II,0,,none
CCCCCCCCCC(=O)OCCC(C)CCC=C(C)C,I,0,,none
CC(C)COC(CC(C)C)OCC(C)C,I,0,,none
CC(C)CC(=O)OC(C)CCc1ccccc1,I,0,,none
Cc1noc(C)c1Cn1cc(N2C(=O)N(Cc3cccc(O)c3)C(C)(C)C2=O)cn1,III,0,,II
CSCOCCCCC1(OCSC)C[C-]2[CH-][CH-][CH-][CH-][C-]21.[C-]#[O+].[C-]#[O+].[C-]#[O+].[Cr+6],III,0,,none
CCCC(=O)OCCC(C)CCC=C(C)C,I,0,,none
Cc1cccs1,III,0,,none
CCC(=O)OC1C(C)CCC1C(C)C,I,0,,none
C=CC(CC=O)c1ccccc1,I,1,SA11_Ames;SA38_Ames,none
O=[N+]([O-])c1c(Cl)c(Cl)cc(Cl)c1Cl,III,0,,III
CC1SC(C)SC(C)S1,II,0,,none
C[C@H](O)C(=O)Nc1c(I)c(C(=O)NC(CO)CO)c(I)c(C(=O)NC(CO)CO)c1I,III,0,,none
N#Cc1ccccc1C#N,III,0,,none
CC1=CCC(C(C)(C)OC(=O)CC(C)C)CC1,I,0,,none
CC1CCSC(C)S1,II,0,,none
Nc1[nH]c(=O)ncc1F,III,1,SA28_Ames,III
C=CCOC(=O)CC,III,0,,none
O=C1CCCCCCCCCCCC(=O)OCCO1,I,0,,none
O=C(O)c1ccc(Cl)cc1,III,0,,III
O=C([O-])[C@@H]1[C@H](C(=O)[O-])[C@H]2CC[C@@H]1O2.[Na+].[Na+],II,0,,none
O=C([O-])C1C2CCC(O2)C1C(=O)[O-].[Na+].[Na+],II,0,,none
CC(=O)OC1CC2CCC1(C)OC2(C)C,II,0,,none
CC(C)=CCSC(=O)CC(C)C,III,0,,none
COC1CCCC(C2CC3CCC2(C)C3(C)C)C1O,III,0,,none
COc1cc(C(OC(C)=O)OC(C)=O)ccc1O,I,0,,none
CCOc1cc(C=O)ccc1OC(C)=O,I,1,SA11_Ames,none
CC(=O)c1ccc2ccccc2c1,III,0,,none
c1ccc2nccnc2c1,III,0,,none
CCCCCCCC/C=C\CCCCCCCC(=O)OCCCCCCC,I,0,,none
CCC(=CCC(C)CCO)CC,I,0,,none
CCCCOC(=O)c1ccccc1,I,0,,none
CC(O)CC(=O)OC1CC(C)CCC1C(C)C,I,0,,none
C=CC(C)CCCC(C)(C)O,I,0,,none
CC1=CC(=O)CC1C,II,1,SA10_Ames,none
NC(N)=O,III,0,,II
CC(C)c1cc2ccccc2[nH]1,III,0,,none
CC(C)C1CCCCC1.CCO,I,0,,none
CCCCCC(=O)OCCOCCOC(=O)CCCCC,III,0,,none
ClC=C(Cl)Cl,III,0,,III
Cc1ncc2c(n1)CSC2,III,0,,none
CCCCCCCCCCC(C)O,I,0,,none
O=C(CS)OCc1ccccc1,I,0,,none
COC(=O)CCCC(=O)OC,I,0,,none
CCCCCC/C(C=Nc1ccccc1C(=O)OC)=C\c1ccccc1,III,0,,none
CCCCCCC(C=Nc1ccccc1C(=O)OC)=Cc1ccccc1,III,0,,none
COCCOC,I,0,,none
O=S(=O)(O)Cl,III,0,,III
CCCCCCCCCCC(C(C)=O)C(=O)OCC,I,0,,none
CCOC(=O)c1ccc(OC)cc1O,I,0,,none
CCC1=C(C)C(=O)CC(C)C1CC,II,1,SA10_Ames,none
N.O=C1NS(=O)(=O)c2ccccc21,III,0,,II
Cc1c([N+](=O)[O-])cccc1[N+](=O)[O-],III,1,SA27_Ames,II
CSSCCC(C)C,III,0,,none
Nc1ncnc2c1ncn2[C@@H]1O[C@H](COP(=O)(O)OP(=O)(O)O)[C@@H](O)[C@H]1O,III,1,SA28_Ames,III
C=COC(C)=O,III,1,SA24_Ames,none
C=CF,III,1,SA4_Ames,III
CC1=CCC23C1[C@@H]2[C@@H](C(C)C)CC[C@@H]3C,I,0,,none
CC1=CC[C@@]23[C@@H]([C@@H]12)[C@H](C(C)C)CC[C@H]3C,I,0,,none
CC1=CCC23[C@@H]([C@@H]12)[C@H](C(C)C)CC[C@H]3C,I,0,,none
CC1=CCC23C(C)CCC(C(C)C)C2C13,I,0,,none
CCCCCCCCCCCCCCCC(=O)OC(C)C,I,0,,none
CC(C)CCCCCCCCCCO,I,0,,none
N[C@@H](CS)C(=O)O,I,0,,III
NC(CS)C(=O)O,I,0,,III
CC(=O)OCCCCOC(C)=O,III,0,,none
CCCCCCCCC(CO)CCCCCC,II,0,,none
CCCCOC(=O)CCC,I,0,,none
Cc1cccc2c1C(C)C(=O)O2,I,0,,none
NCCCN1CCN(CCCN)CC1,III,0,,III
CCCCCCC(CCOC(C)=O)OC(C)=O,I,0,,none
CCCC(=O)C(C)(O)C(=O)OCC,I,0,,none
COCCC(C)(C)S,I,0,,none
C=C(CCO)CCCC(C)C,I,0,,none
C=CC(C)(O)CCC=C(C)CC(C)C,I,0,,none
CCC12CCC(C1)C(C1(O)CCCCC1)C2,I,0,,none
C=CC1(C)C=CC(C(C)C)CC1C(=C)C,I,0,,none
CCCCCC(=O)OCCC(C)C,I,0,,none
CCCCCC(=O)OC(C)CC,I,0,,none
C=C[C@](C)(O)CC[C@@H]1[C@@]2(C)CCCC(C)(C)C2CC[C@@]1(C)O,I,0,,none
C=C[C@](C)(O)CC[C@@H]1[C@@]2(C)CCCC(C)(C)[C@@H]2CC[C@@]1(C)O,I,0,,none
C[C@]12C=CC(=O)C=C1CC[C@@H]1[C@@H]2CC[C@@]2(C)[C@H]1CC[C@]2(C)O,III,1,SA10_Ames,none
CC(=O)c1c(C)cc(C)cc1C,I,0,,none
CCOC(=O)CC1(C)OCCO1,I,0,,none
C=CCCCCC=C,I,0,,none
CCCCC1COCC(C)C1OC(C)=O,II,0,,none
CCCCCC(C=O)SC,I,1,SA11_Ames,none
CC(C)=CCC/C(C)=C/COC/C=C(\C)CCC=C(C)C,III,0,,none
CC(C)=CCC/C(C)=C\COC/C=C(\C)CCC=C(C)C,III,0,,none
CC(C)C=C(C=O)c1ccco1,III,1,SA10_Ames,none
CCCCCCCCCCCCC(OCC)OCC,I,0,,none
CCCCCCCCCCCCCCOCCCO,III,0,,none
CN(C)Cc1ccccc1,III,0,,II
CC/C=C\CC(=O)O,I,0,,none
CC/C=C/CC(=O)O,I,0,,none
CCC=CCC(=O)O,I,0,,none
CCCCC(O)CS,I,0,,none
CC(=O)OCC=C(C)C,I,0,,none
CCCCCC(OCCCC)OCCCC,I,0,,none
CCOCCOCCO,I,0,,none
COC1(OC)CCCCCCCCCCC1,I,0,,none
CCC/C=C/CC1CCCC1=O,I,0,,none
CCOC(=O)C(C)=O,I,0,,none
CCCC(=O)OCCCC(C)C,I,0,,none
C=CCO,III,0,,none
CCC/C=C/COC(=O)CC1CCCC1,I,0,,none
CCCC=CCOC(=O)CC1CCCC1,I,0,,none
Cl.Cl.NCCCCN,III,0,,III
CCCCCCCCCCCCCCCCCCCCCCCCCCCCC(C)C,I,0,,none
C=C(C)C(=O)CC(C)(C)c1ccccc1,II,1,SA10_Ames,none
P,III,0,,none
CCc1nccnc1SC,II,0,,none
CCOC(=O)CC(C)=O,I,0,,none
C=C(C)c1ccccc1,I,0,,none
CC(CC(C)(C)C)C[Si](C)(C)Cl,III,0,,III
CSS(C)(=O)=O,III,0,,none
COC(=O)C(C)(C)O,I,0,,none
CC(C)SC(C)C,I,0,,none
Cc1ccc(/C=C/C=O)o1,II,0,,none
CCCCC(=O)C(C)C,I,0,,none
CCCC(=O)C(=O)CCC,III,0,,none
CC(C)C1CCC(C(C)CO)CC1,I,0,,none
COC(=O)CCCC(C)OC(C)=O,I,0,,none
CCCCCC(OCCCC)OCCC(C)C,I,0,,none
CC/C=C/CC(=O)OCCCC,I,0,,none
C=C(CCC=C(C)C)[C@H]1CC=C(C)CC1,I,0,,none
C=C(CCC=C(C)C)[C@@H]1CC=C(C)CC1,I,0,,none
CCCCCCCCCCC(OC=O)C(=O)OC,I,0,,none
CC(=O)c1ccccc1-c1ccccc1,III,0,,none
CC1=CC[C@@]2(C)CC[C@H](C(C)C)[C@@]2(O)CC1,I,0,,none
CC1=CCC2(C)CC[C@H](C(C)C)C2(O)CC1,I,0,,none
O=P(Oc1ccccc1)(Oc1ccccc1)Oc1ccccc1,III,0,,none
CN(C)CCCN1c2ccccc2CCc2ccccc21.Cl,III,0,,III
CCCCCCCCCCCCCCCCCCC(C)CCCCCCCCCCCC,I,0,,none
C=CC(=C)Cl,III,0,,III
C=C(C)C1C=CC(C)C(=O)C1,I,0,,none
CC(C)Cc1cnccn1,II,0,,none
CC(C)CC1OCC(O)CO1,I,0,,none
C/C=C/C(=O)OCCCCCCCCCC,I,0,,none
Cn1cnc2c1c(=O)[nH]c(=O)n2C,III,0,,II
CCCC/C=C/CCCCC(=O)OCCC(C)C,I,0,,none
CCCCC=CCCCCC(=O)OCCC(C)C,I,0,,none
OCC1CCC2C3CCC(C3)C12,I,0,,none
C#CC1(OC(C)=O)CCCCC1,III,0,,none
CCCCCCCOC(=O)CC(C)=O,I,0,,none
C1CCNCC1.CCO,II,0,,III
CCC1OC(=O)[C@@H](C)C(O[C@@H]2C[C@](C)(OC)[C@H](O)[C@@H](C)O2)[C@@H](C)[C@H](O[C@H]2O[C@@H](C)C[C@@H](N(C)C)[C@@H]2O)[C@@](C)(O)C[C@H](C)C(=O)C(C)[C@H](O)[C@@]1(C)O.CCCCCCCCCCCCCCCCCC(=O)O,III,0,,II
O=S(=O)(Cl)Cl,III,0,,III
CCCCCCCC(=O)OC1CC(C)CCC1C(C)C,I,0,,none
CCCCC(CC)COC(=O)/C=C/c1ccc(OC)cc1,I,0,,none
CCCC[C@@H](CC)COC(=O)/C=C/c1ccc(OC)cc1,I,0,,none
CCCCC(CC)COC(=O)C=Cc1ccc(OC)cc1,I,0,,none
CCCC[C@H](CC)COC(=O)/C=C/c1ccc(OC)cc1,I,0,,none
Cc1cc2c(cc1CS)N(C[C@H](O)[C@H](O)[C@H](O)COP(=O)(O)OP(=O)(O)OC[C@H]1O[C@@H](n3cnc4c(N)ncnc43)[C@H](O)[C@@H]1O)C1=NC(=O)NC(=O)[C@H]1N2,III,1,SA28_Ames,III
CCCCCC(O)CCCCC,I,0,,none
CC(=O)c1sccc1C,III,0,,none
C=COC/C=C(\C)CCC=C(C)C,III,1,SA24_Ames,none
O=S(=O)(C(Cl)(Cl)Cl)C(Cl)(Cl)Cl,III,0,,III
CCC(O)CC(C)CCC=C(C)C,I,0,,none
c1ccc(NNc2ccccc2)cc1,III,1,SA13_Ames,III
CC(C)(C)N,I,0,,III
Nc1ccc(Cc2ccc(N)cc2)cc1,III,1,SA28_Ames,III
CC(=O)C1=C(C)[C@@H]2C[C@@]3(C1)[C@H](C)CC[C@H]3C2(C)C,II,1,SA10_Ames,none
CC(=O)C1=C(C)C2CC3(C1)C(C)CCC3C2(C)C,II,1,SA10_Ames,none
CCOC(=O)CC=C(C)C,I,0,,none
CCCC(CCOC(C)=O)C(C)CC,I,0,,none
C1=Cc2ccccc2C1,III,0,,none
COc1coc(CSP(=O)(OC)OC)cc1=O,III,0,,none
C/C(C=O)=C\c1ccc(C(C)C)cc1,II,0,,none
CC(C=O)=Cc1ccc(C(C)C)cc1,II,0,,none
OCCc1ccc(O)cc1,I,0,,none
CN(C)[C@@H]1C(=O)C(C(N)=O)=C(O)[C@@]2(O)C(=O)C3=C(O)c4c(O)cccc4[C@@](C)(O)[C@H]3C[C@@H]12.Cl,III,1,SA10_Ames,III
Oc1ccccc1O,I,0,,none
CCCCCC1=C(C)CCC1=O,II,1,SA10_Ames,none
CC(CO)COC1CC2CCC1(C)C2(C)C,III,0,,none
Cc1ccc(O)cc1C,I,0,,none
CCCCCCCCCCCCCCC,I,0,,none
CC/C=C/CCCC,I,0,,none
O=C(Cc1ccccc1)OCC(O)c1ccccc1,I,0,,none
CCCSSCc1ccco1,III,0,,none
COC(=O)CBr,III,1,SA8_Ames,III
CCCCCCCCCCCCCCCCOCCCO,III,0,,none
CCCCCOC(=O)C1OC1C,III,1,SA7_Ames,none
CCCCCCCCCCCCCCCCCCCCCCCCCCCCCCCCCCCC,I,0,,none
CCOC(OCC)c1ccc2c(c1)OCO2,III,0,,none
CC(C)=CCC/C(C)=C/COC(=O)c1ccccc1,I,0,,none
CC(C)=CCC/C(C)=C\COC(=O)c1ccccc1,I,0,,none
CC(C)=CCCC(C)=CCOC(=O)c1ccccc1,I,0,,none
CCCC/C=C/CCO,I,0,,none
CCCC/C=C\CCO,I,0,,none
CC(=O)SC1=C(C)OCC1,III,0,,none
CC(=O)C(C)Cc1ccccc1,I,0,,none
CSSCC(C)=O,III,0,,none
O=C1CCCO1,I,0,,none
CCOC(C)OCC(C)C,I,0,,none
CCC(CCc1ccccc1)OC(C)=O,I,0,,none
c1coc(COCc2ccco2)c1,III,0,,none
FC(C(F)(F)F)C(F)(Cl)Cl,III,0,,I
CCCCCCOC(=O)CCCC,I,0,,none
CCCCCCCCC(OC(C)=O)C(=O)OCC,I,0,,none
CCCCCCCC/C=C\CCCCCCCC(=O)OCCCCC,I,0,,none
CC(C)OC(=O)c1ccccc1O,I,0,,none
CCC(=O)C1(C)CCC(C(C)C)CC1,I,0,,none
CCC(C)(C)C1CCCCC1OC(C)=O,I,0,,none
O=[Pb],III,0,,none
CCCOCCO,I,0,,none
CNC(=O)Oc1cc(C)c(SC)c(C)c1,III,0,,none
O=NN(CCO)CCO,III,1,SA21_Ames,II
CC(C)c1ccc(C#N)cc1,III,0,,none
I[Hg]I,III,0,,none
CCCCOC(=O)c1ccccc1O,I,0,,none
O=[Mn](=O)(=O)[O-].O=[Mn](=O)(=O)[O-].[Ba+2],III,0,,none
C/C=C/c1cc(OC)c(O)c(OC)c1,I,0,,none
CC=Cc1cc(OC)c(O)c(OC)c1,I,0,,none
CCC(=O)Oc1ccc(C)cc1,I,0,,none
O=C(Cc1ccccc1)Cc1ccccc1,III,0,,none
CCOC(=O)CC(C)(OCC)OCC,III,0,,none
CSC(SC)SC,I,0,,none
CCOC(=O)NC(=S)Nc1ccccc1NC(=S)NC(=O)OCC,III,0,,III
COCCOCCOCCOC,III,0,,none
CCCCOc1ccccc1,III,0,,none
O=C1CC(c2ccccc2)CO1,I,0,,none
CC(=O)OC1CCCC1,I,0,,none
CCCSSc1ccoc1C,III,0,,none
CC1=N[C@@H](C)O[C@H]1C,II,0,,none
CC1=NC(C)OC1C,II,0,,none
CC1=[NH+][C@H](C)O[C@H]1C,II,0,,III
CCCN(CCC)CCC,I,0,,II
CCC(C)COC(C)OCCC(C)C,I,0,,none
O=[Al]O[Al]=O.O=[Si]=O.[K+].[K+].[O-2],III,0,,none
Cc1oc2ccccc2c1C,III,0,,none
CC1=CC(=O)NS(=O)(=O)O1,III,1,SA10_Ames,none
CCCCCCCCCCCCCCCCCCCCCCCCCCC(C)C,I,0,,none
O=CCCc1ccccc1,I,1,SA11_Ames,none
CCCCCCCCCCCCCCCC(=O)OCCCCC,I,0,,none
CC(C)=CCCC(C)C=O,I,1,SA11_Ames,none
FC(Cl)C(F)(Cl)C(F)(F)F,III,1,SA8_Ames,I
CC(C)CC=O,I,1,SA11_Ames,none
CC(S)CS,III,0,,none
CC(=O)c1cccnc1C(C)C,III,0,,none
C=C(C)C1CC(=O)[C@@]2(C)O[C@@H]2C1,III,1,SA7_Ames,none
C=C(C)[C@H]1CC(=O)[C@]2(C)O[C@@H]2C1,III,1,SA7_Ames,none
C=C(C)C1CC(=O)C2(C)OC2C1,III,1,SA7_Ames,none
C=C(C)[C@H]1CC(=O)[C@@]2(C)O[C@H]2C1,III,1,SA7_Ames,none
CC1CCSS1,III,0,,none
O=C(O)c1ccccc1O,I,0,,none
Cc1coc2c1CC[C@@H](C)C2,III,0,,none
Cc1coc2c1CCC(C)C2,III,0,,none
Cc1coc2c1CC[C@H](C)C2,III,0,,none
C=CCc1ccc(OCCCCCCC)c(OC)c1,II,1,SA38_Ames,none
O=C(Cl)Cl,III,1,SA1_Ames,III
Cc1ccc2cc(C)ccc2c1,III,0,,none
CCCC(=O)OC(=O)CCC,I,0,,III
CC(C)=CC/C=C(/C)C1CC=C(C)CC1,I,0,,none
CC(C)=CCC=C(C)C1CC=C(C)CC1,I,0,,none
CC(C)=CC/C=C(\C)C1CC=C(C)CC1,I,0,,none
CCCCCCCCCC1(C)OC1C(=O)OCC,III,1,SA7_Ames,none
CCCc1cc(OC)c(O)c(OC)c1,I,0,,none
c1coc(Cc2ccco2)c1,III,0,,none
C=CC=CCCCCCC,I,0,,none
CCCC=C1OC(=O)C2=C1CCCC2,III,0,,none
CC1=CC=C(C(C)C)CC1,I,0,,none
C=CC(C)C,I,0,,none
CC(C)=CCC/C(C)=C/CC/C(C)=C\C=O,II,1,SA10_Ames,none
CC(C)=CCCC(C)=CCCC(C)=CC=O,II,1,SA10_Ames,none
CC(C)=CCC/C(C)=C/CC/C(C)=C/C=O,II,1,SA10_Ames,none
ClCCCCl,III,1,SA8_Ames,III
CC(C)=CCC/C(C)=C/CC/C(C)=C/CC/C(C)=C/CC/C(C)=C/CO,I,0,,none
CCCC=CC(OCCCC)OCCCC,II,0,,none
CC=CC=CC=CC(C)=O,II,1,SA10_Ames,none
CC=CC(=O)OCC(C)CC,I,0,,none
CCCCCCCC=Nc1ccccc1C(=O)OC,III,0,,none
OC1CCc2ccccc21,II,0,,none
CSCCCCCCN=C=S,III,1,SA15_Ames,none
CC1OC1C1CCC2(C)OC2C1,III,1,SA7_Ames,none
CCCCCC/C=C/CCCCCCCCC,I,0,,none
CCCCCCC=CCCCCCCCCC,I,0,,none
C=CC(C)(CCC=C(C)C)OC(=O)N(C)C,III,1,SA16_Ames,II
CN(C)C(=O)Cl,III,1,SA1_Ames,III
CC(c1ccccc1)C(OCc1ccccc1)OCc1ccccc1,I,0,,none
CCc1occc(=O)c1O,II,0,,none
O=C1CCCC2C3C=CC(C3)C12,I,0,,none
COC(OC)C(C)C,I,0,,none
C=C1CCC2C1C1C(C(C)C)CCC21C,I,0,,none
C=C1CC[C@@H]2[C@H]1[C@H]1[C@H](C(C)C)CC[C@]12C,I,0,,none
O=C(O)/C=C(\C=C\C(=O)O)CC(=O)O,III,0,,none
CCCCC(CC)CO,I,0,,none
CC/C=C/C(=O)O,I,0,,none
CCC=CC(=O)O,I,0,,none
CCCCCCCOC(=O)CCCC,I,0,,none
CC(=O)C=C(C)O.CC(=O)C=C(C)O.CC(=O)C=C(C)O.[InH3],III,1,SA10_Ames,none
Nc1ccccc1C(=O)Oc1ccc2ccccc2c1,III,1,SA28_Ames,III
CC=CCOC(=O)CCCCCC,I,0,,none
CCOc1ccc(C(C)=O)cc1,I,0,,none
C=C(C)C1CCC(C)(C(=O)C2CCCC2=O)C1=C,I,0,,none
C=CCOC(=O)C#CCCCCC,III,0,,none
CCCCC=CC(C)O,I,0,,none
CCCC/C=C/C(C)O,I,0,,none
C/C=C/SC,I,0,,none
CC=CSC,I,0,,none
CC(=O)C=CC1C(C)CCCC1(C)C,II,1,SA10_Ames,none
CC(=O)C1=CSCCN1,II,1,SA10_Ames,III
CC1=CC(C)C(C=O)C(C)C1,I,1,SA11_Ames,none
C[C@@H]1CC[C@H]2C(C)(C)[C@H]3C[C@@]12CC1OC(C)(C)OC13C,I,0,,none
CC[C@H](C)CC=O,I,1,SA11_Ames,none
CC[C@@H](C)CC=O,I,1,SA11_Ames,none
CCCCCCOC(C)OCC,I,0,,none
CC1CC(=O)CO1,II,0,,none
C[N+](C)(C)Cc1ccco1.[I-],III,0,,none
CN=C(NCC1CCOC1)N[N+](=O)[O-],III,1,SA23_Ames,III
CC(=O)OC1CC2CC1C1CCCC21,I,0,,none
CC(C)(C)C1CCC(=O)CC1,I,0,,none
CC1=CCC(C(C)C)=CC1,I,0,,none
C#CC(C)OC(=O)Nc1cccc(Cl)c1.CN(C)C(=O)NC1CCCCCCC1,III,0,,III
CC(C)Cc1ccc2ncccc2c1,II,0,,none
CC(C)CCCCCCCOC(=O)CCCCC(=O)OCCCCCCCC(C)C,I,0,,none
CCCCCC=CC=CC(=O)O,I,0,,none
COC(CC(C)CCCC(C)C)OC,I,0,,none
CC(CCCC(C)(C)O)CC(n1ccc2ccccc21)n1ccc2ccccc21,III,0,,none
[K+].[O-][Br+2]([O-])[O-],III,0,,III
CCCCCCCCCCCCCCCCCCCCCCCCC,I,0,,none
COc1cc(CNC(=O)CCCC/C=C/C(C)C)ccc1O,II,0,,none
COc1cc(CNC(=O)CCCCC=CC(C)C)ccc1O,II,0,,none
S=C([S-])NCCNC(=S)[S-].[Mn+2],III,0,,III
C/C=C\c1ccc(OCc2ccccc2)c(OC)c1,III,0,,none
CC=Cc1ccc(OCc2ccccc2)c(OC)c1,III,0,,none
C/C=C/c1ccc(OCc2ccccc2)c(OC)c1,III,0,,none
COC(=O)c1cccc(O)c1,I,0,,none
CCCCC1CCCCC(=O)O1,I,0,,none
CCC1CCC(CC)O1,II,0,,none
CCCOC(C)=O,I,0,,none
Cl[Cd]Cl,III,0,,III
CCCCC(=O)OC1CCCCC1,I,0,,none
CC1=CCC(C)C(C=O)C1,I,1,SA11_Ames,none
COCC1O[C@@H](O[C@@H]2C(COC)OC(OC)C(OC)C2OC)C(OC)C(OC)C1OC,III,0,,none
CCC(C)CCO[Si](OCCC(C)CC)(OCCC(C)CC)O[Si](OCCC(C)CC)(OCCC(C)CC)OCCC(C)CC,III,0,,none
CC(C)Cc1ccc(CC(C)C=O)cc1,I,1,SA11_Ames,none
C=C(OCC)C1C(C)(C)CC(=O)CC1(C)C,III,0,,none
c1ccoc1,III,0,,none
COC(=O)C1(C)CCC(C)CC1,I,0,,none
O.O=C([O-])CC([S-])C(=O)[O-].[Au+].[Na+].[Na+],III,0,,none
CCOCCc1ccccc1,III,0,,none
CCCCCCCC(=O)OC(C)CC,I,0,,none
C[C@]1(O)CC[C@H]2[C@@H]3CCC4=CC(=O)CC[C@]4(C)[C@@]3(F)[C@@H](O)C[C@@]21C,III,1,SA10_Ames,III
CCCCCCCCOC(C)=O,I,0,,none
CCCCCCCOCC(=O)O,III,0,,none
CC(C)=CCC[C@]1(C)[C@H]2CC=C(C)[C@@H]1C2,I,0,,none
CC(C)=CCCC1(C)C2CC=C(C)C1C2,I,0,,none
CC(C)=CCCC1(C)[C@H]2CC=C(C)[C@@H]1C2,I,0,,none
CC(=O)C[C@@H]1CC[C@@H]2[C@@H](C1)[C@H](C)CC2(C)C,I,0,,none
CCCCCCCCCCCCCCCC[n+]1ccccc1.[Cl-],III,0,,III
CC(C(=O)Oc1ccccc1)c1ccccc1,I,0,,none
BrC=Cc1ccccc1,III,1,SA4_Ames,III
Br/C=C/c1ccccc1,III,1,SA4_Ames,III
CCCCCCC(=O)OCCc1ccccc1,I,0,,none
CCCCCCOC(=O)c1ccccc1N,III,1,SA28_Ames,III
CCC(C)(S)CC(C)=O,I,0,,none
FC(Cl)C(F)(F)Cl,III,1,SA8_Ames,I
CC(C)OC(=O)C(C)(C)Oc1ccc(C(=O)c2ccc(Cl)cc2)cc1,III,0,,III
ClCCl,III,1,SA8_Ames,III
CC1SCCC1=O,II,0,,none
C1COCCN1,II,0,,III
COC(=O)c1cccnc1,II,0,,none
CNC(=O)Oc1cc(C)c(N(C)C)c(C)c1,III,0,,II
CC/C=C\C/C=C\CC1CCC(=O)O1,I,0,,none
O=C(O)C(Cl)(Cl)Cl,III,0,,III
CC1(C)C=CC(=O)O1,I,0,,none
O=C(OCCc1ccccc1)c1ccccc1O,I,0,,none
CCCCCCCCC(=O)CC,I,0,,none
CN1CCC[C@@H]1CCO[C@](C)(c1ccccc1)c1ccc(Cl)cc1,III,0,,III
CC(=O)c1cc(C)ccc1O,I,0,,none
c1ccc2c(c1)ccc1ccccc12,III,1,SA18_Ames,none
CC[C@@H](C)CCCO,I,0,,none
CCC(C)CCCO,I,0,,none
CC[C@H](C)CCCO,I,0,,none
CCc1ccccc1,I,0,,none
CC(C)(C)c1cnccn1,III,0,,none
C=CC(=O)OCC1CCCO1,II,0,,none
OCCSCCO,III,0,,none
CC(C)COC(=O)Cl,III,1,SA1_Ames,III
c1csc(SSc2cccs2)c1,III,0,,none
C=Cc1ccc(O)c(OC)c1,I,0,,none
CCCCCCCCCCCCOC(=O)CC(C(=O)O)S(=O)(=O)[O-].[Na+],III,0,,none
C#CCBr,III,1,SA8_Ames,III
CC(=O)c1ccc(C)s1,III,0,,none
C=C(C)[C@@H]1CC[C@@]2(C)CCCC(=C)[C@@H]2C1,I,0,,none
C=C(C)[C@H]1CC[C@]2(C)CCCC(=C)[C@H]2C1,I,0,,none
N#Cc1c(Cl)cccc1Cl,III,0,,III
CCC=C(C=O)c1ccccc1,II,1,SA10_Ames,none
CC/C=C(/C=O)c1ccccc1,II,1,SA10_Ames,none
CCCNc1ccc(C)cc1,III,0,,III
CC(C(=O)O)c1ccccc1,I,0,,none
CC1=CCC(C=O)CC1,I,1,SA11_Ames,none
Cc1ccc2[nH]ccc2c1,III,0,,none
COc1cnc(C)c(C)n1,II,0,,none
O=C(CCc1ccccc1)c1ccc[nH]1,II,0,,none
CC1OCC(c2ccccc2)O1,I,0,,none
CCCCCCC(=O)OCCCC,I,0,,none
CCCCCCCCC#CC(=O)OC,III,0,,none
C1CC2CCC1O2,II,0,,none
C=C[C@@]1(C)CC[C@H]([C@@H](C)C=O)O1,II,1,SA11_Ames,none
C=C[C@@]1(C)CC[C@H]([C@H](C)C=O)O1,II,1,SA11_Ames,none
C=C[C@@]1(C)CC[C@@H]([C@@H](C)C=O)O1,II,1,SA11_Ames,none
C=C[C@]1(C)CC[C@H]([C@@H](C)C=O)O1,II,1,SA11_Ames,none
C=C[C@]1(C)CC[C@@H]([C@H](C)C=O)O1,II,1,SA11_Ames,none
C=C[C@]1(C)CC[C@@H]([C@@H](C)C=O)O1,II,1,SA11_Ames,none
C=C[C@]1(C)CC[C@H]([C@H](C)C=O)O1,II,1,SA11_Ames,none
C=CC1(C)CCC(C(C)C=O)O1,II,1,SA11_Ames,none
CC1(C)CCC[C@]2(C)[C@H]3CCO[C@]3(C)CC[C@@H]12,III,0,,none
CC1(C)CCCC2(C)C1CCC1(C)OCCC12,III,0,,none
CC(C)(OO)c1ccccc1,III,1,SA61_Ames,none
CCCCC/C(C=Nc1ccccc1C(=O)OC)=C\c1ccccc1,III,0,,none
CCCCCC(C=Nc1ccccc1C(=O)OC)=Cc1ccccc1,III,0,,none
CC(=O)O.CCCC=CCCCO,I,0,,none
C=C1CCCC(C)(C)C1C=C(C)C(C)=O,II,1,SA10_Ames,none
CC(C)c1ccc(O)cc1,I,0,,none
O=C(O)c1ccc(O)c(O)c1,I,0,,none
CC(=O)[C@@]1(C)CCC2=C([C@H]1C)C(C)(C)CCC2,I,0,,none
CC(=O)C1(C)CCC2=C(C1C)C(C)(C)CCC2,I,0,,none
C=CC(C)C1C=CCC(C)(C=O)C1,I,1,SA11_Ames,none
COCC(C)Cc1ccccc1,III,0,,none
CC1=C[C@@H]2[C@H](O)CC[C@@H]3N4C(=O)CCC[C@H]4C[C@@H](C1)N23,III,0,,II
CCCCCCCCCC(=O)OC,I,0,,none
O=c1n(Cl)c(=O)n(Cl)c(=O)n1Cl,III,0,,III
CC(=O)CC(C)=O,I,0,,none
CC(C)OC(=O)CC1CCCCC1,I,0,,none
COC(=O)CCCc1ccccc1,I,0,,none
COC(C)OCCC(C)CCC=C(C)C,I,0,,none
CN1CCCN=C1/C=C/c1cccs1,III,0,,II
CCOC(=O)[C@H](O)[C@@H](O)C(=O)OCC,III,0,,none
CCOC(=O)C(O)C(O)C(=O)OCC,III,0,,none
CCOC(=O)[C@@H](O)[C@H](O)C(=O)OCC,III,0,,none
CC1CCC=CCCCCCCCCCC(=O)C1,II,0,,none
CCCCCCC(C)C(=O)O,I,0,,none
O=Cc1ccc(Cl)cc1Cl,III,1,SA11_Ames,III
CC=C(C)CCC(=O)OCC,I,0,,none
CC(C)(C)c1ccncc1,III,0,,none
CCCCCCCC#N,III,0,,none
C=CC(C)(CCC=C(C)C)OC(=O)c1ccccc1NC,III,1,SA28bis_Ames,III
CCCCCCCCCCCCCCCCCCCCCC[N+](C)(C)C.[Cl-],III,0,,III
CC(C)=CCOC(=O)C(C)C,I,0,,none
Cc1ccccc1OP(=O)(Oc1ccccc1C)Oc1ccccc1C,III,0,,none
CCCCC1(CCCC)Oc2ccccc2O1,I,0,,none
CCOC(=O)CCSC,I,0,,none
CCCCC(=O)C(S)CCC,I,0,,none
C=Cc1ncc(C)nc1CC,II,0,,none
CCCCCSSCCCCC,III,0,,none
CC1=CCC(C)C(C)(C)C12C=CC(C)O2,II,0,,none
CC1=CC(=O)[C@@H](C(C)C)CC1,II,1,SA10_Ames,none
CC1=CC(=O)C(C(C)C)CC1,II,1,SA10_Ames,none
CC1=CC(=O)[C@H](C(C)C)CC1,II,1,SA10_Ames,none
CC1C(=O)CC(C)C(C#N)C1=O,III,0,,none
CCCCOCC1CO1,III,1,SA7_Ames,none
FC(F)(F)c1cccc(Cl)c1,III,0,,I
CCCCCCCCCC1CCC(=O)CC1,III,0,,none
CC(C)=CCCC(C)CCOC(=O)[C@@H](C)O,I,0,,none
CC(C)=CCCC(C)CCOC(=O)C(C)O,I,0,,none
C=C(C)[C@@H]1CC=C(C)C(OC(C)=O)C1,I,0,,none
C=C(C)C1CC=C(C)C(OC(C)=O)C1,I,0,,none
C=C(C)[C@@H]1CC=C(C)[C@H](OC(C)=O)C1,I,0,,none
NC(=O)C1N=C1c1ccccc1,III,0,,II
CCCCCCCCOCC(=O)OCC,III,0,,none
Cc1ccccc1C(=O)N1CCN(C(=O)c2ccccc2C)CC1,II,0,,II
c1ccsc1,III,0,,none
CC(C)COC(=O)COc1ccccc1,III,0,,none
O=S(=O)([O-])[O-].[Tl+].[Tl+],III,0,,none
O=C(O)c1cc(-c2ccccc2)nc2ccccc12,III,0,,none
c1ccc(CCOC2CCCCO2)cc1,I,0,,none
OC1CCCCC1C1CCCCC1,I,0,,none
CC(C)(C)c1ccccc1,I,0,,none
CCCCCC(=O)c1ccco1,III,0,,none
CCCCCCOC(=O)C(C)CC,I,0,,none
O[C@@H]1CS[C@H](O)CS1,II,0,,none
OC1CSC(O)CS1,II,0,,none
c1ccc(CCCc2ccn[nH]2)cc1,II,0,,none
CC(C)C/C=C(/C=O)c1ccccc1,II,1,SA10_Ames,none
CC(C)CC=C(C=O)c1ccccc1,II,1,SA10_Ames,none
CCCC/C=C/C(=O)O,I,0,,none
CCCCC=CC(=O)O,I,0,,none
O=c1cc(-c2ccc(O)c(-c3c(O)cc(O)c4c(=O)cc(-c5ccc(O)cc5)oc34)c2)oc2cc(O)cc(O)c12,III,0,,none
CC(=O)c1cc2ccccc2o1,II,0,,none
Oc1cccc2cc3cccc(O)c3c(O)c12,III,1,SA18_Ames,none
COC(=O)CC(O)(CC(=O)[O-])C(=O)[O-],III,0,,none
CCCCOC(=O)CCC(=O)OCCCC,I,0,,none
CCCCCc1ccco1,III,0,,none
CCCC(O)CCC,I,0,,none
CC1(C)O[C@]2(C)CC[C@H]1C[C@@H]2O,II,0,,none
CCCC(=O)Oc1c(CC)occc1=O,II,0,,none
C[C@H]1C(C)(C)C2=C(c3ncncc3CC2)C1(C)C,III,0,,none
COc1cc(C(C)C)ccc1C,I,0,,none
CCC(=O)C(C)SSc1ccco1,III,0,,none
CC(=O)c1cncc(C)n1,II,0,,none
CC(C)CC1CC(C)(O)CCO1,II,0,,none
CCC#CCCCC(=O)OC,III,0,,none
CC(C(=O)OCc1ccccc1)c1ccccc1,I,0,,none
CCCCCCC(C)=C(C)O,I,0,,none
C=CCCC,I,0,,none
C=C(C)c1ccnc(CC)c1,II,0,,none
CCOC(=O)C(C)C(C)S,I,0,,none
OOC1CCCc2ccccc21,II,1,SA61_Ames,none
CCCCC[C@H]1O[C@@H]1C=O,III,1,SA11_Ames;SA7_Ames,none
CCCCCC1OC1C=O,III,1,SA11_Ames;SA7_Ames,none
CCCCCCCCCCCCN(C)C,I,0,,II
CSSSC,III,0,,none
CCC(=O)OCc1ccc(OC)cc1,I,0,,none
COC(C)(C)C1CC=C(C)CC1,III,0,,none
CCCCCCCCCC=CC(=O)OC,I,0,,none
C#CC(C)(O)CCC=C(C)C,III,0,,none
O=[N+]([O-])NC1=NCCN1Cc1ccc(Cl)nc1,III,0,,III
CSCc1ccsc1,III,0,,none
CC(=O)OC(C)C1CCCC(C)(C)C1,I,0,,none
CCOC(=O)c1ccccc1C(=O)O,I,0,,none
O=[N+]([O-])O[C@@H]1CO[C@H]2[C@@H]1OC[C@@H]2O,III,0,,II
CCCCC(CC)C(=O)OCC,I,0,,none
CCCCC/C=C\CC=O,I,1,SA11_Ames,none
CCCCCC=CCC=O,I,1,SA11_Ames,none
CCCCC/C=C/CC=O,I,1,SA11_Ames,none
Cc1ccccc1,I,0,,none
CC(=O)C1CC=C(C)C1(C)C,I,0,,none
CCCC(=O)c1cccs1,III,0,,none
C=[N+]=[N-],III,1,SA14_Ames,none
S=c1[nH]c2ccccc2s1,III,0,,III
COc1ccccc1OC(=O)C(C)C,I,0,,none
C=CCCCCCCCCC(=O)OCC(C)C,I,0,,none
Cc1ccc(-c2c(Cl)nc(C#N)n2S(=O)(=O)N(C)C)cc1,III,0,,III
CCCc1ccc(OC)c(OC)c1,I,0,,none
CC(C)CCOC(=O)c1ccccc1N,III,1,SA28_Ames,III
COC(=O)C(C)c1ccc(C(C)C(=O)OC)cc1,I,0,,none
CC(C)(O)CCc1ccccc1,I,0,,none
CC(=O)c1ccccc1C,I,0,,none
Cc1ccc2c(c1O)C(C(C)C)CCC2C,II,0,,none
C=C(C)c1cccc(C(C)CC=O)c1,I,1,SA11_Ames,none
CCCCCCCC(=O)OC/C=C(\C)CCC=C(C)C,I,0,,none
CC(C)=CCC/C(C)=C/CC/C(C)=C/CC/C=C(\C)CC/C=C(\C)CCC=C(C)C,I,0,,none
CCC/C=C/C(=O)OCCC,I,0,,none
CC1=CCC(CC#N)C1(C)C,III,0,,none
C/C=C(/C)C(=O)OC,I,0,,none
C/C=C(\C)C(=O)OC,I,0,,none
CC=C(C)C(=O)OC,I,0,,none
C=CCOC(=O)c1ccccc1O,III,0,,none
C/C=C\c1ccc(OC(=O)Cc2ccccc2)c(OC)c1,I,0,,none
CC=Cc1ccc(OC(=O)Cc2ccccc2)c(OC)c1,I,0,,none
C/C=C/c1ccc(OC(=O)Cc2ccccc2)c(OC)c1,I,0,,none
CC(=O)OC1CCCCC1,I,0,,none
CCC1CCc2nccnc21,III,0,,none
CC(C)=CC(=O)O,I,0,,none
Cc1ccc(S(=O)(=O)Cl)cc1,III,0,,III
CC(O)CCl,III,1,SA8_Ames,III
CCOCC.Oc1cccc(O)c1O,III,0,,none
CC1(O)CCC2CC1C2(C)C,I,0,,none
CC1(C)[C@H]2CC[C@](C)(O)[C@@H]1C2,I,0,,none
CC1COC(c2ccco2)O1,II,0,,none
CCCCCCCC(=O)OCC,I,0,,none
CCOC(=S)C(CC)C(C)=O,III,0,,none
CCCCCCCC=CC=CC=CC=CC=O,II,1,SA10_Ames,none
CCCCOOC(=O)c1ccccc1O,III,0,,none
C[C@H]1CCc2nccnc21,III,0,,none
CC1CCc2nccnc21,III,0,,none
CC1CCC(C(C)CC=O)CC1,I,1,SA11_Ames,none
CCOC(OCC)C(C)Cc1ccc(C(C)C)cc1,I,0,,none
CCCCC(=O)OCc1ccccc1,I,0,,none
CCCCCOC1=C(C)CCC1=O,III,1,SA10_Ames,none
CCCCCC[C@H]1CCCC(=O)O1,I,0,,none
CCCCCC[C@@H]1CCCC(=O)O1,I,0,,none
CCCCCCC1CCCC(=O)O1,I,0,,none
CC(C)CC(=O)OCCOc1ccccc1,II,0,,none
CC(O)CO.CCCCCCCC(=O)O.CCCCCCCCCC(=O)O,I,0,,none
CCC(=O)OCC(COC(=O)CC)OC(=O)CC,I,0,,none
CCCCC/C=C/C/C=C/C/C=C/C/C=C/CCCC(=O)O,I,0,,none
CCCC(=O)OCC=Cc1ccccc1,I,0,,none
CCCC(=O)OC/C=C/c1ccccc1,I,0,,none
CCc1nc(C)oc1C,III,0,,none
CC(=O)c1ccnc(C)n1,II,0,,none
CC(C)OC(C)C,III,0,,none
CCCCCC(=O)CCCC(=O)OCC,I,0,,none
O=[N+]([O-])O.c1ccc2c(CC3=NCCN3)cccc2c1,III,0,,III
CCCCCCCCC(C)=O,I,0,,none
CC(=O)OC(C)CCC=C(C)C,I,0,,none
CCCCCCCCC(OC(C)=O)OC(C)=O,I,0,,none
C/C=C(\C)C(C)=O,II,1,SA10_Ames,none
CCOC(=O)CO,I,0,,none
CCOC(=O)C1C(C)=CC=CC1(C)C,I,0,,none
CC=C(C)C(=O)OCCC(C)C,I,0,,none
C/C=C(/C)C(=O)OCCC(C)C,I,0,,none
C/C=C(\C)C(=O)OCCC(C)C,I,0,,none
CCCCCCC[C@H]1O[C@@H]1C=O,III,1,SA11_Ames;SA7_Ames,none
CCCCCCCC1OC1C=O,III,1,SA11_Ames;SA7_Ames,none
CCCCCCCCCCCCCC(=O)OC,I,0,,none
C=C/C(C)=C\C[C@@H]1[C@@]2(C)CCCC(C)(C)[C@@H]2CC[C@@]1(C)O,I,0,,none
OCCNCCO,III,0,,III
CCOC(=O)CC1CCCCC1,I,0,,none
Cc1ccc(C(C)C)c(O)c1Cl,III,0,,III
Nc1ccccc1C(=O)Oc1ccccc1,III,1,SA28_Ames,III
CC(C)[C@@H]1CC[C@@H](C)CC12OCC(CO)O2,I,0,,none
CC1CCC(C(C)C)C2(C1)OCC(CO)O2,I,0,,none
CC(C)=CCOC(=S)CC(C)C,III,0,,none
CC(O)CCC1CCCCC1,I,0,,none
CCCCC/C=C/CC(=O)O,I,0,,none
CN1CCN(c2ccc(CO)cc2)CC1,II,0,,II
C[NH+]1CCN(c2ccc(CO)cc2)CC1,III,0,,II
Nc1ccc2[nH]ccc2c1,III,1,SA28_Ames,III
C=CCOC(=O)Cc1ccccc1,III,0,,none
CCC(=O)OCc1ccc(C)cc1,I,0,,none
CCCCCCC(O)C/C=C/CCCCCCCC(=O)O.[Na],III,0,,none
CCCC/C=C\C(C)=O,II,1,SA10_Ames,none
CCCCC=CC(C)=O,II,1,SA10_Ames,none
CCCC/C=C/C(C)=O,II,1,SA10_Ames,none
COC(=O)c1ccccc1N=Cc1ccccc1,III,0,,none
CCC/C=C\CO,I,0,,none
CCC/C=C/CO,I,0,,none
CCCC=CCO,I,0,,none
CCC=CCCOC(=O)CCC,I,0,,none
CC/C=C\CCOC(=O)CCC,I,0,,none
CC1CNC2CCCCC12,II,0,,III
CCOP(=O)(NC(C)C)Oc1ccc(SC)c(C)c1,III,0,,III
CC1C(C)(C)c2ccccc2C1(C)C,II,0,,none
COC(=O)CSc1cc(N=c2sc(=O)n3n2CCCC3)c(F)cc1Cl,III,0,,III
COC(=O)c1ccccc1N(C)C,III,1,SA28bis_Ames,II
CCCCCCCCCCCCCCCC[N+](C)(C)CCCCCCCCCCCCCCCC.[Cl-],III,0,,III
CC(C)=CCOC=O,I,0,,none
CCCCCC/C=C/C(=O)OCC,I,0,,none
CCCCCCC=CC(=O)OCC,I,0,,none
O=C(OCc1ccccc1)c1ccccc1O,I,0,,none
CCCCCC(C)(O)CC(C)C,I,0,,none
CC1OCC(CO)O1,I,0,,none
CCCCCCCOC(C)=O,I,0,,none
COC(=O)C=C1CCCC1,I,0,,none
CCCSCC,I,0,,none
CC1/C=C/C=C/CC/C=C/C=C/C=C/C=C/C(O[C@@H]2O[C@H](C)[C@@H](O)[C@H](N)[C@@H]2O)CC(O)C(C(=O)O)C(O)CC(=O)CC(O)C(O)CCC(O)CC(O)CC(O)CC(=O)OC(C)C(C)C1O,III,0,,III
CCCCCCCC1(C)OC1C(=O)OCC,III,1,SA7_Ames,none
CC1=COC(=O)C2C(C)CCC12,I,0,,none
CCCCCCCCCCC(=O)O,I,0,,none
CC(C)OC(=O)CCCCC(=O)OC(C)C,I,0,,none
O=C([O-])CCC(=O)[O-].[Na+].[Na+],I,0,,none
CCCCCCCCCCCCCOC(C)=O,I,0,,none
CC(C)CCC(C)O,I,0,,none
CCCCC(CC)COC(=O)CCCCCCCC(=O)OCC(CC)CCCC,I,0,,none
CCCCCOC(C)OCCC(C)C,I,0,,none
NC(=O)CC[C@H](N)C(=O)O,I,0,,III
CCc1c(C)c[nH]c1C,III,0,,none
C=CCOC(=O)C(CC)CCCC,III,0,,none
Cc1c(C(N)=O)cc([N+](=O)[O-])cc1[N+](=O)[O-],III,1,SA27_Ames,II
CC(=O)C1=CCC(C)CC1,II,1,SA10_Ames,none
CCC(=O)c1ccc(N2CCOCC2)cc1,II,0,,II
CC(C)N.O=C(O)CNCP(=O)(O)O,III,0,,III
CC(=O)C1=CCCN1,II,1,SA10_Ames,III
O=c1cc[nH]c(=S)[nH]1,III,0,,III
CCCCCCC(O)C/C=C\CCCCCCCC(=O)OCC(COC(=O)CCCCCCC/C=C\CC(O)CCCCCC)OC(=O)CCCCCCC/C=C\CC(O)CCCCCC,I,0,,none
CCCCCCC(O)C/C=C/CCCCCCCC(=O)OCC(COC(=O)CCCCCCC/C=C/CC(O)CCCCCC)OC(=O)CCCCCCC/C=C/CC(O)CCCCCC,I,0,,none
COc1cc(CO)ccc1O,I,0,,none
CCCCCCCC/C=C/CCCCCCCC=O,I,1,SA11_Ames,none
CCCCCCCCC=CCCCCCCCC=O,I,1,SA11_Ames,none
CCCCCCCCC=CC(=O)OCCC(C)C,I,0,,none
CCCSCCC,I,0,,none
C/C=C/c1ccc(OC)cc1.C[C@@H]1O[C@@H](OCC2O[C@@H](O)[C@@H](O)[C@@H](O)[C@@H]2O)[C@H](O)[C@H](O)[C@H]1O.O=c1c(O)c(-c2ccc(O)c(O)c2)oc2cc(O)cc(O)c12.O=c1ccc2ccccc2o1,III,1,SA30_Ames;SA60_Ames,none
O=Cc1cccc([N+](=O)[O-])c1,III,1,SA11_Ames;SA27_Ames,II
CCC(C)=CCC/C(C)=C/CO,I,0,,none
CN1CCN(CCCN2c3ccccc3Sc3ccc(C(F)(F)F)cc32)CC1,III,0,,I
COc1ccc(C(=O)O)cc1,I,0,,none
C=CCSCC(N)C(=O)O,I,0,,III
C=CCSC[C@H](N)C(=O)O,I,0,,III
COc1cc(C)cc(OC)c1O,I,0,,none
C/C=C/C(=O)OCC,I,0,,none
CC=CC(=O)OCC,I,0,,none
CC(C)c1c[nH]c2ccccc12,III,0,,none
CC(C)C(C)C,I,0,,none
SCc1ccco1,III,0,,none
CC1C/C=C\CCCCCCCCC(=O)C1,II,0,,none
CC1CC=CCCCCCCCCC(=O)C1,II,0,,none
CC1C/C=C/CCCCCCCCC(=O)C1,II,0,,none
CC(C)Cc1ccnc2ccccc12,II,0,,none
CC(C=O)Cc1ccc(C2CCCCC2)cc1,II,1,SA11_Ames,none
CCCCCCCC1CC(C)OC1=O,I,0,,none
C/C1=C2/N=C(/C=C3\N=C(/C(C)=C4\[N-][C@@](C)([C@@H]5N=C1[C@](C)(CCC(=O)NCC(C)OP(=O)([O-])O[C@H]1[C@@H](O)[C@@H](n6cnc7cc(C)c(C)cc76)O[C@@H]1CO)[C@H]5CC(N)=O)[C@@](C)(CC(N)=O)[C@@H]4CCC(N)=O)[C@@](C)(CC(N)=O)[C@@H]3CCC(N)=O)C(C)(C)[C@@H]2CCC(N)=O.[CH3-].[Co+3],III,0,,II
CC[C@@H](/C=C/C1=C(C)CCCC1(C)C)OC(C)=O,I,0,,none
CCC(/C=C/C1=C(C)CCCC1(C)C)OC(C)=O,I,0,,none
COC(=O)CC(C)CCC=C(C)C,I,0,,none
CCCC#CC(=O)OCC,III,0,,none
C=CCc1ccc(OC)cc1,III,1,SA38_Ames,none
C/C=C/CCCCCCCC=O,I,1,SA11_Ames,none
CC=CCCCCCCCC=O,I,1,SA11_Ames,none
CC(C=O)Cc1ccc(C(C)C)cc1,I,1,SA11_Ames,none
CCCCOC(=O)CC(O)(CC(=O)OCCCC)C(=O)OCCCC,III,0,,none
CCCCCC/C=C\CCCCC(C)=O,I,0,,none
CCCCCCC=CCCCCC(C)=O,I,0,,none
CC[N+](CC)(CC(=O)Nc1c(C)cccc1C)Cc1ccccc1,III,0,,none
Cc1c[nH]c2ccccc12,III,0,,none
O=c1[nH]c(=O)[nH]c(=O)[nH]1,III,0,,none
CC1OCCC1O,II,0,,none
Cn1c(=O)c2[nH]cnc2n(C)c1=O,III,0,,II
COC(=O)C(C)(C)C(=O)[O-],III,0,,none
C=CCCCCC,I,0,,none
O=C1CCCCCC/C=C/CCCCCCC1,II,0,,none
O=C1CCCCCC/C=C\CCCCCCC1,II,0,,none
C=C(C)C(C)=O,II,1,SA10_Ames,none
CC(=O)OC/C=C(\C)CC/C=C(\C)CCC=C(C)C,I,0,,none
CC(=O)OCC=C(C)CCC=C(C)CCC=C(C)C,I,0,,none
CC(C)=CCCC(C)CCOC(=O)C(C)C,I,0,,none
O=C([O-])CN(CCN(CC(=O)[O-])CC(=O)O)CC(=O)O.[Na+].[Na+],III,0,,II
CCCCCC1CCC(=O)OC1,I,0,,none
C/C=C/C(=O)OCCC,I,0,,none
CC1=CC(C)CC(C=O)C1,I,1,SA11_Ames,none
CCCC/C=C/C=C/C=O,II,1,SA10_Ames,none
CCCC/C=C\C=C\C=O,II,1,SA10_Ames,none
CCCCC=CC=CC=O,II,1,SA10_Ames,none
C=CCOC=O,III,0,,none
Cc1nccnc1CC(C)C,II,0,,none
C=C[C@H]1CN2CC[C@H]1C[C@H]2[C@H](O)c1ccnc2ccc(OC)cc12.C=C[C@H]1CN2CC[C@H]1C[C@H]2[C@H](O)c1ccnc2ccc(OC)cc12.O.O.O=S(=O)(O)O,III,0,,II
C=C[C@H]1CN2CCC1C[C@H]2[C@H](O)c1ccnc2ccc(OC)cc12.C=C[C@H]1CN2CCC1C[C@H]2[C@H](O)c1ccnc2ccc(OC)cc12.O.O.O=S(=O)(O)O,III,0,,II
NC=O,III,0,,II
N#CC(=C1CCCCC1)c1ccccc1,III,0,,none
CCCc1ccn(-c2ccccc2)n1,II,0,,none
CCOC(=O)OC1CCCCC1C(C)(C)C,I,0,,none
CC(C)=CCCC(C)=CC(=O)O,I,0,,none
CC(C)=CCC/C(C)=C/C(=O)O,I,0,,none
C=CCC(C)O,I,0,,none
O.O=S(=O)([O-])[O-].[Ca+2],III,0,,none
Nc1ccccc1C(=O)OCc1ccccc1,III,1,SA28_Ames,III
OCCOCCOCCO,III,0,,none
C=CC(=C)CCCC(C)(C)OC=O,I,0,,none
CCCCCCCC1CCC(O)CC1,III,0,,none
CCC(C)CCCCCCCCCCCCC=O,I,1,SA11_Ames,none
CC(=O)OC[C@H]1O[C@@](COC(C)=O)(O[C@H]2O[C@H](COC(C)=O)[C@@H](OC(C)=O)[C@H](OC(C)=O)[C@H]2OC(C)=O)[C@@H](OC(C)=O)[C@@H]1OC(C)=O,III,0,,none
CC(=O)OCC1OC(OC2(COC(C)=O)OC(COC(C)=O)C(OC(C)=O)C2OC(C)=O)C(OC(C)=O)C(OC(C)=O)C1OC(C)=O,III,0,,none
CC(=O)OC[C@@H]1O[C@H](O[C@@]2(COC(C)=O)O[C@@H](COC(C)=O)[C@H](OC(C)=O)[C@H]2OC(C)=O)[C@@H](OC(C)=O)[C@H](OC(C)=O)[C@H]1OC(C)=O,III,0,,none
CC/C=C/CC1CCCC1=O,I,0,,none
CC(O)/C=C/c1ccccc1,I,0,,none
CC(O)C=Cc1ccccc1,I,0,,none
N=c1nc(N2CCCCC2)cc(N)n1O,III,1,SA28_Ames,III
CC(C)COC(=O)C1CC1,I,0,,none
CCCCCC1C(=O)CCC1C,I,0,,none
C=CC(=O)NCNC(=O)C=C,III,1,SA10_Ames,none
CCCCCCC1OCC(O)CO1,I,0,,none
COc1ccc(/C=C\C(=O)C(C)C)cc1,II,0,,none
COc1ccc(C=CC(=O)C(C)C)cc1,II,0,,none
CCCCCC(=O)CCCCCC(=O)OCC,I,0,,none
CCc1nc(C)sc1C,II,0,,none
FC(F)(F)C(F)(F)C(F)(F)C(F)(F)C(F)(F)C(F)(F)F,III,0,,I
C=CC(C)(O)CC=CC(=C)C,I,0,,none
C=CC(C)(O)C/C=C/C(=C)C,I,0,,none
CCCCCC1CC(=O)C=C(C)C1C(=O)OCC,II,1,SA10_Ames,none
SCCCS,III,0,,none
CC(=O)OCCOc1ccc(C)cc1,II,0,,none
CC(C)CCC(C)Nc1ccc(NC(C)CCC(C)C)cc1,II,0,,III
C=CC(C)(CCC=C(C)C)OC(C)OCC,I,0,,none
[Ba+2].[O-][O-],III,0,,none
C=CCOc1ccc(C)cc1C,III,0,,none
CCC(=O)c1ccc(OC)cc1,I,0,,none
COC(C)(C)CCCC(C)C(C)O,I,0,,none
C[N+](C)(C)CC(=O)c1ccc(N=Nc2ccc(NCCC#N)c(Cl)c2)cc1,III,1,SA29_Ames;aN=Na,III
C=CC(C)(C)OC(C)=O,I,0,,none
CCOP(=O)(O)O,III,0,,none
N#CS.N=C(N)N,III,0,,III
CCCCCCCOP(=S)([S-])OCCCCCCC.CCCCCCCOP(=S)([S-])OCCCCCCC.[Zn+2],III,0,,none
CCOC(=O)C(CC)(CC)C(=O)OCC,I,0,,none
CCOC(=O)CCSCc1ccco1,III,0,,none
CCCCCCCCCC(C)CC#N,III,0,,none
CC1=CC2C(C#N)CC1CC2C(C)C,III,0,,none
COC(=O)c1ccoc1,II,0,,none
CNP(=O)(NC)Oc1ccccc1,III,0,,III
O=C(O)COCCN1CCN([C@H](c2ccccc2)c2ccc(Cl)cc2)CC1,III,0,,III
CC(=O)C=CC1C(C)=C(C)CCC1(C)C,II,1,SA10_Ames,none
CCCCCCC(C)C=O,I,1,SA11_Ames,none
CC(=O)OC(C)C(C)=O,I,0,,none
O=C1CCCCCCCC=CCCCCCCC1,II,0,,none
O=C1CCCCCCC/C=C\CCCCCCC1,II,0,,none
CC=CC1(C)CCOSC1(C)C,II,0,,none
CC1COC(C)(C(C)O)O1,I,0,,none
CCc1cccc(C)c1,I,0,,none
O=c1[nH]cnc2c1ncn2[C@@H]1O[C@H](COP(=O)([O-])[O-])[C@@H](O)[C@H]1O.[Ca+2],III,0,,none
C/C1=C/CCCCCCCCCCCCC1=O,II,1,SA10_Ames,none
CC1=CCCCCCCCCCCCCC1=O,II,1,SA10_Ames,none
CC(C)CCCC(C)CCOC(=O)Cc1ccccc1,I,0,,none
O=C([O-])[O-].[Mg+2],III,0,,none
O=C(O)O.[Mg+2],III,0,,none
C=C1CCCC(C)(C)[C@@H]1CCC(C)=O,I,0,,none
C=C1CCCC(C)(C)[C@H]1CCC(C)=O,I,0,,none
C=C1CCCC(C)(C)C1CCC(C)=O,I,0,,none
CC(=O)CC1=C(C)CCCC1(C)C,I,0,,none
CCN(CC)CC,I,0,,II
O=C([O-])C(O)C(O)C(=O)O.[NH4+],III,0,,none
N.O=C(O)[C@H](O)[C@@H](O)C(=O)O,III,0,,II
CC(C)=CC(=O)CC(C)C1=CC=C(C)CC1,III,1,SA10_Ames,none
CCCCCCCCCCCC1CCCC(=O)O1,I,0,,none
ClC#CCl,III,0,,III
CC[n+]1c(-c2ccccc2)c2cc(N)ccc2c2ccc(N)cc21.[Br-],III,1,SA19_Ames;SA28_Ames,III
C=CCc1ccc2c(c1)OCO2,III,1,SA38_Ames,none
SCCc1ccccc1,III,0,,none
CC(C)NCC(O)COc1cccc2ccccc12.Cl,III,0,,III
CCCCOCCOC(=O)COc1ccc(Cl)cc1Cl,III,0,,III
CN(C)C=O,III,0,,II
C/C(C=O)=C/c1ccco1,II,0,,none
C/C(C=O)=C\c1ccco1,II,0,,none
CC(C=O)=Cc1ccco1,II,0,,none
CC(=O)OC[C@H]1O[C@@](COC(=O)C(C)C)(O[C@H]2O[C@H](COC(C)=O)[C@@H](OC(=O)C(C)C)[C@H](OC(=O)C(C)C)[C@H]2OC(=O)C(C)C)[C@@H](OC(=O)C(C)C)[C@@H]1OC(=O)C(C)C,III,0,,none
CC1NC(C)SC(C(C)C)S1,II,0,,III
COP(=S)(OC)Oc1ccc([N+](=O)[O-])c(C)c1,III,1,SA27_Ames,II
CC=CC(=O)OC(C)C1CCCCC1,I,0,,none
C/C=C/C(=O)OC(C)C1CCCCC1,I,0,,none
CCOCCO,I,0,,none
CC1=CC(C)(C)Nc2ccccc21,II,0,,III
CCCCC1OCCOC1=O,I,0,,none
CC(C)=CCC/C(C)=C/CC1CCCC1=O,III,0,,none
ClCCOCCCl,III,1,SA8_Ames,III
O=S(=O)([O-])c1ccc(O)cc1.O=S(=O)([O-])c1ccc(O)cc1.[Zn+2],I,0,,none
CC(=O)/C=C/C1C(C)CCC(C)C1(C)C,II,1,SA10_Ames,none
CCOC(=O)CC(S)c1ccccc1,III,0,,none
CCCSC,I,0,,none
CCCC(O)CC,I,0,,none
CCCCCOC(=O)CCC(C)C,I,0,,none
CC1CCOC(C)(C)S1,II,0,,none
COc1cc(C2OCC(COC3CC(C)CCC3C(C)C)O2)ccc1O,III,0,,none
C=CCc1ccc(OC(=O)c2ccccc2)c(OC)c1,I,1,SA38_Ames,none
Cc1cnc(SCc2ccco2)cn1,III,0,,none
CC(C)CC(=O)OC(C)C,I,0,,none
C=CCN=C=S,III,1,SA15_Ames,none
CCCCCCCCCCC1OCC(C)O1,I,0,,none
C=C(CC(C)(C)c1ccccc1)c1ccccc1,III,0,,none
C1CCCCCC2COCC2CCCC1,II,0,,none
Cl[Hg].Cl[Hg],III,0,,III
CC(C)N1C(=O)c2ccccc2NS1(=O)=O,III,0,,III
C=CCC(/C=C/CCCCC)OC(C)=O,I,0,,none
C=CCC(C=CCCCCC)OC(C)=O,I,0,,none
CCOC(=S)S,III,0,,none
C#CCCCCCC(=O)OC,III,0,,none
C=CC(=C)CCCC(C)(C)OC,I,0,,none
CO/N=C(/C(=O)OC)c1ccccc1COc1ccccc1C,III,0,,none
CCOC(=O)C1CC=CC(OC)O1,III,0,,none
COc1ccc(COC(=O)C(C)C)cc1,I,0,,none
CCCSSSC,III,0,,none
CC[Si](Cl)(Cl)Cl,III,0,,III
O=C(Cc1ccccc1)OCCc1ccccc1,I,0,,none
O=C1OCCCCCCCCCCCOC1=O,I,0,,none
CCCC12CCC3(C1)C(CCCC3(C)C)C2=O,I,0,,none
OCC1COC(Cc2ccccc2)O1,I,0,,none
OCc1cccs1,III,0,,none
FC(F)(F)CCCl,III,1,SA8_Ames,I
CCCCC1OC(=O)C2=C1CCC=C2,III,0,,none
CCOC(=O)/C=C(\C)CCC=C(C)C,I,0,,none
CCOC(OC)c1ccccc1,I,0,,none
CC(C)OC(=O)C(C)(C)c1ccccc1,I,0,,none
CCCCCC(=O)CCCCC,I,0,,none
O=COCc1ccc2c(c1)OCO2,III,0,,none
CCCCCCCCCCCC1=NCC[N+]1(CCOCC(=O)[O-])CC(=O)[O-].[Na+].[Na+].[OH-],III,0,,none
CCC(C)C(=O)C(=O)OC,I,0,,none
O=c1cccco1,III,0,,none
Cc1ccc([N+](=O)[O-])cc1,III,1,SA27_Ames,II
COC(=O)C1C(OC(=O)c2ccccc2)CC2CCC1N2C,II,0,,II
CC1(S)CCC2CC1C2(C)C,III,0,,none
CCCCCCC(C)=O,I,0,,none
CC1CCCC(C)(C)C1=O,I,0,,none
CCCC(=O)Oc1ccccc1OC,I,0,,none
O=C(Oc1ccccc1)c1ccccc1O,I,0,,none
CCCCCCCCCCCCCCCCCCOCC(C)O,III,0,,none
Cc1ccc(O)cc1N(C)C,III,1,SA28bis_Ames,II
CC(C)CCCC(C)C1CCC2(C)C3CCC4C(C)(C)CCCC4(C)C3CCC12C,III,0,,none
CCCCCCCOC(=O)c1ccccc1N,III,1,SA28_Ames,III
CCC(=O)/C=C/C1C(C)C=CCC1(C)C,II,1,SA10_Ames,none
CCCCCCCCCCC(OCC)OCC,I,0,,none
CC1=CC[C@@H](C(C)(C)S)CC1,III,0,,none
CC1=CCC(C(C)(C)S)CC1,III,0,,none
CCCCCCCC/C=C\CCCCCCCC(=O)O,I,0,,none
CCCCCCCC/C=C/CCCCCCCC(=O)O,I,0,,none
CCCCCCCCC=CCCCCCCCC(=O)O,I,0,,none
OC1CC2CCC1C2,I,0,,none
CCCCCC(OC)OC,I,0,,none
COC(=O)C1CCCCC1,I,0,,none
CCCCCCC(=O)CC(=O)OCC,I,0,,none
CO[C@@H]1C[C@H]2CC[C@]1(C)C2(C)C,III,0,,none
COC1CC2CCC1(C)C2(C)C,III,0,,none
CO[C@H]1C[C@H]2CC[C@@]1(C)C2(C)C,III,0,,none
CCC(C)C1(CC)C(=O)NC(=O)NC1=O,III,0,,none
CCCCCS,III,0,,none
Cc1nc(C)c(C)o1,III,0,,none
CCCCCCCCCC(=O)OCCCC,I,0,,none
CC(C)C(=O)OCCCC1CCCCC1,I,0,,none
COc1ccc(C=O)cc1,I,1,SA11_Ames,none
CC1=C2CCC(C)C=C2OC1=O,I,0,,none
CC1=C2CC[C@@H](C)C=C2OC1=O,I,0,,none
C=C(C)C1CCC(C)(O)C1C,I,0,,none
O=C1C=C2C(=CCOC2O)O1,I,0,,none
CC(C)(C)[C@@H]1CCCCC1=O,I,0,,none
CC(C)(C)C1CCCCC1=O,I,0,,none
CCCCCCCCCC(=O)OCc1ccccc1,I,0,,none
CCCC(=O)OC/C=C(\C)CCC=C(C)C,I,0,,none
CCCC(=O)OC/C=C(/C)CCC=C(C)C,I,0,,none
CCCC(=O)OCC=C(C)CCC=C(C)C,I,0,,none
N#CCc1c[nH]c2cc(N)ccc12,III,1,SA28_Ames,III
CCCN(CCC)c1c([N+](=O)[O-])cc(C(F)(F)F)cc1[N+](=O)[O-],III,1,SA27_Ames,I
O=COc1ccc2ccccc2c1,III,0,,none
CCCCCCO,I,0,,none
C1CCCNCC1,II,0,,III
CCCC(C)CC=O,I,1,SA11_Ames,none
COC(/C=C(\C)CCC=C(C)C)OC,II,0,,none
COC(C=C(C)CCC=C(C)C)OC,II,0,,none
O=Cc1ccc[nH]1,II,1,SA11_Ames,none
CC(=O)[C@@]1(C)CC[C@@]23C[C@@H]1C(C)(C)[C@@H]2CC[C@H]3C,I,0,,none
CC(=O)[C@@]1(C)CCC23C[C@@H]1C(C)(C)[C@@H]2CC[C@H]3C,I,0,,none
C=CCOC(=O)C(C)CC,III,0,,none
Cc1ccccc1SSc1ccccc1C,III,0,,none
CCCOc1ccc(N)cc1[N+](=O)[O-],III,1,SA27_Ames;SA28_Ames,III
C1=CCC=C1,I,0,,none
CCOC(=O)[C@@H](N)CC(N)=O,I,0,,III
CCCCCCCCCCCl,III,1,SA8_Ames,III
OCCCCC1=CCCC1,I,0,,none
Cc1coc(C(=O)c2cccs2)c1C,III,0,,none
CCCOC(=O)c1cc(O)c(O)c(O)c1,I,0,,none
CC(=O)/C=C/C12OC1(C)CCCC2(C)C,III,1,SA10_Ames;SA7_Ames,none
CC(=O)C=CC12OC1(C)CCCC2(C)C,III,1,SA10_Ames;SA7_Ames,none
CCC12CCC3C(C)(C)CCCC3(C)C1CCO2,III,0,,none
CCCCC(C(C)=O)C(=O)OCC,I,0,,none
CCC(C)c1cnc(C)c(C)n1,II,0,,none
CCCC=O,I,1,SA11_Ames,none
O.O=C1N=S(=O)([O-])c2ccccc21.[Na+],III,0,,none
CCC[C@H](C)C(=O)OC,I,0,,none
CCCC(C)C(=O)OC,I,0,,none
CC1=CCC(C(C)CO)CC1,I,0,,none
CC1COCc2cc3c(cc21)C(C)(C)CC3(C)C,III,0,,none
CC(=O)c1cnc(C)o1,II,0,,none
Cc1ncc(CO)c(CO)c1O.Cl,III,0,,III
C/C=C/C(=O)OC1CCCCC1,I,0,,none
C/C=C/C(OCC)OCC,II,0,,none
C=Cc1ncc(C)nc1C,II,0,,none
c1ccc(-c2ccccc2)cc1,III,0,,none
C=C1[C@@H]2CC[C@@H](C2)[C@@]1(C)CC/C=C(/C)COC(C)=O.CC(=O)OC/C(C)=C\CC[C@]1(C)C2CC3[C@H](C2)C31C,I,0,,none
C=C1C2CCC(C2)C1(C)CCC=C(C)COC(C)=O.CC(=O)OCC(C)=CCCC1(C)C2CC3C(C2)C31C,I,0,,none
CC12CCC(C3(CCCC3)C1=O)C2(C)C,I,0,,none
CC1(C)C2CCC1(C)C(C(=O)O)C2,I,0,,none
CCCCCCCCCCCCCCCCCC(=O)O[C@@]1([C@@]2(CO)O[C@H](CO)[C@@H](O)[C@@H]2O)O[C@H](CO)[C@@H](O)[C@H](O)[C@H]1O,III,0,,none
CC/C=C\CCCC=O,I,1,SA11_Ames,none
CCCCCCCCCCCCCCCCOP(=O)(O)O,III,0,,none
Cl.NNc1nncc2ccccc12,III,1,SA13_Ames,III
CC=CC=CCOC(=O)CC,I,0,,none
C/C=C/C=C\COC(=O)CC,I,0,,none
CCCCCCCCCS,III,0,,none
CC(C)CCCCO,I,0,,none
C1=NCCC1,II,0,,none
COC(=O)C1CC2CC1C(C)(C)C2,I,0,,none
C=C[C@]1(C)Cc2occ(C)c2C(=O)[C@@H]1C(=C)C,III,0,,none
CC(C)CCOC(=O)CCc1ccco1,II,0,,none
CC(C)(C#N)C(C)(C)C#N,III,0,,none
CCCCCCCCCCCCCC=CC(=O)O,I,0,,none
CCC=CC=CO,III,0,,none
CCCCCCCCCCCCCCCCC(=O)NCCn1ccc2ccccc21,III,0,,none
CCSCCOP(=S)(OC)OC,III,0,,none
CC1=CCCC(C)(C)C1C=O,I,1,SA11_Ames,none
CCCCCC1CC1C(=O)O,I,0,,none
Cl.NCc1ccc(-c2ncc(CNC(=O)c3ccc4c(c3)NC(=O)c3ccccc3S4(=O)=O)s2)cc1,III,0,,III
CCC(C)=O,I,0,,none
N#C/C=C/c1ccccc1,III,0,,none
N#CC=Cc1ccccc1,III,0,,none
CCCCCC(=O)OCC(C)CC,I,0,,none
CCCCCC/C=C/C(=O)OC,I,0,,none
CCCCCC/C=C\C(=O)OC,I,0,,none
CCCCCCC=CC(=O)OC,I,0,,none
CCC(=O)OC(C)C(=O)OSC,III,0,,none
CCOc1cc(C)ccc1O,I,0,,none
CCCCCCCCCO,I,0,,none
CC/C=C\CCCCOC(=O)CC(C)C,I,0,,none
O=C(CO)c1ccccc1,I,0,,none
CCCCCCC(C)(C)c1ccc([C@@H]2CCC[C@H](O)C2)c(O)c1,II,0,,none
OCC(Cl)CCl,III,1,SA8_Ames,III
CC(C)CO,I,0,,none
CCCC(O)CCC1C(C)CCC(C)C1(C)C,I,0,,none
CC(=O)OC(C)(C)CCc1ccccc1,I,0,,none
CCCCCCCCC(=O)OC1CCCCC1,I,0,,none
CC(C)=CCCC(C)=CCCC(C)C=O,I,1,SA11_Ames,none
CC(C)=CCC/C(C)=C/CCC(C)C=O,I,1,SA11_Ames,none
CCCCCOC(=O)CS,I,0,,none
CCC(C)C(C)O,I,0,,none
Cc1cc([N+](=O)[O-])cc([N+](=O)[O-])c1O,III,1,SA27_Ames,II
CCC(=O)OC1C=C(C)C2CC(=C(C)C)CC2C(C)C1,I,0,,none
CCOC(=O)C(C)(O)c1ccccc1,I,0,,none
CCCCC(CC)CC(=O)OC,I,0,,none
CC1C(=O)C2CC1C(C)(C)C2,I,0,,none
C=CCc1ccc(OC)c(OC)c1,I,1,SA38_Ames,none
O=c1ccc2ccccc2o1,III,1,SA30_Ames,none
COc1cc(C(OC)OC)ccc1OC(C)=O,III,0,,none
CC(=CC(C)C)C(C)OC(C)(C)COC(=O)C1CC1,III,0,,none
COC(=O)CCc1ccc(C)cc1,I,0,,none
CC1(C)C(=O)C2CCC1C2,I,0,,none
COc1cc(OC)c(C(=O)CC(C)=O)c(OC)c1,I,0,,none
CCC/C=C\CCCOC(C)=O,I,0,,none
CC(O)C(=O)OCc1ccccc1,I,0,,none
C=C(C)[C@H]1CC[C@H](C)C[C@H]1O,I,0,,none
C=C(C)[C@@H]1CC[C@@H](C)C[C@H]1O,I,0,,none
C=C(C)C1CCC(C)CC1O,I,0,,none
CCCCCCCCCCCCCCCCCCCCCCCCCCCC,I,0,,none
O=C1CCCCCCCCC/C=C/CCCO1,I,0,,none
O=C1CCCCCCCCC/C=C\CCCO1,I,0,,none
CC(=O)CC(=O)OCC(C)C,I,0,,none
CCC=CC(=O)OC=CCCCC,III,1,SA24_Ames,none
CC/C=C/COC(=O)CCCCC,I,0,,none
CC/C=C\COC(=O)CCCCC,I,0,,none
CCCCCCCC(=O)OC(C)CCC,I,0,,none
Cc1ccc(-c2ccccc2)cc1,III,0,,none
CC(C=O)=Cc1ccc(C(C)(C)C)cc1,II,0,,none
CC1CCCCCCCCCCC(=O)CC1,II,0,,none
NS(=O)(=O)c1cc(C(=O)O)c(NCc2ccco2)cc1Cl,III,0,,III
CSSc1cc(C)oc1C,III,0,,none
CS(=O)(=O)c1ccc(CCC(=O)O)cc1,III,0,,none
O=C(O)Cc1ccc(O)cc1,I,0,,none
CC(=O)[O-],III,0,,none
NCCCCN=C(N)N,III,0,,III
C[N+](C)(C)CC(=O)O,III,0,,none
O=C[O-],III,0,,none
COc1ccc2[nH]cc(CCNC(C)=O)c2c1,III,0,,none
NC(=O)c1cnccn1,III,0,,II
c1cn[nH]c1,III,0,,none
NCCc1c[nH]c2ccccc12,III,0,,III
O=c1cc[nH]c(=O)[nH]1,III,0,,none
NCCCCCCCCCCN,I,0,,III
CCCCN(CCCC)CCCN,I,0,,III
COc1ccc2[nH]cc(CCN)c2c1,III,0,,III
Cn1c(=O)c2c(ncn2CCO)n(C)c1=O,III,0,,II
COc1ccc2c(c1)c(CC(=O)OCC(=O)O)c(C)n2C(=O)c1ccc(Cl)cc1,III,0,,III
CCCSc1ccc2nc(NC(=O)OC)[nH]c2c1,III,0,,none
CN(C)c1nc(N(C)C)nc(N(C)C)n1,III,1,SA28bis_Ames,II
NCCCNCCSP(=O)(O)O,III,0,,III
Nc1ccc(C(=O)NCC(=O)O)cc1,III,1,SA28_Ames,III
Cc1c(N)c(=O)n(-c2ccccc2)n1C,III,1,SA28_Ames,III
Clc1ccc2c(c1)C(N1CCNCC1)=Nc1ccccc1O2,III,0,,III
CC(C)(C#N)c1cc(Cn2cncn2)cc(C(C)(C)C#N)c1,III,0,,none
COc1ccc(-c2cc(=S)ss2)cc1,III,0,,none
COc1ccc(C(=O)N2CCCC2=O)cc1,II,0,,II
Cc1cc(=O)n(-c2ccccc2)n1C,II,0,,II
COc1ccc(CCN2CCC(Nc3nc4ccccc4n3Cc3ccc(F)cc3)CC2)cc1,III,0,,III
Cn1cnc([N+](=O)[O-])c1Sc1ncnc2nc[nH]c12,III,1,SA27_Ames,II
CCC1(C)CC(=O)NC(=O)C1,II,0,,none
CCc1oc2ccccc2c1C(=O)c1cc(Br)c(O)c(Br)c1,III,0,,III
NS(=O)(=O)c1cc2c(cc1Cl)NC(CSCc1ccccc1)=NS2(=O)=O,III,0,,III
CC(=O)Oc1ccc(C(c2ccc(OC(C)=O)cc2)c2ccccn2)cc1,III,0,,none
CCN(CC)CCNC(=O)c1cc(Br)c(N)cc1OC,III,1,SA28_Ames,III
O=C(CCCN1CCC(O)(c2ccc(Br)cc2)CC1)c1ccc(F)cc1,III,0,,III
CCCCOc1ccc(CC(=O)NO)cc1,III,1,SA64_Ames,none
CCCCNc1cc(C(=O)O)cc(S(N)(=O)=O)c1Oc1ccccc1,III,0,,III
CS(=O)(=O)OCCCCOS(C)(=O)=O,III,0,,none
CCCCN(CCCC)CCCOC(=O)c1ccc(N)cc1,III,1,SA28_Ames,III
C=CCC1(CC(C)C)C(=O)NC(=O)NC1=O,III,0,,none
CCOc1nc2cccc(C(=O)O)c2n1Cc1ccc(-c2ccccc2-c2nn[nH]n2)cc1,III,0,,none
NC(=O)N1c2ccccc2C=Cc2ccccc21,III,0,,II
Cc1ccc(-c2cc(C(F)(F)F)nn2-c2ccc(S(N)(=O)=O)cc2)cc1,III,0,,I
NC(=NCCCCCCN=C(N)N=C(N)Nc1ccc(Cl)cc1)N=C(N)Nc1ccc(Cl)cc1,III,0,,III
Oc1c(Cl)cc(Cl)c2cccnc12,III,0,,III
O=c1[nH]c2cc(Cl)ccc2o1,III,0,,III
O=C1CCc2cc(OCCCCc3nnnn3C3CCCCC3)ccc2N1,III,0,,none
CCn1nc(C(=O)O)c(=O)c2cc3c(cc21)OCO3,III,0,,II
CC(C)N=c1cc2n(-c3ccc(Cl)cc3)c3ccccc3nc-2cc1Nc1ccc(Cl)cc1,III,1,SA19_Ames,III
CCOC(=O)C(C)(C)Oc1ccc(Cl)cc1,III,0,,III
CC(C)(Oc1ccc(Cl)cc1)C(=O)O,III,0,,III
NC1CCCCCC1,III,0,,III
NC1CCCC1,III,0,,III
CN(C)N=Nc1nc[nH]c1C(N)=O,III,1,SA22_Ames,II
CC1=NS(=O)(=O)c2cc(Cl)ccc2N1,III,0,,III
NS(=O)(=O)c1cc(Cl)c(Cl)c(S(N)(=O)=O)c1,III,0,,III
CCOC(=O)OC(=O)OCC,III,0,,III
O=C(O)CN(CCN(CC(=O)O)CC(=O)O)CCN(CC(=O)O)CC(=O)O,III,0,,II
O=C(O)c1cc(-c2ccc(F)cc2F)ccc1O,III,0,,III
CC1(C)OC(=O)NC1=O,III,0,,none
OCCN(CCO)c1nc(N2CCCCC2)c2nc(N(CCO)CCO)nc(N3CCCCC3)c2n1,III,0,,II
CCCC(CCC)C(=O)O,I,0,,none
O=c1[nH]c2ccccc2n1CCCN1CCC(n2c(=O)[nH]c3cc(Cl)ccc32)CC1,III,0,,III
O=c1c2ccccc2[se]n1-c1ccccc1,III,0,,II
CCn1cc(C(=O)O)c(=O)c2cc(F)c(N3CCNCC3)nc21,III,0,,III
COc1cc(C)nc(-n2nc(C)cc2OC)n1,III,0,,none
O=C(Cn1ccnc1[N+](=O)[O-])NCCO,III,1,SA27_Ames,II
C=C(CC)C(=O)c1ccc(OCC(=O)O)c(Cl)c1Cl,III,1,SA10_Ames;SA38_Ames,III
CC(=O)OCC(CCn1cnc2cnc(N)nc21)COC(C)=O,III,1,SA28_Ames,III
NC(N)=Nc1nc(CSCCC(N)=NS(N)(=O)=O)cs1,III,0,,III
O=C(O)Cc1ccc(-c2ccccc2)cc1,III,0,,none
COC(=O)Nc1nc2ccc(Sc3ccccc3)cc2[nH]1,III,0,,none
O=C(O)CCC(=O)c1ccc(-c2ccccc2)cc1,III,0,,none
CN1CCN(c2c(F)cc3c(=O)c(C(=O)O)cn(CCF)c3c2F)CC1,III,0,,III
OC(Cn1cncn1)(Cn1cncn1)c1ccc(F)cc1F,III,0,,III
O=C(O)c1ccccc1Nc1cccc(C(F)(F)F)c1,III,0,,I
O=C1NCN(c2ccccc2)C12CCN(CCCC(c1ccc(F)cc1)c1ccc(F)cc1)CC2,III,0,,III
CC(C)C(=O)Nc1ccc([N+](=O)[O-])c(C(F)(F)F)c1,III,1,SA27_Ames,I
Cc1cn[nH]c1,III,0,,none
O=C(O)c1ccccc1OP(=O)(O)O,III,0,,none
NCC1(CC(=O)O)CCCCC1,III,0,,III
Cc1ccc(C)c(OCCCC(C)(C)C(=O)O)c1,III,0,,none
CCC1=C(C)CN(C(=O)NCCc2ccc(S(=O)(=O)NC(=O)NC3CCC(C)CC3)cc2)C1=O,III,1,SA10_Ames,II
Cc1cnc(C(=O)NCCc2ccc(S(=O)(=O)NC(=O)NC3CCCCC3)cc2)cn1,III,0,,none
COc1ccc(Cl)cc1C(=O)NCCc1ccc(S(=O)(=O)NC(=O)NC2CCCCC2)cc1,III,0,,III
O=C(CCCN1CCC(O)(c2ccc(Cl)cc2)CC1)c1ccc(F)cc1,III,0,,III
Clc1cc(Cl)c(OCC#CI)cc1Cl,III,0,,III
Oc1c(Cl)cc(Cl)c(Cl)c1Cc1c(O)c(Cl)cc(Cl)c1Cl,III,0,,III
CCN(CC)CCNc1ccc(CO)c2sc3ccccc3c(=O)c12,II,1,SA19_Ames,III
CC(C)C(=O)c1c(C(C)C)nn2ccccc12,III,0,,none
COC1=C(OC)C(=O)C(CCCCCCCCCCO)=C(C)C1=O,III,1,SA12_Ames,none
Nc1cc(-c2ccncc2)c[nH]c1=O,III,1,SA28_Ames,III
CNC(=O)c1c(I)c(C(=O)NCC(=O)Nc2c(I)c(C(=O)O)c(I)c(C(=O)NCCO)c2I)c(I)c(N(C)C(C)=O)c1I,III,0,,II
Cc1cc(C(=O)NNCc2ccccc2)no1,III,1,SA13_Ames,III
COc1ccc(C(=O)NCc2ccc(OCCN(C)C)cc2)cc1OC,III,0,,II
COc1c2occc2c(OC)c2c(=O)cc(C)oc12,III,1,SA19_Ames,none
c1coc(CNc2ncnc3nc[nH]c23)c1,III,0,,III
Nc1nnc(-c2cccc(Cl)c2Cl)c(N)n1,III,1,SA28_Ames,III
Cc1oncc1C(=O)Nc1ccc(C(F)(F)F)cc1,III,0,,I
Cc1cccc(C)c1NC(=O)CN1CCN(CCCC(c2ccc(F)cc2)c2ccc(F)cc2)CC1,III,0,,III
COc1cccc(N(C)C(=S)Oc2ccc3c(c2)CCCC3)n1,III,0,,II
CCOC(=O)N1CCC(=C2c3ccc(Cl)cc3CCc3cccnc32)CC1,III,1,SA16_Ames,III
CCCCc1nc(Cl)c(CO)n1Cc1ccc(-c2ccccc2-c2nn[nH]n2)cc1,III,0,,III
COC(=O)Nc1nc2ccc(C(=O)c3ccccc3)cc2[nH]1,III,0,,none
Cc1cccc(Nc2ccccc2C(=O)O)c1C,III,0,,III
CC(=O)N=c1sc(S(N)(=O)=O)nn1C,III,0,,III
COC(=O)Nc1nc2ccc(C(=O)c3cccs3)cc2[nH]1,III,0,,none
Cc1cc2c(cc1S(N)(=O)=O)S(=O)(=O)CCC2,III,0,,III
CC(C)(C(=O)c1cccnc1)c1cccnc1,III,0,,none
Cc1[nH]c(=O)c(C#N)cc1-c1ccncc1,III,0,,none
O=C(NCCN1CCOCC1)c1ccc(Cl)cc1,III,0,,III
CCOC([O-])=Nc1c[n+](N2CCOCC2)no1,III,0,,II
NCc1cc(=O)[nH]o1,III,0,,III
O=C(CCNNC(=O)c1ccncc1)NCc1ccccc1,III,1,SA13_Ames,III
O=C(Nc1ccc([N+](=O)[O-])cc1Cl)c1cc(Cl)ccc1O,III,1,SA27_Ames,III
Cc1c(NC(=O)c2cccnc2)c(=O)n(-c2ccccc2)n1C,III,0,,II
O=C(O)c1cccnc1Nc1cccc(C(F)(F)F)c1,III,0,,I
CC1(C)NC(=O)N(c2ccc([N+](=O)[O-])c(C(F)(F)F)c2)C1=O,III,1,SA27_Ames,I
CS(=O)(=O)Nc1ccc([N+](=O)[O-])cc1Oc1ccccc1,III,1,SA27_Ames,III
CCn1cc(C(=O)O)c(=O)c2cc(F)c(N3CCNCC3)cc21,III,0,,III
O=C(O)CCc1nc(-c2ccccc2)c(-c2ccccc2)o1,III,0,,none
CN(C(=O)CN(CCO)CC(=O)N(C)C(C)(C)Cc1ccccc1)C(C)(C)Cc1ccccc1,III,0,,II
CCCOc1ccc2nc(NC(=O)OC)[nH]c2c1,III,0,,none
CCn1cc(C(=O)O)c(=O)c2cc3c(cc21)OCO3,III,0,,II
COc1ccc(C(=O)c2ccccc2)c(O)c1,III,0,,none
CC(=O)CCCCn1c(=O)c2c(ncn2C)n(C)c1=O,III,0,,II
O=S(=O)(F)Cc1ccccc1,III,0,,III
O=C(O)c1ccccc1C(=O)Nc1ccc(S(=O)(=O)Nc2nccs2)cc1,III,0,,III
COc1nc(C)nc(Cl)c1NC1=NCCN1,III,0,,III
CCn1cc(C(=O)O)c(=O)c2cnc(N3CCNCC3)nc21,III,0,,III
NC(=O)CN1CCCC1=O,III,0,,II
Cc1nc2ccccn2c(=O)c1CCN1CCC(C(=O)c2ccc(F)cc2)CC1,III,0,,III
NS(=O)(=O)c1cc(C(=O)O)cc(N2CCCC2)c1Oc1ccccc1,III,0,,III
CCn1cc(C(=O)O)c(=O)c2cnc(N3CCCC3)nc21,III,0,,II
O=C(Nc1cccc2c(=O)cc(-c3nn[nH]n3)oc12)c1ccc(OCCCCc2ccccc2)cc1,III,0,,none
CC(C)(Sc1cc(C(C)(C)C)c(O)c(C(C)(C)C)c1)Sc1cc(C(C)(C)C)c(O)c(C(C)(C)C)c1,III,0,,none
CCC1(CC)C(=O)C=CNC1=O,II,1,SA10_Ames,none
Cc1nc2n(c(=O)c1CCN1CCC(c3noc4cc(F)ccc34)CC1)CCCC2,III,0,,III
CS(=O)(=O)c1ccc(C2=C(c3ccccc3)C(=O)OC2)cc1,III,0,,none
Cn1c([N+](=O)[O-])cnc1COC(N)=O,III,1,SA16_Ames;SA27_Ames,II
Nc1ccc(S(=O)(=O)Nc2ncccn2)cc1,III,1,SA28_Ames,III
O=C(CCCN1CCC2(CC1)C(=O)NCN2c1ccccc1)c1ccc(F)cc1,III,0,,III
Cc1ccc(NC(=O)c2ccc(CN3CCN(C)CC3)cc2)cc1Nc1nccc(-c2cccnc2)n1,III,0,,III
O=C(CCCCCCC(=O)Nc1ccccc1)NO,II,1,SA64_Ames,none
O=C(O)CCC(=O)Nc1ccc(S(=O)(=O)Nc2nccs2)cc1,III,0,,III
Nc1ccc(S(=O)(=O)NC(=O)c2ccccc2)cc1,III,1,SA28_Ames,III
COc1cc(NS(=O)(=O)c2ccc(N)cc2)nc(OC)n1,III,1,SA28_Ames,III
NC(N)=NS(=O)(=O)c1ccc(N)cc1,III,1,SA28_Ames,III
Cc1ccnc(NS(=O)(=O)c2ccc(N)cc2)n1,III,1,SA28_Ames,III
Cc1nnc(NS(=O)(=O)c2ccc(N)cc2)s1,III,1,SA28_Ames,III
COc1cc(NS(=O)(=O)c2ccc(N)cc2)ncn1,III,1,SA28_Ames,III
Nc1ccc(S(=O)(=O)Nc2ccnn2-c2ccccc2)cc1,III,1,SA28_Ames,III
O=C(O)c1cc(N=Nc2ccc(S(=O)(=O)Nc3ccccn3)cc2)ccc1O,III,1,SA29_Ames;aN=Na,III
Nc1ccc(S(=O)(=O)Nc2nccs2)cc1,III,1,SA28_Ames,III
CCCCC1(COC(=O)CCC(=O)O)C(=O)N(c2ccccc2)N(c2ccccc2)C1=O,II,0,,II
Cn1nnc2c(C(N)=O)ncn2c1=O,III,0,,II
CCS(=O)(=O)CCn1c([N+](=O)[O-])cnc1C,III,1,SA27_Ames,II
CCCCNC(=O)NS(=O)(=O)c1ccc(C)cc1,III,0,,none
NCC1CCC(C(=O)O)CC1,III,0,,III
CCN(CC)c1cc(C)nc2ncnn12,III,1,SA28bis_Ames,II
CN1C(=O)OC(C)(C)C1=O,III,0,,II
Cc1cc2cc3c(C)cc(=O)oc3c(C)c2o1,III,1,SA19_Ames;SA30_Ames,none
Cc1cccc(C)c1NC1=NCCCS1,III,0,,III
COc1cc(C(=O)NS(=O)(=O)c2ccccc2C)ccc1Cc1cn(C)c2ccc(NC(=O)OC3CCCC3)cc12,III,0,,none
CCN(C(C)=O)c1cccc(-c2ccnc3c(C#N)cnn23)c1,III,0,,II
COc1cc(-c2ccc(=O)[nH]n2)ccc1OC(F)F,III,0,,III
CN(C)CCOC1=Cc2ccccc2Sc2ccc(Cl)cc21,III,0,,III
CC(=O)OCC(=O)[C@@]1(O)CC[C@H]2[C@@H]3CCC4=CC(=O)CC[C@]4(C)[C@H]3[C@@H](O)C[C@@]21C,III,1,SA10_Ames,none
C[C@]12C[C@H](O)[C@H]3[C@@H](CCC4=CC(=O)CC[C@@]43C)[C@@H]1CC[C@@H]2C(=O)CO,III,1,SA10_Ames,none
CCN(CC)CCOC(=O)C(c1ccccc1)c1ccccc1.Cl,III,0,,III
O=C1C(O)=C(O)O[C@@H]1[C@@H](O)CO,II,1,SA10_Ames,none
CCN(CC)CCOC(=O)c1ccc(N)cc1.Cl,III,1,SA28_Ames,III
O=C(O)Cc1cc(I)c(Oc2ccc(O)c(I)c2)c(I)c1,III,0,,none
Cl.Cl.NCCc1cnc[nH]1,III,0,,III
N[C@@H](Cc1cc(I)c(Oc2cc(I)c(O)c(I)c2)c(I)c1)C(=O)O,III,0,,III
CN(C)CN(C)C,I,0,,II
CC(=O)S[C@@H]1CC2=CC(=O)CC[C@]2(C)[C@H]2CC[C@@]3(C)[C@@H](CC[C@@]34CCC(=O)O4)[C@H]12,III,1,SA10_Ames,none
C#C[C@]1(O)CC[C@H]2[C@@H]3CCC4=CCCC[C@@H]4[C@H]3CC[C@@]21C,III,0,,none
CC[N+](C)(CC)CCOC(=O)C1c2ccccc2Oc2ccccc21.[Br-],III,0,,III
CN(C)CCCN1c2ccccc2Sc2ccccc21.Cl,III,0,,III
NC(=O)c1ccc[n+]([C@@H]2O[C@H](COP(=O)([O-])OP(=O)(O)OC[C@H]3O[C@@H](n4cnc5c(N)ncnc54)[C@H](O)[C@@H]3O)[C@@H](O)[C@H]2O)c1,III,1,SA28_Ames,III
O=c1[nH]c(=O)n([C@H]2C[C@H](O)[C@@H](CO)O2)cc1I,III,0,,II
CC[C@@H]1C(=O)OC[C@@H]1Cc1cncn1C.Cl,III,0,,III
N[C@@H](Cc1cc(I)c(Oc2ccc(O)c(I)c2)c(I)c1)C(=O)O,III,0,,III
Cl.Cl.NCCSSCCN,III,0,,III
CC[N+](CC)(CC)CC.[Cl-],III,0,,III
O=C(N[C@H](CO)[C@H](O)c1ccc([N+](=O)[O-])cc1)C(Cl)Cl,III,1,SA27_Ames;SA8_Ames,III
CCC(=O)O[C@H]1CC[C@H]2[C@@H]3CCC4=CC(=O)CC[C@]4(C)[C@H]3CC[C@]12C,III,1,SA10_Ames,none
Cl.c1ccc(CC2=NCCN2)cc1,III,0,,III
CC(=O)OCC[N+](C)(C)C.[Cl-],III,0,,III
Nc1ncnc2c1ncn2[C@@H]1O[C@H](COP(=O)(O)O)[C@@H](O)[C@H]1O,III,1,SA28_Ames,III
COc1ccc(Cc2nccc3cc(OC)c(OC)cc23)cc1OC.Cl,III,0,,III
O=C1NCCN1c1ncc([N+](=O)[O-])s1,III,1,SA27_Ames,II
CC[N+](C)(C)Cc1ccccc1Br.Cc1ccc(S(=O)(=O)[O-])cc1,III,0,,III
Nc1nc2cc(Cl)ccc2o1,III,1,SA28_Ames,III
COS(=O)(=O)[O-].C[N+]1(C)CCC(=C(c2ccccc2)c2ccccc2)CC1,III,1,SA2_Ames,none
C[C@]12CC[C@H]3[C@@H](CCC4=CC(=O)CC[C@@]43C)[C@@H]1CC[C@@H]2C(=O)CO,III,1,SA10_Ames,none
COC(=O)[C@@H]1[C@H]2C[C@H]3c4[nH]c5ccccc5c4CCN3C[C@@H]2CC[C@@H]1O.Cl,III,0,,III
C[C@@H]1C[C@@H]([C@H](O)CC2CC(=O)NC(=O)C2)C(=O)[C@@H](C)C1,II,0,,none
O=C(O)CN(CCOCCOCCN(CC(=O)O)CC(=O)O)CC(=O)O,III,0,,II
ClC(Cl)(Cl)c1ccc(C(Cl)(Cl)Cl)cc1,III,0,,III
CN(C)CCCN1c2ccccc2Sc2ccc(Cl)cc21.Cl,III,0,,III
O=c1[nH]c(=O)n([C@H]2C[C@H](O)[C@@H](CO)O2)cc1C(F)(F)F,III,0,,I
NCCC[C@H](N)C(=O)O,I,0,,III
CC(C)[N+](C)(CCC(C(N)=O)(c1ccccc1)c1ccccc1)C(C)C.[I-],III,0,,II
C#C[C@]1(O)CC[C@H]2[C@@H]3CCc4cc(OC)ccc4[C@H]3CC[C@@]21C,II,0,,none
CCN(CC)CC(=O)Nc1c(C)cccc1C.Cl,III,0,,III
C[N+](C)(C)C.[Cl-],III,0,,III
NC(CO)(CO)CO,III,0,,III
Nc1ccc(S(=O)(=O)Nc2ccc(Cl)nn2)cc1,III,1,SA28_Ames,III
C[C@H](CCC(=O)O)[C@H]1CC[C@H]2[C@@H]3C(=O)C[C@@H]4CC(=O)CC[C@]4(C)[C@H]3CC(=O)[C@]12C,III,0,,none
C[C@H]1C[C@@H]2[C@H]([C@@H](O)C[C@@]3(C)[C@H]2CC[C@]3(O)C(=O)CO)[C@@]2(C)C=CC(=O)C=C12,III,1,SA10_Ames,none
CN(C)c1cccc2ccccc12,III,1,SA28bis_Ames,II
CCCCc1cc2ccccc2c(OCCN(C)C)n1,III,0,,II
COc1cc(C=O)cc(OC)c1OC,I,1,SA11_Ames,none
CN(C)Cc1c[nH]c2ccccc12,III,0,,II
Cc1cc(C)c(N)c(C)c1,III,0,,III
Cc1ccccc1CN,III,0,,III
COc1ccccc1[N+](=O)[O-],III,1,SA27_Ames,II
O=C(O)c1cccc(O)c1,I,0,,none
CC(C)c1ccc(N)cc1,III,1,SA28_Ames,III
CNC1CCCCC1,III,0,,III
CCc1cc(CC)cc(CC)c1,I,0,,none
CNCc1ccccc1,III,0,,III
O=CNc1ccccc1,III,1,SA28ter_Ames,none
CCCCNc1ccc(C(=O)OCCOCCOCCOCCOCCOCCOCCOCCOCCOC)cc1,III,0,,III
CC(=O)Oc1cccc(OC(C)=O)c1,I,0,,none
CN(C)CCCN,I,0,,III
CNCCN,III,0,,III
CNCCNC,III,0,,III
CN(C)CCCN(C)C,I,0,,II
OCCCCCO,III,0,,none
CCCCCC=CCC=CCCCCCCCC(=O)OC,I,0,,none
CN(C)C(=O)Oc1cccc([N+](C)(C)C)c1.[Br-],III,0,,III
CC[N+](C)(C)c1cccc(O)c1.[Cl-],III,0,,III
COc1ccc(CCN)cc1OC,III,0,,III
CC(C)(C)CC(C)(C)c1ccc(OCCOCC[N+](C)(C)Cc2ccccc2)cc1.[Cl-],III,0,,III
CC(=O)c1cccc(O)c1,I,0,,none
CNC[C@H](O)[C@@H](O)[C@H](O)[C@H](O)CO,III,0,,III
COc1ccc(C(=O)c2ccccc2O)c(O)c1,III,0,,none
CN(C)CCN(Cc1cccs1)c1ccccn1.Cl,III,0,,III
Cl.Nc1ccc(N=Nc2ccccc2)c(N)n1,III,1,SA28_Ames;SA29_Ames;aN=Na,III
CCCCNc1ccc(C(=O)OCCN(C)C)cc1.Cl,III,0,,III
CCCc1ncc(C[n+]2ccccc2C)c(N)n1.Cl.[Cl-],III,1,SA28_Ames,III
N=C(N)c1ccc(OCCCCCOc2ccc(C(=N)N)cc2)cc1.O=S(=O)(O)CCO.O=S(=O)(O)CCO,III,0,,III
Cl.Nc1ccccc1,III,1,SA28_Ames,III
CCCCCCCCCCN,I,0,,III
CCCCCCNCCCCCC,III,0,,III
CC(=O)[C@H]1CC[C@H]2[C@@H]3CC=C4C[C@@H](O)CC[C@]4(C)[C@H]3CC[C@]12C,III,0,,none
CN(C)CCOC(c1ccccc1)c1ccccc1.Cl,III,0,,III
CN(C)CCN(Cc1ccccc1)c1ccccn1.Cl,III,0,,III
Cl.NCCc1ccccc1,III,0,,III
Cl.NCCS,III,0,,III
c1ccc2c(c1)OCO2,III,0,,none
c1ccc2cccc-2cc1,III,0,,none
C#C[C@]1(OC(C)=O)CC[C@H]2[C@@H]3CCC4=C[C@@H](OC(C)=O)CC[C@@H]4[C@H]3CC[C@@]21C,III,0,,none
CC(C)[N+](C)(CCOC(=O)C1c2ccccc2Oc2ccccc21)C(C)C.[Br-],III,0,,III
CCN(CC)C(=O)c1ccc(O)c(OC)c1,III,0,,II
CC(C)NNC(=O)c1ccncc1.O=P(O)(O)O,III,1,SA13_Ames,III
C#CCN(C)Cc1ccccc1.Cl,III,0,,III
Cn1c(=O)c2[nH]cnc2n(C)c1=O.Cn1c(=O)c2[nH]cnc2n(C)c1=O.NCCN,III,0,,III
CC(=O)Oc1cc(C(F)(F)F)ccc1C(=O)O,III,0,,I
CC(=O)OCC(=O)[C@@]12OC(C)(C)O[C@@H]1C[C@H]1[C@@H]3C[C@H](F)C4=CC(=O)C=C[C@]4(C)[C@@]3(F)[C@@H](O)C[C@@]12C,III,1,SA10_Ames,III
CNNCc1ccc(C(=O)NC(C)C)cc1.Cl,III,1,SA13_Ames,III
CC(=O)[C@@]1(O)CC[C@H]2[C@@H]3C[C@H](C)C4=CC(=O)C=C[C@]4(C)[C@@]3(F)[C@@H](O)C[C@@]21C,III,1,SA10_Ames,III
C[C@H](CCC(=O)O)[C@H]1CC[C@H]2[C@@H]3CC[C@@H]4C[C@H](O)CC[C@]4(C)[C@H]3CC[C@]12C,III,0,,none
C[C@]12CC[C@H]3[C@@H](CCC4=CC(=O)CC[C@@H]43)[C@@H]1CC[C@@H]2O,III,1,SA10_Ames,none
CNCCC=C1c2ccccc2C=Cc2ccccc21,III,0,,III
CC1=CC(C)(C)CC(=O)C1,I,0,,none
C[C@H](CCC(=O)O)[C@H]1CC[C@H]2[C@@H]3[C@H](O)C[C@@H]4C[C@H](O)CC[C@]4(C)[C@H]3CC[C@]12C,III,0,,none
Cc1ccc2c(C)ccc(C(C)C)c2c1,III,0,,none
O=Cc1cccnc1,II,1,SA11_Ames,none
C=CC(=C)CCC=C(C)CCC=C(C)C,I,0,,none
CCCCCCCCCC(=O)CCCCCCCCC,I,0,,none
OCCCO,III,0,,none
O=C(O)CCCCCCC(=O)O,I,0,,none
CNC.Cl,III,0,,III
C=C(C)C(=C)C,I,0,,none
COc1cc([C@@H]2c3cc4c(cc3[C@H](O)[C@H]3COC(=O)[C@H]23)OCO4)cc(OC)c1OC,III,0,,none
COc1ccc([C@@H]2CC(=O)c3c(O)cc(O[C@@H]4O[C@H](CO[C@@H]5O[C@@H](C)[C@H](O)[C@@H](O)[C@H]5O)[C@@H](O)[C@H](O)[C@H]4O)cc3O2)cc1O,II,0,,none
Cc1cc(N)c2ccccc2[n+]1CCCCCCCCCC[n+]1c(C)cc(N)c2ccccc21.[Cl-].[Cl-],III,1,SA28_Ames,III
CC(=O)Oc1ccccc1C(=O)Oc1ccccc1C(=O)O,I,0,,none
C[N+](C)(C)CCCCCCCCCC[N+](C)(C)C.[Br-].[Br-],III,0,,III
CC(C)CCN.Cl,III,0,,III
C1=CC=CCC=C1,I,0,,none
CN(C)CCC=C1c2ccccc2CCc2ccccc21.Cl,III,0,,III
CCCOc1cc(N)ccc1C(=O)OCCN(CC)CC.Cl,III,1,SA28_Ames,III
CCCCCCCCCCCCCCCC[N+](C)(C)CCN(Cc1ccc(OC)cc1)c1ncccn1.[Br-],III,0,,III
CC1=CC(=O)C=CC1=O,II,1,SA12_Ames,none
CCCC(C)(C)CC,I,0,,none
CC(C)=C(C)C,I,0,,none
C[C@]12CCC(=O)C(O)=C1CC[C@@H]1[C@@H]2CC[C@]2(C)C(=O)CC[C@@H]12,III,1,SA10_Ames,none
CCc1ccccc1N,III,1,SA28_Ames,III
CCc1cccc(CC)c1N,III,0,,III
N=C(N)N1CCc2ccccc2C1.N=C(N)N1CCc2ccccc2C1.O=S(=O)(O)O,III,0,,III
CC(=O)c1cccc(C)c1,I,0,,none
COc1cccc(C(C)=O)c1,I,0,,none
CCc1cccc(N)c1,III,1,SA28_Ames,III
CCc1ccc(N)cc1,III,1,SA28_Ames,III
CCCCC(=O)CCC,I,0,,none
CC(=O)O[C@]1(C(C)=O)CC[C@H]2[C@@H]3C=C(C)C4=CC(=O)CC[C@]4(C)[C@H]3CC[C@@]21C,III,1,SA10_Ames,none
Cn1ccc2ccccc21,III,0,,none
COc1c(Br)cc(Br)cc1Br,III,0,,III
O=C(O)c1ccccc1CO,I,0,,none
CCC(N)CC,I,0,,III
CCN(C)CC,I,0,,II
CC(=O)N[C@@H](CS)C(=O)O,I,0,,none
CCC(CC)CN,I,0,,III
O=[N+]([O-])c1cc(Cl)c(O)c(Cl)c1,III,1,SA27_Ames,III
ClC=Cc1ccccc1,III,1,SA4_Ames,III
CCCNc1ccccc1,III,0,,III
CNc1ccc(C)cc1,III,1,SA28bis_Ames,III
CCC(=O)CC(C)C,I,0,,none
CCOS(=O)OCC,III,0,,none
CCCCCCC(=O)CCC,I,0,,none
CCNC,III,0,,III
CCCCC(C)(C)O,I,0,,none
CNCC(C)C,III,0,,III
CCCNC,III,0,,III
CCCCOC,I,0,,none
CC(=O)OCOC(C)=O,III,0,,none
C=CCCCCCCCCCCCCCC,I,0,,none
CC(C)N=C(N)N=C(N)Nc1ccc(Cl)cc1.Cl,III,0,,III
CC(C)c1ccccc1N,III,1,SA28_Ames,III
C#CCCCC,III,0,,none
O=C(O)CCCCCCCCCCC(=O)O,I,0,,none
C=C(C)CCC,I,0,,none
CCC=CC(C)=O,II,1,SA10_Ames,none
CC(=O)CC1=CCCCC1,I,0,,none
CCCCCC=Cc1ccccc1,II,0,,none
Cl.NC(N)=NC(N)=NCCc1ccccc1,III,0,,III
O=C1CCCCCCCCCC1,I,0,,none
Cc1ccoc1,III,0,,none
O=c1[nH]c2ccccc2s1,III,0,,none
CN1CCC(=C2c3ccccc3C=Cc3ccccc32)CC1.Cl,III,0,,III
C[C@]12CCC(=O)C=C1C=C[C@@H]1[C@@H]2CC[C@@]2(C)[C@H]1CC[C@@]21CCC(=O)O1,III,1,SA10_Ames,none
CCCCC(=O)O[C@H]1CC[C@H]2[C@@H]3CCc4cc(O)ccc4[C@H]3CC[C@]12C,II,0,,none
CN(C)C(=N)N=C(N)N.Cl,III,0,,III
CC(C)CN(CC(C)C)CC(C)C,I,0,,II
CC(=O)O[C@H]1CC[C@@]2(C)C(=CC[C@@H]3[C@@H]2CC[C@]2(C)C(=O)CC[C@@H]32)C1,III,0,,none
C=CCCCCCCCCC(=O)[O-],III,0,,none
CCCCCCCCCC(=O)CC,I,0,,none
CCCCCCCCCCCCCCCC(C)C,I,0,,none
CCCCCCCCCCCCC(C)C,I,0,,none
CC[C@]12CCCN3CCc4c(n(c5ccccc45)[C@@](O)(C(=O)OC)C1)[C@@H]32,III,0,,II
CCN(CC)C(=O)N1CCN(C)CC1.O=C(O)CC(O)(CC(=O)O)C(=O)O,III,0,,II
O=C(CCCN1CCN(c2ccccn2)CC1)c1ccc(F)cc1,III,0,,III
C[C@]12CC[C@H](O)C[C@H]1CC[C@@H]1[C@@H]2C[C@@H](O)[C@]2(C)[C@@H](C3=CC(=O)OC3)CC[C@]12O,III,0,,none
C1=CCOC1,II,0,,none
OC(c1ccccc1)(c1ccccc1)C1CCNCC1,II,0,,III
CCCc1ccccc1N,III,1,SA28_Ames,III
O=C(O)CCCCCCCCCC(=O)O,I,0,,none
CCC1(O)CCCCC1,I,0,,none
CCCCCCCCCN,I,0,,III
O=c1[nH]c2ccccc2n1C1CCN(CCCC(c2ccc(F)cc2)c2ccc(F)cc2)CC1,III,0,,III
O=C(CCCN1CCC(n2c(=O)[nH]c3ccccc32)CC1)c1ccc(F)cc1,III,0,,III
O=C(O)CCCCBr,III,1,SA8_Ames,III
C[C@@H]1C[C@H]2[C@@H]3C[C@H](F)C4=CC(=O)C=C[C@]4(C)[C@@]3(F)[C@@H](O)C[C@]2(C)[C@@]1(O)C(=O)CO,III,1,SA10_Ames,III
C[C@]12CC[C@H]3[C@@H](C=CC4=CC(=O)CC[C@@]43C)[C@@H]1CC[C@@H]2O,III,1,SA10_Ames,none
Cl.c1ccc(CN(CC2=NCCN2)c2ccccc2)cc1,III,0,,III
CCOC(=O)[C@@](C)(N)Cc1ccc(O)c(O)c1.Cl,III,0,,III
CCNCC.O=S(=O)(O)c1cc(O)ccc1O,III,0,,III
CC=Cc1cc(OC)c(OC)cc1OC,I,0,,none
Cc1cn([C@H]2C=C[C@@H](CO)O2)c(=O)[nH]c1=O,III,0,,II
NC1CCC(N)CC1,III,0,,III
CCCCN(C)CCCC,I,0,,II
C=Cc1ccc(CC)cc1,I,0,,none
CN(C)CCOC(=O)COc1ccc(Cl)cc1.Cl,III,0,,III
CN(C(=O)C(Cl)Cl)c1ccc(OC(=O)c2ccco2)cc1,III,1,SA8_Ames,III
CCOC(=O)NNc1nncc2ccccc12.Cl,III,1,SA13_Ames,III
O=C([O-])[O-],III,0,,none
CC(=O)c1ccc2c(c1)N(CCCN1CCC(CCO)CC1)c1ccccc1S2,III,0,,II
Cl.Clc1cccc(Cl)c1NC1=NCCN1,III,0,,III
Nc1nc(Cl)nc2c1ncn2[C@H]1C[C@H](O)[C@@H](CO)O1,III,1,SA28_Ames,III
CCCCN(CC)CC,I,0,,II
C=CC(C)=CC,I,0,,none
COC(=O)CCCCCCCCCCCCC(C)C,I,0,,none
CCC(=O)OCC(=O)[C@@]1(OC(=O)CC)[C@@H](C)C[C@H]2[C@@H]3CCC4=CC(=O)C=C[C@]4(C)[C@@]3(Cl)[C@@H](O)C[C@@]21C,III,1,SA10_Ames,III
Nc1ncnc2c1ncn2[C@@H]1O[C@H](CO)[C@@H](O)[C@@H]1O,III,1,SA28_Ames,III
CCN(CCCc1ccccc1)CCCc1ccccc1.O=C(O)CC(O)(CC(=O)O)C(=O)O,III,0,,II
C(=CC1OCCO1)c1ccccc1,II,0,,none
COCC(C)=O,I,0,,none
CN1CCc2c(c3ccccc3n2Cc2ccccc2)C1.CN1CCc2c(c3ccccc3n2Cc2ccccc2)C1.O=S(=O)(O)c1cccc2c(S(=O)(=O)O)cccc12,III,0,,II
CN(C)CCC=C1c2ccccc2C=Cc2ccccc21.Cl,III,0,,III
CC1=CCCC(C)=CCC(C)(C)C=CC1,I,0,,none
C=CCCCCCCCCCCCCCCC,I,0,,none
CCN(CC)CCNC(=O)c1cc(Cl)c(N)cc1OC.Cl,III,1,SA28_Ames,III
O=S(=O)(O)CCN1CCN(CCO)CC1,III,0,,II
CCCCCC=CCCC(=O)OCC,I,0,,none
CCCC(=O)C(C)C,I,0,,none
Cl.Cl.Cl.Cl.Nc1ccc(-c2ccc(N)c(N)c2)cc1N,III,1,SA28_Ames,III
CC(O)(P(=O)([O-])O)P(=O)([O-])O.[Na+].[Na+],III,0,,none
Nc1ccn([C@H]2CC[C@@H](CO)O2)c(=O)n1,III,1,SA28_Ames,III
NCCCCCCCCN,I,0,,III
CC[C@@]1(O)C(=O)OCc2c1cc1n(c2=O)Cc2cc3ccccc3nc2-1,III,1,SA19_Ames,II
CC(=O)OCC(=O)[C@H]1CC[C@H]2[C@@H]3CC[C@H]4C[C@H](O)CC[C@]4(C)[C@H]3C(=O)C[C@]12C,III,0,,none
CC(=O)N[C@@H]1[C@@H](O[C@@H]2O[C@H](C(=O)O)[C@@H](O)[C@H](O)[C@H]2O)[C@@H](O)[C@@H](OS(=O)(=O)O)O[C@H]1O,III,0,,none
CN(C)CCS.Cl,III,0,,III
C=CCCCCCCCCCCCCC,I,0,,none
NCCCNCCN,III,0,,III
CC(=O)Oc1cccc2c1C(=O)c1c(OC(C)=O)cc(C(=O)O)cc1C2=O,III,1,SA12_Ames;SA66_Ames,none
[C-]#N.[C-]#N.[C-]#N.[C-]#N.[C-]#N.[C-]#N.[Fe+3].[K+].[K+].[K+],III,0,,none
CCCCc1ccc2nc(NC(=O)OC)[nH]c2c1,III,0,,none
C#CCN(C)[C@H](C)Cc1ccccc1.Cl,III,0,,III
CS(=O)(=O)c1ccc([C@@H](O)[C@@H](CO)NC(=O)C(Cl)Cl)cc1,III,1,SA8_Ames,III
O=C([O-])c1cc(=O)c2c(OCC(O)COc3cccc4oc(C(=O)[O-])cc(=O)c34)cccc2o1.[Na+].[Na+],III,0,,none
C1CSCCO1,II,0,,none
C#C[C@]1(O)CC[C@H]2[C@@H]3CCC4=CC(=O)CCC4=C3C=C[C@@]21CC,III,1,SA10_Ames,none
Cl.c1ccc([C@H]2CN3CCSC3=N2)cc1,III,0,,III
C#C[C@]1(O)CC[C@H]2[C@@H]3CCC4=Cc5oncc5C[C@]4(C)[C@H]3CC[C@@]21C,III,0,,none
CN1C[C@H](CNC(=O)OCc2ccccc2)C[C@@H]2c3cccc4c3c(cn4C)C[C@H]21,III,1,SA16_Ames,II
C#CCN(C)CCCOc1ccc(Cl)cc1Cl.Cl,III,0,,III
O=C(O)Cc1sc(-c2ccccc2)nc1-c1ccc(Cl)cc1,III,0,,III
C=CCCCCCCCCCCCCCCCCC,I,0,,none
CCOC(=O)n1ccn(C)c1=S,III,0,,II
CC(C)C[C@H]1C(=O)N2CCC[C@H]2[C@]2(O)O[C@](NC(=O)[C@@H]3C=C4c5cccc6[nH]c(Br)c(c56)C[C@H]4N(C)C3)(C(C)C)C(=O)N12.CS(=O)(=O)O,III,0,,III
O=P([O-])(O)C(Cl)(Cl)P(=O)([O-])O.[Na+].[Na+],III,0,,III
ClC(Br)Br,III,1,SA8_Ames,III
C[C@]12C=CC(=O)C=C1CC[C@H]1[C@@H]3C[C@@H](O)[C@](O)(C(=O)CO)[C@@]3(C)C[C@H](O)[C@@]12F,III,1,SA10_Ames,III
O=C([O-])CC(O)(CC(=O)[O-])C(=O)[O-],III,0,,none
C[C@H](CCC(=O)O)[C@H]1CC[C@H]2[C@@H]3[C@@H](O)C[C@@H]4C[C@H](O)CC[C@]4(C)[C@H]3CC[C@]12C,III,0,,none
COC(=O)c1cc(C)cc(C)c1,I,0,,none
CCC(=O)O[C@]1(C(=O)CCl)[C@@H](C)C[C@H]2[C@@H]3CCC4=CC(=O)C=C[C@]4(C)[C@@]3(F)[C@@H](O)C[C@@]21C,III,1,SA10_Ames;SA8_Ames,III
Cc1cc(-c2ccccc2)nnc1NCCN1CCOCC1.Cl.Cl,III,0,,III
CC(C)(C)C(=O)OCOC(=O)[C@@H]1N2C(=O)[C@@H](NC(=O)[C@H](N)c3ccccc3)[C@H]2SC1(C)C,III,0,,III
CC1(C)S[C@@H]2[C@H](NC(=O)[C@H](N)c3ccc(O)cc3)C(=O)N2[C@H]1C(=O)O,III,0,,III
CC=CCCCCCCCCCCC,I,0,,none
CO[C@]12C[C@@H](COC(=O)c3cncc(Br)c3)CN(C)[C@@H]1Cc1cn(C)c3cccc2c13,III,0,,III
NC(=O)N1c2ccccc2CC(=O)c2ccccc21,III,0,,II
CC=CCCCCCCCC,I,0,,none
C[C@@](Cc1ccc(O)c(O)c1)(NN)C(=O)O,III,1,SA13_Ames,III
CCOC(=O)Nc1ccc2c(c1)N(C(=O)CCN1CCOCC1)c1ccccc1S2.Cl,III,0,,III
C=C(C)C=CC=C(C)CC,I,0,,none
O=C(OCCOCCO)c1ccccc1Nc1cccc(C(F)(F)F)c1,III,0,,I
COC(=O)Nc1nc2ccc(C(=O)c3ccc(F)cc3)cc2[nH]1,III,0,,III
NC[C@H]1O[C@H](O[C@H]2[C@H](O)[C@@H](O[C@H]3O[C@H](CO)[C@@H](O)[C@H](N)[C@H]3O)[C@H](N)C[C@@H]2N)[C@H](N)C[C@@H]1O,III,0,,III
Cl.O=C1CC2(CCCC2)CC(=O)N1CCCCN1CCN(c2ncccn2)CC1,III,0,,III
COc1cc([C@@H]2c3cc4c(cc3[C@@H](O[C@@H]3O[C@@H]5CO[C@@H](C)O[C@H]5[C@H](O)[C@H]3O)[C@H]3COC(=O)[C@H]23)OCO4)cc(OC)c1O,III,0,,none
CNCC#N,III,0,,III
CCCCCCNC,III,0,,III
C#C[C@]1(OC(C)=O)CC[C@H]2[C@@H]3CCC4=CC(=NO)CC[C@@H]4[C@H]3CC[C@@]21CC,III,0,,none
CCCC(N)CCC,I,0,,III
Cc1cc(C2CCCCC2)n(O)c(=O)c1.NCCO,III,0,,III
CC(C)(Oc1ccc(CCNC(=O)c2ccc(Cl)cc2)cc1)C(=O)O,III,0,,III
CC(=O)O[C@H]1C[C@@H]2CC[C@@H]3[C@H](CC[C@@]4(C)[C@H]3C[C@H]([N+]3(C)CCCCC3)[C@@H]4OC(C)=O)[C@@]2(C)C[C@@H]1N1CCCCC1.[Br-],III,0,,III
CC(C)Cc1ccc([C@H](C)C(=O)O)cc1,I,0,,none
CC(C)(C)NCCCN,III,0,,III
Cc1cccc(Nc2ccncc2S(=O)(=O)NC(=O)NC(C)C)c1,III,0,,III
Nc1cc(C(Cl)=C(Cl)Cl)c(S(N)(=O)=O)cc1S(N)(=O)=O,III,1,SA28_Ames,III
NCc1ccccc1CC(=O)N[C@@H]1C(=O)N2C(C(=O)O)=C(CSc3nnnn3CC(=O)O)CS[C@H]12,III,0,,III
C[C@H](CS)C(=O)N1CCC[C@H]1C(=O)O,III,0,,II
O=C(NCCO[N+](=O)[O-])c1cccnc1,III,0,,II
CCCN1C[C@H](CSC)C[C@@H]2c3cccc4[nH]cc(c34)C[C@H]21.CS(=O)(=O)O,III,0,,II
CC1=C(C(=O)O)N2C(=O)[C@@H](NC(=O)[C@H](N)c3ccc(O)cc3)[C@H]2SC1,III,0,,III
Cn1c(=O)c2c(ncn2CC2OCCO2)n(C)c1=O,III,0,,II
N[C@@H](C(=O)N[C@@H]1C(=O)N2C(C(=O)O)=C(Cl)CS[C@H]12)c1ccccc1.O,III,0,,III
CCn1cc(C(=O)O)c(=O)c2cc(F)c(N3CCN(C)CC3)cc21,III,0,,III
Cl.Cl.O=C1c2c(O)ccc(O)c2C(=O)c2c(NCCNCCO)ccc(NCCNCCO)c21,III,1,SA12_Ames;SA66_Ames,III
CCC(C)(C)C(=O)O[C@H]1C[C@@H](C)C=C2C=C[C@H](C)[C@H](CC[C@@H]3C[C@@H](O)CC(=O)O3)[C@H]21,III,0,,none
CC[C@H](C)C(=O)O[C@H]1C[C@H](O)C=C2C=C[C@H](C)[C@H](CC[C@@H](O)C[C@@H](O)CC(=O)O)[C@H]21,III,0,,none
CNCC[C@@H](Oc1ccccc1C)c1ccccc1.Cl,III,0,,III
CCOC(=O)[C@H](CCc1ccccc1)N[C@@H](C)C(=O)N1Cc2ccccc2C[C@H]1C(=O)O.Cl,III,0,,III
Cl.O=C(c1ccc(OCCN2CCCCC2)cc1)c1c(-c2ccc(O)cc2)sc2cc(O)ccc12,III,0,,III
CCc1nn(CCCN2CCN(c3cccc(Cl)c3)CC2)c(=O)n1CCOc1ccccc1.Cl,III,0,,III
CC#C[C@]1(O)CC[C@H]2[C@@H]3CCC4=CC(=O)CCC4=C3[C@@H](c3ccc(N(C)C)cc3)C[C@@]21C,II,1,SA10_Ames;SA28bis_Ames,II
CCC(=O)OC(OP(=O)(CCCCc1ccccc1)CC(=O)N1C[C@H](C2CCCCC2)C[C@H]1C(=O)O)C(C)C,III,0,,II
O=C(O)c1cn(-c2ccc(F)cc2)c2cc(N3CCNCC3)c(F)cc2c1=O,III,0,,III
CC(=O)OCC(=O)NCCCOc1cccc(CN2CCCCC2)c1.Cl,III,0,,III
O=C1c2ccccc2S(=O)(=O)N1CCCCN1CCN(c2ncccn2)CC1,III,0,,II
CC(C)Cn1cnc2c(N)nc3ccccc3c21,III,1,SA19_Ames;SA28_Ames,III
CN1CCN(c2c(F)cc3c(=O)c(C(=O)O)cn4c3c2SCC4)CC1,III,0,,III
CNS(=O)(=O)Cc1ccc2[nH]cc(CCN(C)C)c2c1.O=C(O)CCC(=O)O,III,0,,III
O=C1NCCN1CCN1CCC(c2cn(-c3ccc(F)cc3)c3ccc(Cl)cc23)CC1,III,0,,III
C=C1C[C@@H]2[C@H](CC[C@]3(C)C(=O)CC[C@@H]23)[C@@]2(C)C=CC(=O)C=C12,III,1,SA10_Ames,none
CC[C@@]1(O)C(=O)OCc2c1cc1n(c2=O)Cc2cc3c(CN(C)C)c(O)ccc3nc2-1,III,1,SA19_Ames,II
Nc1ccn([C@@H]2O[C@H](CO)[C@@H](O)C2(F)F)c(=O)n1,III,1,SA28_Ames,I
O=C1CCc2ccc(OCCCCN3CCN(c4cccc(Cl)c4Cl)CC3)cc2N1,III,0,,III
CC(C)c1c(C(=O)Nc2ccccc2)c(-c2ccccc2)c(-c2ccc(F)cc2)n1CC[C@@H](O)C[C@@H](O)CC(=O)O,III,0,,III
Nc1ccn([C@@H]2CS[C@H](CO)O2)c(=O)n1,III,1,SA28_Ames,III
CCc1c2c(nc3ccc(OC(=O)N4CCC(N5CCCCC5)CC4)cc13)-c1cc3c(c(=O)n1C2)COC(=O)[C@]3(O)CC.Cl.O.O.O,III,1,SA19_Ames,III
Nc1nc(=O)n([C@@H]2CS[C@H](CO)O2)cc1F,III,1,SA28_Ames,III
CC(C)(C)NC(=O)[C@@H]1C[C@@H]2CCCC[C@@H]2CN1C[C@@H](O)[C@H](Cc1ccccc1)NC(=O)[C@H](CC(N)=O)NC(=O)c1ccc2ccccc2n1.CS(=O)(=O)O,III,0,,II
CCN(CC)CCN,I,0,,III
CC(C)(C)CC(C)(C)N,I,0,,III
O=C(CS)OCCOC(=O)CS,I,0,,none
NNCCc1ccccc1.O=S(=O)(O)O,III,1,SA13_Ames,III
CCCCN(CCCC)c1ccccc1,III,0,,II
CCC=CCC(=O)OC,I,0,,none
CC(C)N(c1ccccc1)C(C)C,III,0,,II
CCOc1ccc(Nc2ccc(C(=C3C=CC(=[N+](CC)Cc4cccc(S(=O)(=O)[O-])c4)C=C3)c3ccc(N(CC)Cc4cccc(S(=O)(=O)[O-])c4)cc3)cc2)cc1.[Na+],III,0,,III
CCCCCC(=Cc1ccccc1)COC=O,II,0,,none
CCCC=CCCC(=O)OCC,I,0,,none
O=CC(=Cc1ccco1)c1ccccc1,II,0,,none
CC(=O)O[C@H]1C[C@@H](C)CC[C@@H]1C(C)C,I,0,,none
CC(C)NC1CCCCC1,III,0,,III
c1ccc(CNc2ncnc3nc[nH]c23)cc1,III,0,,III
COc1cccc2c1C(=O)c1c(O)c3c(c(O)c1C2=O)C[C@@](O)(C(C)=O)C[C@@H]3O[C@H]1C[C@H](N)[C@H](O)[C@H](C)O1.Cl,III,1,SA12_Ames;SA66_Ames,III
CC(C)(C)CCCCCC(=O)O,I,0,,none
Cl.Fc1ccc([C@@H]2CCNC[C@H]2COc2ccc3c(c2)OCO3)cc1,III,0,,III
CC(=O)N(O)CCCCCNC(=O)CCC(=O)N(O)CCCCCNC(=O)CCC(=O)N(O)CCCCCN.CS(=O)(=O)O,III,0,,III
COc1ccc([C@@H]2Sc3ccccc3N(CCN(C)C)C(=O)[C@@H]2OC(C)=O)cc1.Cl,III,0,,III
Cl.O=c1n(CCCN2CCN(c3cccc(Cl)c3)CC2)nc2ccccn12,III,0,,III
Cl.O.O=C(O)c1cn(C2CC2)c2cc(N3CCNCC3)c(F)cc2c1=O,III,0,,III
COc1cccc([C@@]2(O)CCCC[C@@H]2CN(C)C)c1.Cl,III,0,,III
O=C1Nc2ccc(Cl)cc2[C@@](C#CC2CC2)(C(F)(F)F)O1,III,0,,I
CCN(CC)Cc1cc(Nc2ccnc3cc(Cl)ccc23)ccc1O.Cl.Cl.O.O,III,0,,III
CCC[C@@H]1C[C@@H](C(=O)N[C@@H]([C@H]2O[C@H](SC)[C@H](O)[C@@H](O)[C@H]2O)[C@@H](C)O)N(C)C1.Cl,III,0,,III
CC[C@H](C)C(=O)O[C@H]1CCC=C2C=C[C@H](C)[C@H](CC[C@@H]3C[C@@H](O)CC(=O)O3)[C@H]21,III,0,,none
CN[C@@H]1[C@H](O)[C@H](NC)[C@H]2O[C@@]3(O)C(=O)C[C@@H](C)O[C@H]3O[C@@H]2[C@H]1O.Cl.Cl,III,0,,III
O=C[C@H](O)[C@@H](O)[C@H](O)[C@H](O)C(=O)O,III,1,SA11_Ames,none
OC[C@H]1O[C@@H](Oc2c[nH]c3ccc(Br)c(Cl)c23)[C@H](O)[C@@H](O)[C@H]1O,III,0,,III
CNCCCN1c2ccccc2CCc2ccccc21.Cl,III,0,,III
NC(N)=NCCN1CCCCCCC1.NC(N)=NCCN1CCCCCCC1.O=S(=O)(O)O,III,0,,III
Cl.Clc1ccccc1CN1CCc2sccc2C1,III,0,,III
CCCC(C(=O)OCCN(CC)CC)(c1ccccc1)c1ccccc1.Cl,III,0,,III
CN(C)CCCOc1nn(Cc2ccccc2)c2ccccc12.Cl,III,0,,III
CN(c1nccc(=O)[nH]1)C1CCN(c2nc3ccccc3n2Cc2ccc(F)cc2)CC1,III,0,,III
CCOc1cc(CC(=O)N[C@@H](CC(C)C)c2ccccc2N2CCCCC2)ccc1C(=O)O,III,0,,II
CCCc1nc2c(C)cc(-c3nc4ccccc4n3C)cc2n1Cc1ccc(-c2ccccc2C(=O)O)cc1,III,0,,none
Cc1cccc(CN)c1,III,0,,III
CCN(CC)CN(CC)CC,I,0,,II
CC(C)NCc1ccccc1,III,0,,III
CCN(CC)CCNC,III,0,,III
Cc1ccc(CN)cc1,III,0,,III
CCNCCN(CC)CC,III,0,,III
CN(C)CCN,I,0,,III
C1=CCNC1,II,0,,III
CN1CCC(OC(c2ccccc2)c2ccccc2)CC1.Cl,III,0,,III
CN1CCN(CCCN2c3ccccc3Sc3ccc(C(F)(F)F)cc32)CC1.Cl.Cl,III,0,,I
CCN(CC)CCNC(=O)c1ccc(N)cc1.Cl,III,1,SA28_Ames,III
CN(C)CCCN1c2ccccc2Sc2ccc(C(F)(F)F)cc21.Cl,III,0,,I
CCNCCN,III,0,,III
CCCNCCN,III,0,,III
CN(C)CCCCN(C)C,I,0,,II
C=CC=CCCCC,I,0,,none
Cl.N[C@@H](Cc1cnc[nH]1)C(=O)O,III,0,,III
Cc1cc(C(C)(C)C)c(O)c(C)c1CC1=NCCN1.Cl,III,0,,III
CCN[C@@H](C)Cc1cccc(C(F)(F)F)c1.Cl,III,0,,I
Cl.OC(CCCN1CCCCC1)(c1ccccc1)c1ccccc1,III,0,,III
CC(C)NC[C@@H](O)COc1cccc2ccccc12.Cl,III,0,,III
Cl.NCCc1ccc(O)cc1,III,0,,III
O=C(OCCO)c1ccccc1,I,0,,none
C=C1CC=C(C(C)C)CC1,I,0,,none
Cc1ccc(CN)cc1C,III,0,,III
C=C1C=CC(=O)O1,I,0,,none
CNCCCNC,III,0,,III
CCNCCNCC,III,0,,III
CCOc1ccc(OCC)cc1,I,0,,none
CNCCCN(C)CCCNC,III,0,,III
CCNCCN(C)C,III,0,,III
COc1ccc(OC)c(OC)c1,I,0,,none
Cl.NCc1ccc(S(N)(=O)=O)cc1,III,0,,III
COc1ccc(CCNC(=O)Cc2ccc(OC)c(OC)c2)cc1OC,III,0,,none
CNCCN(C)C,III,0,,III
Cl.Cl.OCCN1CCN(CCCN2c3ccccc3Sc3ccc(C(F)(F)F)cc32)CC1,III,0,,I
CCN(CC)CCN(CC)CC,I,0,,II
C1CCCCCCCCCCCCC1,II,0,,none
CC(C)=CCC(=O)O,I,0,,none
Oc1cc(O)c2cc(O)c(-c3cc(O)c(O)c(O)c3)[o+]c2c1.[Cl-],III,0,,III
Nc1ccccc1C=O,III,1,SA11_Ames;SA28_Ames,III
CCCCOc1ccc(C(=O)CCN2CCCCC2)cc1.Cl,III,0,,III
COc1cc(C(=O)NCc2ccc(OCCN(C)C)cc2)cc(OC)c1OC.Cl,III,0,,III
CC(C)(N)c1ccccc1,III,0,,III
CN(C)CCCN1c2ccccc2CCc2ccc(Cl)cc21.Cl,III,0,,III
COc1cc2nc(N3CCN(C(=O)c4ccco4)CC3)nc(N)c2cc1OC.Cl,III,1,SA28_Ames,III
Cc1cc(-n2c(=O)[nH]c(=O)n(C)c2=O)ccc1Oc1ccc(SC(F)(F)F)cc1,III,0,,I
CN[C@H]1CC[C@@H](c2ccc(Cl)c(Cl)c2)c2ccccc21,III,0,,III
Cl.O=C1NCC2(CCN(CCc3ccccc3)CC2)O1,III,1,SA16_Ames,III
CCCN(CCC)CCc1cccc2c1CC(=O)N2.Cl,III,0,,III
C[C@@H]1CC[C@H]2[C@@H](C)C(=O)O[C@@H]3O[C@@]4(C)CC[C@@H]1[C@]32OO4,III,0,,none
CCN[C@H]1CN(CCCOC)S(=O)(=O)c2sc(S(N)(=O)=O)cc21,III,0,,III
CCC(C)(C)N,I,0,,III
CNc1ccccc1C,III,1,SA28bis_Ames,III
CCOC(=O)c1ccoc1,II,0,,none
COc1cc(OC)cc(OC)c1,I,0,,none
CCOc1cccc(C)c1,I,0,,none
CCCCCCCCCCCCCCCCCC(C)=O,I,0,,none
C[C@H](O)[C@@H](N)C(=O)O,I,0,,III
NCCCCCCCN,I,0,,III
Cn1c(=O)c2c(ncn2CC(=O)O)n(C)c1=O,III,0,,II
CNc1cccc(C)c1,III,1,SA28bis_Ames,III
CC=CCCO,I,0,,none
NC1CC1,III,0,,III
Cc1ccc(OCc2ccccc2)cc1,III,0,,none
CC(C)N(C)C,I,0,,II
CC(N)=CC#N,III,0,,III
CCCCCCCCCCN(C)C,I,0,,II
CC(=O)N[C@@H](CC(C)C)C(=O)O,I,0,,none
COC(=O)C=C(C)CCC=C(C)C,I,0,,none
CC(C)(N)Cc1ccccc1.Cl,III,0,,III
CCCCc1ccc(C=O)cc1,I,1,SA11_Ames,none
C(#CCN1CCCC1)CN1CCCC1.Cl.Cl,III,0,,III
CC[C@]12CCCN3CCc4c(n(c5ccccc45)C(=O)C1)[C@@H]32,III,0,,II
CN1CCN(C2=Nc3ccccc3Oc3ccc(Cl)cc32)CC1.O=C(O)CCC(=O)O,III,0,,III
CN1CCN(CC(=O)N2c3ccccc3C(=O)Nc3cccnc32)CC1.Cl.Cl,III,0,,III
CC(=O)OCC(=O)[C@@]1(OC(C)=O)[C@@H](C)C[C@H]2[C@@H]3C[C@H](F)C4=CC(=O)C=C[C@]4(C)[C@@]3(F)[C@@H](O)C[C@@]21C,III,1,SA10_Ames,III
CN(C)C(=O)C(CCN1CCC(O)(c2ccc(Cl)cc2)CC1)(c1ccccc1)c1ccccc1.Cl,III,0,,III
CNCCCC12CCC(c3ccccc31)c1ccccc12.Cl,III,0,,III
N[C@H](Cc1ccccc1)C(=O)O,III,0,,III
Cl.Cl.OCCN1CCN(CCCN2c3ccccc3C=Cc3ccccc32)CC1,III,0,,III
[2H]c1c([2H])c([2H])c(C(=O)O)c([2H])c1[2H],I,0,,none
CNC(C)(C)Cc1ccccc1.CNC(C)(C)Cc1ccccc1.O=S(=O)(O)O,III,0,,III
C[C@@H](c1ncncc1F)[C@](O)(Cn1cncn1)c1ccc(F)cc1F,III,0,,III
O=C(O)COC(=O)Cc1ccccc1Nc1c(Cl)cccc1Cl,III,0,,III
COc1ccc([C@@H]2CC(=O)c3c(O)cc(O)cc3O2)cc1O,II,0,,none
NCCCC[C@H](NC(=O)[C@H](CCCCN)NC(=O)[C@@H](N)CCCCN)C(=O)O,I,0,,III
Nc1ccccc1S(N)(=O)=O,III,1,SA28_Ames,III
O=C1CCCCCCCCC1,I,0,,none
CCCCOc1ccc(OCCCN2CCOCC2)cc1.Cl,III,0,,III
CC(C)CCCCCN,I,0,,III
OC1COC(c2ccccc2)OC1,I,0,,none
CCCCCC#CC=O,III,1,SA11_Ames,none
O=C1C(=O)c2ccccc2C(O)=C1C1CCC(c2ccc(Cl)cc2)CC1,III,1,SA12_Ames,III
CCCCCCCCNC,III,0,,III
NCCCCCO,I,0,,III
NC1CCC1,III,0,,III
NCC1CC1,III,0,,III
CC[C@H](C)[C@H](N)C(=O)OC,I,0,,III
O=C(O)CCCBr,III,1,SA8_Ames,III
CCCCCNc1ccccc1,III,0,,III
CCCc1ccc(N)cc1,III,1,SA28_Ames,III
C=C(C)CN,I,0,,III
CN(C)c1ccc(C(C)(C)C)cc1,III,1,SA28bis_Ames,II
NC1Cc2ccccc2C1,II,0,,III
Cl.N=C(N=C(N)N)N1CCOCC1,III,0,,III
NCC1CCCCC1,III,0,,III
Cc1ccc(CCN)cc1,III,0,,III
O=C1CCCCCCCC1,I,0,,none
CC(C)NCCCN,III,0,,III
CC(C)C1CCC(CCO)CC1,I,0,,none
C=COCCCCOC=C,III,1,SA24_Ames,none
CC(C)([N+](=O)[O-])C(C)(C)[N+](=O)[O-],III,0,,II
CC(C)(C)NCCNC(C)(C)C,III,0,,III
COCC(=O)c1ccccc1,III,0,,none
O=C(O)CCc1ccc(CCC(=O)O)cc1,I,0,,none
CCN(C)C(=O)Oc1cccc([C@H](C)N(C)C)c1,III,0,,II
CCCCCCN(C)C,I,0,,II
CCCCCCCCCCC(=O)c1ccccc1,II,0,,none
CCCCN(CC)CCCC,I,0,,II
CNCCCN(C)C,III,0,,III
CNC(C)C,III,0,,III
Cc1cc(C)cc(N(C)C)c1,III,1,SA28bis_Ames,II
CC=Cc1cc(OC)c(OC)c(OC)c1,I,0,,none
OC[C@H]1O[C@H](O)[C@H](O)[C@@H](O)[C@@H]1O,I,0,,none
CCN(CC)CCC#N,III,0,,II
C1CCCCNCCC1,II,0,,III
CN(C)C(N(C)C)N(C)C,I,0,,II
CC(C)(C)CN,I,0,,III
CCCCCCCCC(=O)c1ccccc1,II,0,,none
CCCCCCCCCC(=O)c1ccccc1,II,0,,none
Cl.Cl.NCCCCCN,III,0,,III
CN(C)CCN(Cc1ccc(Cl)cc1)c1ccccn1.Cl,III,0,,III
CC(=O)OCCCCCCOC(C)=O,III,0,,none
CNCCCN,III,0,,III
CC1CCC(N)CC1,III,0,,III
COc1cc(C)cc(OC)c1OC,I,0,,none
CC1=CCC(=C(C)C)C(=O)CC(C)=CCC1,III,1,SA10_Ames,none
CC(=O)CC(=O)C(C)(C)C,III,0,,none
CCCCCCCCCCCCNC,III,0,,III
CC(C)(CN)CN,I,0,,III
CC(C)NC(C)(C)C,III,0,,III
CC1(C)O[C@@H]2C[C@H]3[C@@H]4C[C@H](F)C5=CC(=O)C=C[C@]5(C)[C@H]4[C@@H](O)C[C@]3(C)[C@]2(C(=O)CO)O1,III,1,SA10_Ames,III
CCNCCCNCC,III,0,,III
CCCCN1CN(CCCC)CN(CCCC)C1,II,0,,II
CNCCCCCCNC,III,0,,III
COc1ccc(CN2CCNCC2)c(OC)c1OC.Cl.Cl,III,0,,III
Cc1c(NC(C)C)c(=O)n(-c2ccccc2)n1C.Cl,III,0,,III
C=CCC(C)=O,I,0,,none
NC(CO)(CO)CO.O=C(c1ccccc1)c1ccc2n1CCC2C(=O)O,III,0,,III
CCNCc1ccccc1,III,0,,III
CNC(C)(C)C,III,0,,III
CSCC[C@@H](N)C(=O)O,I,0,,III
CC1(C)[C@@H]2CC[C@@H](CO)[C@H]1C2,I,0,,none
CNCCCCNC,III,0,,III
C=C1CCC2C3[C@H](C(C)C)CC[C@@]2(C)[C@H]13,I,0,,none
CC1(C)O[C@H]2O[C@H]([C@H](O)CO)[C@H](O)[C@H]2O1,III,0,,none
CN1CC(=O)N=C1N.Cl,III,0,,III
CCC(CC)C(CC)CC,I,0,,none
CC(C)NCCN,III,0,,III
OCCCS,I,0,,none
OCCCCCCCCCCCCCCO,III,0,,none
CCNC(C)C,III,0,,III
CCCNCC,III,0,,III
CCCCNCCC,III,0,,III
CCCNC(C)C,III,0,,III
CN1CCC[C@H]1c1cccnc1,III,0,,II
CN(C)c1cccc(N(C)C)c1,III,1,SA28bis_Ames,II
CSCC[C@H](NC(=O)OC(C)(C)C)C(=O)O,III,1,SA16_Ames,none
CCN(CC)CCOCCOC(=O)C1(c2ccccc2)CCCC1.O=C(O)CC(O)(CC(=O)O)C(=O)O,III,0,,II
CN(C)CCCSC(=N)N.Cl.Cl,III,0,,III
Cc1ccc(OCCC(C)C)cc1,III,0,,none
CCCNCCCN,III,0,,III
COC(=O)Cc1ccc(OC)cc1,I,0,,none
COc1ccc(OC)c(C)c1,I,0,,none
Cn1c(=O)c2[nH]cnc2n(C)c1=O.O,III,0,,II
CCCCCCCCC=CCCCCCCCC(=O)[O-],III,0,,none
COc1ccc2c(c1)C(=O)N(CCc1ccc(S(=O)(=O)NC(=O)NC3CCCCC3)cc1)C(=O)C2(C)C,III,0,,II
CC(=O)O[C@]1(C(C)=O)CC[C@H]2[C@@H]3C=C(C)C4=CC(=O)CC[C@@H]4[C@H]3CC[C@@]21C,III,1,SA10_Ames,none
CN1CCN(CCCN2c3ccccc3Sc3ccc(S(=O)(=O)N(C)C)cc32)CC1.CS(=O)(=O)O.CS(=O)(=O)O,III,0,,II
CC1CNc2c(cccc2S(=O)(=O)N[C@@H](CCCN=C(N)N)C(=O)N2CC[C@@H](C)C[C@@H]2C(=O)O)C1,III,0,,III
COC(=O)C=Cc1ccc(OC)cc1,I,0,,none
CN(C)CCC(=O)c1ccccc1.Cl,III,0,,III
CC(C)(S)[C@H](N)C(=O)O,I,0,,III
CCCCCCC(=O)[O-],III,0,,none
CCCCCCCNC,III,0,,III
CC(=O)OC(C)(C)[C@@H]1CC=C(C)CC1,I,0,,none
C=CC1CCCCCCC1,I,0,,none
Cl.NC(CO)(CO)CO,III,0,,III
CC(C)CCCCCCCCCCCCO,I,0,,none
C=C1[C@H](O)C[C@]2(C(C)C)C[C@H]12,II,0,,none
CCCOc1ccc(C)cc1,III,0,,none
O=C[C@@H](O)[C@H](O)[C@@H](O)CO,I,1,SA11_Ames,none
NCCCP(=O)(O)O,III,0,,III
Cc1c(O)c(=O)n(-c2ccccc2)n1C,II,0,,II
ON=CCc1ccccc1,III,0,,none
C=CC(C)=CCCC(=C)C,I,0,,none
CCCNC(C)(C)COC(=O)c1ccccc1.Cl,III,0,,III
C=CC=CCCC=C,I,0,,none
CC#CCCCCCCCOC(=O)OC,III,0,,none
CNc1ncnc2c1ncn2[C@@H]1O[C@H](CO)[C@@H](O)[C@H]1O,III,1,SA28bis_Ames,III
C=CC=C(C)CCC=C(C)C,I,0,,none
CC(=O)c1cc(O)cc(O)c1,I,0,,none
CN(C)CC(C)(C)CN,I,0,,III
CCc1cccc(CO)c1,I,0,,none
C[C@]12CC[C@@H]3c4ccc(O)cc4C[C@@H](CCCCCCCCCS(=O)CCCC(F)(F)C(F)(F)F)[C@H]3[C@@H]1CC[C@@H]2O,III,1,SA39_Ames,I
CCC(=O)[O-],III,0,,none
O=C(O)CN(CC(=O)O)c1ccccc1OCCOc1ccccc1N(CC(=O)O)CC(=O)O,III,0,,II
CCCC(=O)[O-],III,0,,none
CC(C)(C)C12COP(=S)(OC1)OC2,III,0,,none
CN(C)c1ccc2nc3ccc(=[N+](C)C)cc-3sc2c1.O.O.O.[Cl-],III,1,SA19_Ames;SA28bis_Ames,III
C[C@@H](O)[C@H]1C(=O)N2C(C(=O)O)=C(SCCN=CN)C[C@H]12,III,0,,III
CC(=O)[C@H]1CC[C@H]2[C@@H]3CC[C@H]4C[C@H](O)CC[C@]4(C)[C@H]3C(=O)C[C@]12C,III,0,,none
COc1ccccc1Oc1c(NS(=O)(=O)c2ccc(C(C)(C)C)cc2)nc(-c2ncccn2)nc1OCCO,III,0,,III
C[C@]12C=CC(=O)C=C1C=C[C@@H]1[C@@H]2CC[C@]2(C)C(=O)CC[C@@H]12,III,1,SA10_Ames,none
Cl.Cl.Fc1ccc(C(OCCN2CCN(CCCc3ccccc3)CC2)c2ccc(F)cc2)cc1,III,0,,III
CC[N+](C)(CC)CCC[n+]1c(-c2ccccc2)c2cc(N)ccc2c2ccc(N)cc21.[I-].[I-],III,1,SA19_Ames;SA28_Ames,III
CC(=O)C=CC=Cc1ccccc1,II,1,SA10_Ames,none
CC(=O)C(=O)[O-],III,0,,none
CCC[C@H](N[C@@H](C)C(=O)N1[C@H](C(=O)O)C[C@@H]2CCCC[C@@H]21)C(=O)OCC,III,0,,III
CN1CCc2cccc3c2[C@H]1Cc1ccc(O)c(O)c1-3.CN1CCc2cccc3c2[C@H]1Cc1ccc(O)c(O)c1-3.Cl.Cl.O,III,1,SA68_Ames,III
Cl.Nc1c(Br)cc(Br)cc1CNC1CCC(O)CC1,III,0,,III
CCCCCC=CCC=CCCCCCCCC(=O)[O-],III,0,,none
CC=C(C)C(=O)OCC(C)C,I,0,,none
CC=Cc1ccc(OCCCCC)c(OC)c1,III,0,,none
CCCCC(=O)[O-],III,0,,none
CS(=O)(=O)c1ccc([C@@H](O)[C@@H](CF)NC(=O)C(Cl)Cl)cc1,III,1,SA8_Ames,III
Cl.Clc1ccc2nsnc2c1NC1=NCCN1,III,0,,III
C=C[C@H]1[C@H](O[C@@H]2O[C@H](CO)[C@@H](O)[C@H](O)[C@H]2OC(=O)c2c(O)cc(O)cc2-c2cccc(O)c2)OC=C2C(=O)OCC[C@H]21,III,0,,none
CC(C)(C)C(=O)OCOC(=O)[C@@H]1N2C(=O)[C@@H](N=CN3CCCCCC3)[C@H]2SC1(C)C.Cl,III,0,,III
CCCCCNC,III,0,,III
CC(C)CC1=NCCS1,II,0,,none
CCN(CC)CCCCN,I,0,,III
CCCCCCCC(=O)[O-],III,0,,none
CCCN[C@H]1CCc2nc(N)sc2C1,III,1,SA28_Ames,III
O=C(O)CCCCCCBr,III,1,SA8_Ames,III
CCCCC=COC(C)=O,III,1,SA24_Ames,none
c1ccc(COc2ccc3ccccc3c2)cc1,III,0,,none
CCCCCCc1ccc(C(C)=O)cc1,I,0,,none
CCCC(CO)CCC,I,0,,none
CC(C)(C)NC[C@H](O)c1ccc(O)c(CO)c1.Cl,III,0,,III
Cc1ccc(-c2ncc(Cl)cc2-c2ccc(S(C)(=O)=O)cc2)cn1,III,0,,III
C[C@]1(Cn2ccnn2)[C@H](C(=O)O)N2C(=O)C[C@H]2S1(=O)=O,III,0,,II
COc1cc2ncnc(Nc3ccc(F)c(Cl)c3)c2cc1OCCCN1CCOCC1,III,0,,III
Clc1ccc2c(c1)CCc1cccnc1C2=C1CCNCC1,III,0,,III
CN(Cc1cnc2nc(N)nc(N)c2n1)c1ccc(C(=O)N[C@@H](CCC(=O)O)C(=O)O)cc1,III,1,SA28_Ames,III
CC1(C)[C@H](C(=O)O)N2C(=O)C[C@H]2S1(=O)=O,III,0,,II
CCCc1nc(C(C)(C)O)c(C(=O)OCc2oc(=O)oc2C)n1Cc1ccc(-c2ccccc2-c2nn[nH]n2)cc1,III,0,,none
CC(C)(CO)[C@@H](O)C(=O)NCCCO,III,0,,none
CN=C(N)NCCC[C@H](N)C(=O)O,III,0,,III
CN(C)C(=O)Oc1ccc[n+](C)c1.[I-],III,0,,II
CN(C)C=C1C=CC=C1,III,0,,II
C#CCN(CCC)CCC,III,0,,II
CCCCCC=CCCCCCC,I,0,,none
O=C1CCCCCCCCCCCCCCCCC1,II,0,,none
Cc1cc(C)c(N(C)C)c(C)c1,III,0,,II
CSc1ccco1,II,0,,none
C[S+](C)CC[C@H](N)C(=O)O,III,0,,III
CN(C)CCC[C@@]1(c2ccc(F)cc2)OCc2cc(C#N)ccc21.O=C(O)C(=O)O,III,0,,III
Clc1ccc(Nc2nnc(Cc3ccncc3)c3ccccc23)cc1,III,0,,III
COc1c(N2C[C@@H]3CCCN[C@@H]3C2)c(F)cc2c(=O)c(C(=O)O)cn(C3CC3)c12,III,0,,III
COc1ccc2[nH]c3c(C)c4ccnc(NCCN)c4cc3c2c1,III,1,SA19_Ames,III
CC(=O)NCCCS(=O)(=O)[O-].CC(=O)NCCCS(=O)(=O)[O-].[Ca+2],I,0,,none
CSCSSCSC,I,0,,none
Cl.Cl.N=C(N)c1ccc(-c2cc3ccc(C(=N)N)cc3[nH]2)cc1,III,0,,III
O=CCS(=O)(=O)O,III,1,SA11_Ames,none
O=C([O-])CCC(=O)[O-],III,0,,none
Cl.NCCc1c[nH]c2ccc(O)cc12,III,0,,III
Cl.O=C(COc1ccc(Cl)cc1)N1CCN(Cc2ccc3c(c2)OCO3)CC1,III,0,,III
O=C([O-])C=CC(=O)[O-],III,0,,none
C[C@H](N)[C@H](O)c1ccc(O)c(O)c1,III,0,,III
CC(C)NC[C@H](O)COc1cccc2ccccc12.Cl,III,0,,III
CC(C)C(=O)[O-],III,0,,none
CS(=O)(=O)O.OC(CCN1CCCCC1)(c1ccccc1)c1ccccc1,III,0,,II
COC(=O)c1ccccc1N=Cc1ccc(O)c(OC)c1,III,0,,none
CCN.[H+],I,0,,III
CCN(CC)CC.[H+],I,0,,II
COc1ccccc1N1CCN(CCCNc2cc(=O)n(C)c(=O)n2C)CC1.Cl,III,0,,III
O=C([O-])C1CCCCC1,III,0,,none
CC(C)CCCCCC=O,I,1,SA11_Ames,none
CCc1cccc(CC)c1NC(=O)CN(CC(=O)O)CC(=O)O,III,0,,II
C/C=C/C(C)C,I,0,,none
C=C(O)CCC,I,0,,none
CCCCCCC[N+](CC)(CC)CCCCc1ccc(Cl)cc1.Cc1ccc(S(=O)(=O)[O-])cc1,III,0,,III
CC(C)NC[C@H](O)COc1ccc(CC(N)=O)cc1,III,0,,III
C#Cc1cccc(Nc2ncnc3cc(OCCOC)c(OCCOC)cc23)c1,III,0,,III
CCCCCCCCCCCCCCCCCCC=O,I,1,SA11_Ames,none
CC(=O)ON,III,0,,III
CC1=CCC(=C(C)C)CCC(C)=CCC1,I,0,,none
CC(C)NC[C@@H](O)COc1ccc(CC(N)=O)cc1,III,0,,III
O.O.OC[C@H]1O[C@H](O[C@H]2O[C@H](CO)[C@@H](O)[C@H](O)[C@H]2O)[C@H](O)[C@@H](O)[C@@H]1O,III,0,,none
CC(=O)OCC(=O)[C@@]12N=C(C)O[C@@H]1C[C@H]1[C@@H]3CCC4=CC(=O)C=C[C@]4(C)[C@H]3[C@@H](O)C[C@@]12C,III,1,SA10_Ames,none
NOC(=O)c1ccccc1,III,0,,III
CON=CC(C)C,III,0,,none
Cl.Cl.c1ccc2c(c1)CCCc1cc(NCCN3CCOCC3)nnc1-2,III,0,,III
C[C@H](NC[C@H](O)CP(=O)(O)CC1CCCCC1)c1ccc(Cl)c(Cl)c1.Cl,III,0,,III
CCN(CC)c1ccc(N=Nc2ccc(S(=O)(=O)N(C)C)cc2)c(S(=O)(=O)NCC[n+]2ccccc2)c1.[Cl-],III,1,SA28bis_Ames;SA29_Ames;aN=Na,III
Cl.O=C1Cc2cc(CCN3CCN(c4nsc5ccccc45)CC3)c(Cl)cc2N1,III,0,,III
C=C1C=CCCC1,I,0,,none
COc1cc(OC)c(OC)c(OC)c1,I,0,,none
OCCCCCOCc1ccccc1,III,0,,none
C[C@H](CCC(=O)O)[C@H]1CC[C@H]2[C@@H]3[C@H](O)C[C@@H]4C[C@H](O)CC[C@]4(C)[C@H]3C[C@H](O)[C@]12C,III,0,,none
C[C@H](CCC(=O)O)[C@H]1CC[C@H]2[C@@H]3CC[C@@H]4C[C@H](O)CC[C@]4(C)[C@H]3C[C@H](O)[C@]12C,III,0,,none
C[C@]12CCC(=O)C=C1CC[C@@H]1[C@@H]2C(=O)C[C@@]2(C)[C@H]1CC[C@]2(O)C(=O)CO,III,1,SA10_Ames,none
C[C@]12CC[C@H]3C(=CCc4cc(O)ccc43)[C@@H]1CCC2=O,II,0,,none
C[C@]12CCC(=O)C=C1CC[C@@H]1[C@@H]2C(=O)C[C@]2(C)C(=O)CC[C@@H]12,III,1,SA10_Ames,none
CC(=O)OCC(=O)[C@@]1(O)CC[C@H]2[C@@H]3CCC4=CC(=O)C=C[C@]4(C)[C@@]3(F)[C@@H](O)C[C@@]21C,III,1,SA10_Ames,III
C[C@@H](O)[C@@H](C)O,III,0,,none
COc1ccc(C=C(C)C=O)cc1,II,0,,none
CC(=O)OCC(=O)[C@@]1(O)[C@H](C)C[C@H]2[C@@H]3CCC4=CC(=O)C=C[C@]4(C)[C@@]3(F)[C@@H](O)C[C@@]21C,III,1,SA10_Ames,III
COc1cc(C(OC(C)=O)OC(C)=O)ccc1OC(C)=O,I,0,,none
CCCOc1ccc2ccccc2c1,III,0,,none
CC(=O)[C@H]1CC[C@H]2[C@@H]3C[C@H](C)C4=CC(=O)CC[C@]4(C)[C@H]3[C@@H](O)C[C@]12C,III,1,SA10_Ames,none
C=C1C[C@H]2[C@@H]3C=C(C)C4=CC(=O)CC[C@]4(C)[C@H]3CC[C@]2(C)[C@@]1(OC(C)=O)C(C)=O,III,1,SA10_Ames,none
CCC1CCC1,I,0,,none
CC(=O)CC(O)C(C)C,III,0,,none
C[C@@H](O)CO,I,0,,none
CCN(CC)CCc1nc(-c2ccccc2)no1.O=C(O)CC(O)(CC(=O)O)C(=O)O,III,0,,II
CNc1ccccc1C=O,III,1,SA11_Ames;SA28bis_Ames,III
O=C(O)CCCC(=O)CCCC(=O)O,I,0,,none
C=CCCC(C)C=C(C)C,I,0,,none
Oc1ccccc1OCCOCCOc1ccccc1O,III,0,,none
COC(=O)C1CCC(C)(C(=O)OC)C1(C)C,I,0,,none
CC(C)C[C@@H](N)C(=O)O,I,0,,III
C[C@@H](O)CN,I,0,,III
NC(=NCCC[C@H](N)C(=O)O)N[N+](=O)[O-],III,1,SA23_Ames,III
C=C[C@@]1(C)C=C2CC[C@H]3C(C)(C)CCC[C@]3(C)[C@H]2CC1,II,0,,none
OC[C@H]1O[C@@H](Oc2ccc(O)cc2)[C@H](O)[C@@H](O)[C@@H]1O,I,0,,none
C[C@@H](O)[C@H]1C(=O)N2C(C(=O)O)=C(S[C@@H]3CN[C@H](C(=O)N(C)C)C3)[C@H](C)[C@H]12,III,0,,III
COCCc1ccc(OCC(O)CNC(C)C)cc1.COCCc1ccc(OCC(O)CNC(C)C)cc1.O=C(O)[C@H](O)[C@@H](O)C(=O)O,III,0,,III
OCCN1C[C@H](O)[C@@H](O)[C@H](O)[C@H]1CO,II,0,,II
CCCCc1oc2ccccc2c1C(=O)c1cc(I)c(OCCN(CC)CC)c(I)c1.Cl,III,0,,III
CC(=O)OCC1=C(C(=O)O)N2C(=O)[C@@H](N)[C@H]2SC1,III,0,,III
C[C@@H]1C[C@H]2[C@@H]3CCC4=CC(=O)C=C[C@]4(C)[C@@]3(Cl)[C@@H](O)C[C@]2(C)[C@@]1(OC(=O)c1ccco1)C(=O)CCl,III,1,SA10_Ames;SA8_Ames,III
CCN(CC)CCOC(=O)C1(C2CCCCC2)CCCCC1.Cl,III,0,,III
Cc1c(-c2ccccc2)oc2c(C(=O)OCCN3CCCCC3)cccc2c1=O.Cl,III,0,,III
CNCCC=C1c2ccccc2CCc2ccccc21.Cl,III,0,,III
Nc1nc(NC2CC2)c2ncn([C@H]3C=C[C@@H](CO)C3)c2n1.Nc1nc(NC2CC2)c2ncn([C@H]3C=C[C@@H](CO)C3)c2n1.O=S(=O)(O)O,III,1,SA28_Ames,III
CCOC(=O)OC(C)OC(=O)[C@@H]1N2C(=O)[C@@H](NC(=O)[C@H](N)c3ccccc3)[C@H]2SC1(C)C.Cl,III,0,,III
CC(=O)NC[C@H]1CN(c2ccc(N3CCOCC3)c(F)c2)C(=O)O1,III,0,,III
CC(C)=C1CC[C@]2(C)O[C@@H]2C1=O,III,1,SA10_Ames;SA7_Ames,none
C=C(C)[C@H]1CC[C@@H](C)CC1=O,I,0,,none
Cc1cccn2c(=O)c(-c3nnn[n-]3)cnc12.[K+],III,0,,II
CN(Cc1ccc(C(C)(C)C)cc1)Cc1cccc2ccccc12.Cl,III,0,,III
C[C@]12C[C@H]3S[C@H]3C[C@@H]1CC[C@@H]1[C@@H]2CC[C@]2(C)[C@@H](O)CC[C@@H]12,III,0,,none
COc1cccc2c1C(=O)c1c(O)c3c(c(O)c1C2=O)C[C@@](O)(C(=O)CO)C[C@@H]3O[C@H]1C[C@H](N)[C@H](O)[C@H](C)O1.Cl,III,1,SA12_Ames;SA66_Ames,III
CC1(C)O[C@@H]2C[C@H]3[C@@H]4CCC5=CC(=O)CC[C@]5(C)[C@@]4(F)[C@@H](O)C[C@]3(C)[C@]2(C(=O)CCl)O1,III,1,SA10_Ames;SA8_Ames,III
CN(C)CCN1C(=O)c2ccccc2N(C)c2ccccc21.Cl,III,0,,III
CCOC(=O)C1=C[C@]2(CC)CCCN3CCc4c(n1c1ccccc41)[C@@H]32,III,0,,II
CC(=O)OCC(=O)[C@@]12OC3(CCCC3)O[C@@H]1C[C@H]1[C@@H]3CCC4=CC(=O)C=C[C@]4(C)[C@@]3(F)[C@@H](O)C[C@@]12C,III,1,SA10_Ames,III
C#C[C@]1(O)CC[C@H]2[C@@H]3[C@H](C)CC4=C(CCC(=O)C4)[C@H]3CC[C@@]21C,III,0,,none
Br.NC(=O)C(c1ccccc1)(c1ccccc1)[C@@H]1CCN(CCc2ccc3c(c2)CCO3)C1,III,0,,III
CCC(=O)O[C@]1(C(=O)SCF)[C@H](C)C[C@H]2[C@@H]3C[C@H](F)C4=CC(=O)C=C[C@]4(C)[C@@]3(F)[C@@H](O)C[C@@]21C,III,1,SA10_Ames,III
[NH3+]CCO,III,0,,none
CC1=C(/C=C/C(C)=C/C=C/C(C)=C/C(=O)O)C(C)(C)CCC1,III,0,,none
OC[C@H]1O[C@@H](O)[C@H](O)[C@@H]1O,I,0,,none
[NH3+]CCc1ccccc1,III,0,,none
N[C@H]1CONC1=O,III,0,,III
CC(=O)N1CCN(c2ccc(OC[C@H]3CO[C@](Cn4ccnc4)(c4ccc(Cl)cc4Cl)O3)cc2)CC1,III,0,,III
Cc1cc2nc3c(=O)[nH]c(=O)nc-3n(C[C@H](O)[C@H](O)[C@H](O)CO)c2cc1C,III,1,SA19_Ames,II
CCCCCCCCCCCCCCCC(=O)[O-],III,0,,none
CC(=O)[O-].[NH4+],III,0,,none
CCCOc1ccc(C(=O)OCCN(CC)CC)cc1N.Cl,III,1,SA28_Ames,III
C=C/C=C/CCCC,I,0,,none
C=C(CCO)CCC=C(C)C,I,0,,none
CC=C(C)C(=O)OC(C)C,I,0,,none
CCCCNCCN,III,0,,III
CCC(C)CC(=O)OC,I,0,,none
CCC(C)CCC(=O)OC,I,0,,none
CCC=CCC=CCC=O,I,1,SA11_Ames,none
CC1=CC(=O)CC(C)(C)C1C=CC(C)O,II,1,SA10_Ames,none
CNCCC(C)C,III,0,,III
C=CCNCc1ccccc1,III,0,,III
CCC(C)=CC(=O)OC,I,0,,none
C=C(C)CCOC(=O)c1ccccc1,I,0,,none
CC=CC=C(C)C(C)=CC,I,0,,none
CC=CSSC,III,0,,none
Cc1c(N(C)CS(=O)(=O)[O-])c(=O)n(-c2ccccc2)n1C.[Na+],III,0,,II
CC1=CCCC(C)(O)C=CC(C(C)C)CC1,I,0,,none
CC1CCC2C(C)(C)C3CC12CCC3(C)O,I,0,,none
CC1=CCC(C)(C)C=CCC2(C)OC2CC1,III,1,SA7_Ames,none
COC(=O)C1(C)CCCCC1,I,0,,none
CC1=CCCC2(C)OC2CC(C)(C)C=CC1,III,1,SA7_Ames,none
CCC(C)c1cnccn1,II,0,,none
CCCCCC(=O)OCC=C(C)CCC=C(C)CCC=C(C)C,I,0,,none
CCCCCCCCC1OC(C)=CC1=O,II,1,SA10_Ames,none
CC1(C)OC2(C)CCC1CC2O,II,0,,none
OCCCCCS,I,0,,none
CCCC(O)C(=O)OC,I,0,,none
CCC(C)CC(C)CCCC(C)C,I,0,,none
CCCCCCCCCN(C)C,I,0,,II
CCCCCCCCCCCCCCC(C)C=O,I,1,SA11_Ames,none
O=C(O)CCCCCCCCBr,III,1,SA8_Ames,III
O=C(O)CCCCCCCBr,III,1,SA8_Ames,III
COC(C)(C)C(C)(C)OC,I,0,,none
CCC(C)CCCCCCCCCCCC(=O)OC,I,0,,none
CCCCCC=CCC=CCC(=O)OC,I,0,,none
CCCN(C)CCC,I,0,,II
C=CC(C)=CC=CC(=C)C,I,0,,none
CCCC(CC(=O)OCC)NCc1ccccc1,II,0,,III
CC(C)=C1CCC=CCCC=CCC1,I,0,,none
C=C(C)CCc1ccc(C)cc1,I,0,,none
CCCCCC(=Cc1ccccc1)COC(C)=O,II,0,,none
Cc1c(Cl)cccc1Nc1ccccc1C(=O)O,III,0,,III
c1ccc(Oc2ccc3ccccc3c2)cc1,III,0,,none
CC1(C)[C@@H](OC(=O)CCC(=O)[O-])CC[C@]2(C)[C@H]3C(=O)C=C4[C@@H]5C[C@@](C)(C(=O)[O-])CC[C@]5(C)CC[C@@]4(C)[C@]3(C)CC[C@@H]12.[Na+].[Na+],III,1,SA10_Ames,none
CCOC(=O)[C@@H](C)O,I,0,,none
C[C@@H]1CCCCN1,II,0,,III
NC(=O)NCCC[C@@H](N)C(=O)O,III,0,,III
C[NH+]1CCCCC1,III,0,,none
C=C/C(C)=C/C,I,0,,none
COC(=O)/C=C/c1ccc(OC)cc1,I,0,,none
C[C@H](N)CN,I,0,,III
CC(C)[C@@H]1C=CC(=O)CC1,II,1,SA10_Ames,none
C[C@@H](N)c1ccccc1,III,0,,III
C/C=C\C=C\C=O,II,1,SA10_Ames,none
C[NH3+],III,0,,none
N#C[C@H](O[C@@H]1O[C@H](CO[C@@H]2O[C@H](CO)[C@@H](O)[C@H](O)[C@H]2O)[C@@H](O)[C@H](O)[C@H]1O)c1ccccc1,III,0,,none
CC(C)NC[C@H](O)c1ccc(O)c(O)c1.Cl,III,0,,III
Nc1nc(F)nc2c1ncn2[C@@H]1O[C@H](CO)[C@@H](O)[C@@H]1O,III,1,SA28_Ames,III
CCCc1cc(=O)[nH]c(=S)[nH]1,III,0,,III
CC[C@@H]1C(=O)OC[C@@H]1Cc1cncn1C.O=[N+]([O-])O,III,0,,II
CCCc1cc(C(N)=S)ccn1,III,0,,III
C/C=C/C(=O)N(CC)c1ccccc1C,III,1,SA10_Ames,II
COc1ccc(O[C@@H](C)C(=O)O)cc1,III,0,,none
CC[C@H](C(=O)O)c1ccccc1,I,0,,none
CC[C@@H](C(=O)O)c1ccccc1,I,0,,none
C=C1[C@@H]2CC[C@H]3[C@@H]2C(C)(C)CCC[C@@]13C,I,0,,none
Cc1cc(C(C)(C)C)cc(C)c1N,III,0,,III
C/C=C/C(=O)[C@@H]1C(C)=CCCC1(C)C,II,1,SA10_Ames,none
CC1(C)[C@H]2CC=C(CCO)[C@@H]1C2,I,0,,none
Cn1cc[nH]c1=S,III,0,,III
C(=C\c1ccccc1)/CN1CCN(C(c2ccccc2)c2ccccc2)CC1,II,0,,II
O=C(/C=C\C=C\c1ccc2c(c1)OCO2)N1CCCCC1,III,1,SA10_Ames,II
COc1cc(CNC(=O)CCCC/C=C\C(C)C)ccc1O,II,0,,none
OC[C@H](O)[C@H](O)[C@H](O)[C@@H](O)CO,I,0,,none
[NH3+]CCCCCC[NH3+],III,0,,none
C/C=C/C=C/C(=O)[O-],III,0,,none
CC(=O)/C=C\c1ccco1,II,0,,none
C=C[C@@](C)(CCC=C(C)C)OC(=O)CC,I,0,,none
O=C(/C=C/c1ccccc1)OC/C=C\c1ccccc1,I,0,,none
CC(=O)OC/C=C(/C)CC/C=C(\C)CCC=C(C)C,I,0,,none
C[C@H]1NC(=O)NC1=O,III,0,,none
CC(C)[C@H]1OC[C@H](C)O1,I,0,,none
CC(=O)CC/C=C(/C)CC/C=C(\C)CCC=C(C)C,III,0,,none
CC(C)COC(=O)/C=C\c1ccccc1,I,0,,none
CCCCCC/C(C=O)=C/c1ccccc1,II,0,,none
C/C=C\c1ccc(OC(C)=O)c(OC)c1,I,0,,none
CCCCC[C@@H]1C(=O)CC[C@H]1CC(=O)OC,I,0,,none
CCCCC[C@H]1C(=O)CC[C@H]1CC(=O)OC,I,0,,none
CC(=O)/C=C\C=C(/C)CCC=C(C)C,II,1,SA10_Ames,none
CCc1ccc(CNC)cc1,III,0,,III
Cc1ccccc1CCN,III,0,,III
CC(=O)OC[C@H]1O[C@H](OC(C)=O)[C@H](OC(C)=O)[C@@H](OC(C)=O)[C@@H]1OC(C)=O,I,0,,none
Cl.Nc1c2c(nc3ccccc13)CCCC2,III,1,SA28_Ames,III
C=C(C)[C@@H]1CC=C(C)C(O)C1,I,0,,none
O=S(=O)([O-])CCN1CCN(CCO)CC1.[Na+],III,0,,II
CC[C@H](C)CN,I,0,,III
Nc1nc(=S)c2ncn([C@@H]3O[C@H](CO)[C@@H](O)[C@H]3O)c2[nH]1,III,1,SA28_Ames,III
CC[C@@H](C)N,I,0,,III
CC(=O)OC[C@H]1O[C@@H](OC(C)=O)[C@H](OC(C)=O)[C@@H](OC(C)=O)[C@@H]1OC(C)=O,I,0,,none
COC(=O)[C@H](N)CCCN=C(N)N[N+](=O)[O-].Cl,III,1,SA23_Ames,III
CC/C(=C(\c1ccccc1)c1ccc(OCCN(C)C)cc1)c1ccccc1.O=C(O)CC(O)(CC(=O)O)C(=O)O,III,0,,II
CN[C@@H]1CCCC[C@H]1NC,III,0,,III
Cc1cc(C)cc(CN)c1,III,0,,III
NCCc1ccccc1N,III,1,SA28_Ames,III
CC(C)(C)NCCC#N,III,0,,III
CCc1cc(C(N)=S)ccn1,III,0,,III
[C-]#[N+]CCN(C)C,III,0,,II
[C-]#[N+]CCCN(C)C,III,0,,II
CNCc1ccc(C)cc1,III,0,,III
NCCCCN=C(N)N.O=S(=O)(O)O,III,0,,III
Cc1cccc(CN)c1C,III,0,,III
CN(C)CCOc1ccc(/C(=C(/CCCl)c2ccccc2)c2ccccc2)cc1,III,1,SA8_Ames,III
O=CCCCCCCCCC=O,I,1,SA11_Ames,none
C/C(=C(\CCOP(=O)(O)O)SC(=O)c1ccccc1)N(C=O)Cc1cnc(C)nc1N,III,1,SA28_Ames,III
CCN1CCC[C@H]1CNC(=O)c1c(O)c(Cl)cc(Cl)c1OC,III,0,,III
CCCCCCCCCCCCCCCCCC(=O)[O-],III,0,,none
Cl.c1cnc(N2CCN(Cc3ccc4c(c3)OCO4)CC2)nc1,III,0,,III
CC(C)CN.[H+],I,0,,III
Cc1c(Cl)cccc1Nc1ncccc1C(=O)O.NCCCC[C@H](N)C(=O)O,III,0,,III
CCN(CC)CCNC(=O)COc1ccc(OC)cc1.Cl,III,0,,III
CC1=CC([O-])=NS(=O)(=O)O1,III,0,,none
CC(C)NCCCCCN,III,0,,III
CCCCCCNCCN,III,0,,III
CC(C)CC[NH3+],III,0,,none
Cc1ccccc1C(C)N,III,0,,III
COc1cccc(C(=O)[O-])c1,I,0,,none
CC(C)NCCNCCN,III,0,,III
[NH3+]CCCC[NH3+],III,0,,none
C=CC(C)CC(=O)O,I,0,,none
CN(C)CCCCCN,I,0,,III
CCC[NH3+],III,0,,none
CC(C)CC(=O)C(=O)[O-],III,0,,none
CC(C)CC(=O)[O-],III,0,,none
CCC(=O)C(=O)[O-],III,0,,none
C1CC[NH2+]C1,III,0,,none
CCCC[NH3+],III,0,,none
O=S1(=O)N=C([O-])c2ccccc21,III,0,,none
Nc1ccc(S(=O)(=O)[N-]c2cnc3ccccc3n2)cc1.[Na+],III,1,SA28_Ames,III
[NH3+]CCCCC[NH3+],III,0,,none
NNc1ccc([N+](=O)[O-])cc1[N+](=O)[O-],III,1,SA13_Ames;SA27_Ames,III
C[NH+](C)C,III,0,,none
CC(C)N(CCCCCN)C(C)C,I,0,,III
O=C1C(Br)=CC(=C(c2cc(Br)c(O)c(Br)c2)c2ccccc2S(=O)(=O)[O-])C=C1Br.[Na+],III,1,SA10_Ames,III
CC[NH2+]CC,III,0,,none
CC(=O)[S-],III,0,,none
CCn1cc(C(=O)[O-])c(=O)c2ccc(C)nc21.[Na+],III,0,,II
O=C([O-])C=Cc1ccccc1,I,0,,none
CCCCC[NH3+],III,0,,none
CCCCCCCCCCCCCC(=O)[O-],III,0,,none
CCCCCCCCCCCCCCCCC(=O)[O-],III,0,,none
CCCCCCCCCCCC(=O)[O-],III,0,,none
O=C([O-])C(=O)CS,III,0,,none
CCN(c1ccccc1)C(C)C,III,0,,II
CC(C)CCC(=O)[O-],III,0,,none
CCCCCCCCCCCCOS(=O)(=O)[O-],III,0,,none
O=C([O-])CC(O)(CC(=O)O)C(=O)O,III,0,,none
C[C@]12CC[C@H](O)C[C@H]1CC[C@@H]1[C@@H]2CC[C@]2(C)[C@@H](C3=CC(=O)OC3)CC[C@]12O,III,0,,none
CCCCCC(=O)[O-],III,0,,none
CC(C)N(C)C(C)(C)C,I,0,,II
CC=CC=CC(=O)[O-],III,0,,none
O=C([O-])COc1ccccc1,III,0,,none
CCN(CC)CCCCCN,I,0,,III
CCCCCCCCCC(=O)[O-],III,0,,none
CCC[S-].[Na+],III,0,,none
O=C([O-])CCc1ccccc1,I,0,,none
O=C([O-])Cc1ccccc1Nc1c(Cl)cccc1Cl.[Na+],III,0,,III
C=CCCC(=O)[O-],III,0,,none
O=CCS(=O)(=O)[O-],III,1,SA11_Ames,none
CC(C(=O)[O-])c1ccccc1,I,0,,none
NC(N)=[NH+]CCCC[NH3+],III,0,,III
CCCCCCOC(=O)/C=C\C(=O)OCCCCCC,I,0,,none
O=c1cc(-c2ccc(O)c(O)c2)oc2cc(O)cc(O)c12,II,0,,none
CCCCCCCC/C=C/CCCCCCCC(=O)OC,I,0,,none
CCCCC[C@H](O)/C=C/[C@H]1[C@H](O)CC(=O)[C@@H]1CCCCCCC(=O)O,III,0,,none
CCCC1O[C@@H]2C[C@H]3[C@@H]4CCC5=CC(=O)C=C[C@]5(C)[C@H]4[C@@H](O)C[C@]3(C)[C@]2(C(=O)CO)O1,III,1,SA10_Ames,none
O=C(O)/C=C/C(=O)O.OCCOCCN1CCN(C2=Nc3ccccc3Sc3ccccc32)CC1.OCCOCCN1CCN(C2=Nc3ccccc3Sc3ccccc32)CC1,III,0,,II
CN1CCN(CCCN2c3ccccc3Sc3ccc(Cl)cc32)CC1.O=C(O)/C=C\C(=O)O.O=C(O)/C=C\C(=O)O,III,0,,III
CC(C)(O)c1ccccc1CC[C@@H](SCC1(CC(=O)O)CC1)c1cccc(/C=C/c2ccc3ccc(Cl)cc3n2)c1,III,0,,III
CC(C)(C)NC[C@H](O)COc1nsnc1N1CCOCC1.O=C(O)/C=C\C(=O)O,III,0,,III
CC[C@@H](CO)NC(=O)[C@@H]1C=C2c3cccc4[nH]cc(c34)C[C@H]2N(C)C1.O=C(O)/C=C\C(=O)O,III,0,,II
CCN(CC)C(=O)/C(C#N)=C/c1cc(O)c(O)c([N+](=O)[O-])c1,III,1,SA27_Ames,II
CN(C/C=C/c1ccccc1)Cc1cccc2ccccc12.Cl,III,0,,III
CC/C=C\C/C=C\C/C=C\CCO,I,0,,none
C=C/C=C\CCOC(=O)CCC,I,0,,none
CC(=O)/C=C/[C@H]1C(C)=CC[C@H](C)C1(C)C,II,1,SA10_Ames,none
COc1ccc(/C=C/C(=O)Nc2ccccc2C(=O)O)cc1OC,III,0,,none
CCOC(=O)/C=C(C)/C=C/C=C(C)/C=C/c1c(C)cc(OC)c(C)c1C,II,0,,none
CC1=C(/C=C/C(C)=C/C=C/C(C)=C\C(=O)O)C(C)(C)CCC1,III,0,,none
CCCCC(C)(O)C/C=C/[C@H]1[C@H](O)CC(=O)[C@@H]1CCCCCCC(=O)OC,III,0,,none
Cc1cc(C(C)(C)C)cc(C)c1CC1=NCCN1.Cl,III,0,,III
CN(C)CC/C=C1/c2ccccc2COc2ccc(CC(=O)O)cc21.Cl,III,0,,III
Cl.Cl.Fc1ccc(C(c2ccc(F)cc2)N2CCN(C/C=C/c3ccccc3)CC2)cc1,III,0,,III
CN1CCC(=C2c3ccccc3CC(=O)c3sccc32)CC1.O=C(O)/C=C/C(=O)O,III,0,,II
Nc1nc(N)nc(-c2cc(Cl)ccc2Cl)n1.O=C(O)/C=C\C(=O)O,III,1,SA28_Ames,III
Cl.Cl.OCCN1CCN(CC/C=C2/c3ccccc3Sc3ccc(C(F)(F)F)cc32)CC1,III,0,,I
COc1ccc2c(c1)N(C[C@H](C)CN(C)C)c1ccccc1S2.O=C(O)/C=C\C(=O)O,III,0,,II
CCOCCn1c(N2CCCN(C)CC2)nc2ccccc21.O=C(O)/C=C/C(=O)O.O=C(O)/C=C/C(=O)O,III,0,,II
NCCC[C@H](N)CC(=O)N[C@H]1CNC(=O)[C@H]([C@H]2C[C@H](O)N=C(N)N2)NC(=O)/C(=C/NC(N)=O)NC(=O)[C@H](CO)NC(=O)[C@H](CO)NC1=O.O=S(=O)(O)O,III,1,SA10_Ames,III
C[C@@H]1C[C@H]2[C@@H]3C[C@H](F)C4=CC(=O)C=C[C@]4(C)[C@@]3(Cl)[C@@H](O)C[C@]2(C)[C@H]1C(=O)COC(=O)C(C)(C)C,III,1,SA10_Ames,III
CCCCCC/C(C)=C/C(=O)O,I,0,,none
CCCC/C=C\CC(=O)O,I,0,,none
CC(C)(C)NC[C@H](O)COc1cccc2c1CCCC2=O.Cl,III,0,,III
C1CCC(C(CC2CCCCN2)C2CCCCC2)CC1.O=C(O)/C=C\C(=O)O,II,0,,III
COc1ccc(CN(CCN(C)C)c2ccccn2)cc1.O=C(O)/C=C\C(=O)O,III,0,,II
COc1cc(C)c(/C=C/C(C)=C/C=C/C(C)=C/C(=O)O)c(C)c1C,II,0,,none
C1CNCCN1.C[C@]12CC[C@@H]3c4ccc(OS(=O)(=O)O)cc4CC[C@H]3[C@@H]1CCC2=O,III,0,,III
C#C[C@]1(O)CC[C@H]2[C@@H]3CCC4=CC(=O)CC[C@]4(C)[C@H]3CC[C@@]21C,III,1,SA10_Ames,none
CC[C@@H](C(N)=O)N1CCCC1=O,III,0,,II
N[C@@H](C(=O)N[C@@H]1C(=O)N2C(C(=O)O)=C(Cl)CC[C@H]12)c1ccccc1,III,0,,III
C[C@@H]1O[C@@H](O[C@@H]2C=C3CC[C@@H]4[C@H](CC[C@]5(C)[C@@H](c6ccc(=O)oc6)CC[C@]45O)[C@@]3(C)CC2)[C@H](O)[C@H](O)[C@H]1O,III,0,,none
CC1(C)O[C@@H]2[C@@H](CO[C@@]3(COS(N)(=O)=O)OC(C)(C)O[C@@H]23)O1,III,0,,III
C=C1/C(=C\C=C2/CCC[C@]3(C)[C@@H]([C@H](C)/C=C/[C@@H](O)C4CC4)CC[C@@H]23)C[C@@H](O)C[C@@H]1O,III,0,,none
C[C@@H](O)CC(C)(C)O,I,0,,none
Cl.Clc1ccc(Cn2c(CN3CCCC3)nc3ccccc32)cc1,III,0,,III
Cc1cnc(C(=O)O)c[n+]1[O-],III,1,SA26_Ames,none
CCOC(=O)C1=C(C)NC(C)=C(C(=O)OCC)C1c1ccccc1/C=C/C(=O)OC(C)(C)C,II,0,,III
C=CC(C)(C)/C=C/C(C)(C)O,I,0,,none
CC(C)=CCC/C(C)=C/CCc1ccoc1,III,0,,none
CC1=C(O)C(=O)O[C@H]1C,I,0,,none
CCCCCCC/C=C\CCCCCCCC,I,0,,none
CCC/C=C\COC(=O)CC(C)C,I,0,,none
CCCC/C=C\CCC=O,I,1,SA11_Ames,none
CC/C=C/CCOC(=O)c1ccccc1,I,0,,none
CCCCCC(=O)OC/C=C(\C)CC/C=C(\C)CCC=C(C)C,I,0,,none
CCCC/C=C\CC(=O)OCC,I,0,,none
CCCCCC/C=C\CCO,I,0,,none
CC/C=C/CCOC(=O)Cc1ccccc1,I,0,,none
C/C=C/CCCCCCCCCCC,I,0,,none
CC/C=C/CCOC(=O)CC,I,0,,none
NC(=O)N/N=C\c1ccc([N+](=O)[O-])o1,III,1,SA13_Ames;SA27_Ames,II
O=C1OCCN1/N=C\c1ccc([N+](=O)[O-])o1,III,1,SA13_Ames;SA27_Ames,II
O=C1CN(/N=C\c2ccc([N+](=O)[O-])o2)C(=O)N1,III,1,SA13_Ames;SA27_Ames,II
CN/C(=C/[N+](=O)[O-])NCCSCc1csc(CN(C)C)n1,III,0,,III
C/C=C\C(=O)OCC,I,0,,none
CCCC/C=C\C(=O)O,I,0,,none
Cl.Oc1ccc2c3c1O[C@H]1[C@@H](O)CC[C@@]4(O)[C@@H](C2)N(CC2CCC2)CC[C@]314,III,0,,III
NCCCC[C@H](N[C@@H](CCc1ccccc1)C(=O)O)C(=O)N1CCC[C@H]1C(=O)O.O.O,III,0,,III
CCOC(=O)[C@H](CCc1ccccc1)N[C@H]1CCc2ccccc2N(CC(=O)O)C1=O.Cl,III,0,,III
CCCCCC/C=C\CCCCCCO,I,0,,none
CC/C=C/CCCCCO,I,0,,none
CC/C(C)=C/C(=O)OC,I,0,,none
CCCCCC/C=C(\C)C(C)=O,II,1,SA10_Ames,none
C/C1=C\CC(C)(C)/C=C/CC2(C)OC2CC1,III,1,SA7_Ames,none
C/C=C/CCCCCCCCCC,I,0,,none
CCCCCCCC/C=C\CCCCCCCC=O,I,1,SA11_Ames,none
CCCCCCC/C=C/CCCCCCCC,I,0,,none
CCCCCCC/C=C\CO,I,0,,none
CN(C)C/C=C/CN(C)C,I,0,,II
C=C/C=C/CCC=C,I,0,,none
CCCCC/C=C/C/C=C/CCCCCCCC(=O)OCC,I,0,,none
C/C=C/C=C/CCCC,I,0,,none
C/C=C(/C)CO,I,0,,none
C=C/C=C/C/C=C/C,I,0,,none
CCCCC/C=C/C/C=C/CC(=O)OC,I,0,,none
CC/C=C/C/C=C/C/C=C/CCCCCCCC(=O)OC,I,0,,none
C/C1=C/CCC(C)(O)/C=C\C(C(C)C)CC1,I,0,,none
CC/C=C/C(C)=O,II,1,SA10_Ames,none
C/C(=C/c1ccccc1)CO,I,0,,none
C=C/C(C)=C/C=C/C(=C)C,I,0,,none
CC(C)=C1CC/C=C\CC/C=C/CC1,I,0,,none
CCCCC/C=C/c1ccccc1,II,0,,none
C/C=C(\C=O)c1ccccc1,II,1,SA10_Ames,none
C/C=C/C=C(C)/C(C)=C/C,I,0,,none
CCCCC/C(=C/c1ccccc1)COC(C)=O,II,0,,none
O=C(O)/C=C\c1ccccc1,I,0,,none
COc1ccc(/C=C/C(=O)C(C)C)cc1,II,0,,none
CCCCCC/C(C)=N\O,III,0,,none
COc1ccc(/C=C(\C)C=O)cc1,II,0,,none
C=C1CC[C@@]2(O)[C@H]3Cc4ccc(O)c5c4[C@@]2(CCN3CC2CC2)[C@H]1O5.Cl,III,0,,III
CCOC(=O)[C@H](CCc1ccccc1)N[C@@H](C)C(=O)N1CCC[C@H]1C(=O)O.O=C(O)/C=C\C(=O)O,III,0,,III
O=C(N/N=C\c1ccc([N+](=O)[O-])o1)c1ccc(O)cc1,III,1,SA13_Ames;SA27_Ames,II
CCC1=C[C@@H]2CN3CCc4c([nH]c5ccccc45)[C@@](C(=O)OC)(C2)[C@@H]13,III,0,,II
N[C@@H](CCC(=O)[O-])C(=O)[O-],III,0,,III
C=CCCCCCCCC(=O)[O-],III,0,,none
CCCCCCCCC(=O)[O-],III,0,,none
Br.COc1ccc2c(c1)[C@]13CCCC[C@@H]1[C@H](C2)N(C)CC3.O,III,0,,III
CCCCC/C=C/C=C/C(=O)OC,I,0,,none
CC/C=C/CCC(OCC)OCC,I,0,,none
CC(C)C/C=C(\C=O)c1ccccc1,II,1,SA10_Ames,none
C=CCN1CC[C@]23c4c5ccc(O)c4O[C@H]2C(=O)CC[C@@]3(O)[C@H]1C5.Cl,III,0,,III
CC(C)CC(=O)N[C@H](C(=O)N[C@H](C(=O)N[C@@H](CC(C)C)[C@@H](O)CC(=O)N[C@@H](C)C(=O)N[C@@H](CC(C)C)[C@@H](O)CC(=O)O)C(C)C)C(C)C,III,0,,none
O=c1c(O[C@@H]2O[C@H]([C@H](O)CO)[C@H](O)[C@H]2O)c(-c2ccc(O)c(O)c2)oc2cc(O)cc(O)c12,II,1,SA60_Ames,none
CC(=O)/C=C/[C@H]1C(C)=CCCC1(C)C,II,1,SA10_Ames,none
Cc1ccc(/C(=C\CN2CCCC2)c2ccccn2)cc1.Cl,III,0,,III
Cc1ccc(N(CC2=NCCN2)c2cccc(O)c2)cc1.Cl,III,0,,III
CCOc1ccc(Cc2nccc3cc(OCC)c(OCC)cc23)cc1OCC.Cl,III,0,,III
CN1CCC(=C2c3ccccc3Sc3ccccc32)CC1.O=C(O)/C=C\C(=O)O,III,0,,II
CCN(CC)CCNC(=O)c1cc(S(C)(=O)=O)ccc1OC.Cl,III,0,,III
CN(Cc1cc(Br)cc(Br)c1N)C1CCCCC1.Cl,III,0,,III
CN(C)CC/C=C1\c2ccccc2Sc2ccc(Cl)cc21.Cl,III,0,,III
Cl.O=c1[nH]oc2c1CCNC2,III,0,,III
Cl.NC(=NCc1ccccc1)NC(=O)c1nc(Cl)c(N)nc1N,III,1,SA28_Ames,III
CCOC(/C=C(/C)CCC=C(C)C)OCC,II,0,,none
C=CC(=C)CC/C=C(/C)CC/C=C(\C)C=O,II,1,SA10_Ames,none
C=C/C=C/C=O,II,1,SA10_Ames,none
C/C=C(\C)C(=O)OCC/C=C/CC,I,0,,none
CC/C=C/CCOC(=O)CC(C)C,I,0,,none
C/C=C\SSC,III,0,,none
CC/C=C/CCOC(=O)C(C)C,I,0,,none
CCCCC/C=C1\CCCC1=O,II,1,SA10_Ames,none
C/C=C/C=C/COC(=O)CC,I,0,,none
COc1ccc(-c2ccc(N)[n+](CCCC(=O)O)n2)cc1.[Br-],III,1,SA28_Ames,III
CN(C)CC/C=C1\c2ccccc2COc2ccccc21.Cl,III,0,,III
CNC(=O)Oc1ccc2c(c1)[C@]1(C)CCN(C)[C@@H]1N2C.CNC(=O)Oc1ccc2c(c1)[C@]1(C)CCN(C)[C@@H]1N2C.O=S(=O)(O)O,III,0,,II
C[C@@H]1NC(=O)NC1=O,III,0,,none
CC(=O)[N-]S(=O)(=O)c1ccc(N)cc1.O.[Na+],III,1,SA28_Ames,III
COc1ccc(C(=O)NCc2cccnc2)cc1C(=O)NCc1cccnc1.O,III,0,,none
Nc1ncnc2c1ncn2[C@@H]1O[C@H](COP(=O)(O)O)[C@@H](O)[C@H]1O.O,III,1,SA28_Ames,III
Cc1scc2c1N(C(=O)CN1CCN(C)CC1)c1ccccc1NC2=O.Cl.Cl,III,0,,III
CCN1CCN(C(=O)N[C@@H](C(=O)N[C@@H]2C(=O)N3C(C(=O)O)=C(CSc4nnnn4C)CS[C@H]23)c2ccc(O)cc2)C(=O)C1=O.O.O,III,0,,II
CCN(CC)CCOc1ccc(/C(=C(/Cl)c2ccccc2)c2ccccc2)cc1.O=C(O)CC(O)(CC(=O)O)C(=O)O,III,0,,III
COc1cc(N)c(Cl)cc1C(=O)NC1CCN(Cc2ccccc2)CC1.O=C(O)/C=C\C(=O)O,III,1,SA28_Ames,III
COc1cc(OC)c(C(=O)CCCN2CCCC2)c(OC)c1.Cl,III,0,,III
CC(=O)c1ccc2c(c1)N(CCCN(C)C)c1ccccc1S2.O=C(O)/C=C\C(=O)O,III,0,,II
CC(=O)Oc1cc(C(C)C)c(OCCN(C)C)cc1C.Cl,III,0,,III
CCCCOc1cc(C(=O)OCCN(CC)CC)ccc1N.Cl,III,1,SA28_Ames,III
C[C@]12N[C@H](Cc3ccccc31)c1ccccc12.O=C(O)/C=C\C(=O)O,III,0,,III
O=C(O)/C=C\C(=O)O.O=C(O)/C=C\C(=O)O.c1ccc2nc(N3CCNCC3)ccc2c1,III,0,,III
CC(=O)O.NC(N)=N/N=C\c1c(Cl)cccc1Cl,III,1,SA13_Ames,III
CC(C)(C)NC[C@@H](O)COc1cccc2c1CCCC2=O.Cl,III,0,,III
COc1cc(C(C)C)c(OC)cc1C,I,0,,none
C=C/C=C(\C)CCC=C(C)C,I,0,,none
C=C1C=CC2CC1C2(C)C,I,0,,none
COC(=O)/C=C\c1ccccc1,I,0,,none
CC/C=C/C=C\C(C)=O,II,1,SA10_Ames,none
CCCCCC/C=C/CC(=O)OCC,I,0,,none
C=C[C@]1(C)CC[C@@H](C(=C)C)O1,II,0,,none
C=C1CC/C=C(\C)CC[C@H]2[C@@H]1CC2(C)C,I,0,,none
C=C(C)CCOC(=O)CCCCC,I,0,,none
C/C=C\C=C\CCCC,I,0,,none
CC1=C(/C=C/C(C)O)C(C)(C)CCC1=O,II,1,SA10_Ames,none
CCCCCC/C=C/CCCCCCCCCCCCCCCCC,I,0,,none
O=CCc1cccs1,III,1,SA11_Ames,none
CCCCCCCC/C=C\C=O,II,1,SA10_Ames,none
C/C=C\C(=O)CCC,II,1,SA10_Ames,none
CC[C@@H]1SS[C@H](CC)S1,I,0,,none
C[C@@H](N)[C@@H](O)c1ccccc1.Cl,III,0,,III
Cl.Cl.OCCN1CCN(CC/C=C2/c3ccccc3Sc3ccc(Cl)cc32)CC1,III,0,,III
C=C/C=C\C=C/CCCCC,I,0,,none
C/C=C\C=C1/C(C)=CC(=O)CC1(C)C,II,1,SA10_Ames,none
Cl.O=C(O)/C=C/c1ccc(Cn2ccnc2)cc1,III,0,,III
C=C1CC[C@H]2[C@@H]1[C@H]1[C@@H](CC[C@H]2C)C1(C)C,I,0,,none
CCCOC(=O)/C=C/c1ccco1,II,0,,none
C/C=C/c1cc(C(C)C)ccc1C,I,0,,none
CCCCCCCCCC/C=C/C#N,III,0,,none
CC1=CC[C@]23C[C@H]1C(C)(C)[C@@H]2CC[C@H]3C,I,0,,none
C=C(C)[C@@H]1CC[C@@H](C)[C@H](OC(C)=O)C1,I,0,,none
CNCCCC1c2ccccc2C=Cc2ccccc21.Cl,III,0,,III
CN/C(=C/[N+](=O)[O-])NCCSCc1ccc(CN(C)C)o1.Cl,III,0,,III
COC(=O)Nc1nc2ccc(SC(C)C)cc2[nH]1,III,0,,none
CCOC(=O)c1ccc(OC(=O)CCCCCN=C(N)N)cc1.CS(=O)(=O)O,III,0,,III
CCOC(=O)O[C@]1(C(=O)COC(=O)CC)CC[C@H]2[C@@H]3CCC4=CC(=O)C=C[C@]4(C)[C@H]3[C@@H](O)C[C@@]21C,III,1,SA10_Ames,none
CCc1cc(Cl)c(OC)c(C(=O)NC[C@@H]2CCCN2CC)c1O.Cl,III,0,,III
CCN[C@H]1C[C@H](C)S(=O)(=O)c2sc(S(N)(=O)=O)cc21.Cl,III,0,,III
CC(C)(C)C(=O)[O-],III,0,,none
CC(C)/C=C/C(=O)[O-],III,0,,none
O=C([O-])CC(CC(=O)[O-])C(=O)[O-],III,0,,none
CCC(CC)C(=O)[O-],III,0,,none
COc1ccccc1C(=O)[O-],I,0,,none
CCOC(=O)C[C@H](C)O,I,0,,none
O=C([O-])c1ccccc1CO,I,0,,none
CC1(C)[C@H]2CC[C@](C)(C2)[C@@H]1O,I,0,,none
Cc1ccc([O-])c([N+](=O)[O-])c1,III,1,SA27_Ames,II
CSCCC[NH3+],III,0,,none
CCCCCC[NH3+],III,0,,none
CC(C)CCC[C@H](C)CCO,I,0,,none
Cc1ccc([C@H](C)O)cc1,I,0,,none
CC(C)=CCCC(C)=CC(=O)[O-],III,0,,none
CCCCOC(=O)[C@@H](C)CC,I,0,,none
CCC/C=C/C(=O)[O-],III,0,,none
CCCCC[C@@H](O)CC,I,0,,none
CCC[C@H](C)C=O,I,1,SA11_Ames,none
CC(C)=CCC[C@H](C)CC(=O)O,I,0,,none
CC(C)=CCC[C@@H](C)CC(=O)O,I,0,,none
CC(C)CCCCCCC(=O)[O-],III,0,,none
CC/C=C(\C)C(=O)[O-],III,0,,none
CCc1ccccc1[S-],III,0,,none
C/C(=C\C(C)C)C(=O)[O-],III,0,,none
CNC1CCCC1,III,0,,III
O[C@@H]1CC[C@H]2CCCC[C@@H]2C1,I,0,,none
C[C@@H](S)C(=O)O,I,0,,none
C[C@@H]1C[C@@H](O)CC(C)(C)C1,I,0,,none
C[C@H]1CCCCCCCCCCCCC(=O)C1,II,0,,none
C[C@H]1CCCC(=O)O1,I,0,,none
CCOC(=O)[C@@H](C)S,I,0,,none
CO/N=C/C(C)C,III,0,,none
CCC(=O)/C(C)=N/O,III,0,,none
CCC(=O)OCC[C@@H](C)CCC=C(C)C,I,0,,none
CN(CCOc1ccc(CC2SC(=O)NC2=O)cc1)c1ccccn1.Cl,III,0,,III
CCCCc1cc2ccccc2c(OCCN(C)C)n1.Cl,III,0,,III
CN(C)CC/C=C1\c2ccccc2CSc2ccccc21.Cl,III,0,,III
COc1c(O[C@@H]2O[C@H](CO)[C@@H](O)[C@H](O)[C@H]2O)cc2c(c1OC)-c1ccc(SC)c(=O)cc1[C@@H](NC(C)=O)CC2,II,0,,none
CC(=O)OC[C@@H](C)c1ccccc1,I,0,,none
Cl.Cl.Cl.Cl.Cl.NCCNCCNCCNCCN,III,0,,III
CN[C@@H]1C[C@@H](c2ccc(Cl)c(Cl)c2)c2ccccc21.Cl,III,0,,III
CCCCCCC[C@@H](O)CC,I,0,,none
C[C@H]1OC(c2ccccc2)O[C@@H]1C,III,0,,none
CCCCC[C@@H](O)C(C)=O,I,0,,none
C=C1[C@H](O)C[C@H]2C[C@@H]1C2(C)C,II,0,,none
CC1=C2CC[C@H](C)C[C@@H]2OC1=O,I,0,,none
CC(C)[C@@H]1CC[C@@H](C)C(=O)C1,I,0,,none
C[C@@H]1CC[C@@H]2C[C@H]1C2(C)C,I,0,,none
CCCCCCC[C@H](C)O,I,0,,none
CCCC[C@@H]1OC(=O)C[C@H]1C,I,0,,none
CC(C)[C@@H]1CC[C@@H](C)CC(=O)O1,I,0,,none
O=C(O)/C=C\C(=O)O.S=C(NC1CCCCC1)N1CCC(c2cnc[nH]2)CC1,III,0,,III
c1ccc(CCC[C@@H]2CCCO2)cc1,II,0,,none
CCC(=O)n1cccc1,II,0,,none
C/C=C\CCCCCCCC(=O)OC,I,0,,none
CNc1ccccc1NC,III,1,SA28bis_Ames,III
O=C1CCCCCCC/C=C/CCCCCCO1,I,0,,none
CC1(C)OC2(C)CCC1C[C@@H]2O,II,0,,none
COc1cc(CCN)ccc1O.Cl,III,0,,III
NNC(=O)NN1C(=O)c2cc(S(=O)(=O)[O-])cc3c(N)c(S(=O)(=O)[O-])cc(c23)C1=O.[K+].[K+],I,1,SA13_Ames,III
CC[C@@H](O)CO[C@@H]1CCCC[C@H]1C(C)(C)C,III,0,,none
CCCCCCCC/C=C\CCCCCCCC(=O)OC[C@@H](O)CO,I,0,,none
CC1=CC[C@@H](CCO)C1(C)C,I,0,,none
C=C1CCCC(C)(C)[C@@H]1CC/C(C)=C/CC[C@@H]1[C@@]2(C)CCCC(C)(C)[C@@H]2CC[C@@]1(C)O,I,0,,none
C=C1C[C@H]2CC[C@@H]1C2(C)C,I,0,,none
CC1=C[C@@H](O)[C@H](C(C)C)CC1,I,0,,none
CC/C=C/C/C=C\CCO,I,0,,none
CC/C=C(/C)C=O,II,1,SA10_Ames,none
Cc1ccc(/C=C\C=O)cc1,II,0,,none
CCOc1cccc(O)c1O,I,0,,none
CCCC/C=C\C=C/CO,I,0,,none
CCC/C=C\C(=O)O,I,0,,none
CC(=O)/C=C\C=C(C)C,II,1,SA10_Ames,none
CCCCCCCCCC/C=C\C=O,II,1,SA10_Ames,none
CCCCCCCC/C=C\CO,I,0,,none
CCCCC/C=C(/C)C=O,II,1,SA10_Ames,none
CN(C)CCCC(=O)O.Cl,III,0,,III
CC/C=C(/C)C(=O)OCC,I,0,,none
CC/C=C/CC/C=C\CO,I,0,,none
C[C@@H]1CC[C@H](C(C)(C)O)[C@H](O)C1,I,0,,none
CCOc1cccc2c1CCCC2,II,0,,none
CC/C=C/CCCCCC(=O)O,I,0,,none
CNCc1cccc(C)c1,III,0,,III
C[C@H]1C(C)(C)c2cc3c(cc2C1(C)C)[C@@H](C)COC3,III,0,,none
C[C@@H]1C(C)(C)c2cc3c(cc2C1(C)C)[C@H](C)COC3,III,0,,none
CCCCCCOc1ccc(C)cc1,II,0,,none
CC1=C2[C@H](CC1)[C@H](C)CC[C@@H]1[C@H]2C1(C)C,I,0,,none
CCCCCCCCCCCCCCCCCC(=O)OC[C@H](O)CO,I,0,,none
CCN1CCC[C@H]1CNC(=O)c1c(OC)ccc(Br)c1OC.Cl,III,0,,III
C[C@@H]1CCO[C@@H](c2ccccc2)C1,II,0,,none
CC1=CC[C@]23C[C@H]1C(C)(C)[C@H]2CC[C@@H]3C,I,0,,none
CCCCCCCCCCC(=O)[O-],III,0,,none
CCCCCCCCCCCCCCCCCCCCCCCC(=O)NCCn1ccc2ccccc21,III,0,,none
CCCCCCCCCCCCCCCCCCCCCC(=O)NCCn1ccc2ccccc21,III,0,,none
Cl.Nc1ccc2[nH]ccc2c1,III,1,SA28_Ames,III
CCCCCCCCCCCCCCCCCC(=O)OC[C@@H](O)[C@H]1OC[C@H](O)[C@H]1O,I,0,,none
Cl.N=C(N)c1ccccc1.O,III,0,,III
C=C[C@H]1CN2CC[C@H]1C[C@@H]2[C@@H](O)c1ccnc2ccc(OC)cc12.Cl.O,III,0,,III
Cc1cc(CC(=O)[O-])n(C)c1C(=O)c1ccc(Cl)cc1.[Na+],III,0,,III
Cc1ccccc1CNC(C)C,III,0,,III
CC1CCC(C(C)C)C(OC(=O)CCC(=O)[O-])C1,III,0,,none
Cl.NCC1CCCCCC1,III,0,,III
CCCCCCCC[NH+](C)C,III,0,,none
C/C=C1\CC2CC(OC(C)C)C1C2,III,0,,none
CC1=CC[C@@H]2[C@H]3[C@H](C(C)C)CC[C@]2(C)[C@@H]13,I,0,,none
CC(C)CC(=O)O[C@H]1C[C@H]2CC[C@]1(C)C2(C)C,I,0,,none
C/C=C\c1ccc(OCC)c(OC)c1,I,0,,none
C/C=C(\C)C(=O)OC/C=C(/C)CCC=C(C)C,I,0,,none
CCCCC/C(=C\c1ccccc1)COC=O,II,0,,none
CCCCC/C(=C\c1ccccc1)COC(=O)CC(C)C,II,0,,none
CN(C)CCn1nnnc1SCC1=C(C(=O)O)N2C(=O)[C@@H](NC(=O)Cc3csc(N)n3)[C@H]2SC1.Cl,III,1,SA28_Ames,III
CC=C(C)C(=O)[O-],III,0,,none
CC(C)[C@@H]1CC[C@@H](C)C[C@H]1OC(=O)[C@H]1CCC(=O)N1,II,0,,none
CC(C)=CCC[C@H](C)CCOC(=O)CC(C)C,I,0,,none
CCC/C=C\C(=O)CC,II,1,SA10_Ames,none
CCCCCCOc1ccccc1C,II,0,,none
C[C@@H]1CCC[C@@]2(C)CCCC[C@@]12O,I,0,,none
O=Cc1ccc([O-])cc1,III,1,SA11_Ames,none
CCCCC/C=C/C(=O)[O-],III,0,,none
CCCCCCCCCCCCC(=O)[O-],III,0,,none
CCCC/C=C(\C=O)CC,II,1,SA10_Ames,none
O=C([O-])CC1CCCCC1,III,0,,none
CCCCCCCCCCCCCCC(=O)[O-],III,0,,none
O=CC(=O)C(=O)[O-],III,1,SA11_Ames,none
O.O=C[C@H](O)[C@@H](O)[C@H](O)[C@H](O)CO,III,1,SA11_Ames,none
CCOCCCCCC(=O)[O-],III,0,,none
Cc1ncc(C[n+]2csc(CCO)c2C)c(N)n1.[Cl-],III,1,SA28_Ames,III
CCCC(=O)OCC[C@@H](C)CCC=C(C)C,I,0,,none
C[C@@H]1CC[C@]2(O1)C(C)(C)CCC[C@@]2(C)O,II,0,,none
O=S(=O)([O-])CCS.[Na+],I,0,,none
C[C@H](CCC(=O)NCCS(=O)(=O)[O-])[C@H]1CC[C@H]2[C@@H]3CC[C@@H]4C[C@H](O)CC[C@]4(C)[C@H]3CC[C@]12C.[Na+],III,0,,none
Cc1ccc(Cl)c(Nc2ccccc2C(=O)[O-])c1Cl.O.[Na+],III,0,,III
O=C([O-])[C@H]1/C(=C/CO)O[C@@H]2CC(=O)N21.[K+],II,0,,II
CO[C@@]1(NC(=O)CSCC#N)C(=O)N2C(C(=O)[O-])=C(CSc3nnnn3C)CS[C@@H]21.[Na+],III,0,,II
CCN1CCN(C(=O)N[C@@H](C(=O)N[C@@H]2C(=O)N3[C@@H]2SC(C)(C)[C@@H]3C(=O)[O-])c2ccccc2)C(=O)C1=O.[Na+],III,0,,II
CO[C@@]1(NC(=O)Cc2cccs2)C(=O)N2C(C(=O)[O-])=C(COC(N)=O)CS[C@@H]21.[Na+],III,1,SA16_Ames,II
Cc1onc(-c2ccccc2)c1C(=O)N[C@@H]1C(=O)N2[C@@H]1SC(C)(C)[C@@H]2C(=O)[O-].[Na+],III,0,,II
CC1(C)S[C@@H]2[C@H](NC(=O)Cc3ccccc3)C(=O)N2[C@H]1C(=O)[O-].[Na+],III,0,,II
C[C@]12CCC(=O)C=C1C=C[C@@H]1[C@@H]2CC[C@@]2(C)[C@H]1CC[C@@]2(O)CCC(=O)[O-].[K+],III,1,SA10_Ames,none
CC(Oc1ccccc1)C(=O)N[C@@H]1C(=O)N2[C@@H]1SC(C)(C)[C@@H]2C(=O)[O-].[K+],III,0,,II
Cc1onc(-c2ccccc2Cl)c1C(=O)N[C@@H]1C(=O)N2[C@@H]1SC(C)(C)[C@@H]2C(=O)[O-].[Na+],III,0,,III
CC(=O)OCC1=C(C(=O)[O-])N2C(=O)[C@@H](NC(=O)Cc3cccs3)[C@H]2SC1.[Na+],III,0,,II
Cc1nnc(SCC2=C(C(=O)[O-])N3C(=O)[C@@H](NC(=O)Cn4cnnn4)[C@H]3SC2)s1.[Na+],III,0,,II
COc1ccc2cc([C@@H](C)C(=O)[O-])ccc2c1.[Na+],III,0,,none
Cc1onc(-c2c(Cl)cccc2Cl)c1C(=O)N[C@@H]1C(=O)N2[C@@H]1SC(C)(C)[C@@H]2C(=O)[O-].O.[Na+],III,0,,III
Cc1ccc(C(=O)c2ccc(CC(=O)[O-])n2C)cc1.O.O.[Na+],III,0,,none
C[C@H](CCC(=O)NCCS(=O)(=O)[O-])[C@H]1CC[C@H]2[C@@H]3CC[C@@H]4C[C@H](O)CC[C@]4(C)[C@H]3C[C@H](O)[C@]12C.O.[Na+],III,0,,none
O=S(=O)([O-])CCNC(CO)(CO)CO.[Na+],I,0,,III
CCOc1ccc2ccccc2c1C(=O)N[C@@H]1C(=O)N2[C@@H]1SC(C)(C)[C@@H]2C(=O)[O-].O.[Na+],III,0,,II
C[C@H](CCC(=O)NCC(=O)O)[C@H]1CC[C@H]2[C@@H]3[C@H](O)C[C@@H]4C[C@H](O)CC[C@]4(C)[C@H]3C[C@H](O)[C@]12C.O,III,0,,none
CCCCNc1c(C(=O)OCC)c(C)nc2c1cnn2CC.Cl,III,0,,III
C=CCOC(=O)/C=C\c1ccccc1,III,0,,none
O=COC/C=C\c1ccccc1,I,0,,none
CC(C)CC(=O)OC/C=C\c1ccccc1,I,0,,none
C=C(C)CCC[C@H](C)CCOC(=O)CC,I,0,,none
CC1=CC[C@@H](C(C)(C)OC=O)CC1,I,0,,none
[NH3+]CCc1cnc[nH]1,III,0,,none
CCC[C@@H](S)CCOC(C)=O,I,0,,none
CC1=N[C@@H](CC(C)C)S[C@H]1C,II,0,,none
C=C[C@@](C)(CCC=C(C)C)OC(=O)C(C)C,I,0,,none
CC[C@@H](C)COC(C)=O,I,0,,none
CC(C)C1CCC([C@H](C)O)CC1,I,0,,none
CC1=CC[C@H](C(C)(C)S)CC1,III,0,,none
CNCC1(c2ccccc2)CC1(C)C,II,0,,III
CCC=C(C)C(=O)[O-],III,0,,none
CC1(S)CCCO1,III,0,,none
CCCCCC=CCCC(=O)[O-],III,0,,none
CC(=O)C=Cc1c(C)ccc(C)c1C,II,0,,none
CCCC=CC(=O)[O-],III,0,,none
CC1=C(C=CC(C)O)C(C)(C)CCC1=O,II,1,SA10_Ames,none
CC=CC(=O)CCCCCC,II,1,SA10_Ames,none
CC=Cc1ccc(OC=O)c(OC)c1,I,0,,none
CC(=O)CC(=O)OC/C=C(/C)CCC=C(C)C,I,0,,none
O=C(O)c1ccc([O-])cc1,III,0,,none
O=C(O)c1ccccc1[O-],III,0,,none
COc1cc(C(=O)O)ccc1[O-],III,0,,none
O=c1oc2ccccc2c(O)c1Cc1c(O)c2ccccc2oc1=O,III,1,SA30_Ames,none
CN1C(C(=O)Nc2ccccn2)=C(O)c2ccccc2S1(=O)=O,III,0,,II
Cc1cnc(NC(=O)C2=C(O)c3ccccc3S(=O)(=O)N2C)s1,III,0,,II
CN1C(C(=O)Nc2ccccn2)=C(O)c2sccc2S1(=O)=O,III,0,,II
Cc1cc(NC(=O)C2=C(O)c3ccccc3S(=O)(=O)N2C)no1,III,0,,II
CC(=O)c1c(O)cc(C)oc1=O,III,0,,none
C=C1c2cccc(O)c2C(O)=C2C(=O)[C@]3(O)C(O)=C(C(N)=O)C(=O)[C@@H](N(C)C)[C@@H]3[C@@H](O)[C@H]12.Cl,III,1,SA10_Ames,III
COc1cc(/C=C/C(=O)O)ccc1[O-],III,0,,none
COc1cc(C=CC(=O)O)ccc1[O-],III,0,,none
O=C(O)c1ccc(O)cc1[O-],III,0,,none
O=C(O)C=Cc1ccc([O-])cc1,III,0,,none
CO[C@@H]1[C@@H](OC(N)=O)[C@@H](O)[C@H](Oc2ccc3c(O)c(NC(=O)c4ccc([O-])c(CC=C(C)C)c4)c(=O)oc3c2C)OC1(C)C.[Na+],III,1,SA16_Ames;SA30_Ames;SA38_Ames,II
CC[C@](C)(O)CCC=C(C)C,I,0,,none
CCCCC[C@@H]1OC[C@H](C)O1,I,0,,none
CCC(=O)OC/C=C\c1ccccc1,I,0,,none
C/C=C(\C=O)CSC,II,1,SA10_Ames,none
CC/C(C)=C\CC/C(C)=C\C#N,III,0,,none
Cc1occc1[S-],III,0,,none
COc1cc(Br)c(C(C)(C)C)c(Br)c1[N+](=O)[O-],III,0,,III
CCCCC[C@@H]1CCO[C@H](C)O1,I,0,,none
CC[C@H](C)C(=O)OC(C)C,I,0,,none
CCCCC[C@@H]1C(=O)CC[C@H]1CC(C)=O,I,0,,none
CC(C)[C@@H]1CC[C@](C)(S)CC1=O,III,0,,none
C=C(C)CCC[C@H](C)CCOC(=O)CCC,I,0,,none
CC(=O)O[C@H](C)/C(C)=C/[C@H]1C(C)=CCCC1(C)C,I,0,,none
CC(=O)OC=CC1=C(C)CCCC1(C)C,I,1,SA24_Ames,none
CC[C@H](C=O)c1ccc(C)o1,II,1,SA11_Ames,none
CCC/C=C/C=C\C=O,II,1,SA10_Ames,none
C/C=C\CC/C=C\C=O,II,1,SA10_Ames,none
CC1(C)C2=C(CO)CCC(C)(C)[C@]23CC[C@H]1C3,I,0,,none
CC(=O)[C@@H]1CC(C)=C[C@@H](C)[C@H]1C,I,0,,none
C=CCOC(=O)/C=C\C,III,0,,none
C/C=C\C=C\COC(=O)CC,I,0,,none
CCCCC/C=C\C=C/C(=O)OCC,I,0,,none
C/C=C\C=C/COC(C)=O,I,0,,none
C/C1=C/CC/C(C)=C\CC(C)(C)/C=C/C1,I,0,,none
CCCCCC/C=C/C=C\C=O,II,1,SA10_Ames,none
CCCCCCC/C=C/C=C\C=O,II,1,SA10_Ames,none
CC(=O)O[C@H]1C[C@@H]2CC[C@@]1(C)OC2(C)C,II,0,,none
CCOC(=O)Oc1ccc(C=Nc2ccc(OCC)cc2)cc1OC,III,0,,none
CC1(C)[C@@H]2CC[C@@]1(C)[C@@H](OC(=O)c1ccccc1O)C2,I,0,,none
CC(=O)[C@@H]1CC=C(C)C1(C)C,I,0,,none
[O-]c1ccco1,III,0,,none
Nc1nc2c(ncn2COCCO)c(=O)[nH]1,III,1,SA28_Ames,III
CN1CCN(C2=Nc3cc(Cl)ccc3Nc3ccccc32)CC1,III,0,,III
O=c1[nH]cnc2c1ncn2[C@H]1CC[C@@H](CO)O1,III,0,,none
Nc1nc2c(ncn2COC(CO)CO)c(=O)[nH]1,III,1,SA28_Ames,III
CC(C)[C@H](N)C(=O)OCCOCn1cnc2c(=O)[nH]c(N)nc21.Cl,III,1,SA28_Ames,III
CCCc1nn(C)c2c(=O)[nH]c(-c3cc(S(=O)(=O)N4CCN(C)CC4)ccc3OCC)nc12,III,0,,II
Cc1cc2c(s1)Nc1ccccc1N=C2N1CCN(C)CC1,III,0,,III
Nc1nc2c(ncn2CCC(CO)CO)c(=O)[nH]1,III,1,SA28_Ames,III
CCCOc1ccccc1-c1nc2n[nH]nc2c(=O)[nH]1,III,0,,none
CCCc1nc(C)c2c(=O)[nH]c(-c3cc(S(=O)(=O)N4CCN(CC)CC4)ccc3OCC)nn12,III,0,,II
O=c1[nH]cnc2[nH]ncc12,III,0,,none
Nc1nc2n[nH]nc2c(=O)[nH]1,III,1,SA28_Ames,III
Nc1nc2c(c(=O)[nH]1)N(C=O)C(CNc1ccc(C(=O)N[C@@H](CCC(=O)[O-])C(=O)[O-])cc1)CN2.[Ca+2],III,1,SA28_Ames,III
C[C@@H](O[C@H]1OCCN(Cc2n[nH]c(=O)[nH]2)[C@H]1c1ccc(F)cc1)c1cc(C(F)(F)F)cc(C(F)(F)F)c1,III,0,,I
COc1cc(/C=N\N=C/c2cc(OC)c(O)c(OC)c2)cc(OC)c1O,III,1,SA13_Ames,none
C[n+]1ccccc1/C=N\O.[Cl-],III,0,,III
COC(=O)N/N=C\c1c[n+]([O-])c2ccccc2[n+]1[O-],III,1,SA13_Ames;SA26_Ames,none
Cl.N=C(N)NC(=O)Cc1c(Cl)cccc1Cl,III,0,,III
Cl.N=C(N)NC(=O)c1nc(Cl)c(N)nc1N.O.O,III,1,SA28_Ames,III
